CustomerID,CustomerName,CustomerType,RegionID,SalesRepID,City,State,ZipCode,JoinDate,CreditLimit,Status
CU000001,Metro Homes,Builder,R01,SR0101,NY City,NY,81176,2020-03-17,100000,Active
CU000002,Prime Materials,Distributor,R03,SR0108,IL Heights,IL,62431,2020-10-20,100000,Active
CU000003,Metro Development,Builder,R02,SR0157,SC Heights,SC,65640,2023-02-13,100000,Active
CU000004,Evergreen Development,Distributor,R03,SR0028,MI City,MI,88986,2020-12-10,100000,Active
CU000005,Summit Development,Retailer,R04,SR0114,TX Heights,TX,17518,2022-10-03,500000,Active
CU000006,Pioneer Construction,Distributor,R02,SR0192,FL City,FL,40932,2023-05-13,1000000,Active
CU000007,Urban Group,Retailer,R01,SR0141,CT City,CT,85225,2024-04-14,100000,Active
CU000008,Dream Group,Distributor,R03,SR0008,OH City,OH,83619,2019-05-29,1000000,Active
CU000009,Prime Contracting,Contractor,R05,SR0160,OR Heights,OR,69250,2024-08-25,50000,Active
CU000010,Metro Development,Builder,R03,SR0023,MI Heights,MI,30644,2021-01-20,500000,Active
CU000011,Skyline Group,Builder,R05,SR0065,WA City,WA,82616,2023-11-12,50000,Active
CU000012,Cornerstone Group,Retailer,R01,SR0126,NJ Metro,NJ,63665,2024-03-16,1000000,Active
CU000013,Dream LLC,Contractor,R01,SR0166,MA Metro,MA,33850,2018-05-24,100000,Active
CU000014,Urban Supply,Retailer,R05,SR0055,WA Metro,WA,78012,2019-03-16,50000,Active
CU000015,Metro Builders,Builder,R05,SR0100,OR City,OR,32103,2024-05-22,500000,Active
CU000016,Build Builders,Builder,R05,SR0185,UT Metro,UT,94076,2023-06-02,25000,Active
CU000017,Evergreen LLC,Distributor,R04,SR0009,NV Heights,NV,49596,2020-05-03,250000,Active
CU000018,Pioneer Homes,Retailer,R04,SR0019,TX Heights,TX,36741,2025-03-27,50000,Active
CU000019,Metro Builders,Builder,R03,SR0118,IN City,IN,71141,2018-02-01,500000,Active
CU000020,Skyline Contracting,Builder,R01,SR0196,PA Metro,PA,85718,2022-08-03,250000,Active
CU000021,Build Builders,Retailer,R05,SR0100,CO Metro,CO,76249,2017-07-19,250000,Active
CU000022,Evergreen Group,Retailer,R01,SR0191,PA Metro,PA,11071,2025-02-27,1000000,Active
CU000023,Build Inc,Distributor,R03,SR0013,IN Metro,IN,57516,2023-03-03,250000,Active
CU000024,Dream Builders,Builder,R03,SR0198,WI Heights,WI,54444,2019-03-27,25000,Active
CU000025,Build Construction,Builder,R05,SR0165,UT Metro,UT,53652,2023-10-20,25000,Active
CU000026,Dream Homes,Distributor,R05,SR0200,WA Metro,WA,49221,2024-12-12,100000,Active
CU000027,Urban Builders,Contractor,R05,SR0010,OR Metro,OR,86507,2023-09-11,100000,Active
CU000028,Skyline Construction,Distributor,R04,SR0189,NM Heights,NM,32349,2018-08-29,500000,Active
CU000029,Build Group,Distributor,R02,SR0037,FL Heights,FL,29848,2025-04-02,50000,Active
CU000030,Urban Group,Retailer,R01,SR0066,NY Heights,NY,51124,2023-02-16,500000,Active
CU000031,Skyline Development,Retailer,R03,SR0153,MI Heights,MI,39473,2024-11-27,50000,Active
CU000032,Metro Development,Distributor,R02,SR0152,SC Metro,SC,85166,2020-11-14,100000,Active
CU000033,Prime Materials,Builder,R02,SR0092,NC City,NC,95979,2023-01-16,1000000,Active
CU000034,Prime Inc,Builder,R03,SR0088,WI Heights,WI,41363,2024-02-27,50000,Active
CU000035,  Cornerstone Group ,Builder,R02,SR0132,FL City,FL,28018,2021-07-25,100000,Active
CU000036,Urban Development,Contractor,R04,SR0064,OK Heights,OK,21725,2018-12-19,100000,Active
CU000037,Dream Development,Retailer,R04,SR0129,AZ City,AZ,11214,2020-03-11,250000,Active
CU000038,Metro Group,Retailer,R04,SR0159,NV Heights,NV,24764,2025-01-22,50000,Active
CU000039,Atlas Supply,Retailer,R02,SR0107,FL Heights,FL,93719,2017-12-22,100000,Active
CU000040,Urban Supply,Retailer,R04,SR0044,TX City,TX,,2020-09-12,250000,Active
CU000041,Home Materials,Builder,R03,SR0183,WI Heights,WI,18142,2021-07-19,25000,Active
CU000042,Home Materials,Distributor,R05,SR0040,OR Heights,OR,38721,2025-05-21,1000000,Active
CU000043,Metro Supply,Contractor,R05,SR0180,OR Metro,OR,99173,2022-11-23,250000,Active
CU000044,Atlas Builders,Builder,R04,SR0119,NV Heights,NV,81781,2018-11-05,25000,Active
CU000045,Skyline Inc,Builder,R03,SR0038,WI Metro,WI,76895,2022-10-04,1000000,Active
CU000046,Pioneer Development,Builder,R04,SR0019,OK Heights,ok,61897,2023-06-27,500000,Active
CU000047,Prime LLC,Retailer,R01,SR0111,NJ Metro,NJ,19046,2021-08-02,1000000,Active
CU000048,Summit Group,Builder,R02,SR0132,GA Heights,GA,59479,2024-04-30,100000,Active
CU000049,Metro Contracting,Retailer,R03,SR0173,IL City,IL,39188,2022-03-12,250000,Active
CU000050,Skyline Group,Contractor,R05,SR0125,CO Heights,CO,46129,2017-05-12,50000,Active
CU000051,Prime Builders,Contractor,R04,SR0079,NV City,NV,68515,2019-09-30,50000,Active
CU000052,Skyline Construction,Retailer,R01,SR0071,MA Metro,MA,47914,2023-06-24,500000,Active
CU000053,Evergreen LLC,Builder,R05,SR0100,OR City,OR,49387,2024-01-09,50000,Active
CU000054,Evergreen Homes,Retailer,R04,SR0019,NV Metro,NV,51777,2021-03-22,100000,Active
CU000055,Home Contracting,Builder,R02,SR0077,TN Metro,TN,17552,2021-05-10,50000,Active
CU000056,Prime Group,Contractor,R02,SR0107,NC City,NC,22119,2020-01-05,1000000,Active
CU000057,Skyline Inc,Retailer,R04,SR0014,NV Heights,NV,83249,2020-05-26,25000,Active
CU000058,Pioneer Supply,Retailer,R01,SR0036,NY City,NY,36805,2020-03-05,1000000,Active
CU000059,Home Materials,Distributor,R04,SR0114,OK Heights,OK,75179,2020-08-04,100000,Active
CU000060,Atlas Supply,Distributor,R02,SR0132,NC Metro,NC,12125,2020-04-24,25000,Active
CU000061,Atlas Supply,Distributor,R02,SR0072,GA Metro,GA,95800,2025-02-11,250000,Active
CU000062,Dream LLC,Contractor,R04,SR0114,OK City,OK,81058,2017-11-01,50000,Active
CU000063,Skyline Builders,Contractor,R01,SR0041,NJ Metro,NJ,11198,2023-12-06,1000000,Active
CU000064,Build LLC,Retailer,R05,SR0160,CO Heights,CO,11553,2017-03-12,25000,Active
CU000065,Metro Contracting,Retailer,R05,SR0035,CO City,CO,91235,2021-06-14,25000,Active
CU000066,Skyline Supply,Contractor,R01,SR0146,PA Metro,PA,20566,2018-01-18,500000,Active
CU000067,Build Construction,Retailer,R04,SR0179,OK Metro,OK,20837,2023-05-07,250000,Active
CU000068,Cornerstone Inc,Retailer,R01,SR0071,CT City,CT,16102,2023-02-03,50000,Active
CU000069,Skyline Inc,Builder,R05,SR0105,CA City,CA,62205,2023-05-11,25000,Active
CU000070,Dream Builders,Contractor,R04,SR0124,NV Metro,NV,55332,2020-10-27,1000000,Active
CU000071,Build Development,Distributor,R05,SR0130,UT Heights,UT,69054,2021-11-04,100000,Active
CU000072,Atlas Development,Builder,R02,SR0122,TN Heights,TN,19634,2025-04-18,25000,Active
CU000073,Build Development,Distributor,R04,SR0034,NM Metro,NM,45358,2022-01-13,25000,Active
CU000074,Build Builders,Distributor,R05,SR0135,UT Heights,UT,22198,2017-02-20,25000,Active
CU000075,Metro Supply,Retailer,R03,SR0028,IN Metro,IN,32227,2020-05-18,1000000,Active
CU000076,Summit Development,Builder,R03,SR0023,IN City,IN,73469,2025-01-31,50000,Active
CU000077,Prime Contracting,Retailer,R04,SR0064,NV Heights,NV,61864,2021-12-09,250000,Active
CU000078,Home Materials,Distributor,R03,SR0193,IN Heights,IN,36326,2020-07-31,50000,Active
CU000079,Summit Development,Builder,R03,SR0078,IN Heights,IN,61502,2023-08-23,100000,Active
CU000080,Cornerstone Group,Contractor,R05,SR0180,WA Heights,WA,37479,2021-08-03,25000,Active
CU000081,Home Contracting,Distributor,R04,SR0099,AZ Heights,AZ,59412,2023-07-13,50000,Active
CU000082,Build Materials,Contractor,R04,SR0134,NV Heights,NV,80373,2019-10-14,500000,Active
CU000083,Atlas Homes,Contractor,R03,SR0198,OH Heights,OH,53463,2018-02-08,25000,Active
CU000084,Atlas Inc,Builder,R03,SR0168,OH Heights,OH,59036,2020-11-13,500000,Active
CU000085,Prime Builders,Builder,R01,SR0091,MA City,MA,28569,2022-11-05,250000,Active
CU000086,Cornerstone Group,Contractor,R04,SR0034,NM Metro,NM,49356,2020-11-06,250000,Active
CU000087,Dream LLC,Distributor,R01,SR0076,NY Heights,NY,83380,2024-01-24,500000,Active
CU000088,Build Inc,Builder,R02,SR0137,GA Heights,GA,68926,2019-04-23,250000,Active
CU000089,Dream Materials,Distributor,R03,SR0033,IL Heights,IL,69972,2022-12-02,500000,Active
CU000090,Atlas Builders,Retailer,R03,SR0198,WI Metro,WI,70012,2023-11-22,250000,Active
CU000091,Prime Supply,Distributor,R05,SR0045,CA Heights,CA,33992,2021-09-10,100000,Active
CU000092,Dream Group,Builder,R05,SR0125,WA Heights,WA,94575,2022-06-29,250000,Active
CU000093,Atlas Construction,Distributor,R03,SR0103,OH City,OH,11256,2023-04-20,250000,Active
CU000094,Cornerstone Group,Builder,R05,SR0160,CO Metro,CO,20835,2020-04-11,250000,Active
CU000095,Dream Group,Contractor,R01,SR0171,PA City,PA,74921,2020-01-03,100000,Active
CU000096,Pioneer LLC,Builder,R05,SR0015,OR Heights,OR,65725,2020-05-04,1000000,Active
CU000097,Pioneer Builders,Retailer,R01,SR0111,MA Metro,MA,41056,2024-12-21,25000,Active
CU000098,Skyline Supply,Builder,R05,SR0200,CO City,CO,84720,2020-08-18,50000,Active
CU000099,Evergreen Builders,Builder,R03,SR0088,MI Heights,MI,63948,2024-11-13,500000,Active
CU000100,Evergreen Homes,Distributor,R02,SR0102,GA City,GA,85684,2022-01-26,50000,Active
CU000101,Home Materials,Contractor,R01,SR0161,NJ Metro,New Jersey,73968,2025-03-13,1000000,Active
CU000102,Skyline Homes,Retailer,R04,SR0174,NM City,NM,74843,2023-02-20,250000,Active
CU000103,Evergreen Construction,Contractor,R05,SR0160,WA Heights,WA,92074,2018-10-10,100000,Active
CU000104,Cornerstone Contracting,Retailer,R04,SR0139,OK City,OK,49566,2018-01-18,50000,Active
CU000105,Evergreen Contracting,Builder,R03,SR0118,MI City,MI,91999,2021-10-25,1000000,Active
CU000106,Prime Contracting,Retailer,R01,SR0066,NJ City,New Jersey,78084,2018-05-09,250000,Active
CU000107,Summit Builders,Retailer,R04,SR0024,AZ Metro,AZ,23425,2018-07-16,50000,Active
CU000108,Metro Inc,Builder,R04,SR0049,AZ Heights,AZ,,2024-01-17,25000,Active
CU000109,Prime Builders,Distributor,R02,SR0142,SC Heights,SC,26142,2020-07-12,50000,Active
CU000110,Metro Inc,Contractor,R02,SR0027,GA Metro,GA,89638,2024-05-20,50000,Active
CU000111,Skyline Homes,Builder,R03,SR0193,OH Heights,OH,17152,2022-07-21,500000,Active
CU000112,Atlas Builders,Builder,R04,SR0159,TX City,TX,11581,2021-05-04,1000000,Active
CU000113,Dream Group,Retailer,R05,SR0175,CO Metro,CO,19567,2019-06-03,1000000,Active
CU000114,Evergreen LLC,Builder,R01,SR0161,NJ Metro,NJ,65518,2020-02-11,100000,Active
CU000115,Dream LLC,Contractor,R01,SR0161,PA City,PA,86865,2020-06-24,50000,Active
CU000116,Summit Builders,Builder,R04,SR0079,AZ City,AZ,89800,2018-05-05,25000,Active
CU000117,Pioneer Materials,Retailer,R01,SR0001,NY Heights,NY,43980,2025-03-22,50000,Active
CU000118,Metro Builders,Retailer,R01,SR0136,NJ Metro,NJ,85582,2017-08-16,100000,Active
CU000119,Home Builders,Contractor,R04,SR0119,NV City,NV,98358,2017-06-30,50000,Active
CU000120,Summit Contracting,Distributor,R01,SR0151,NY City,NY,14635,2019-07-09,100000,Active
CU000121,Prime Inc,Builder,R03,SR0103,OH Metro,OH,75803,2022-10-14,100000,Active
CU000122,  Home Materials ,Retailer,R01,SR0146,MA City,MA,69866,2025-04-18,100000,Active
CU000123,Pioneer Supply,Contractor,R05,SR0120,WA Metro,WA,81638,2021-08-07,500000,Active
CU000124,Cornerstone Construction,Retailer,R01,SR0111,NY Heights,NY,10191,2018-03-02,1000000,Active
CU000125,Build Contracting,Distributor,R02,SR0132,TN City,TN,22193,2024-11-10,250000,Active
CU000126,Prime LLC,Distributor,R03,SR0028,IN Heights,IN,61688,2024-06-06,500000,Active
CU000127,Summit Materials,Builder,R02,SR0082,GA Metro,GA,45645,2023-07-23,100000,Active
CU000128,Pioneer Materials,Distributor,R01,SR0051,NY City,NY,80244,2020-06-16,250000,Active
CU000129,Evergreen Development,Retailer,R04,SR0029,NM City,NM,89076,2018-08-31,50000,Active
CU000130,Build Development,Distributor,R01,SR0126,NY Metro,NY,32789,2023-03-28,500000,Active
CU000131,Dream Builders,Builder,R05,SR0150,WA City,WA,,2019-03-23,25000,Active
CU000132,Atlas Development,Distributor,R04,SR0029,NM Heights,NM,19828,2018-06-12,500000,Active
CU000133,Build Contracting,Contractor,R01,SR0011,PA City,PA,66774,2021-04-17,250000,Active
CU000134,Home Development,Builder,R04,SR0069,AZ Metro,AZ,29481,2024-04-05,50000,Active
CU000135,Build Builders,Builder,R03,SR0178,IN Metro,IN,27987,2024-01-28,250000,Active
CU000136,Metro Group,Builder,R05,SR0115,CA Metro,CA,84141,2017-04-17,250000,Active
CU000137,Build Group,Contractor,R03,SR0008,WI City,WI,86544,2019-10-13,100000,Active
CU000138,Atlas Homes,Retailer,R02,SR0017,NC Heights,NC,32768,2023-08-21,50000,Active
CU000139,Atlas Supply,Contractor,R01,SR0181,PA Heights,PA,74517,2018-01-05,50000,Active
CU000140,Metro Group,Builder,R01,SR0071,NY Heights,NY,,2020-10-27,25000,Active
CU000141,Atlas Contracting,Retailer,R02,SR0007,NC City,NC,78982,2024-11-25,50000,Active
CU000142,Urban Contracting,Retailer,R04,SR0109,NV City,NV,67261,2018-12-15,100000,Active
CU000143,Atlas Contracting,Distributor,R05,SR0075,UT Metro,UT,48602,2023-05-14,1000000,Active
CU000144,Skyline Inc,Builder,R01,SR0101,NY Heights,NY,75035,2020-11-21,500000,Active
CU000145,Evergreen Materials,Retailer,R03,SR0028,OH Heights,OH,44761,2019-11-18,1000000,Active
CU000146,Cornerstone Homes,Distributor,R01,SR0121,NJ City,NJ,64266,2018-02-20,250000,Active
CU000147,Pioneer Builders,Contractor,R04,SR0074,NV Heights,NV,14379,2017-10-31,50000,Active
CU000148,Prime LLC,Distributor,R03,SR0053,OH Metro,OH,22203,2024-11-25,1000000,Active
CU000149,Summit Contracting,Retailer,R01,SR0051,MA Heights,MA,53397,2024-05-29,500000,Active
CU000150,Summit Inc,Distributor,R03,SR0033,MI City,MI,74349,2017-12-25,25000,Active
CU000151,Build Supply,Contractor,R03,SR0063,WI Metro,WI,48248,2020-06-17,25000,Active
CU000152,Evergreen LLC,Distributor,R04,SR0084,OK Metro,OK,58630,2017-07-02,25000,Active
CU000153,Home Inc,Distributor,R03,SR0083,IN Metro,IN,97486,2025-06-26,50000,Active
CU000154,Metro Homes,Retailer,R05,SR0020,WA Heights,WA,72236,2017-11-20,250000,Active
CU000155,Atlas Inc,Builder,R04,SR0184,TX Heights,TX,68856,2019-03-01,500000,Active
CU000156,Summit Supply,Retailer,R02,SR0027,FL Metro,FL,92211,2025-02-26,1000000,Active
CU000157,Metro Materials,Distributor,R01,SR0176,NJ Metro,NJ,78116,2018-04-06,250000,Active
CU000158,Atlas Builders,Retailer,R04,SR0184,AZ City,AZ,83752,2021-08-11,500000,Active
CU000159,Atlas Group,Distributor,R03,SR0158,IN Heights,IN,46099,2017-06-08,500000,Active
CU000160,Cornerstone Group,Retailer,R04,SR0079,NM Heights,NM,58816,2020-06-27,25000,Active
CU000161,Dream Development,Distributor,R03,SR0033,IN Heights,IN,68079,2023-10-14,50000,Active
CU000162,Cornerstone Group,Builder,R01,SR0066,NY Metro,NY,59009,2017-09-26,250000,Active
CU000163,Atlas Construction,Distributor,R03,SR0043,WI Metro,WI,36309,2017-07-27,500000,Active
CU000164,Metro Homes,Distributor,R03,SR0118,OH Metro,OH,26236,2023-08-31,250000,Active
CU000165,Urban Materials,Retailer,R04,SR0189,AZ Metro,AZ,43903,2017-04-23,500000,Active
CU000166,Skyline Supply,Contractor,R04,SR0184,TX City,TX,45269,2022-04-26,50000,Active
CU000167,Home Inc,Retailer,R02,SR0002,GA Heights,GA,50037,2021-10-02,50000,Active
CU000168,Pioneer Development,Retailer,R04,SR0084,NM Metro,NM,91737,2023-04-19,50000,Active
CU000169,Prime Group,Retailer,R05,SR0100,UT Metro,UT,46239,2024-05-11,1000000,Active
CU000170,Build Inc,Distributor,R03,SR0168,OH City,OH,51888,2020-04-25,50000,Active
CU000171,Build Inc,Builder,R03,SR0123,IN Metro,IN,84978,2024-09-12,1000000,Active
CU000172,Home Contracting,Builder,R05,SR0115,CO Heights,CO,83170,2025-04-23,500000,Active
CU000173,Prime Supply,Retailer,R03,SR0108,WI City,WI,50250,2019-12-04,1000000,Active
CU000174,Build Inc,Contractor,R05,SR0040,OR Metro,OR,91350,2024-08-20,250000,Active
CU000175,Dream Contracting,Distributor,R04,SR0134,NV Metro,NV,54914,2018-08-10,25000,Active
CU000176,  Evergreen Contracting ,Builder,R03,SR0158,OH City,OH,17603,2023-06-19,100000,Active
CU000177,Summit Homes,Builder,R02,SR0042,SC City,SC,72573,2025-03-12,500000,Active
CU000178,Build Construction,Retailer,R03,SR0168,IL Metro,IL,42613,2018-06-13,50000,Active
CU000179,Dream Builders,Retailer,R01,SR0186,MA Heights,MA,49085,2021-11-12,100000,Active
CU000180,Dream Homes,Contractor,R02,SR0112,NC Metro,NC,39402,2023-08-13,50000,Active
CU000181,Evergreen Construction,Contractor,R05,SR0120,WA City,WA,93928,2023-08-30,1000000,Active
CU000182,Cornerstone Builders,Builder,R01,SR0006,NJ Heights,NJ,59840,2019-04-22,25000,Active
CU000183,Metro Development,Contractor,R01,SR0031,PA Metro,PA,27978,2020-03-03,1000000,Active
CU000184,Skyline Development,Builder,R01,SR0061,NJ Metro,NJ,36433,2017-06-11,500000,Active
CU000185,Skyline Construction,Distributor,R05,SR0155,CO City,CO,,2018-09-03,100000,Active
CU000186,Evergreen Supply,Builder,R01,SR0031,CT City,CT,48800,2017-06-11,100000,Active
CU000187,  Cornerstone Builders ,Builder,R03,SR0103,MI Heights,MI,16014,2020-09-08,250000,Active
CU000188,Prime Materials,Distributor,R03,SR0088,IN Heights,IN,33969,2020-01-19,1000000,Active
CU000189,Dream Construction,Distributor,R04,SR0054,OK Metro,OK,30892,2023-05-20,25000,Active
CU000190,Atlas Construction,Distributor,R04,SR0124,AZ Heights,AZ,27125,2021-12-11,100000,Active
CU000191,Cornerstone LLC,Retailer,R01,SR0101,NJ Metro,NJ,85582,2022-10-28,25000,Active
CU000192,Cornerstone Supply,Contractor,R05,SR0140,UT City,UT,96993,2017-02-17,1000000,Active
CU000193,Prime Group,Builder,R02,SR0157,TN Metro,TN,53371,2023-03-05,50000,Active
CU000194,Pioneer Inc,Distributor,R04,SR0029,OK City,OK,75333,2025-05-11,250000,Active
CU000195,Metro LLC,Retailer,R01,SR0131,NJ Metro,NJ,,2022-09-14,25000,Active
CU000196,Urban Construction,Distributor,R05,SR0150,WA Heights,WA,69566,2025-01-14,100000,Active
CU000197,Skyline Construction,Retailer,R03,SR0033,IN City,IN,93055,2024-11-15,1000000,Active
CU000198,Cornerstone Homes,Distributor,R01,SR0156,NJ City,NJ,90065,2019-06-03,50000,Active
CU000199,Summit Construction,Distributor,R04,SR0109,AZ Heights,AZ,98098,2022-02-17,25000,Active
CU000200,Metro Construction,Builder,R05,SR0160,UT City,UT,66729,2024-10-04,25000,Active
CU000201,Summit Inc,Builder,R05,SR0045,WA Heights,WA,52184,2020-01-26,25000,Active
CU000202,Dream Homes,Retailer,R04,SR0144,NM Metro,NM,77147,2024-12-25,50000,Active
CU000203,Cornerstone Development,Builder,R05,SR0070,WA City,WA,98129,2022-08-26,500000,Active
CU000204,Metro Group,Retailer,R05,SR0040,OR Heights,OR,97445,2021-09-27,100000,Active
CU000205,Dream Construction,Retailer,R01,SR0006,CT City,CT,36201,2024-08-31,250000,Active
CU000206,Metro Construction,Builder,R03,SR0093,OH City,OH,69322,2025-04-29,50000,Active
CU000207,Home Construction,Retailer,R05,SR0165,CO City,CO,60797,2023-03-12,1000000,Active
CU000208,Atlas Group,Builder,R01,SR0081,NJ Heights,NJ,93071,2025-02-17,50000,Active
CU000209,Prime Contracting,Retailer,R02,SR0057,NC Metro,NC,77350,2023-03-30,1000000,Active
CU000210,Build Materials,Contractor,R03,SR0188,OH City,OH,30290,2024-01-06,100000,Active
CU000211,Urban Builders,Contractor,R05,SR0185,OR Metro,OR,51662,2022-09-01,500000,Active
CU000212,Prime Materials,Retailer,R02,SR0172,SC Heights,SC,37964,2019-06-14,250000,Active
CU000213,Build Builders,Builder,R05,SR0180,UT Metro,UT,68414,2017-06-13,1000000,Active
CU000214,Metro Development,Distributor,R03,SR0123,IN City,IN,77746,2022-06-17,100000,Active
CU000215,Metro Builders,Contractor,R01,SR0061,PA Heights,PA,31940,2024-01-12,100000,Active
CU000216,Summit Builders,Builder,R01,SR0066,NY Heights,NY,67047,2017-04-08,1000000,Active
CU000217,Build Contracting,Retailer,R04,SR0029,NM City,NM,83149,2021-07-28,25000,Active
CU000218,Urban Construction,Contractor,R04,SR0129,OK Heights,OK,25506,2025-06-24,250000,Active
CU000219,Metro Builders,Distributor,R05,SR0025,CA Heights,CA,99899,2021-04-12,100000,Active
CU000220,Skyline Contracting,Retailer,R04,SR0054,TX Metro,TX,81529,2024-08-06,500000,Active
CU000221,Prime Construction,Contractor,R03,SR0178,IL Heights,IL,,2020-06-02,50000,Active
CU000222,Metro Contracting,Contractor,R02,SR0132,NC City,NC,38939,2019-01-13,1000000,Active
CU000223,Metro Builders,Distributor,R05,SR0150,CA Heights,CA,18829,2020-09-17,1000000,Active
CU000224,Home Inc,Retailer,R03,SR0078,OH Heights,OH,35362,2024-10-11,25000,Active
CU000225,Urban Homes,Distributor,R05,SR0185,WA Heights,WA,51053,2020-02-08,100000,Active
CU000226,Pioneer Group,Contractor,R03,SR0108,OH Heights,OH,50038,2020-02-24,250000,Active
CU000227,Evergreen Builders,Distributor,R02,SR0082,TN City,TN,12441,2023-08-14,1000000,Active
CU000228,Metro Group,Retailer,R02,SR0082,FL Heights,FL,29481,2018-07-03,500000,Active
CU000229,Urban LLC,Builder,R04,SR0029,NV Heights,NV,,2022-10-07,250000,Active
CU000230,Atlas Contracting,Distributor,R02,SR0057,SC City,SC,73373,2019-08-08,500000,Active
CU000231,Evergreen Supply,Contractor,R01,SR0071,PA Metro,PA,57349,2017-06-13,25000,Active
CU000232,Home Development,Retailer,R03,SR0168,IL Heights,IL,84732,2023-08-05,1000000,Active
CU000233,Metro Homes,Contractor,R01,SR0121,CT Metro,CT,55224,2022-08-18,50000,Active
CU000234,Metro Development,Contractor,R02,SR0072,SC City,SC,34498,2024-05-31,25000,Active
CU000235,Evergreen Group,Contractor,R02,SR0037,SC Metro,SC,87436,2019-09-26,250000,Active
CU000236,Dream LLC,Builder,R01,SR0186,NY Heights,NY,85008,2022-10-18,50000,Active
CU000237,Cornerstone Development,Distributor,R04,SR0009,NV Heights,NV,38389,2018-11-30,1000000,Active
CU000238,Dream Inc,Distributor,R02,SR0047,SC Heights,SC,44671,2023-09-10,500000,Active
CU000239,Dream Builders,Distributor,R05,SR0125,CA City,CA,78512,2018-09-05,250000,Active
CU000240,Atlas Construction,Distributor,R05,SR0155,CA City,CA,79655,2024-05-24,500000,Active
CU000241,Evergreen Homes,Distributor,R02,SR0002,TN Heights,TN,58546,2019-07-29,1000000,Active
CU000242,Cornerstone Inc,Contractor,R04,SR0189,OK Metro,OK,27548,2020-03-06,1000000,Active
CU000243,Build Construction,Builder,R05,SR0085,UT Metro,UT,25444,2024-09-18,50000,Active
CU000244,Summit Inc,Retailer,R03,SR0033,IN Metro,IN,80268,2024-08-19,50000,Active
CU000245,Pioneer Contracting,Retailer,R04,SR0179,AZ Metro,AZ,82733,2024-11-29,500000,Active
CU000246,Skyline Group,Retailer,R04,SR0039,AZ Heights,AZ,31206,2023-03-06,1000000,Active
CU000247,Build Builders,Contractor,R05,SR0125,CA City,CA,71822,2019-12-14,1000000,Active
CU000248,Cornerstone Homes,Contractor,R02,SR0192,NC City,NC,62513,2018-12-19,25000,Active
CU000249,Metro Development,Builder,R04,SR0064,OK City,OK,88579,2024-07-23,1000000,Active
CU000250,Prime Development,Builder,R01,SR0001,PA City,PA,56285,2022-10-22,50000,Active
CU000251,Cornerstone LLC,Builder,R01,SR0176,NJ City,NJ,55625,2023-10-20,100000,Active
CU000252,Home Contracting,Retailer,R02,SR0182,SC Metro,SC,23954,2018-04-25,25000,Active
CU000253,Cornerstone Group,Retailer,R05,SR0185,OR Heights,OR,83815,2022-02-23,100000,Active
CU000254,Home Builders,Retailer,R04,SR0154,NV City,NV,38885,2021-08-17,25000,Active
CU000255,Home Supply,Contractor,R03,SR0003,WI Heights,WI,62288,2023-03-22,1000000,Active
CU000256,Atlas Development,Builder,R02,SR0112,SC Metro,SC,99536,2019-08-20,50000,Active
CU000257,Skyline Inc,Distributor,R02,SR0072,NC City,NC,23983,2023-11-20,50000,Active
CU000258,Atlas Materials,Retailer,R01,SR0151,CT City,CT,85303,2021-06-18,100000,Active
CU000259,Summit Group,Builder,R02,SR0017,TN City,TN,14268,2022-02-16,500000,Active
CU000260,Build Construction,Retailer,R01,SR0101,CT Metro,CT,59732,2019-02-06,1000000,Active
CU000261,Atlas Materials,Retailer,R05,SR0090,OR City,OR,75374,2021-02-04,250000,Active
CU000262,Dream Inc,Distributor,R04,SR0059,NM Metro,NM,23090,2021-04-10,500000,Active
CU000263,Build Contracting,Retailer,R02,SR0047,GA Heights,GA,27625,2022-06-17,250000,Active
CU000264,Summit Builders,Contractor,R03,SR0183,MI Heights,MI,17869,2022-01-17,25000,Active
CU000265,Metro Development,Builder,R03,SR0118,MI Metro,MI,63970,2023-06-21,500000,Active
CU000266,Urban LLC,Retailer,R05,SR0095,UT City,UT,68580,2022-03-15,100000,Active
CU000267,Evergreen Inc,Retailer,R02,SR0107,GA Heights,GA,19351,2020-07-21,250000,Active
CU000268,Pioneer Materials,Builder,R03,SR0128,MI Heights,MI,78280,2017-04-05,100000,Active
CU000269,Cornerstone Builders,Distributor,R02,SR0082,GA Heights,GA,62041,2023-02-25,1000000,Active
CU000270,Prime Development,Retailer,R01,SR0166,NJ Metro,NJ,21050,2019-07-29,25000,Active
CU000271,Metro Contracting,Distributor,R02,SR0042,NC Metro,NC,96972,2022-03-29,50000,Active
CU000272,Cornerstone LLC,Distributor,R05,SR0145,OR Heights,OR,88326,2022-11-15,50000,Active
CU000273,Skyline Builders,Contractor,R05,SR0155,OR Metro,OR,57943,2017-01-01,500000,Active
CU000274,Metro Construction,Contractor,R05,SR0095,WA Metro,WA,74478,2021-10-30,250000,Active
CU000275,Urban Supply,Distributor,R03,SR0003,WI City,WI,83472,2021-03-30,500000,Active
CU000276,Skyline LLC,Retailer,R02,SR0137,NC City,NC,90375,2024-04-10,1000000,Active
CU000277,Dream Contracting,Distributor,R05,SR0065,OR Metro,OR,93478,2019-02-09,25000,Active
CU000278,Build Contracting,Contractor,R03,SR0018,IL City,IL,46977,2019-08-12,500000,Active
CU000279,Urban Homes,Contractor,R01,SR0156,NY City,NY,75325,2020-09-14,50000,Active
CU000280,Prime LLC,Distributor,R01,SR0086,NY City,NY,35191,2017-02-21,250000,Active
CU000281,Cornerstone Construction,Distributor,R01,SR0141,NY Metro,NY,22315,2021-05-13,50000,Active
CU000282,Metro LLC,Contractor,R03,SR0013,MI City,MI,73075,2024-06-23,1000000,Active
CU000283,Build Contracting,Contractor,R02,SR0137,FL City,FL,86637,2017-06-22,100000,Active
CU000284,Urban Builders,Contractor,R05,SR0195,CO Heights,CO,75525,2017-09-02,50000,Active
CU000285,Dream Group,Distributor,R03,SR0173,OH Heights,OH,83184,2025-03-23,25000,Active
CU000286,Cornerstone Contracting,Retailer,R02,SR0122,FL Heights,FL,15175,2023-02-02,100000,Active
CU000287,Urban Materials,Builder,R04,SR0059,AZ Heights,AZ,46087,2017-10-10,500000,Active
CU000288,Metro Materials,Contractor,R05,SR0095,WA Metro,WA,93627,2023-12-14,100000,Active
CU000289,Prime LLC,Builder,R03,SR0103,WI City,WI,34886,2023-11-17,1000000,Active
CU000290,Prime LLC,Contractor,R03,SR0103,MI Metro,MI,15737,2019-04-08,25000,Active
CU000291,Atlas Homes,Contractor,R01,SR0031,MA City,MA,78920,2021-02-09,25000,Active
CU000292,Skyline Group,Retailer,R02,SR0022,TN Heights,TN,20480,2023-04-05,25000,Active
CU000293,Home LLC,Builder,R04,SR0019,NM Heights,NM,19225,2022-10-29,500000,Active
CU000294,Summit Supply,Builder,R01,SR0071,NJ Heights,NJ,96098,2023-04-07,500000,Active
CU000295,Atlas Materials,Builder,R05,SR0035,CO Heights,CO,97194,2023-03-03,1000000,Active
CU000296,Atlas Group,Retailer,R04,SR0054,NV Metro,NV,51307,2021-08-16,500000,Active
CU000297,Metro Supply,Distributor,R04,SR0079,NM Heights,NM,82120,2022-01-07,500000,Active
CU000298,  Atlas Construction ,Builder,R04,SR0014,TX Heights,TX,49562,2020-07-13,100000,Active
CU000299,Atlas Inc,Retailer,R01,SR0161,PA Heights,PA,14946,2021-02-12,500000,Active
CU000300,Prime Inc,Distributor,R05,SR0085,WA City,WA,38499,2018-12-10,100000,Active
CU000301,Home Construction,Retailer,R04,SR0194,NV City,NV,85534,2020-11-26,1000000,Active
CU000302,Evergreen Inc,Retailer,R04,SR0074,OK City,OK,93084,2022-11-18,1000000,Active
CU000303,Urban LLC,Distributor,R01,SR0181,PA Heights,PA,30079,2021-12-31,50000,Active
CU000304,Summit Development,Contractor,R05,SR0030,UT Heights,UT,29400,2023-02-24,50000,Active
CU000305,Summit Contracting,Builder,R04,SR0129,NM City,NM,73035,2023-04-18,500000,Active
CU000306,Home Homes,Distributor,R05,SR0080,UT City,UT,85499,2021-02-05,25000,Active
CU000307,Evergreen Construction,Distributor,R03,SR0113,OH Metro,OH,32184,2023-12-28,500000,Active
CU000308,Evergreen Materials,Builder,R02,SR0072,SC City,SC,21247,2020-03-24,50000,Active
CU000309,Pioneer Group,Retailer,R01,SR0036,PA Heights,PA,37395,2023-02-26,100000,Active
CU000310,Cornerstone Construction,Contractor,R04,SR0049,NV Heights,NV,96969,2020-03-09,1000000,Active
CU000311,Evergreen Construction,Retailer,R02,SR0017,TN Metro,TN,96556,2018-03-18,250000,Active
CU000312,Summit LLC,Contractor,R01,SR0121,PA Heights,PA,23055,2019-02-03,50000,Active
CU000313,Build Construction,Builder,R02,SR0177,TN Metro,TN,79391,2017-03-17,1000000,Active
CU000314,Metro Development,Contractor,R03,SR0098,MI Metro,MI,92023,2023-03-24,50000,Active
CU000315,Evergreen Contracting,Builder,R03,SR0108,OH City,OH,60096,2021-09-06,250000,Active
CU000316,Atlas Materials,Builder,R02,SR0137,TN City,TN,27271,2018-07-20,100000,Active
CU000317,Evergreen Inc,Contractor,R03,SR0138,WI City,WI,51614,2019-01-25,50000,Active
CU000318,Summit Homes,Builder,R03,SR0008,OH Heights,OH,93472,2018-03-14,100000,Active
CU000319,Home Inc,Contractor,R02,SR0197,GA City,GA,40266,2021-01-11,500000,Active
CU000320,Pioneer Materials,Builder,R01,SR0161,MA City,MA,60785,2019-07-16,500000,Active
CU000321,Skyline Supply,Distributor,R01,SR0086,MA City,MA,18668,2023-12-03,250000,Active
CU000322,Summit Construction,Contractor,R04,SR0079,NM Metro,NM,59856,2022-11-03,250000,Active
CU000323,Metro LLC,Contractor,R01,SR0011,MA Metro,MA,15144,2019-02-17,50000,Active
CU000324,Pioneer Contracting,Builder,R03,SR0098,IN Metro,IN,90364,2022-03-14,100000,Active
CU000325,Dream Inc,Distributor,R04,SR0164,TX Heights,TX,81618,2017-04-13,25000,Active
CU000326,Prime Development,Contractor,R02,SR0062,SC Heights,SC,95010,2018-01-09,250000,Active
CU000327,Metro Homes,Distributor,R01,SR0116,MA Heights,MA,77065,2017-06-29,25000,Active
CU000328,Dream Contracting,Distributor,R02,SR0047,NC Heights,NC,16725,2020-03-28,50000,Active
CU000329,Atlas Development,Contractor,R02,SR0062,FL City,FL,,2023-10-27,25000,Active
CU000330,Pioneer Group,Retailer,R04,SR0189,AZ City,az,20407,2023-12-14,1000000,Active
CU000331,Build Materials,Retailer,R05,SR0060,WA City,WA,14250,2020-09-18,50000,Active
CU000332,Dream Development,Distributor,R01,SR0131,NJ City,NJ,87983,2025-05-28,50000,Active
CU000333,Urban Materials,Contractor,R05,SR0030,OR City,OR,18869,2020-04-14,100000,Active
CU000334,Metro Homes,Contractor,R04,SR0089,AZ City,AZ,37400,2022-06-05,100000,Active
CU000335,Home LLC,Distributor,R05,SR0195,OR Metro,OR,91689,2022-10-30,100000,Active
CU000336,Cornerstone Development,Contractor,R04,SR0199,OK City,OK,10207,2025-04-09,50000,Active
CU000337,Urban Materials,Retailer,R02,SR0132,TN Metro,TN,93558,2019-11-09,25000,Active
CU000338,Urban Construction,Contractor,R01,SR0161,PA Metro,PA,53684,2018-12-21,500000,Active
CU000339,Build Contracting,Retailer,R02,SR0152,NC Metro,NC,92208,2022-03-10,250000,Active
CU000340,Cornerstone Materials,Retailer,R04,SR0099,TX Heights,TX,12453,2017-09-29,500000,Active
CU000341,Evergreen LLC,Contractor,R02,SR0107,NC City,NC,84839,2025-06-06,250000,Active
CU000342,Summit Builders,Retailer,R03,SR0013,MI Heights,MI,41148,2019-06-05,100000,Active
CU000343,Build Supply,Builder,R05,SR0040,OR City,OR,68166,2019-02-19,100000,Active
CU000344,Urban Contracting,Builder,R03,SR0168,IN Heights,IN,22878,2019-04-21,100000,Active
CU000345,Build Development,Contractor,R01,SR0166,MA Metro,MA,87894,2018-02-27,25000,Active
CU000346,Evergreen Supply,Distributor,R05,SR0185,OR City,OR,35237,2024-07-11,100000,Active
CU000347,Prime Construction,Retailer,R01,SR0051,PA City,PA,83351,2023-03-01,100000,Active
CU000348,Skyline Contracting,Contractor,R03,SR0093,MI City,MI,90381,2018-06-17,500000,Active
CU000349,Summit Construction,Distributor,R01,SR0016,MA Heights,MA,61369,2023-11-30,25000,Active
CU000350,Evergreen LLC,Distributor,R03,SR0063,MI Metro,MI,71039,2018-02-03,1000000,Active
CU000351,Skyline Supply,Builder,R04,SR0149,NM Heights,NM,90863,2024-11-05,250000,Active
CU000352,Prime Group,Retailer,R03,SR0158,MI Metro,MI,72737,2023-10-12,25000,Active
CU000353,Cornerstone Builders,Distributor,R05,SR0035,WA Heights,WA,95124,2021-06-30,250000,Active
CU000354,Metro Contracting,Distributor,R05,SR0200,CO City,CO,60307,2021-11-19,50000,Active
CU000355,Evergreen Builders,Distributor,R05,SR0080,OR Heights,OR,85260,2020-08-25,50000,Active
CU000356,Summit Builders,Distributor,R05,SR0060,CA Metro,CA,99850,2020-09-03,100000,Active
CU000357,Atlas Construction,Distributor,R04,SR0069,TX City,TX,96623,2023-11-27,50000,Active
CU000358,Urban Development,Distributor,R05,SR0070,CO City,CO,99071,2025-01-19,1000000,Active
CU000359,Metro Homes,Contractor,R03,SR0003,IL Heights,IL,48559,2017-01-04,500000,Active
CU000360,Skyline Homes,Distributor,R05,SR0095,OR City,OR,61677,2021-04-12,25000,Active
CU000361,Dream Supply,Builder,R04,SR0059,NV City,NV,57223,2018-07-05,250000,Active
CU000362,Cornerstone Group,Distributor,R01,SR0006,NJ Heights,NJ,27796,2022-02-11,50000,Active
CU000363,Metro Homes,Distributor,R05,SR0060,CO Heights,CO,68988,2023-10-13,250000,Active
CU000364,Metro Development,Contractor,R01,SR0076,CT Metro,CT,81587,2023-05-17,1000000,Active
CU000365,Cornerstone Builders,Retailer,R04,SR0189,NM City,NM,78997,2022-03-20,250000,Active
CU000366,Skyline Group,Retailer,R05,SR0200,CA Heights,CA,96997,2023-11-17,25000,Active
CU000367,Pioneer LLC,Retailer,R01,SR0001,PA Heights,PA,85230,2020-03-30,250000,Active
CU000368,Home Inc,Contractor,R02,SR0192,FL Heights,FL,92483,2024-05-12,1000000,Active
CU000369,Prime Contracting,Retailer,R03,SR0093,WI City,WI,46418,2019-11-19,250000,Active
CU000370,Cornerstone Contracting,Builder,R01,SR0056,NJ Heights,NJ,58466,2022-06-10,500000,Active
CU000371,Dream Inc,Distributor,R02,SR0107,TN City,TN,30204,2021-04-19,25000,Active
CU000372,Atlas Materials,Builder,R02,SR0052,SC Heights,SC,44654,2022-03-16,50000,Active
CU000373,Metro Supply,Distributor,R04,SR0154,OK Metro,OK,61127,2017-02-18,1000000,Active
CU000374,Evergreen Construction,Distributor,R03,SR0103,IN Metro,IN,79637,2023-11-06,500000,Active
CU000375,Home Inc,Builder,R03,SR0088,MI Metro,MI,98511,2022-10-31,25000,Active
CU000376,Evergreen Construction,Distributor,R03,SR0178,OH Metro,OH,11567,2020-12-10,25000,Active
CU000377,Build Inc,Contractor,R02,SR0062,NC Metro,NC,87874,2024-12-10,25000,Active
CU000378,Evergreen Inc,Retailer,R01,SR0041,NJ Heights,NJ,34217,2020-04-21,250000,Active
CU000379,Summit Materials,Distributor,R04,SR0149,TX Heights,TX,19698,2020-09-24,100000,Active
CU000380,Prime Group,Distributor,R01,SR0056,PA Metro,PA,36302,2018-03-21,250000,Active
CU000381,Evergreen Builders,Retailer,R02,SR0067,TN Metro,TN,43947,2022-01-01,500000,Active
CU000382,Evergreen Homes,Distributor,R01,SR0001,MA City,MA,53231,2022-05-13,25000,Active
CU000383,Skyline Construction,Retailer,R04,SR0024,OK Heights,OK,73185,2020-09-27,500000,Active
CU000384,Metro Materials,Builder,R03,SR0028,IN City,IN,70245,2018-12-25,100000,Active
CU000385,Cornerstone Homes,Distributor,R05,SR0065,CA Metro,CA,92656,2025-03-31,100000,Active
CU000386,Cornerstone Inc,Retailer,R02,SR0062,GA City,GA,60956,2022-08-09,25000,Active
CU000387,Build Materials,Distributor,R05,SR0015,CO City,CO,15611,2024-08-09,100000,Active
CU000388,Prime Construction,Contractor,R05,SR0190,WA Heights,WA,74080,2019-09-22,50000,Active
CU000389,Prime Group,Contractor,R02,SR0017,FL City,FL,87469,2022-07-30,100000,Active
CU000390,Summit Materials,Builder,R05,SR0025,UT City,UT,98918,2020-08-10,50000,Active
CU000391,Prime Builders,Builder,R02,SR0057,FL Heights,FL,64415,2021-12-02,100000,Active
CU000392,Evergreen Inc,Contractor,R02,SR0042,TN City,TN,30677,2017-01-30,25000,Active
CU000393,Summit Group,Distributor,R02,SR0187,FL Heights,FL,37021,2021-08-15,100000,Active
CU000394,Dream Group,Retailer,R02,SR0012,GA Heights,GA,21537,2021-09-12,500000,Active
CU000395,Metro Builders,Builder,R01,SR0061,CT City,CT,80742,2020-02-07,25000,Active
CU000396,Pioneer Group,Retailer,R01,SR0046,NY City,NY,97836,2020-03-13,1000000,Active
CU000397,Pioneer Construction,Contractor,R02,SR0107,SC Metro,SC,16875,2022-06-10,500000,Active
CU000398,Pioneer Inc,Retailer,R05,SR0080,CA City,CA,64927,2019-08-01,1000000,Active
CU000399,Cornerstone Homes,Distributor,R01,SR0031,PA City,PA,59221,2017-08-11,50000,Active
CU000400,Dream Homes,Retailer,R04,SR0199,AZ City,AZ,69996,2019-04-09,250000,Active
CU000401,Home Contracting,Retailer,R03,SR0183,OH City,OH,71018,2019-06-20,25000,Active
CU000402,Atlas LLC,Builder,R03,SR0198,WI City,WI,21334,2023-08-21,50000,Active
CU000403,Summit Supply,Builder,R04,SR0004,OK Metro,OK,66917,2023-06-08,1000000,Active
CU000404,Cornerstone LLC,Contractor,R01,SR0011,MA City,MA,79615,2022-01-28,250000,Active
CU000405,Cornerstone Homes,Contractor,R04,SR0179,AZ City,AZ,27394,2017-03-07,25000,Active
CU000406,Cornerstone Inc,Distributor,R04,SR0149,NM City,NM,69616,2019-01-28,500000,Active
CU000407,Prime Homes,Retailer,R03,SR0003,IN Heights,IN,53634,2024-10-30,1000000,Active
CU000408,Prime Inc,Retailer,R05,SR0070,UT Heights,UT,17184,2017-07-31,1000000,Active
CU000409,Build Materials,Builder,R01,SR0146,MA Metro,MA,94957,2018-07-21,500000,Active
CU000410,Pioneer Inc,Retailer,R03,SR0038,OH Heights,OH,37498,2020-12-15,1000000,Active
CU000411,Build Builders,Contractor,R03,SR0138,WI Heights,WI,69298,2022-04-10,100000,Active
CU000412,Urban Builders,Builder,R05,SR0145,UT Metro,UT,70014,2020-03-27,500000,Active
CU000413,Cornerstone Contracting,Retailer,R01,SR0086,NJ City,NJ,36772,2021-09-03,25000,Active
CU000414,Pioneer Construction,Retailer,R05,SR0115,WA Metro,WA,18250,2021-08-14,250000,Active
CU000415,Atlas LLC,Retailer,R05,SR0105,OR Heights,OR,68360,2018-12-05,250000,Active
CU000416,Build Contracting,Builder,R03,SR0118,OH Metro,OH,69759,2024-12-25,100000,Active
CU000417,Cornerstone Contracting,Builder,R05,SR0060,OR City,OR,25324,2021-12-11,1000000,Active
CU000418,Cornerstone Construction,Builder,R03,SR0068,MI City,MI,55068,2022-12-26,500000,Active
CU000419,  Dream Group ,Retailer,R03,SR0128,IL City,IL,30454,2024-04-05,250000,Active
CU000420,Dream Inc,Distributor,R03,SR0183,IN Metro,IN,67947,2017-06-14,1000000,Active
CU000421,Summit Inc,Builder,R02,SR0097,TN City,TN,68454,2023-07-18,25000,Active
CU000422,Prime LLC,Distributor,R05,SR0065,WA Metro,WA,98744,2019-03-08,25000,Active
CU000423,Build Materials,Retailer,R04,SR0194,NM Heights,NM,66051,2020-11-13,500000,Active
CU000424,Skyline Group,Distributor,R03,SR0178,MI Metro,MI,64474,2025-03-04,25000,Active
CU000425,Dream Supply,Distributor,R04,SR0194,AZ Heights,AZ,78852,2017-12-29,25000,Active
CU000426,Dream LLC,Builder,R01,SR0086,MA Heights,MA,84437,2021-04-13,250000,Active
CU000427,Atlas Development,Builder,R03,SR0013,WI Metro,WI,70745,2019-12-12,100000,Active
CU000428,Dream Group,Retailer,R03,SR0093,IN City,IN,94513,2022-07-13,250000,Active
CU000429,Pioneer Inc,Contractor,R01,SR0116,CT Heights,CT,43804,2021-03-09,500000,Active
CU000430,Atlas Construction,Builder,R05,SR0085,UT City,UT,70429,2017-08-05,50000,Active
CU000431,Home Development,Builder,R03,SR0113,MI Metro,MI,20069,2018-01-23,25000,Active
CU000432,Evergreen Development,Builder,R05,SR0105,WA Heights,WA,57516,2017-02-22,100000,Active
CU000433,Summit Materials,Builder,R02,SR0117,TN Metro,TN,31368,2019-02-11,250000,Active
CU000434,Cornerstone LLC,Contractor,R05,SR0170,UT Heights,UT,24937,2018-06-22,500000,Active
CU000435,Urban Contracting,Builder,R01,SR0096,MA Metro,MA,88335,2024-12-17,1000000,Active
CU000436,Dream Contracting,Contractor,R03,SR0038,IL Heights,IL,50295,2021-10-07,50000,Active
CU000437,Build Supply,Contractor,R01,SR0151,NJ City,NJ,96479,2019-11-03,250000,Active
CU000438,Prime Inc,Contractor,R01,SR0001,NJ Metro,NJ,36217,2018-08-20,25000,Active
CU000439,Metro Inc,Contractor,R03,SR0113,WI Metro,WI,84741,2022-12-07,50000,Active
CU000440,Build Builders,Builder,R02,SR0052,GA Metro,GA,76085,2021-12-06,500000,Active
CU000441,Skyline LLC,Distributor,R01,SR0121,NY Metro,NY,24790,2018-03-28,250000,Active
CU000442,Home LLC,Retailer,R05,SR0120,WA Metro,WA,20780,2022-02-15,1000000,Active
CU000443,Metro Homes,Distributor,R05,SR0145,OR Heights,OR,66093,2024-08-13,50000,Active
CU000444,Prime Homes,Distributor,R03,SR0158,OH City,OH,96317,2021-06-29,1000000,Active
CU000445,Urban Supply,Builder,R05,SR0055,CA Heights,CA,87982,2021-10-06,25000,Active
CU000446,Home Homes,Distributor,R04,SR0189,NM Heights,NM,97382,2022-09-26,500000,Active
CU000447,Home Group,Contractor,R03,SR0033,OH Metro,OH,92361,2017-10-07,25000,Active
CU000448,Evergreen Materials,Distributor,R04,SR0124,TX City,TX,91522,2022-03-24,500000,Active
CU000449,Metro Development,Contractor,R02,SR0157,NC Heights,NC,80848,2021-10-29,250000,Active
CU000450,Pioneer Group,Retailer,R01,SR0101,MA Metro,MA,33182,2024-12-02,250000,Active
CU000451,Cornerstone Homes,Distributor,R02,SR0042,SC Metro,SC,24336,2022-05-04,100000,Active
CU000452,Home Group,Retailer,R05,SR0020,WA Heights,WA,59518,2020-08-05,250000,Active
CU000453,Urban Materials,Retailer,R01,SR0011,NJ Heights,NJ,86541,2021-04-08,50000,Active
CU000454,Urban Construction,Contractor,R01,SR0111,MA Metro,MA,42455,2024-09-19,250000,Active
CU000455,Build LLC,Distributor,R01,SR0106,PA City,PA,70412,2019-12-29,50000,Active
CU000456,Summit Inc,Builder,R01,SR0006,MA Heights,MA,85043,2020-10-08,100000,Active
CU000457,Atlas Development,Contractor,R04,SR0109,NV Heights,NV,67146,2023-01-04,50000,Active
CU000458,Atlas Homes,Contractor,R02,SR0017,NC Metro,NC,91863,2023-08-22,100000,Active
CU000459,Pioneer Homes,Retailer,R03,SR0183,MI City,MI,20048,2021-11-09,500000,Active
CU000460,Home Inc,Contractor,R05,SR0135,OR City,OR,98022,2024-01-16,250000,Active
CU000461,Evergreen Group,Distributor,R05,SR0160,WA Heights,WA,93614,2023-05-08,50000,Active
CU000462,Dream Supply,Distributor,R01,SR0116,CT City,CT,99824,2020-07-29,250000,Active
CU000463,Evergreen Contracting,Builder,R01,SR0086,NY Metro,NY,88804,2019-02-26,100000,Active
CU000464,Metro Homes,Contractor,R01,SR0146,NY Metro,NY,14850,2019-11-25,250000,Active
CU000465,Pioneer Construction,Contractor,R03,SR0013,WI City,WI,21000,2021-07-26,1000000,Active
CU000466,Prime Inc,Retailer,R03,SR0043,IL Metro,IL,25812,2022-07-27,50000,Active
CU000467,Urban Inc,Contractor,R01,SR0036,NY Heights,NY,40924,2018-12-19,100000,Active
CU000468,Atlas Construction,Distributor,R02,SR0132,NC Metro,NC,59113,2022-04-30,100000,Active
CU000469,Cornerstone Materials,Contractor,R02,SR0117,NC City,NC,12762,2025-04-17,250000,Active
CU000470,Home Materials,Distributor,R01,SR0176,NY Metro,NY,99816,2021-05-11,250000,Active
CU000471,Skyline Development,Distributor,R01,SR0096,MA Metro,MA,31001,2017-05-19,25000,Active
CU000472,Summit Materials,Contractor,R03,SR0153,IL Metro,IL,23159,2020-12-12,1000000,Active
CU000473,Urban Group,Distributor,R04,SR0179,NV Heights,NV,16828,2024-03-10,1000000,Active
CU000474,Home Materials,Builder,R02,SR0062,FL Metro,FL,24526,2023-08-31,1000000,Active
CU000475,Dream Development,Builder,R04,SR0154,NM Metro,NM,87728,2017-12-12,1000000,Active
CU000476,Atlas Supply,Builder,R04,SR0129,NM City,NM,13010,2017-12-31,250000,Active
CU000477,Summit Inc,Builder,R04,SR0054,AZ Metro,AZ,44099,2023-05-13,25000,Active
CU000478,Pioneer Group,Retailer,R01,SR0166,NJ Heights,NJ,36626,2020-03-25,250000,Active
CU000479,Atlas Supply,Builder,R04,SR0139,OK City,OK,47089,2021-08-01,50000,Active
CU000480,Atlas Group,Contractor,R02,SR0082,FL Metro,FL,58449,2017-02-12,50000,Active
CU000481,Skyline Homes,Contractor,R04,SR0129,AZ Metro,AZ,88275,2017-08-02,1000000,Active
CU000482,  Evergreen Inc ,Distributor,R03,SR0113,OH Metro,OH,15965,2020-05-24,500000,Active
CU000483,Atlas Contracting,Distributor,R04,SR0179,NM City,NM,76027,2018-06-25,25000,Active
CU000484,Dream Development,Retailer,R01,SR0166,PA Heights,PA,15788,2025-05-22,250000,Active
CU000485,Home LLC,Builder,R03,SR0083,IN Metro,IN,31624,2023-03-27,500000,Active
CU000486,Skyline Contracting,Contractor,R04,SR0049,TX City,TX,44108,2022-07-21,25000,Active
CU000487,Pioneer Group,Retailer,R01,SR0176,MA Metro,MA,29405,2019-01-10,250000,Active
CU000488,Atlas Supply,Distributor,R02,SR0182,TN Metro,TN,10540,2017-11-11,1000000,Active
CU000489,Build Development,Contractor,R02,SR0032,SC Heights,SC,99212,2020-08-18,100000,Active
CU000490,Evergreen Group,Contractor,R02,SR0147,FL City,fl,45300,2024-05-11,1000000,Active
CU000491,Skyline Construction,Contractor,R05,SR0185,CO Metro,CO,47087,2023-02-20,50000,Active
CU000492,Dream Supply,Builder,R05,SR0130,CO City,CO,62286,2021-05-11,100000,Active
CU000493,Home Group,Retailer,R04,SR0049,NM Heights,NM,50645,2024-06-18,25000,Active
CU000494,Pioneer Homes,Distributor,R01,SR0061,PA Heights,PA,83801,2021-02-17,250000,Active
CU000495,Build LLC,Builder,R05,SR0140,WA Metro,WA,70755,2022-07-22,25000,Active
CU000496,Summit Builders,Retailer,R05,SR0095,UT City,UT,72601,2019-10-16,250000,Active
CU000497,Metro Builders,Contractor,R05,SR0185,CO Metro,CO,77294,2022-03-19,25000,Active
CU000498,Prime LLC,Distributor,R05,SR0085,OR Metro,OR,96714,2017-07-05,500000,Active
CU000499,Atlas Group,Builder,R01,SR0096,MA Heights,MA,68975,2019-05-15,100000,Active
CU000500,  Evergreen Builders ,Builder,R02,SR0192,FL Heights,FL,12348,2024-05-10,100000,Active
CU000501,Cornerstone Inc,Retailer,R04,SR0129,OK Heights,OK,49688,2024-09-29,1000000,Active
CU000502,Build Supply,Contractor,R04,SR0044,NM City,NM,12082,2019-05-08,50000,Active
CU000503,Evergreen LLC,Distributor,R04,SR0079,AZ Heights,AZ,49441,2017-03-31,250000,Active
CU000504,Pioneer Construction,Distributor,R01,SR0141,NY City,NY,86706,2017-07-28,250000,Active
CU000505,Pioneer Inc,Distributor,R03,SR0138,IL City,IL,82653,2022-06-15,250000,Active
CU000506,Pioneer Supply,Contractor,R05,SR0200,UT Heights,UT,79246,2020-01-03,1000000,Active
CU000507,Evergreen Materials,Builder,R04,SR0159,OK City,OK,67177,2022-04-07,500000,Active
CU000508,Atlas Materials,Distributor,R03,SR0163,IN City,IN,96108,2021-09-04,50000,Active
CU000509,Home Builders,Distributor,R03,SR0198,IN City,IN,26920,2018-02-18,50000,Active
CU000510,Metro Construction,Builder,R04,SR0079,OK Metro,OK,57026,2018-12-17,50000,Active
CU000511,Prime Inc,Retailer,R05,SR0110,CA City,CA,83660,2020-12-26,250000,Active
CU000512,Metro Inc,Distributor,R01,SR0046,CT Metro,CT,16608,2025-06-23,1000000,Active
CU000513,Metro Construction,Retailer,R01,SR0196,NJ Heights,NJ,31895,2018-10-06,25000,Active
CU000514,Prime Contracting,Builder,R03,SR0158,IN Heights,IN,53857,2021-12-04,1000000,Active
CU000515,Home LLC,Retailer,R04,SR0154,TX City,TX,44867,2024-01-23,100000,Active
CU000516,Dream Homes,Retailer,R02,SR0132,GA Heights,GA,63648,2017-05-02,50000,Active
CU000517,Prime Materials,Contractor,R04,SR0169,AZ City,AZ,31538,2024-05-28,25000,Active
CU000518,Summit Homes,Retailer,R02,SR0167,TN City,TN,82562,2020-11-10,100000,Active
CU000519,Cornerstone Homes,Distributor,R01,SR0196,PA Heights,PA,36887,2024-10-27,50000,Active
CU000520,Build LLC,Builder,R03,SR0098,IN City,IN,26515,2018-01-16,25000,Active
CU000521,Evergreen Contracting,Retailer,R05,SR0170,UT Metro,UT,80770,2025-02-23,100000,Active
CU000522,Home LLC,Distributor,R04,SR0019,NV City,NV,16256,2020-05-05,100000,Active
CU000523,Cornerstone Inc,Builder,R05,SR0110,CA Metro,CA,92279,2020-12-05,50000,Active
CU000524,Dream Homes,Builder,R03,SR0183,MI Heights,MI,42457,2021-01-19,1000000,Active
CU000525,Prime Builders,Retailer,R04,SR0139,TX City,TX,27047,2024-08-04,250000,Active
CU000526,Summit Development,Distributor,R05,SR0180,CO Heights,CO,93422,2025-03-17,500000,Active
CU000527,Pioneer Group,Builder,R04,SR0164,AZ City,AZ,77264,2022-02-09,50000,Active
CU000528,Urban Builders,Retailer,R04,SR0054,TX Heights,TX,63558,2017-06-14,500000,Active
CU000529,Urban Development,Distributor,R05,SR0120,WA City,WA,13667,2017-07-19,100000,Active
CU000530,Pioneer Construction,Distributor,R03,SR0058,MI City,MI,55698,2023-06-06,1000000,Active
CU000531,Pioneer Inc,Distributor,R03,SR0108,WI Metro,WI,28156,2024-06-25,250000,Active
CU000532,Atlas Inc,Contractor,R04,SR0104,AZ Heights,AZ,40516,2024-07-09,25000,Active
CU000533,Cornerstone Construction,Contractor,R04,SR0029,NM Heights,NM,50481,2019-02-28,50000,Active
CU000534,Metro Supply,Builder,R05,SR0020,UT Heights,UT,75881,2017-03-19,500000,Active
CU000535,Prime LLC,Contractor,R03,SR0188,OH City,OH,62664,2020-10-24,250000,Active
CU000536,Urban Homes,Retailer,R04,SR0009,AZ Metro,AZ,25026,2018-08-13,500000,Active
CU000537,Summit Contracting,Retailer,R02,SR0047,NC City,NC,52636,2021-05-17,100000,Active
CU000538,Home Homes,Builder,R01,SR0131,PA City,PA,25855,2022-07-13,100000,Active
CU000539,Build Materials,Builder,R05,SR0040,UT Metro,UT,63356,2017-03-18,100000,Active
CU000540,Metro Contracting,Builder,R03,SR0033,WI Heights,WI,63313,2018-08-07,50000,Active
CU000541,Summit LLC,Retailer,R03,SR0078,WI City,WI,10131,2024-04-28,500000,Active
CU000542,Atlas Development,Builder,R02,SR0152,FL City,FL,59827,2023-07-25,100000,Active
CU000543,Metro Inc,Builder,R05,SR0055,OR City,OR,21759,2025-02-17,1000000,Active
CU000544,Metro Materials,Distributor,R05,SR0070,OR Metro,OR,54909,2020-01-24,500000,Active
CU000545,Atlas Materials,Distributor,R02,SR0067,NC Metro,nc,27527,2017-01-18,250000,Active
CU000546,Cornerstone Group,Contractor,R01,SR0176,NY Metro,NY,80533,2023-01-16,1000000,Active
CU000547,Summit Inc,Contractor,R01,SR0036,MA Heights,MA,33224,2018-05-27,100000,Active
CU000548,Skyline Construction,Contractor,R04,SR0144,NM City,NM,99201,2023-11-18,25000,Active
CU000549,Build Development,Distributor,R03,SR0158,OH City,OH,89433,2018-03-31,100000,Active
CU000550,Metro Supply,Builder,R03,SR0158,WI Heights,WI,84148,2017-09-25,50000,Active
CU000551,Home Inc,Contractor,R05,SR0025,WA Heights,WA,78561,2024-10-09,50000,Active
CU000552,Build Homes,Distributor,R05,SR0180,UT Metro,UT,95200,2021-07-25,250000,Active
CU000553,Pioneer Materials,Retailer,R03,SR0168,IL Heights,IL,15697,2021-09-17,250000,Active
CU000554,Skyline Materials,Builder,R05,SR0005,CO Metro,CO,84949,2024-09-25,250000,Active
CU000555,Urban Development,Contractor,R04,SR0064,TX City,TX,91958,2023-08-25,50000,Active
CU000556,Skyline Materials,Contractor,R03,SR0033,MI City,MI,53724,2023-09-24,250000,Active
CU000557,Prime Builders,Contractor,R05,SR0145,CO City,CO,14370,2018-06-07,500000,Active
CU000558,Evergreen Homes,Distributor,R01,SR0096,MA City,MA,98809,2021-07-04,500000,Active
CU000559,Evergreen Inc,Contractor,R01,SR0071,CT Metro,CT,,2020-10-23,500000,Active
CU000560,Skyline Builders,Builder,R01,SR0106,MA Heights,MA,88010,2023-06-06,500000,Active
CU000561,Pioneer Inc,Builder,R02,SR0112,TN Metro,TN,41870,2020-06-30,250000,Active
CU000562,Atlas LLC,Retailer,R05,SR0115,CO Heights,CO,29321,2021-02-19,100000,Active
CU000563,Skyline LLC,Builder,R01,SR0046,CT Heights,CT,83328,2019-04-01,25000,Active
CU000564,Pioneer Group,Retailer,R02,SR0062,FL Metro,FL,53403,2023-11-29,1000000,Active
CU000565,Pioneer Construction,Distributor,R03,SR0053,IN Metro,IN,10484,2023-12-31,25000,Active
CU000566,Summit Supply,Contractor,R02,SR0107,GA Metro,GA,10881,2023-03-23,1000000,Active
CU000567,Evergreen Inc,Builder,R01,SR0141,NY Metro,NY,57174,2020-03-09,50000,Active
CU000568,Metro Supply,Contractor,R02,SR0057,GA Metro,GA,12817,2017-03-27,100000,Active
CU000569,Skyline Development,Distributor,R02,SR0037,SC Heights,SC,58449,2024-12-22,100000,Active
CU000570,Skyline LLC,Builder,R01,SR0041,NJ City,NJ,59054,2017-07-09,50000,Active
CU000571,Dream Materials,Distributor,R05,SR0175,UT City,UT,92504,2019-05-08,100000,Active
CU000572,Dream LLC,Distributor,R01,SR0196,MA Heights,MA,94550,2019-01-04,25000,Active
CU000573,Pioneer Group,Contractor,R03,SR0153,MI Heights,MI,62552,2019-04-29,1000000,Active
CU000574,Skyline Development,Retailer,R02,SR0077,GA Metro,GA,59425,2019-11-09,250000,Active
CU000575,Pioneer LLC,Retailer,R05,SR0030,CA City,CA,86541,2021-10-12,100000,Active
CU000576,Pioneer Materials,Contractor,R04,SR0134,OK Metro,OK,13239,2021-01-10,100000,Active
CU000577,Evergreen Builders,Contractor,R01,SR0161,PA Heights,PA,39850,2023-02-15,500000,Active
CU000578,Home Development,Retailer,R02,SR0107,NC City,NC,89171,2017-02-04,100000,Active
CU000579,Atlas Construction,Distributor,R03,SR0128,MI Metro,MI,77193,2019-07-22,250000,Active
CU000580,Atlas LLC,Builder,R02,SR0072,GA Metro,GA,70476,2021-10-23,500000,Active
CU000581,Build Materials,Distributor,R04,SR0144,AZ Metro,AZ,26822,2024-05-22,500000,Active
CU000582,Evergreen Homes,Contractor,R03,SR0133,MI City,MI,80464,2018-07-24,250000,Active
CU000583,Atlas Homes,Distributor,R02,SR0192,NC Heights,NC,36765,2019-02-11,500000,Active
CU000584,Evergreen Development,Distributor,R04,SR0184,TX Metro,TX,23672,2017-04-20,250000,Active
CU000585,Skyline Supply,Contractor,R02,SR0122,GA City,GA,78733,2018-12-05,100000,Active
CU000586,Dream LLC,Builder,R03,SR0053,IN Metro,IN,19012,2018-06-17,25000,Active
CU000587,Atlas Inc,Distributor,R02,SR0152,NC Metro,NC,87003,2020-02-03,50000,Active
CU000588,Summit Inc,Distributor,R02,SR0142,FL City,FL,78925,2022-02-28,25000,Active
CU000589,Evergreen Group,Builder,R04,SR0029,NV City,NV,48987,2021-08-28,100000,Active
CU000590,Summit Contracting,Builder,R02,SR0137,GA Heights,GA,22521,2018-10-09,250000,Active
CU000591,Cornerstone Supply,Retailer,R03,SR0023,WI Metro,WI,63907,2017-11-10,1000000,Active
CU000592,Dream Development,Distributor,R01,SR0131,CT Metro,CT,15850,2021-04-11,250000,Active
CU000593,Build Development,Distributor,R03,SR0128,IN City,IN,27888,2022-03-05,25000,Active
CU000594,Pioneer Contracting,Contractor,R01,SR0076,NJ Heights,NJ,46587,2023-10-23,1000000,Active
CU000595,Cornerstone Homes,Builder,R01,SR0036,NY Metro,NY,98000,2021-12-10,500000,Active
CU000596,Metro Supply,Contractor,R03,SR0013,OH City,OH,16259,2021-05-19,1000000,Active
CU000597,Build Homes,Contractor,R03,SR0193,IN City,IN,42728,2017-03-07,25000,Active
CU000598,Evergreen Builders,Builder,R04,SR0109,TX City,TX,22661,2025-02-13,50000,Active
CU000599,Urban Materials,Distributor,R02,SR0162,FL Metro,FL,34844,2021-10-19,25000,Active
CU000600,Urban Contracting,Builder,R01,SR0031,NY City,NY,,2022-02-23,100000,Active
CU000601,Atlas Materials,Distributor,R02,SR0087,FL Heights,FL,38647,2018-02-22,1000000,Active
CU000602,Atlas Materials,Builder,R05,SR0085,UT City,UT,60930,2020-09-22,25000,Active
CU000603,Urban Construction,Builder,R02,SR0152,NC Heights,NC,86681,2022-08-25,25000,Active
CU000604,Prime Development,Contractor,R05,SR0010,CA City,CA,66164,2018-07-18,500000,Active
CU000605,Summit Supply,Distributor,R03,SR0063,IN Metro,IN,41203,2025-04-16,50000,Active
CU000606,Build LLC,Contractor,R03,SR0103,OH Metro,OH,64380,2019-07-28,1000000,Active
CU000607,Build Supply,Retailer,R03,SR0068,MI City,MI,39156,2019-01-22,500000,Active
CU000608,Skyline Construction,Builder,R04,SR0159,TX City,TX,28550,2023-08-25,25000,Active
CU000609,Summit Group,Builder,R05,SR0165,WA City,WA,35891,2020-05-26,25000,Active
CU000610,Pioneer Builders,Distributor,R03,SR0063,WI Metro,WI,57131,2021-09-28,100000,Active
CU000611,Pioneer Construction,Retailer,R05,SR0140,UT Heights,UT,66019,2023-09-04,50000,Active
CU000612,Summit Group,Contractor,R05,SR0060,WA Heights,WA,47122,2020-09-26,100000,Active
CU000613,Build Construction,Distributor,R02,SR0047,SC City,SC,59054,2025-04-29,50000,Active
CU000614,Atlas Builders,Builder,R03,SR0098,IN Metro,IN,15089,2019-03-07,1000000,Active
CU000615,Cornerstone Group,Distributor,R04,SR0114,NM Heights,NM,58258,2025-04-02,500000,Active
CU000616,Evergreen Construction,Builder,R02,SR0012,GA Metro,GA,94585,2019-11-08,100000,Active
CU000617,Prime Builders,Contractor,R02,SR0052,TN Heights,TN,60377,2022-10-25,25000,Active
CU000618,Cornerstone Development,Retailer,R02,SR0137,SC City,SC,79887,2025-03-26,100000,Active
CU000619,Dream Development,Builder,R04,SR0184,TX City,Texas,62162,2022-07-08,100000,Active
CU000620,Summit Development,Builder,R01,SR0131,NJ City,NJ,32365,2019-03-23,500000,Active
CU000621,Atlas Supply,Builder,R04,SR0039,AZ Heights,AZ,17730,2019-11-29,250000,Active
CU000622,Evergreen Contracting,Retailer,R04,SR0199,OK Heights,OK,21233,2017-05-02,25000,Active
CU000623,Prime Construction,Contractor,R05,SR0160,WA Metro,WA,10947,2018-02-01,1000000,Active
CU000624,Metro Development,Retailer,R02,SR0122,TN City,TN,72027,2021-02-27,500000,Active
CU000625,Summit Homes,Contractor,R03,SR0118,MI City,MI,56665,2022-02-15,1000000,Active
CU000626,Metro Development,Distributor,R04,SR0194,AZ City,AZ,42576,2022-10-11,25000,Active
CU000627,Evergreen Materials,Distributor,R04,SR0104,AZ City,AZ,52667,2021-06-28,25000,Active
CU000628,Evergreen Builders,Contractor,R05,SR0140,CA Metro,CA,48517,2018-06-08,250000,Active
CU000629,Dream Group,Builder,R04,SR0179,TX Metro,TX,73198,2018-11-30,250000,Active
CU000630,Urban Homes,Contractor,R01,SR0006,NJ Metro,NJ,38885,2024-06-18,50000,Active
CU000631,Cornerstone Materials,Retailer,R02,SR0157,TN Heights,TN,85493,2021-03-25,25000,Active
CU000632,Home Builders,Builder,R04,SR0074,NV Metro,NV,24599,2025-05-08,50000,Active
CU000633,Summit Inc,Distributor,R01,SR0041,CT Metro,CT,50737,2021-10-02,100000,Active
CU000634,Evergreen Inc,Distributor,R03,SR0043,MI Heights,MI,23970,2020-07-18,500000,Active
CU000635,Pioneer Contracting,Contractor,R02,SR0157,NC City,NC,29119,2023-09-20,1000000,Active
CU000636,Cornerstone Inc,Distributor,R03,SR0038,MI Heights,MI,38272,2017-08-29,100000,Active
CU000637,Skyline Construction,Retailer,R03,SR0068,OH Heights,OH,33464,2024-05-24,1000000,Active
CU000638,Summit Group,Retailer,R02,SR0127,FL Heights,FL,61296,2020-03-02,100000,Active
CU000639,Urban Inc,Distributor,R02,SR0032,TN Metro,TN,17094,2024-05-05,50000,Active
CU000640,Pioneer Development,Contractor,R02,SR0142,TN City,TN,37494,2021-01-23,1000000,Active
CU000641,Summit Contracting,Contractor,R05,SR0050,CA Heights,CA,22589,2018-04-26,250000,Active
CU000642,Evergreen Homes,Builder,R05,SR0140,OR Heights,OR,25571,2024-04-27,50000,Active
CU000643,Evergreen Group,Builder,R04,SR0124,TX Metro,TX,25728,2017-04-05,100000,Active
CU000644,Cornerstone Builders,Distributor,R05,SR0155,UT Heights,UT,33736,2020-05-07,100000,Active
CU000645,Cornerstone LLC,Distributor,R05,SR0105,WA City,WA,12588,2017-09-19,25000,Active
CU000646,Evergreen Builders,Distributor,R05,SR0040,UT Heights,ut,88525,2020-07-11,50000,Active
CU000647,Evergreen Contracting,Contractor,R01,SR0181,NJ City,NJ,43654,2022-09-05,50000,Active
CU000648,Evergreen Construction,Retailer,R03,SR0053,MI Heights,MI,16051,2024-05-23,250000,Active
CU000649,Cornerstone Materials,Contractor,R05,SR0185,CO City,CO,56152,2024-06-07,250000,Active
CU000650,Home Supply,Retailer,R01,SR0061,NY City,NY,88924,2018-06-11,50000,Active
CU000651,Home Homes,Retailer,R05,SR0180,CO City,CO,31406,2024-08-03,100000,Active
CU000652,Evergreen Development,Builder,R04,SR0069,AZ Heights,AZ,94616,2021-09-16,25000,Active
CU000653,Atlas Supply,Distributor,R02,SR0122,NC Metro,NC,26334,2017-09-28,25000,Active
CU000654,Dream Supply,Distributor,R03,SR0108,IL Metro,IL,22838,2018-03-07,100000,Active
CU000655,Pioneer Builders,Contractor,R01,SR0096,NY Heights,NY,84993,2017-07-16,500000,Active
CU000656,Cornerstone LLC,Contractor,R02,SR0057,NC Metro,NC,62776,2024-09-13,100000,Active
CU000657,Summit Inc,Retailer,R05,SR0045,WA Heights,WA,16929,2024-12-07,50000,Active
CU000658,Pioneer Materials,Builder,R02,SR0147,TN Metro,TN,75828,2020-06-04,50000,Active
CU000659,Evergreen Builders,Contractor,R01,SR0101,PA Metro,PA,41462,2017-12-13,25000,Active
CU000660,Evergreen LLC,Contractor,R03,SR0003,WI Metro,WI,27881,2021-07-19,250000,Active
CU000661,Summit LLC,Contractor,R01,SR0001,CT City,CT,42011,2023-10-24,1000000,Active
CU000662,Dream Builders,Distributor,R04,SR0169,AZ Heights,AZ,27474,2022-07-23,50000,Active
CU000663,Evergreen Supply,Retailer,R04,SR0039,AZ Metro,AZ,25448,2019-05-23,100000,Active
CU000664,Evergreen LLC,Distributor,R01,SR0066,CT Metro,CT,14643,2017-08-24,100000,Active
CU000665,Home Materials,Retailer,R03,SR0148,IL Heights,IL,55838,2017-02-06,100000,Active
CU000666,Metro LLC,Builder,R01,SR0061,MA Metro,MA,63833,2024-05-13,25000,Active
CU000667,Home Materials,Distributor,R03,SR0128,OH Metro,OH,33878,2024-05-12,100000,Active
CU000668,Summit Construction,Builder,R04,SR0114,AZ City,AZ,36013,2021-06-05,1000000,Active
CU000669,Skyline Group,Distributor,R04,SR0054,NM City,NM,44838,2024-08-24,1000000,Active
CU000670,Cornerstone Homes,Retailer,R02,SR0162,NC Metro,NC,24139,2022-08-11,1000000,Active
CU000671,Atlas Construction,Distributor,R01,SR0106,NY City,NY,47940,2019-10-12,250000,Active
CU000672,Skyline Development,Distributor,R05,SR0165,WA Heights,WA,44541,2019-03-24,50000,Active
CU000673,Dream Supply,Contractor,R04,SR0164,TX Heights,TX,87489,2018-06-26,500000,Active
CU000674,Summit Construction,Retailer,R04,SR0064,TX Metro,TX,21919,2024-11-07,50000,Active
CU000675,Build LLC,Retailer,R02,SR0137,GA Metro,GA,16770,2020-12-08,250000,Active
CU000676,Build Construction,Contractor,R04,SR0019,AZ Metro,AZ,52157,2021-10-31,50000,Active
CU000677,Home Builders,Builder,R02,SR0117,NC Metro,NC,11790,2020-09-18,100000,Active
CU000678,Atlas Materials,Contractor,R03,SR0188,MI Heights,MI,46168,2018-06-19,500000,Active
CU000679,Skyline Supply,Retailer,R05,SR0190,CA City,CA,22928,2020-05-19,1000000,Active
CU000680,Dream Supply,Retailer,R04,SR0049,AZ Heights,AZ,43099,2021-02-08,25000,Active
CU000681,Summit LLC,Retailer,R04,SR0024,TX Metro,TX,76043,2024-10-24,250000,Active
CU000682,Cornerstone Supply,Contractor,R02,SR0182,NC City,NC,62100,2018-11-09,25000,Active
CU000683,  Summit Inc ,Contractor,R04,SR0179,NV Metro,NV,34125,2022-10-02,250000,Active
CU000684,Home Supply,Contractor,R04,SR0169,NV Heights,NV,45194,2022-12-26,100000,Active
CU000685,Dream Development,Builder,R02,SR0047,NC City,NC,16752,2022-12-30,100000,Active
CU000686,Atlas Materials,Retailer,R01,SR0111,NJ Heights,NJ,81994,2020-08-22,1000000,Active
CU000687,Home Contracting,Contractor,R01,SR0071,NJ Metro,NJ,12049,2025-02-07,1000000,Active
CU000688,Skyline Group,Distributor,R04,SR0194,NM Heights,NM,45231,2018-09-30,500000,Active
CU000689,Dream Group,Builder,R04,SR0139,AZ Heights,AZ,33791,2019-02-13,100000,Active
CU000690,Home Construction,Builder,R05,SR0060,CO Heights,CO,33295,2017-10-12,1000000,Active
CU000691,Evergreen Homes,Contractor,R02,SR0077,FL Metro,FL,79045,2023-10-08,250000,Active
CU000692,Build Construction,Contractor,R01,SR0006,MA Metro,MA,20957,2017-02-08,25000,Active
CU000693,Prime Supply,Retailer,R01,SR0106,CT Heights,CT,83774,2020-09-20,1000000,Active
CU000694,Cornerstone Development,Retailer,R04,SR0019,AZ City,AZ,26131,2018-02-25,500000,Active
CU000695,Build Supply,Distributor,R05,SR0005,CO City,CO,29316,2024-09-13,50000,Active
CU000696,Prime Development,Contractor,R01,SR0036,MA City,MA,90700,2017-06-27,50000,Active
CU000697,Urban Inc,Retailer,R05,SR0140,WA City,WA,65737,2024-01-04,500000,Active
CU000698,Evergreen Materials,Builder,R03,SR0088,MI City,MI,20009,2024-05-10,250000,Active
CU000699,Cornerstone Group,Retailer,R02,SR0122,NC City,NC,24832,2018-08-16,250000,Active
CU000700,Urban Materials,Retailer,R01,SR0056,PA City,PA,73083,2018-07-21,250000,Active
CU000701,Metro LLC,Distributor,R02,SR0177,SC Metro,SC,80282,2022-11-29,250000,Active
CU000702,Urban Construction,Builder,R05,SR0030,WA Heights,WA,12248,2018-03-28,50000,Active
CU000703,Pioneer Contracting,Builder,R01,SR0041,PA Metro,PA,82286,2019-05-14,100000,Active
CU000704,Cornerstone Contracting,Contractor,R02,SR0042,FL Heights,FL,13453,2024-11-12,25000,Active
CU000705,Dream Construction,Distributor,R01,SR0151,CT City,CT,28517,2018-09-06,500000,Active
CU000706,Metro Development,Contractor,R02,SR0042,SC Heights,SC,54215,2020-03-20,1000000,Active
CU000707,Dream LLC,Distributor,R01,SR0011,NY City,NY,61955,2023-03-20,500000,Active
CU000708,Skyline Homes,Builder,R03,SR0098,WI Heights,WI,45628,2025-05-02,1000000,Active
CU000709,Summit Contracting,Distributor,R02,SR0017,SC Heights,SC,83307,2022-05-10,50000,Active
CU000710,Urban Homes,Retailer,R03,SR0053,IN Metro,IN,24208,2017-04-25,25000,Active
CU000711,Prime Supply,Contractor,R02,SR0172,NC City,NC,50516,2019-09-12,25000,Active
CU000712,Atlas Group,Retailer,R03,SR0183,IL Heights,IL,51232,2025-06-06,25000,Active
CU000713,Summit Materials,Contractor,R03,SR0063,IN Heights,IN,98432,2022-08-19,100000,Active
CU000714,Atlas Construction,Contractor,R02,SR0122,FL Heights,FL,29862,2025-01-21,250000,Active
CU000715,Dream LLC,Retailer,R02,SR0047,GA Heights,GA,89788,2022-01-07,1000000,Active
CU000716,Summit Construction,Contractor,R02,SR0117,NC Metro,NC,99505,2018-09-17,500000,Active
CU000717,Home LLC,Builder,R05,SR0005,CO City,CO,21425,2020-04-25,50000,Active
CU000718,Urban Builders,Retailer,R02,SR0182,FL Metro,FL,70390,2021-12-16,100000,Active
CU000719,Urban Development,Retailer,R02,SR0157,FL Heights,FL,91223,2022-10-01,25000,Active
CU000720,Summit LLC,Contractor,R05,SR0030,OR Metro,OR,99463,2025-04-24,1000000,Active
CU000721,Home Homes,Distributor,R02,SR0047,TN City,TN,62334,2024-07-03,25000,Active
CU000722,Metro Group,Distributor,R01,SR0146,PA Metro,PA,33628,2021-11-10,1000000,Active
CU000723,Urban Inc,Builder,R02,SR0022,SC Metro,SC,72419,2022-04-09,100000,Active
CU000724,Atlas Homes,Builder,R02,SR0182,GA Metro,GA,57381,2017-08-10,25000,Active
CU000725,Home Contracting,Distributor,R02,SR0137,FL Heights,FL,19077,2021-09-16,100000,Active
CU000726,Build Builders,Builder,R05,SR0085,WA Heights,WA,66168,2019-03-25,50000,Active
CU000727,Cornerstone Contracting,Distributor,R03,SR0153,IN Metro,IN,67250,2017-02-10,500000,Active
CU000728,Evergreen Inc,Retailer,R05,SR0025,UT City,UT,52432,2017-02-28,1000000,Active
CU000729,Prime Homes,Builder,R02,SR0157,SC City,SC,10481,2024-02-12,100000,Active
CU000730,Cornerstone Supply,Builder,R04,SR0014,NV City,NV,81576,2020-11-26,50000,Active
CU000731,Urban Materials,Distributor,R02,SR0182,GA Heights,GA,50234,2024-04-11,25000,Active
CU000732,Metro Homes,Distributor,R04,SR0114,OK Metro,OK,54017,2021-03-09,100000,Active
CU000733,Summit Homes,Retailer,R02,SR0052,TN Heights,TN,96455,2024-11-15,500000,Active
CU000734,Evergreen Construction,Contractor,R05,SR0035,CA City,CA,63907,2024-02-08,25000,Active
CU000735,Home Homes,Distributor,R04,SR0014,NV Heights,NV,69589,2018-05-25,1000000,Active
CU000736,Urban Supply,Distributor,R03,SR0128,IN Metro,IN,45076,2024-07-20,25000,Active
CU000737,Build Contracting,Retailer,R02,SR0012,FL Metro,FL,78021,2018-11-30,25000,Active
CU000738,Skyline Inc,Builder,R05,SR0180,CO City,CO,16760,2024-02-20,250000,Active
CU000739,Dream Homes,Distributor,R04,SR0104,AZ Metro,AZ,26558,2024-01-14,500000,Active
CU000740,Prime Builders,Contractor,R03,SR0103,WI City,WI,11512,2023-12-07,50000,Active
CU000741,Cornerstone Contracting,Builder,R05,SR0125,CA Heights,CA,93160,2024-04-26,25000,Active
CU000742,Cornerstone Homes,Builder,R02,SR0172,NC City,NC,96410,2024-01-14,50000,Active
CU000743,Atlas Builders,Contractor,R01,SR0036,CT City,CT,47022,2022-07-18,250000,Active
CU000744,Build Homes,Distributor,R03,SR0033,OH Metro,OH,92009,2020-07-08,250000,Active
CU000745,Dream Inc,Retailer,R04,SR0099,AZ City,AZ,14122,2022-06-06,25000,Active
CU000746,Metro Development,Builder,R05,SR0005,UT Heights,UT,35276,2019-06-05,50000,Active
CU000747,Dream Supply,Contractor,R03,SR0008,IL City,IL,26591,2020-11-28,100000,Active
CU000748,Metro Homes,Retailer,R05,SR0160,OR Metro,OR,42780,2021-05-29,250000,Active
CU000749,Skyline Group,Retailer,R01,SR0096,CT Heights,CT,68478,2023-12-27,50000,Active
CU000750,Atlas Materials,Contractor,R01,SR0136,CT Metro,CT,92929,2022-09-26,50000,Active
CU000751,Evergreen LLC,Distributor,R03,SR0093,WI Metro,WI,13924,2019-02-01,500000,Active
CU000752,Urban Materials,Contractor,R03,SR0068,OH City,OH,51215,2025-01-15,1000000,Active
CU000753,Skyline LLC,Contractor,R03,SR0183,OH Metro,OH,47173,2023-04-17,100000,Active
CU000754,Evergreen Homes,Builder,R03,SR0023,WI Heights,WI,67043,2017-07-23,500000,Active
CU000755,Prime Builders,Contractor,R04,SR0089,OK City,OK,88830,2020-03-13,250000,Active
CU000756,Dream Homes,Contractor,R01,SR0146,CT City,CT,79922,2017-10-12,100000,Active
CU000757,Urban Materials,Contractor,R04,SR0099,TX Metro,TX,82935,2021-05-31,100000,Active
CU000758,Atlas Builders,Retailer,R03,SR0038,IN Metro,IN,16269,2024-09-17,100000,Active
CU000759,Cornerstone Materials,Contractor,R04,SR0029,AZ City,AZ,80458,2019-11-30,50000,Active
CU000760,Home Materials,Builder,R01,SR0096,NJ City,NJ,59749,2023-07-18,25000,Active
CU000761,Atlas Homes,Distributor,R04,SR0104,TX City,TX,97586,2024-06-01,50000,Active
CU000762,Prime Development,Builder,R04,SR0154,NM Metro,NM,20852,2024-05-25,50000,Active
CU000763,Skyline Construction,Contractor,R02,SR0157,FL City,FL,71361,2020-10-26,25000,Active
CU000764,Home Group,Retailer,R02,SR0162,TN Heights,TN,76127,2021-04-29,100000,Active
CU000765,Skyline Builders,Contractor,R04,SR0064,NV Heights,NV,31521,2018-08-27,250000,Active
CU000766,Build Group,Retailer,R04,SR0039,TX Heights,TX,13746,2019-12-24,50000,Active
CU000767,Skyline Contracting,Retailer,R01,SR0111,CT City,CT,66472,2021-02-23,250000,Active
CU000768,Summit Supply,Distributor,R01,SR0121,NJ Heights,NJ,62781,2022-10-26,1000000,Active
CU000769,Skyline Builders,Builder,R04,SR0019,TX Heights,TX,16964,2017-09-27,1000000,Active
CU000770,Cornerstone Homes,Retailer,R05,SR0075,CA Metro,CA,23278,2022-07-22,500000,Active
CU000771,Home Inc,Distributor,R02,SR0112,GA City,GA,10407,2025-04-16,1000000,Active
CU000772,Prime Contracting,Distributor,R03,SR0103,OH City,OH,69666,2021-10-19,1000000,Active
CU000773,Dream Construction,Builder,R03,SR0083,IL City,IL,72105,2022-04-20,25000,Active
CU000774,Home Supply,Contractor,R01,SR0181,NJ City,NJ,31928,2020-06-01,1000000,Active
CU000775,Home Group,Retailer,R03,SR0113,IN Metro,IN,70129,2022-10-23,500000,Active
CU000776,Metro Construction,Builder,R05,SR0090,CO City,CO,63781,2021-01-03,1000000,Active
CU000777,Cornerstone Homes,Contractor,R04,SR0184,TX City,TX,21701,2020-01-27,1000000,Active
CU000778,Evergreen Materials,Retailer,R05,SR0060,CO Heights,CO,61252,2020-06-20,100000,Active
CU000779,Urban Inc,Retailer,R02,SR0167,FL Heights,FL,69641,2020-03-27,1000000,Active
CU000780,Evergreen Contracting,Retailer,R01,SR0046,NJ Metro,NJ,47982,2022-06-18,250000,Active
CU000781,Build Supply,Contractor,R03,SR0003,IL Metro,IL,87735,2021-10-29,250000,Active
CU000782,Urban Development,Builder,R03,SR0083,IL City,IL,75797,2017-12-19,50000,Active
CU000783,Atlas Builders,Distributor,R03,SR0063,OH Heights,OH,14212,2021-09-27,250000,Active
CU000784,Home Contracting,Builder,R04,SR0099,TX Metro,TX,98987,2024-08-30,500000,Active
CU000785,Skyline Development,Builder,R02,SR0132,NC City,NC,48972,2021-03-20,500000,Active
CU000786,Cornerstone Materials,Distributor,R04,SR0169,TX City,TX,99805,2022-03-26,250000,Active
CU000787,Build Homes,Builder,R04,SR0009,OK Metro,OK,28426,2023-07-06,500000,Active
CU000788,Atlas Development,Distributor,R05,SR0200,OR City,OR,61466,2022-10-23,500000,Active
CU000789,Evergreen Builders,Retailer,R04,SR0019,TX City,TX,22766,2017-09-07,100000,Active
CU000790,Cornerstone Construction,Distributor,R01,SR0161,CT Heights,CT,77667,2018-07-13,1000000,Active
CU000791,Build Group,Contractor,R02,SR0097,GA Metro,ga,36306,2022-10-31,1000000,Active
CU000792,Build LLC,Distributor,R01,SR0031,NY City,NY,17294,2019-01-24,250000,Active
CU000793,Pioneer Inc,Builder,R02,SR0197,TN Metro,TN,29168,2018-12-01,1000000,Active
CU000794,Home Development,Distributor,R05,SR0155,UT City,UT,87170,2021-04-30,250000,Active
CU000795,Build Development,Contractor,R01,SR0136,MA Metro,MA,83952,2024-03-27,50000,Active
CU000796,Pioneer Group,Builder,R05,SR0115,CO City,CO,30750,2020-11-29,50000,Active
CU000797,Evergreen Contracting,Builder,R05,SR0025,CO Heights,CO,83812,2020-02-15,50000,Active
CU000798,Pioneer Inc,Retailer,R03,SR0153,IN City,IN,85502,2018-06-15,250000,Active
CU000799,Atlas Homes,Contractor,R03,SR0113,WI Heights,WI,13869,2024-06-17,500000,Active
CU000800,Skyline Supply,Distributor,R01,SR0151,MA Heights,MA,32806,2017-09-21,100000,Active
CU000801,Cornerstone Builders,Builder,R01,SR0036,CT Metro,CT,59063,2020-08-08,25000,Active
CU000802,Atlas LLC,Builder,R01,SR0041,MA Metro,MA,43095,2019-04-05,1000000,Active
CU000803,Atlas Construction,Builder,R02,SR0062,SC Heights,SC,97642,2017-01-22,25000,Active
CU000804,Urban Contracting,Builder,R03,SR0173,IN Heights,IN,94178,2023-05-26,25000,Active
CU000805,Metro Contracting,Contractor,R04,SR0114,NV Metro,NV,67524,2023-05-21,500000,Active
CU000806,Prime Group,Retailer,R01,SR0096,NY Heights,NY,88838,2019-10-27,25000,Active
CU000807,Prime LLC,Distributor,R04,SR0054,NM City,NM,77863,2023-12-09,100000,Active
CU000808,Pioneer Development,Retailer,R01,SR0036,CT Heights,CT,14230,2017-09-01,500000,Active
CU000809,Build Supply,Contractor,R02,SR0107,GA Heights,GA,83905,2020-11-17,1000000,Active
CU000810,Metro Group,Distributor,R01,SR0196,MA Heights,MA,45456,2022-09-11,25000,Active
CU000811,Skyline Construction,Distributor,R02,SR0152,NC Metro,NC,13454,2024-08-25,100000,Active
CU000812,Summit Contracting,Contractor,R01,SR0016,CT Metro,CT,65945,2023-11-27,250000,Active
CU000813,  Build Supply ,Contractor,R03,SR0108,MI City,MI,87151,2017-03-03,250000,Active
CU000814,Pioneer Contracting,Builder,R02,SR0017,FL City,FL,51173,2020-04-12,50000,Active
CU000815,Prime Builders,Retailer,R02,SR0152,TN Metro,TN,81256,2019-06-22,1000000,Active
CU000816,Evergreen Supply,Contractor,R04,SR0179,NM Metro,NM,45066,2017-08-10,100000,Active
CU000817,Home Builders,Retailer,R03,SR0198,IN Heights,IN,27974,2025-04-27,250000,Active
CU000818,Dream Construction,Contractor,R05,SR0120,WA City,WA,67708,2017-03-29,1000000,Active
CU000819,Summit Development,Distributor,R04,SR0089,TX Metro,TX,21074,2022-07-22,500000,Active
CU000820,Skyline Supply,Retailer,R01,SR0141,MA Metro,MA,96497,2017-05-09,25000,Active
CU000821,Home Inc,Distributor,R05,SR0195,OR City,OR,13584,2021-10-18,100000,Active
CU000822,Evergreen Development,Retailer,R01,SR0121,NJ Heights,NJ,80092,2018-10-28,1000000,Active
CU000823,Build Development,Retailer,R04,SR0079,OK Heights,OK,45965,2020-10-14,50000,Active
CU000824,Urban Development,Contractor,R05,SR0200,CO City,CO,95594,2020-06-11,100000,Active
CU000825,Pioneer Construction,Builder,R05,SR0060,OR Metro,OR,71137,2021-08-01,250000,Active
CU000826,Metro Materials,Retailer,R01,SR0086,CT City,CT,67729,2019-11-30,500000,Active
CU000827,Atlas Construction,Distributor,R04,SR0059,AZ City,AZ,95799,2023-07-04,50000,Active
CU000828,Cornerstone Development,Retailer,R03,SR0073,IL Heights,IL,12112,2023-01-23,25000,Active
CU000829,Prime LLC,Retailer,R01,SR0111,CT City,CT,76982,2024-08-21,25000,Active
CU000830,Dream Construction,Retailer,R04,SR0139,TX Heights,TX,57223,2022-04-12,100000,Active
CU000831,Build Development,Retailer,R03,SR0053,WI City,WI,87493,2022-09-24,100000,Active
CU000832,Summit Inc,Contractor,R05,SR0115,UT Heights,UT,29670,2017-11-13,50000,Active
CU000833,Metro Homes,Contractor,R02,SR0182,TN Heights,TN,25891,2023-10-23,1000000,Active
CU000834,Home Supply,Retailer,R04,SR0144,NV Heights,NV,48412,2019-08-04,100000,Active
CU000835,Skyline Group,Contractor,R04,SR0039,NM Heights,NM,63729,2021-01-23,1000000,Active
CU000836,Skyline Inc,Distributor,R04,SR0144,NV City,NV,26420,2024-07-24,250000,Active
CU000837,Urban Materials,Distributor,R05,SR0085,WA Heights,WA,63543,2024-02-05,100000,Active
CU000838,Prime Homes,Contractor,R02,SR0002,GA Metro,GA,82689,2018-06-02,50000,Active
CU000839,Dream LLC,Distributor,R01,SR0051,MA City,MA,60870,2024-10-25,25000,Active
CU000840,Urban Materials,Contractor,R05,SR0095,WA Heights,WA,90822,2025-04-14,25000,Active
CU000841,Summit Development,Contractor,R03,SR0143,IN Metro,IN,27643,2018-09-16,1000000,Active
CU000842,Evergreen Group,Retailer,R01,SR0116,CT Heights,CT,67486,2018-02-01,1000000,Active
CU000843,Atlas LLC,Retailer,R02,SR0107,NC Metro,NC,85999,2020-08-15,25000,Active
CU000844,Cornerstone Supply,Contractor,R04,SR0049,NM City,NM,46471,2020-11-23,25000,Active
CU000845,Pioneer Group,Contractor,R03,SR0093,OH City,OH,32193,2019-08-07,100000,Active
CU000846,Metro Contracting,Builder,R03,SR0068,OH City,OH,15209,2017-01-28,500000,Active
CU000847,Atlas Homes,Contractor,R04,SR0069,TX Metro,TX,78274,2025-01-12,100000,Active
CU000848,Prime Contracting,Contractor,R01,SR0156,MA Metro,MA,97649,2025-05-07,100000,Active
CU000849,Urban Development,Retailer,R02,SR0052,FL Metro,FL,77219,2017-06-07,500000,Active
CU000850,Skyline LLC,Contractor,R04,SR0169,TX Heights,TX,92061,2019-10-05,100000,Active
CU000851,Skyline Development,Retailer,R02,SR0072,TN Metro,TN,73505,2018-06-24,1000000,Active
CU000852,Summit Builders,Distributor,R02,SR0067,FL Heights,FL,90113,2024-09-18,25000,Active
CU000853,Evergreen Materials,Builder,R03,SR0188,WI Metro,WI,96106,2020-04-11,50000,Active
CU000854,Urban LLC,Retailer,R04,SR0129,OK Heights,OK,22652,2021-09-15,500000,Active
CU000855,Dream Group,Builder,R04,SR0139,NM City,NM,96587,2022-06-05,25000,Active
CU000856,Home Development,Retailer,R04,SR0079,NV Metro,NV,63609,2024-07-27,25000,Active
CU000857,Summit Development,Contractor,R03,SR0143,IN Metro,IN,45168,2020-06-17,250000,Active
CU000858,Metro Supply,Retailer,R04,SR0184,OK City,OK,24459,2018-06-14,50000,Active
CU000859,Prime Materials,Builder,R05,SR0010,UT City,UT,82468,2021-01-23,250000,Active
CU000860,Cornerstone Supply,Builder,R05,SR0175,WA City,WA,31155,2023-03-15,250000,Active
CU000861,Prime LLC,Contractor,R02,SR0007,FL City,FL,73556,2019-08-01,500000,Active
CU000862,Evergreen Homes,Distributor,R02,SR0037,FL Metro,FL,45389,2017-03-24,250000,Active
CU000863,Cornerstone Inc,Retailer,R01,SR0046,CT Heights,CT,35465,2021-10-08,25000,Active
CU000864,Skyline Builders,Distributor,R05,SR0090,CA Metro,CA,95989,2018-01-17,250000,Active
CU000865,Home LLC,Distributor,R02,SR0087,SC Heights,SC,60123,2021-03-07,250000,Active
CU000866,Build Homes,Retailer,R05,SR0075,CA Metro,CA,68600,2020-09-23,500000,Active
CU000867,Skyline Group,Distributor,R02,SR0177,FL City,FL,20995,2022-11-14,50000,Active
CU000868,Summit Development,Distributor,R05,SR0160,WA City,WA,29741,2017-01-23,100000,Active
CU000869,Pioneer Materials,Contractor,R03,SR0158,OH Heights,OH,40898,2018-03-07,500000,Active
CU000870,Dream LLC,Contractor,R04,SR0044,TX Metro,TX,31783,2017-06-09,25000,Active
CU000871,Dream LLC,Retailer,R04,SR0169,OK City,OK,11213,2025-01-27,250000,Active
CU000872,Atlas Contracting,Retailer,R03,SR0198,WI Metro,WI,78583,2022-10-29,100000,Active
CU000873,  Urban Contracting ,Builder,R05,SR0150,OR Metro,OR,72111,2022-04-12,50000,Active
CU000874,Cornerstone Builders,Builder,R01,SR0061,NJ Metro,NJ,53389,2017-10-01,50000,Active
CU000875,Build Supply,Distributor,R03,SR0113,WI City,WI,65858,2019-11-10,1000000,Active
CU000876,Atlas Contracting,Contractor,R05,SR0065,UT Heights,UT,38369,2018-06-03,25000,Active
CU000877,Atlas Inc,Builder,R05,SR0125,UT Heights,UT,90725,2017-01-11,100000,Active
CU000878,Dream Contracting,Contractor,R02,SR0197,GA City,GA,10032,2018-07-16,50000,Active
CU000879,Home LLC,Distributor,R05,SR0155,CO Metro,CO,41558,2024-12-02,100000,Active
CU000880,Metro Builders,Retailer,R04,SR0169,NM Metro,NM,38036,2024-12-23,100000,Active
CU000881,Cornerstone Development,Builder,R02,SR0142,SC Heights,SC,83125,2017-04-14,250000,Active
CU000882,Summit Supply,Contractor,R03,SR0113,IN Heights,IN,35032,2019-03-14,1000000,Active
CU000883,Atlas Development,Contractor,R04,SR0064,NM Heights,NM,58348,2023-10-22,25000,Active
CU000884,Pioneer Homes,Contractor,R03,SR0088,IL Heights,IL,43166,2025-01-20,1000000,Active
CU000885,Dream Group,Contractor,R04,SR0149,NV Heights,NV,94875,2021-02-22,250000,Active
CU000886,Cornerstone Contracting,Contractor,R01,SR0046,CT Heights,CT,27255,2017-08-18,1000000,Active
CU000887,Home Supply,Retailer,R04,SR0034,TX Metro,TX,12185,2024-12-15,500000,Active
CU000888,Build Homes,Builder,R02,SR0117,TN Heights,TN,97519,2025-03-05,500000,Active
CU000889,Home Inc,Contractor,R03,SR0143,IL City,IL,76252,2020-06-28,25000,Active
CU000890,Pioneer Inc,Contractor,R03,SR0038,WI Metro,WI,21284,2018-01-06,100000,Active
CU000891,Evergreen Construction,Contractor,R02,SR0102,FL City,FL,11368,2025-02-14,500000,Active
CU000892,Cornerstone Contracting,Builder,R02,SR0062,NC Heights,NC,59716,2023-05-04,1000000,Active
CU000893,Skyline Contracting,Distributor,R03,SR0063,IN City,IN,43994,2020-12-25,100000,Active
CU000894,Evergreen Contracting,Builder,R05,SR0170,OR Metro,OR,86706,2024-11-16,250000,Active
CU000895,Urban LLC,Retailer,R04,SR0094,NM Heights,NM,45251,2019-06-13,50000,Active
CU000896,Evergreen Contracting,Distributor,R04,SR0039,NM City,NM,71242,2024-05-20,500000,Active
CU000897,Urban Construction,Contractor,R05,SR0035,CA Metro,CA,72324,2019-02-06,1000000,Active
CU000898,Dream Construction,Distributor,R03,SR0148,MI City,MI,90820,2025-03-13,500000,Active
CU000899,Urban Inc,Builder,R04,SR0084,OK City,OK,98939,2022-09-08,1000000,Active
CU000900,Summit Inc,Builder,R01,SR0086,MA Metro,MA,77135,2023-05-16,500000,Active
CU000901,Prime Development,Builder,R02,SR0107,GA Heights,GA,28541,2022-03-02,25000,Active
CU000902,Home Builders,Builder,R01,SR0056,NY City,NY,36649,2024-09-05,100000,Active
CU000903,Urban Builders,Distributor,R05,SR0155,OR City,OR,61648,2022-03-14,50000,Active
CU000904,Dream Homes,Distributor,R02,SR0042,FL Metro,FL,47118,2023-09-12,100000,Active
CU000905,Evergreen Inc,Retailer,R04,SR0114,NV City,NV,89760,2020-10-24,250000,Active
CU000906,Prime Supply,Contractor,R05,SR0195,CA Heights,CA,34637,2020-10-22,250000,Active
CU000907,Home Homes,Distributor,R04,SR0049,AZ Metro,AZ,73000,2019-01-06,100000,Active
CU000908,Pioneer Builders,Contractor,R02,SR0167,SC Heights,SC,23291,2018-10-21,25000,Active
CU000909,Evergreen Group,Distributor,R03,SR0163,OH Heights,OH,,2017-08-12,250000,Active
CU000910,Pioneer LLC,Retailer,R03,SR0038,IN Metro,IN,72068,2018-04-03,500000,Active
CU000911,Prime Contracting,Retailer,R02,SR0122,SC Heights,SC,,2019-03-21,1000000,Active
CU000912,Build Group,Contractor,R05,SR0150,UT Heights,UT,25931,2023-09-21,250000,Active
CU000913,Home Construction,Distributor,R03,SR0108,MI Metro,MI,33426,2020-08-22,1000000,Active
CU000914,Cornerstone Construction,Contractor,R03,SR0038,IL Heights,IL,61932,2018-06-01,100000,Active
CU000915,Pioneer Inc,Retailer,R02,SR0087,SC Metro,SC,78623,2021-03-07,100000,Active
CU000916,Metro Builders,Contractor,R01,SR0031,NY Heights,NY,93458,2019-01-24,250000,Active
CU000917,Atlas Development,Builder,R03,SR0038,IL Metro,IL,90685,2024-10-14,50000,Active
CU000918,Summit Development,Distributor,R01,SR0151,PA Heights,PA,34341,2019-01-13,50000,Active
CU000919,Build Homes,Retailer,R03,SR0133,MI City,MI,46014,2018-02-02,50000,Active
CU000920,Prime Inc,Retailer,R02,SR0102,GA City,GA,89864,2023-01-27,50000,Active
CU000921,Urban Materials,Distributor,R04,SR0004,OK Heights,OK,68246,2019-05-13,100000,Active
CU000922,Summit Construction,Retailer,R05,SR0125,WA Heights,WA,84883,2017-12-07,100000,Active
CU000923,Urban Group,Retailer,R02,SR0097,TN Metro,TN,13875,2023-05-03,100000,Active
CU000924,Cornerstone Group,Contractor,R04,SR0094,OK City,OK,59189,2018-02-02,500000,Active
CU000925,Home Contracting,Builder,R04,SR0039,AZ City,AZ,62575,2021-09-09,500000,Active
CU000926,Prime Materials,Distributor,R05,SR0120,OR Metro,OR,79796,2025-06-27,1000000,Active
CU000927,Summit Development,Builder,R04,SR0054,NM Metro,NM,,2024-08-31,50000,Active
CU000928,Summit Supply,Contractor,R01,SR0131,MA Heights,MA,91117,2023-09-22,250000,Active
CU000929,Skyline Contracting,Contractor,R05,SR0105,CO City,CO,71854,2025-05-02,500000,Active
CU000930,Dream Group,Builder,R05,SR0165,CO Heights,CO,41367,2020-08-14,50000,Active
CU000931,Atlas Group,Builder,R02,SR0007,NC City,NC,99610,2022-03-05,50000,Active
CU000932,  Skyline Group ,Distributor,R05,SR0110,CA Heights,CA,19154,2022-10-30,50000,Active
CU000933,Cornerstone LLC,Contractor,R04,SR0134,OK City,OK,89557,2021-12-02,100000,Active
CU000934,Build Materials,Contractor,R04,SR0129,TX Metro,TX,77051,2018-03-01,1000000,Active
CU000935,Dream Materials,Distributor,R02,SR0037,NC Heights,NC,54542,2019-05-11,1000000,Active
CU000936,Cornerstone Group,Retailer,R03,SR0023,IL Metro,IL,44078,2022-01-19,250000,Active
CU000937,Dream Contracting,Retailer,R03,SR0193,WI Metro,WI,13400,2025-01-02,25000,Active
CU000938,Evergreen Development,Builder,R03,SR0053,MI Heights,MI,67653,2018-08-24,500000,Active
CU000939,Skyline Construction,Retailer,R05,SR0085,OR Metro,OR,86445,2021-01-31,1000000,Active
CU000940,Dream Materials,Retailer,R05,SR0155,UT Metro,UT,86957,2021-03-29,500000,Active
CU000941,Pioneer Homes,Retailer,R04,SR0154,AZ Heights,AZ,,2019-04-26,50000,Active
CU000942,Prime Supply,Contractor,R02,SR0192,GA Metro,GA,70204,2025-05-15,1000000,Active
CU000943,Evergreen Construction,Retailer,R05,SR0065,WA Heights,WA,22955,2023-03-17,100000,Active
CU000944,Atlas LLC,Builder,R05,SR0020,UT City,UT,43563,2019-07-25,250000,Active
CU000945,Metro Development,Builder,R04,SR0194,AZ City,AZ,34905,2022-11-11,100000,Active
CU000946,Atlas Inc,Retailer,R03,SR0073,IL City,IL,22880,2024-02-10,50000,Active
CU000947,Prime Group,Retailer,R01,SR0036,NY Metro,NY,81089,2023-05-21,250000,Active
CU000948,Pioneer Supply,Contractor,R01,SR0036,CT Metro,CT,93221,2019-10-29,1000000,Active
CU000949,Dream Materials,Retailer,R04,SR0159,NV Metro,NV,77397,2022-12-20,1000000,Active
CU000950,Home Group,Distributor,R02,SR0177,NC Metro,NC,33878,2022-07-24,500000,Active
CU000951,Home Builders,Builder,R02,SR0137,GA City,GA,68090,2019-03-04,1000000,Active
CU000952,Home Materials,Builder,R01,SR0096,NY City,NY,71849,2023-05-28,500000,Active
CU000953,Dream Contracting,Distributor,R02,SR0062,NC City,NC,30595,2024-04-30,250000,Active
CU000954,Home Group,Retailer,R05,SR0090,CO Heights,CO,49795,2025-05-11,50000,Active
CU000955,Summit Homes,Distributor,R03,SR0138,IN Metro,IN,,2020-12-19,500000,Active
CU000956,Skyline Supply,Retailer,R02,SR0007,SC Metro,SC,43545,2021-10-18,1000000,Active
CU000957,Skyline Supply,Builder,R04,SR0179,NM Heights,NM,67685,2018-10-20,1000000,Active
CU000958,Build Homes,Distributor,R03,SR0188,IN Heights,IN,73837,2017-08-31,250000,Active
CU000959,Metro Materials,Contractor,R01,SR0106,NJ Heights,NJ,47255,2020-08-22,100000,Active
CU000960,Atlas Supply,Retailer,R04,SR0189,AZ City,AZ,67443,2023-03-31,100000,Active
CU000961,Prime Materials,Builder,R05,SR0010,OR Heights,OR,57347,2019-01-25,50000,Active
CU000962,Urban Supply,Contractor,R03,SR0148,IN City,IN,43951,2018-07-29,100000,Active
CU000963,Build LLC,Contractor,R01,SR0126,MA Metro,MA,77143,2022-08-28,250000,Active
CU000964,Urban Builders,Contractor,R03,SR0093,WI Metro,WI,84095,2022-12-19,500000,Active
CU000965,Atlas Supply,Distributor,R02,SR0182,TN City,TN,99647,2025-04-15,250000,Active
CU000966,Atlas Materials,Retailer,R02,SR0057,NC City,NC,66675,2017-01-27,1000000,Active
CU000967,Urban Homes,Distributor,R05,SR0005,CO City,CO,39214,2024-05-01,50000,Active
CU000968,Skyline Contracting,Contractor,R02,SR0182,TN Metro,TN,33800,2018-06-06,50000,Active
CU000969,Skyline Supply,Builder,R05,SR0105,OR City,OR,31402,2020-12-26,100000,Active
CU000970,Build Group,Distributor,R01,SR0036,NY Metro,NY,37339,2019-03-25,250000,Active
CU000971,Dream LLC,Contractor,R02,SR0037,SC Heights,SC,77698,2022-06-27,25000,Active
CU000972,Skyline Supply,Contractor,R05,SR0105,OR Heights,OR,76441,2022-02-15,250000,Active
CU000973,Prime Materials,Retailer,R01,SR0131,NJ Metro,NJ,50629,2019-07-29,250000,Active
CU000974,Cornerstone Materials,Builder,R01,SR0006,MA Metro,ma,42636,2018-07-29,100000,Active
CU000975,Cornerstone Development,Builder,R04,SR0194,TX City,TX,64378,2022-10-26,50000,Active
CU000976,Build Group,Retailer,R02,SR0037,GA Metro,GA,62907,2023-12-23,50000,Active
CU000977,Pioneer Construction,Distributor,R03,SR0108,IL City,IL,28919,2023-09-18,25000,Active
CU000978,Urban Supply,Distributor,R05,SR0035,WA City,WA,18693,2023-01-08,25000,Active
CU000979,Pioneer Group,Retailer,R04,SR0004,AZ Heights,AZ,43667,2023-11-19,100000,Active
CU000980,Dream Supply,Contractor,R01,SR0181,MA Metro,MA,28690,2025-01-16,50000,Active
CU000981,Skyline Development,Distributor,R04,SR0034,NM Heights,NM,96424,2024-06-30,50000,Active
CU000982,Dream Materials,Contractor,R05,SR0185,UT Heights,UT,96665,2025-05-22,100000,Active
CU000983,Dream Construction,Distributor,R04,SR0059,TX City,TX,41172,2022-06-05,25000,Active
CU000984,Pioneer Supply,Retailer,R03,SR0183,OH Heights,OH,44446,2024-05-08,250000,Active
CU000985,Urban Group,Retailer,R05,SR0060,OR Metro,OR,69810,2022-10-28,100000,Active
CU000986,Build LLC,Contractor,R03,SR0138,IL Metro,IL,39769,2023-03-05,1000000,Active
CU000987,Summit LLC,Builder,R03,SR0098,OH Metro,OH,20874,2021-06-17,250000,Active
CU000988,Skyline Materials,Contractor,R05,SR0075,WA City,WA,29892,2022-12-24,25000,Active
CU000989,Urban Contracting,Builder,R03,SR0168,WI City,WI,31710,2025-06-04,50000,Active
CU000990,Home Construction,Distributor,R02,SR0137,TN Heights,TN,62543,2022-05-06,50000,Active
CU000991,Prime Development,Contractor,R04,SR0099,NM City,NM,97571,2017-08-31,25000,Active
CU000992,Skyline Homes,Builder,R04,SR0154,AZ City,AZ,94683,2020-12-06,50000,Active
CU000993,Prime Inc,Retailer,R01,SR0041,NY Metro,NY,29902,2020-09-03,250000,Active
CU000994,Prime Inc,Distributor,R01,SR0096,NJ Heights,NJ,96562,2018-09-22,500000,Active
CU000995,Home Builders,Distributor,R01,SR0011,PA Metro,PA,65824,2020-04-07,250000,Active
CU000996,Atlas Inc,Distributor,R02,SR0027,TN City,TN,41626,2021-09-24,1000000,Active
CU000997,Evergreen LLC,Contractor,R01,SR0086,NJ Metro,NJ,97422,2017-02-22,100000,Active
CU000998,Skyline Inc,Distributor,R01,SR0186,MA City,MA,44832,2023-04-16,250000,Active
CU000999,Evergreen Homes,Contractor,R05,SR0195,UT Metro,UT,24129,2023-06-16,500000,Active
CU001000,Evergreen Inc,Distributor,R01,SR0116,NJ City,NJ,61608,2022-03-03,500000,Active
CU001001,Cornerstone Homes,Retailer,R05,SR0130,UT City,UT,13360,2018-02-09,1000000,Active
CU001002,Urban Materials,Retailer,R03,SR0148,IN City,IN,42597,2022-02-20,100000,Active
CU001003,Evergreen Materials,Distributor,R03,SR0178,OH City,OH,55683,2017-12-31,500000,Active
CU001004,Skyline Materials,Distributor,R03,SR0173,MI Heights,MI,23277,2020-07-05,1000000,Active
CU001005,Skyline Development,Retailer,R05,SR0060,CO Heights,CO,73627,2025-06-19,250000,Active
CU001006,Skyline Inc,Builder,R02,SR0007,GA Metro,GA,76338,2021-06-19,25000,Active
CU001007,Cornerstone Inc,Retailer,R05,SR0030,CA City,CA,96925,2022-12-23,25000,Active
CU001008,Cornerstone Development,Contractor,R03,SR0123,IN City,IN,20775,2019-10-05,25000,Active
CU001009,Pioneer Supply,Builder,R05,SR0090,WA Heights,WA,38701,2018-08-19,25000,Active
CU001010,Pioneer Group,Builder,R01,SR0006,PA City,PA,82250,2022-10-26,500000,Active
CU001011,Cornerstone Development,Retailer,R05,SR0185,CO Heights,CO,57706,2021-02-02,250000,Active
CU001012,Cornerstone Contracting,Contractor,R02,SR0112,NC Heights,NC,42361,2022-09-10,25000,Active
CU001013,Skyline Materials,Builder,R04,SR0034,NV Metro,NV,94536,2022-03-21,500000,Active
CU001014,Pioneer Group,Distributor,R03,SR0148,WI City,WI,18474,2023-04-09,500000,Active
CU001015,Evergreen Materials,Contractor,R01,SR0046,PA Metro,PA,46187,2025-01-01,25000,Active
CU001016,Skyline Group,Distributor,R05,SR0045,CO Metro,CO,98430,2018-08-14,250000,Active
CU001017,Build Materials,Builder,R05,SR0005,UT Metro,UT,19307,2025-03-20,500000,Active
CU001018,Build Group,Distributor,R02,SR0057,GA Heights,GA,53488,2021-07-28,50000,Active
CU001019,Prime Development,Builder,R04,SR0109,OK City,OK,66408,2019-12-04,50000,Active
CU001020,Evergreen Builders,Contractor,R04,SR0114,AZ City,AZ,22324,2023-04-01,1000000,Active
CU001021,Metro Construction,Retailer,R01,SR0051,PA City,PA,,2017-10-12,25000,Active
CU001022,Dream LLC,Builder,R02,SR0197,GA Heights,GA,55252,2023-09-23,250000,Active
CU001023,Dream LLC,Contractor,R03,SR0143,WI City,WI,68340,2020-06-30,1000000,Active
CU001024,Metro Contracting,Retailer,R03,SR0058,IL Metro,IL,75228,2022-02-06,500000,Active
CU001025,Metro Builders,Distributor,R05,SR0040,CO Metro,CO,57932,2019-02-11,1000000,Active
CU001026,Evergreen Inc,Distributor,R04,SR0019,TX Metro,TX,78136,2025-06-28,250000,Active
CU001027,Pioneer Supply,Contractor,R05,SR0105,WA Metro,WA,92095,2022-07-02,50000,Active
CU001028,Pioneer Inc,Contractor,R01,SR0101,MA City,MA,75223,2022-12-01,500000,Active
CU001029,Cornerstone Inc,Contractor,R01,SR0096,NY City,NY,94008,2017-07-13,500000,Active
CU001030,Build Homes,Contractor,R03,SR0113,IN City,IN,78679,2019-05-29,500000,Active
CU001031,Urban Builders,Contractor,R01,SR0071,MA City,MA,74916,2017-07-05,1000000,Active
CU001032,Build Supply,Builder,R04,SR0039,AZ Heights,AZ,53352,2021-03-03,100000,Active
CU001033,Skyline Inc,Retailer,R04,SR0049,TX City,TX,65422,2019-04-20,500000,Active
CU001034,Summit Homes,Contractor,R03,SR0003,IN Heights,IN,34837,2024-01-11,250000,Active
CU001035,Evergreen Supply,Distributor,R04,SR0144,TX Heights,TX,24992,2017-09-30,50000,Active
CU001036,Home Homes,Contractor,R02,SR0052,TN Metro,TN,47544,2018-05-05,1000000,Active
CU001037,Skyline Contracting,Builder,R04,SR0179,AZ City,AZ,14678,2017-06-05,250000,Active
CU001038,Summit Inc,Builder,R04,SR0024,AZ City,AZ,28711,2019-05-12,50000,Active
CU001039,Urban Development,Contractor,R03,SR0003,IL Heights,IL,55890,2021-05-22,50000,Active
CU001040,Skyline Contracting,Distributor,R04,SR0164,AZ Metro,AZ,54025,2017-10-12,25000,Active
CU001041,Dream Contracting,Distributor,R02,SR0092,TN Heights,TN,51622,2022-10-23,500000,Active
CU001042,Urban Materials,Contractor,R05,SR0055,CA Heights,California,23604,2023-04-24,1000000,Active
CU001043,Evergreen Construction,Distributor,R01,SR0036,MA Heights,MA,19689,2023-05-30,50000,Active
CU001044,Pioneer Supply,Distributor,R04,SR0199,NM Heights,NM,90295,2022-05-17,250000,Active
CU001045,Dream Development,Retailer,R02,SR0117,SC Heights,SC,32852,2018-10-19,50000,Active
CU001046,Build Group,Builder,R03,SR0098,IL Metro,IL,80975,2024-01-11,50000,Active
CU001047,Pioneer Group,Distributor,R03,SR0133,OH Metro,OH,60913,2018-06-30,250000,Active
CU001048,Skyline Inc,Distributor,R05,SR0070,WA City,WA,96419,2023-02-24,1000000,Active
CU001049,Summit Contracting,Distributor,R04,SR0099,NM Heights,NM,81149,2017-07-28,50000,Active
CU001050,Evergreen Homes,Builder,R02,SR0177,GA Metro,GA,66594,2021-04-30,50000,Active
CU001051,Evergreen Homes,Builder,R05,SR0185,WA Metro,WA,35927,2025-04-13,50000,Active
CU001052,Metro Construction,Contractor,R02,SR0197,SC Metro,sc,18566,2020-09-19,500000,Active
CU001053,Dream Supply,Distributor,R01,SR0061,PA Metro,PA,18653,2022-04-30,1000000,Active
CU001054,Metro Contracting,Distributor,R03,SR0098,OH Metro,OH,29925,2018-10-11,25000,Active
CU001055,Home Supply,Contractor,R05,SR0155,UT Heights,UT,97014,2025-06-23,1000000,Active
CU001056,Pioneer Contracting,Distributor,R01,SR0151,NY Metro,NY,86831,2023-07-24,250000,Active
CU001057,Evergreen Inc,Contractor,R05,SR0010,WA Metro,WA,54535,2018-12-27,250000,Active
CU001058,Prime Supply,Contractor,R02,SR0127,TN Metro,TN,52034,2020-12-23,50000,Active
CU001059,Summit Contracting,Contractor,R05,SR0200,CO City,CO,43123,2022-06-29,500000,Active
CU001060,Home Development,Distributor,R03,SR0078,OH City,OH,66747,2024-05-24,1000000,Active
CU001061,Atlas Construction,Distributor,R01,SR0011,PA Heights,PA,12518,2021-04-06,50000,Active
CU001062,Summit Materials,Distributor,R04,SR0089,TX Heights,TX,77185,2024-12-07,1000000,Active
CU001063,Skyline Group,Contractor,R03,SR0083,OH Metro,OH,20919,2024-06-21,500000,Active
CU001064,Prime Supply,Builder,R03,SR0008,WI City,WI,58940,2017-12-24,50000,Active
CU001065,Urban Inc,Distributor,R01,SR0001,NJ Heights,NJ,86382,2024-01-29,1000000,Active
CU001066,Cornerstone Contracting,Contractor,R03,SR0038,IL Heights,IL,20637,2017-01-16,25000,Active
CU001067,Prime Homes,Distributor,R04,SR0019,AZ City,AZ,79380,2023-10-16,1000000,Active
CU001068,Pioneer Contracting,Builder,R02,SR0187,SC Metro,SC,20427,2023-01-30,25000,Active
CU001069,Prime Supply,Distributor,R05,SR0040,WA Heights,WA,52127,2024-02-16,1000000,Active
CU001070,Evergreen Development,Contractor,R05,SR0135,OR Heights,OR,42892,2024-05-06,500000,Active
CU001071,Prime Group,Contractor,R03,SR0023,MI City,MI,17917,2024-07-23,25000,Active
CU001072,Atlas Materials,Retailer,R04,SR0029,TX Heights,TX,89364,2025-02-26,100000,Active
CU001073,Pioneer Development,Builder,R03,SR0153,IN Metro,IN,51087,2023-08-03,100000,Active
CU001074,Pioneer Group,Distributor,R02,SR0112,FL Heights,FL,62853,2018-09-18,250000,Active
CU001075,Urban Homes,Distributor,R02,SR0007,SC Metro,SC,92862,2024-06-03,50000,Active
CU001076,Prime Construction,Distributor,R02,SR0057,GA Heights,GA,29647,2021-05-26,50000,Active
CU001077,Skyline Group,Builder,R02,SR0087,NC Heights,NC,75422,2022-06-20,50000,Active
CU001078,Cornerstone Group,Builder,R01,SR0021,PA City,PA,28543,2021-09-02,100000,Active
CU001079,Evergreen Development,Retailer,R04,SR0054,TX Metro,TX,66229,2020-10-29,100000,Active
CU001080,Prime Construction,Builder,R03,SR0183,OH Metro,OH,64657,2020-07-04,250000,Active
CU001081,Urban Supply,Builder,R04,SR0109,NM Heights,NM,52183,2024-12-10,500000,Active
CU001082,Atlas Group,Builder,R05,SR0080,UT City,UT,51085,2023-12-30,250000,Active
CU001083,Atlas Development,Retailer,R03,SR0158,IL Heights,IL,61062,2024-12-25,250000,Active
CU001084,Skyline Construction,Retailer,R02,SR0152,NC City,NC,91350,2020-08-03,50000,Active
CU001085,Evergreen Supply,Contractor,R04,SR0174,NM Heights,NM,88326,2025-04-01,50000,Active
CU001086,Summit Homes,Retailer,R02,SR0092,TN Heights,TN,11430,2017-04-14,50000,Active
CU001087,Dream Group,Retailer,R01,SR0116,MA City,MA,82779,2018-03-18,250000,Active
CU001088,Atlas Group,Contractor,R03,SR0063,IN Metro,IN,86871,2017-08-03,1000000,Active
CU001089,Urban Homes,Builder,R03,SR0118,WI Metro,WI,92429,2020-08-30,50000,Active
CU001090,Atlas Inc,Builder,R05,SR0095,CA Heights,CA,77070,2022-07-28,100000,Active
CU001091,Metro Contracting,Retailer,R01,SR0046,NJ City,NJ,40803,2020-10-17,25000,Active
CU001092,Summit LLC,Builder,R01,SR0021,MA Metro,MA,64572,2023-02-24,250000,Active
CU001093,Home Supply,Builder,R01,SR0051,NY Metro,NY,94509,2022-05-15,25000,Active
CU001094,Dream LLC,Contractor,R01,SR0071,NJ City,NJ,60793,2022-09-21,50000,Active
CU001095,Prime Construction,Contractor,R03,SR0133,IN City,IN,14719,2020-12-02,500000,Active
CU001096,Summit Supply,Retailer,R01,SR0161,CT Metro,CT,10963,2019-12-25,50000,Active
CU001097,Skyline Inc,Contractor,R05,SR0125,OR Heights,OR,35660,2024-04-18,50000,Active
CU001098,Evergreen LLC,Contractor,R03,SR0143,IN City,IN,36816,2025-05-01,500000,Active
CU001099,Evergreen Supply,Builder,R02,SR0097,GA Heights,GA,49763,2023-05-11,1000000,Active
CU001100,Build Supply,Distributor,R03,SR0008,OH Heights,OH,53769,2025-01-27,100000,Active
CU001101,Pioneer Group,Builder,R03,SR0193,IN Metro,IN,47400,2017-11-15,50000,Active
CU001102,Build Construction,Builder,R05,SR0010,CA City,CA,10001,2018-02-03,500000,Active
CU001103,Cornerstone Materials,Contractor,R01,SR0061,PA City,PA,64720,2018-05-07,250000,Active
CU001104,Prime Construction,Builder,R03,SR0148,OH Metro,OH,72456,2022-02-08,50000,Active
CU001105,Cornerstone Inc,Distributor,R05,SR0090,UT Metro,UT,30092,2017-05-03,25000,Active
CU001106,Dream Construction,Retailer,R01,SR0146,MA Metro,MA,15771,2024-12-17,250000,Active
CU001107,Evergreen Development,Contractor,R03,SR0088,IN City,IN,34650,2024-04-17,25000,Active
CU001108,Pioneer Supply,Retailer,R01,SR0176,CT Metro,CT,16198,2022-02-12,1000000,Active
CU001109,Urban LLC,Builder,R04,SR0119,NV City,NV,52036,2023-07-05,1000000,Active
CU001110,Dream Group,Retailer,R04,SR0114,NM Metro,NM,63454,2018-07-18,100000,Active
CU001111,Metro Contracting,Builder,R03,SR0148,MI Heights,MI,55017,2023-09-19,250000,Active
CU001112,Dream Supply,Contractor,R03,SR0053,WI Heights,WI,61950,2022-08-16,500000,Active
CU001113,Build Development,Retailer,R05,SR0035,CA Heights,CA,97115,2022-06-27,500000,Active
CU001114,Summit LLC,Distributor,R01,SR0116,PA Heights,PA,61485,2024-09-18,500000,Active
CU001115,Cornerstone Supply,Contractor,R01,SR0146,NY Heights,NY,76127,2024-10-17,50000,Active
CU001116,Metro Builders,Contractor,R03,SR0098,OH Metro,OH,35035,2019-04-29,50000,Active
CU001117,Prime Homes,Retailer,R02,SR0082,FL City,FL,96715,2020-11-06,250000,Active
CU001118,Atlas Inc,Distributor,R04,SR0099,NM City,NM,93259,2017-05-10,250000,Active
CU001119,Cornerstone Group,Distributor,R04,SR0009,NM Metro,NM,60299,2024-09-21,100000,Active
CU001120,Summit Construction,Contractor,R05,SR0160,UT Metro,UT,21380,2019-10-03,25000,Active
CU001121,Atlas Group,Distributor,R01,SR0106,MA Metro,MA,50607,2019-06-07,50000,Active
CU001122,Dream Inc,Builder,R05,SR0005,CO City,CO,13700,2022-03-13,1000000,Active
CU001123,Cornerstone Construction,Distributor,R03,SR0173,WI Metro,WI,25423,2020-04-16,1000000,Active
CU001124,Summit Builders,Contractor,R02,SR0192,FL Metro,FL,20069,2021-05-06,100000,Active
CU001125,Skyline Materials,Distributor,R02,SR0097,SC City,SC,86489,2024-11-10,50000,Active
CU001126,Cornerstone Inc,Distributor,R01,SR0041,NJ City,NJ,67422,2017-03-26,50000,Active
CU001127,Summit Group,Contractor,R05,SR0175,OR Heights,OR,67185,2017-12-24,25000,Active
CU001128,Skyline Contracting,Builder,R03,SR0128,MI Metro,MI,31233,2022-01-02,500000,Active
CU001129,Prime Contracting,Builder,R05,SR0085,OR Heights,OR,25184,2020-05-15,250000,Active
CU001130,Metro Construction,Retailer,R02,SR0117,SC City,SC,97282,2018-07-16,25000,Active
CU001131,Evergreen Group,Contractor,R03,SR0068,OH Metro,OH,38065,2018-08-22,50000,Active
CU001132,Metro Builders,Retailer,R02,SR0022,TN City,TN,42383,2019-07-13,250000,Active
CU001133,Urban Homes,Distributor,R03,SR0138,IN City,IN,98035,2023-10-20,25000,Active
CU001134,Summit Contracting,Distributor,R02,SR0197,GA Metro,GA,78322,2023-09-23,500000,Active
CU001135,Cornerstone Contracting,Distributor,R01,SR0176,MA City,MA,15236,2024-04-17,25000,Active
CU001136,Home Group,Builder,R03,SR0193,MI Heights,MI,60606,2022-04-07,100000,Active
CU001137,Metro LLC,Retailer,R03,SR0158,IL Heights,IL,18248,2020-03-29,100000,Active
CU001138,Skyline Inc,Distributor,R05,SR0105,UT City,UT,50153,2020-02-15,100000,Active
CU001139,Dream Development,Retailer,R03,SR0063,WI Metro,WI,99912,2019-04-18,500000,Active
CU001140,Cornerstone Development,Retailer,R04,SR0059,NV Heights,NV,36965,2019-01-20,25000,Active
CU001141,Cornerstone Development,Contractor,R04,SR0129,NM City,NM,70172,2019-11-01,250000,Active
CU001142,Prime Supply,Retailer,R01,SR0126,MA Heights,MA,43398,2022-09-25,25000,Active
CU001143,Summit Group,Builder,R05,SR0090,CO City,CO,72438,2019-01-12,25000,Active
CU001144,Home Builders,Distributor,R01,SR0011,PA City,PA,45181,2019-04-20,25000,Active
CU001145,Urban Inc,Retailer,R01,SR0001,CT City,CT,47249,2023-03-14,25000,Active
CU001146,Atlas Materials,Builder,R03,SR0008,OH City,OH,32523,2023-01-28,500000,Active
CU001147,Cornerstone Inc,Builder,R05,SR0030,CA City,CA,45353,2021-07-23,500000,Active
CU001148,Dream Supply,Distributor,R02,SR0197,GA Metro,GA,10415,2022-01-02,50000,Active
CU001149,Cornerstone Group,Contractor,R02,SR0027,GA City,GA,60393,2023-01-27,250000,Active
CU001150,Metro Materials,Distributor,R03,SR0158,OH Heights,OH,75409,2023-10-21,250000,Active
CU001151,Cornerstone Homes,Distributor,R02,SR0022,NC City,NC,62953,2020-01-28,500000,Active
CU001152,Pioneer Construction,Distributor,R02,SR0122,NC City,NC,83834,2024-12-30,500000,Active
CU001153,Summit Construction,Retailer,R01,SR0111,MA Heights,MA,68369,2020-11-27,100000,Active
CU001154,Dream Contracting,Builder,R02,SR0082,NC Metro,NC,86741,2017-05-29,250000,Active
CU001155,Cornerstone Contracting,Retailer,R04,SR0074,NM City,NM,82459,2022-01-30,25000,Active
CU001156,Dream Supply,Contractor,R02,SR0137,NC City,NC,31840,2023-12-19,100000,Active
CU001157,Metro Group,Builder,R01,SR0056,CT Heights,CT,32010,2023-10-05,100000,Active
CU001158,Metro Builders,Builder,R01,SR0086,NJ City,NJ,82540,2022-12-26,50000,Active
CU001159,Home LLC,Builder,R02,SR0102,GA City,GA,75655,2018-11-16,50000,Active
CU001160,Atlas Materials,Contractor,R01,SR0041,MA City,MA,46605,2025-01-01,50000,Active
CU001161,Prime Homes,Distributor,R02,SR0192,GA Heights,GA,47644,2023-03-05,25000,Active
CU001162,Metro Materials,Retailer,R05,SR0150,CO Heights,CO,85690,2022-11-15,1000000,Active
CU001163,Build Supply,Distributor,R04,SR0159,AZ Heights,AZ,58169,2021-04-17,50000,Active
CU001164,Pioneer Supply,Builder,R04,SR0009,NM Metro,NM,38255,2022-01-17,100000,Active
CU001165,Skyline Contracting,Distributor,R05,SR0100,WA Heights,WA,39762,2022-03-26,250000,Active
CU001166,Summit Construction,Retailer,R04,SR0149,NM City,NM,29075,2021-03-13,50000,Active
CU001167,Summit Builders,Contractor,R01,SR0121,PA Metro,PA,56500,2022-05-18,1000000,Active
CU001168,Metro Contracting,Retailer,R01,SR0061,PA Metro,PA,,2017-09-03,100000,Active
CU001169,Build Group,Retailer,R01,SR0166,CT City,CT,90337,2021-02-16,100000,Active
CU001170,Pioneer Homes,Contractor,R01,SR0036,CT Heights,CT,14739,2018-09-21,250000,Active
CU001171,Cornerstone Development,Distributor,R04,SR0144,NM Heights,NM,35733,2019-06-22,1000000,Active
CU001172,Skyline Homes,Distributor,R01,SR0001,NJ Metro,NJ,64734,2023-02-19,50000,Active
CU001173,Dream Construction,Builder,R05,SR0005,OR City,OR,73263,2024-07-18,25000,Active
CU001174,Atlas Materials,Retailer,R04,SR0149,TX City,TX,43827,2024-01-31,100000,Active
CU001175,Evergreen Development,Distributor,R03,SR0188,WI City,WI,42151,2020-01-20,500000,Active
CU001176,Summit Construction,Builder,R03,SR0158,WI Metro,WI,49366,2023-03-24,1000000,Active
CU001177,Prime LLC,Retailer,R02,SR0147,GA City,GA,64086,2020-05-10,50000,Active
CU001178,Evergreen Builders,Builder,R01,SR0196,NY City,NY,17458,2021-08-24,250000,Active
CU001179,Home Supply,Builder,R04,SR0119,TX Metro,TX,74469,2021-07-19,25000,Active
CU001180,Dream Materials,Contractor,R04,SR0079,AZ Metro,AZ,52879,2017-12-03,500000,Active
CU001181,Pioneer Builders,Distributor,R01,SR0171,NJ City,NJ,94930,2018-12-29,250000,Active
CU001182,Evergreen Materials,Retailer,R01,SR0116,NY Metro,NY,21471,2018-02-14,1000000,Active
CU001183,Build Supply,Retailer,R01,SR0011,CT City,CT,61231,2023-08-28,500000,Active
CU001184,Home Contracting,Contractor,R03,SR0023,WI Heights,WI,89451,2022-07-27,500000,Active
CU001185,Summit Materials,Retailer,R05,SR0095,WA Heights,WA,71952,2020-04-17,25000,Active
CU001186,Urban Supply,Contractor,R04,SR0099,OK City,OK,29493,2023-08-05,1000000,Active
CU001187,Dream Builders,Distributor,R01,SR0141,NY City,NY,53611,2021-11-19,50000,Active
CU001188,Atlas Development,Retailer,R04,SR0179,TX Heights,TX,37495,2018-10-04,1000000,Active
CU001189,Build Development,Retailer,R04,SR0024,AZ Metro,AZ,75223,2022-01-16,25000,Active
CU001190,  Urban Inc ,Retailer,R02,SR0137,NC Heights,NC,34112,2021-08-31,1000000,Active
CU001191,Dream Supply,Builder,R01,SR0046,MA Metro,MA,74927,2021-09-08,25000,Active
CU001192,Urban Inc,Builder,R01,SR0116,NJ Heights,NJ,10358,2019-05-15,1000000,Active
CU001193,Metro Homes,Distributor,R02,SR0162,NC Heights,NC,87396,2025-03-15,100000,Active
CU001194,Home LLC,Distributor,R01,SR0186,MA Heights,MA,69826,2023-08-11,500000,Active
CU001195,Atlas Supply,Contractor,R01,SR0146,MA Metro,MA,87449,2019-07-29,500000,Active
CU001196,Metro Supply,Contractor,R05,SR0085,OR Metro,or,68884,2017-11-08,25000,Active
CU001197,Metro Development,Builder,R03,SR0133,WI Heights,WI,96941,2022-12-28,25000,Active
CU001198,Metro Materials,Contractor,R05,SR0080,OR City,OR,95996,2020-09-08,250000,Active
CU001199,Cornerstone Development,Distributor,R02,SR0032,SC City,SC,48314,2019-04-16,50000,Active
CU001200,Metro LLC,Contractor,R02,SR0092,NC City,NC,19991,2019-09-09,100000,Active
CU001201,Urban Builders,Retailer,R01,SR0036,PA City,PA,80070,2017-12-08,250000,Active
CU001202,Skyline LLC,Contractor,R03,SR0058,IL Metro,IL,12389,2017-09-17,250000,Active
CU001203,Cornerstone LLC,Distributor,R02,SR0052,GA Metro,GA,92781,2025-06-27,500000,Active
CU001204,Dream Supply,Contractor,R04,SR0129,TX Heights,TX,73363,2025-05-09,50000,Active
CU001205,Urban Materials,Retailer,R02,SR0147,SC Heights,SC,15500,2017-03-12,250000,Active
CU001206,Pioneer Builders,Contractor,R03,SR0003,MI Metro,MI,22579,2023-08-26,100000,Active
CU001207,Cornerstone Materials,Builder,R02,SR0177,SC Metro,SC,14257,2020-07-02,500000,Active
CU001208,Build Development,Builder,R05,SR0015,CO Metro,CO,27946,2020-02-24,25000,Active
CU001209,Prime Group,Retailer,R03,SR0168,IN City,IN,49298,2020-09-04,100000,Active
CU001210,Atlas Builders,Retailer,R02,SR0167,FL City,FL,22472,2018-05-22,500000,Active
CU001211,Skyline Construction,Contractor,R02,SR0187,TN City,TN,82116,2024-12-29,25000,Active
CU001212,Metro Development,Distributor,R05,SR0175,UT Heights,UT,62907,2018-01-16,100000,Active
CU001213,  Prime Builders ,Contractor,R03,SR0018,MI Heights,MI,87110,2022-04-06,50000,Active
CU001214,Dream Inc,Contractor,R03,SR0033,IN Heights,IN,42450,2024-01-28,100000,Active
CU001215,  Cornerstone LLC ,Retailer,R01,SR0041,MA City,MA,63465,2023-06-21,50000,Active
CU001216,Summit Supply,Retailer,R02,SR0077,SC Heights,SC,60913,2018-07-12,25000,Active
CU001217,Home Supply,Distributor,R04,SR0189,NV Metro,NV,26337,2017-01-06,100000,Active
CU001218,Home Contracting,Builder,R01,SR0061,MA Heights,MA,93993,2018-06-27,1000000,Active
CU001219,Prime Homes,Contractor,R01,SR0011,NY City,NY,38591,2024-04-23,1000000,Active
CU001220,Prime Materials,Contractor,R02,SR0002,FL Heights,FL,28924,2021-02-19,250000,Active
CU001221,Home Group,Builder,R03,SR0168,IN Metro,IN,93237,2024-06-20,1000000,Active
CU001222,Build Development,Contractor,R02,SR0087,SC Metro,SC,,2025-05-24,250000,Active
CU001223,Prime Development,Distributor,R04,SR0069,NV Metro,NV,46612,2022-12-10,250000,Active
CU001224,Evergreen Supply,Retailer,R01,SR0111,CT Metro,CT,46125,2018-10-20,100000,Active
CU001225,Skyline Group,Contractor,R04,SR0044,AZ Metro,AZ,82318,2020-01-02,25000,Active
CU001226,Evergreen LLC,Contractor,R03,SR0033,WI Metro,WI,62915,2019-09-16,100000,Active
CU001227,Atlas LLC,Builder,R03,SR0178,MI City,MI,92250,2017-03-22,500000,Active
CU001228,Build Group,Distributor,R03,SR0183,WI Metro,WI,24216,2019-10-26,100000,Active
CU001229,Atlas Inc,Builder,R03,SR0128,WI City,WI,22594,2020-08-23,1000000,Active
CU001230,Metro Materials,Contractor,R01,SR0151,PA Metro,PA,66468,2018-02-27,50000,Active
CU001231,Skyline Group,Distributor,R05,SR0135,WA City,WA,19516,2025-01-21,25000,Active
CU001232,Urban Builders,Retailer,R02,SR0067,GA Heights,GA,11533,2024-03-18,50000,Active
CU001233,Skyline Inc,Builder,R05,SR0030,CO City,CO,42809,2017-06-30,100000,Active
CU001234,Cornerstone Construction,Distributor,R04,SR0054,NM Heights,NM,74166,2020-09-16,1000000,Active
CU001235,Atlas Development,Distributor,R01,SR0186,NJ Heights,NJ,,2023-03-29,50000,Active
CU001236,Atlas Construction,Contractor,R02,SR0032,FL Heights,FL,35237,2025-03-20,1000000,Active
CU001237,Home Group,Contractor,R02,SR0062,GA City,GA,68912,2025-02-20,50000,Active
CU001238,Summit Contracting,Retailer,R02,SR0097,NC Heights,nc,30849,2017-05-24,1000000,Active
CU001239,Prime Contracting,Builder,R05,SR0135,WA Heights,WA,30150,2019-12-27,25000,Active
CU001240,Atlas Materials,Builder,R05,SR0170,UT Heights,UT,30630,2022-01-14,500000,Active
CU001241,Urban Development,Distributor,R04,SR0144,AZ Heights,AZ,12625,2018-01-08,100000,Active
CU001242,Skyline LLC,Builder,R05,SR0045,CA Heights,CA,24832,2017-08-05,25000,Active
CU001243,Skyline Construction,Contractor,R05,SR0075,WA Heights,WA,89547,2020-10-21,50000,Active
CU001244,Urban LLC,Builder,R05,SR0085,UT City,UT,33371,2018-07-27,100000,Active
CU001245,Pioneer Builders,Retailer,R02,SR0047,FL Heights,FL,93080,2022-03-03,500000,Active
CU001246,Build Construction,Contractor,R02,SR0007,NC Metro,NC,13172,2020-08-13,25000,Active
CU001247,Skyline Group,Retailer,R02,SR0027,TN City,TN,22879,2017-08-23,1000000,Active
CU001248,Urban Homes,Retailer,R05,SR0050,CA Heights,CA,76062,2018-10-15,100000,Active
CU001249,Atlas LLC,Builder,R01,SR0191,CT City,CT,74374,2018-12-21,1000000,Active
CU001250,Summit Group,Contractor,R03,SR0013,WI Heights,WI,66975,2017-01-12,100000,Active
CU001251,Urban Builders,Distributor,R03,SR0113,OH Metro,OH,77618,2023-04-26,1000000,Active
CU001252,Metro Supply,Builder,R01,SR0046,NY Metro,NY,58439,2023-06-21,100000,Active
CU001253,Pioneer Construction,Distributor,R04,SR0014,TX Heights,TX,41508,2023-12-07,1000000,Active
CU001254,Dream Builders,Retailer,R03,SR0168,IL Heights,IL,16158,2022-12-06,50000,Active
CU001255,Evergreen Development,Distributor,R01,SR0001,CT Heights,CT,94381,2019-10-17,100000,Active
CU001256,Evergreen Builders,Distributor,R05,SR0065,WA Metro,WA,41749,2023-12-11,500000,Active
CU001257,Evergreen Development,Builder,R03,SR0183,OH Heights,OH,30787,2021-02-17,1000000,Active
CU001258,Home Builders,Distributor,R05,SR0035,CO City,CO,15344,2018-10-04,100000,Active
CU001259,Summit Supply,Retailer,R03,SR0013,MI Metro,MI,58371,2019-02-25,50000,Active
CU001260,Summit Development,Contractor,R01,SR0121,NJ Metro,NJ,77237,2019-07-15,100000,Active
CU001261,Metro LLC,Distributor,R01,SR0176,PA City,PA,46101,2023-11-04,1000000,Active
CU001262,Evergreen Construction,Builder,R01,SR0091,PA City,PA,48191,2020-12-25,1000000,Active
CU001263,Cornerstone Builders,Contractor,R02,SR0187,TN Metro,TN,39082,2018-01-23,100000,Active
CU001264,Prime LLC,Builder,R05,SR0150,CO Heights,CO,36033,2022-07-11,1000000,Active
CU001265,Build Homes,Distributor,R02,SR0102,GA Metro,GA,20071,2020-09-03,50000,Active
CU001266,Metro LLC,Contractor,R04,SR0164,TX Metro,TX,11398,2017-05-01,250000,Active
CU001267,Metro Contracting,Distributor,R05,SR0135,CA Metro,CA,78664,2020-09-29,25000,Active
CU001268,Prime Homes,Retailer,R04,SR0094,OK Metro,OK,91403,2018-07-03,500000,Active
CU001269,Prime LLC,Builder,R01,SR0191,NJ Metro,NJ,85370,2019-08-06,25000,Active
CU001270,Atlas Contracting,Builder,R04,SR0109,NV Metro,NV,63382,2019-06-03,25000,Active
CU001271,Skyline Group,Contractor,R05,SR0050,UT Heights,UT,54262,2024-10-19,25000,Active
CU001272,Cornerstone Construction,Builder,R03,SR0173,OH Heights,OH,92638,2022-07-10,250000,Active
CU001273,Cornerstone Builders,Contractor,R04,SR0014,OK Metro,OK,26880,2019-03-02,500000,Active
CU001274,Summit Inc,Contractor,R01,SR0116,CT City,CT,13574,2020-08-05,250000,Active
CU001275,Urban Materials,Contractor,R02,SR0067,FL City,FL,66333,2022-06-12,100000,Active
CU001276,Skyline LLC,Builder,R04,SR0049,OK Heights,OK,48063,2020-05-30,500000,Active
CU001277,Urban Development,Builder,R05,SR0145,CA Heights,CA,97439,2021-07-27,50000,Active
CU001278,Cornerstone Builders,Contractor,R01,SR0116,NY City,NY,97428,2023-10-17,500000,Active
CU001279,Cornerstone Builders,Distributor,R01,SR0181,CT Metro,CT,47455,2019-11-12,500000,Active
CU001280,Atlas Inc,Distributor,R05,SR0195,WA Metro,WA,65146,2024-05-14,1000000,Active
CU001281,Cornerstone Group,Retailer,R03,SR0193,WI Heights,WI,78447,2023-07-01,500000,Active
CU001282,Atlas Builders,Builder,R04,SR0049,NV City,NV,75593,2018-12-19,100000,Active
CU001283,Dream Homes,Contractor,R02,SR0072,FL City,FL,83380,2023-04-05,100000,Active
CU001284,Summit Construction,Builder,R04,SR0039,AZ Metro,AZ,32795,2022-10-31,250000,Active
CU001285,Evergreen Supply,Contractor,R05,SR0195,WA Metro,WA,78184,2020-03-12,100000,Active
CU001286,Cornerstone Inc,Builder,R01,SR0036,PA Metro,PA,54740,2021-07-22,50000,Active
CU001287,Evergreen Development,Distributor,R05,SR0050,OR Heights,OR,82170,2024-01-26,250000,Active
CU001288,Summit Builders,Retailer,R01,SR0176,NY City,NY,99872,2023-05-30,250000,Active
CU001289,Summit LLC,Retailer,R03,SR0063,IL Metro,IL,87019,2024-01-09,100000,Active
CU001290,Build Construction,Distributor,R01,SR0151,NJ City,NJ,77357,2017-09-14,50000,Active
CU001291,Prime Builders,Contractor,R01,SR0161,NJ Metro,NJ,90201,2017-07-16,50000,Active
CU001292,Evergreen Development,Retailer,R01,SR0016,MA Heights,MA,92557,2017-08-11,500000,Active
CU001293,Atlas Group,Builder,R04,SR0169,OK City,OK,92179,2024-02-25,50000,Active
CU001294,Pioneer Inc,Builder,R03,SR0158,MI City,MI,31274,2025-02-21,250000,Active
CU001295,Dream Materials,Distributor,R04,SR0044,OK Heights,OK,22067,2021-04-24,500000,Active
CU001296,Home Construction,Builder,R01,SR0191,NY Heights,NY,78679,2019-03-24,25000,Active
CU001297,Urban Materials,Distributor,R02,SR0027,SC City,SC,32445,2018-03-22,50000,Active
CU001298,Skyline Contracting,Contractor,R04,SR0149,NV City,nv,20301,2019-06-16,25000,Active
CU001299,Pioneer Group,Distributor,R04,SR0104,AZ Heights,AZ,55215,2017-11-01,50000,Active
CU001300,Build Contracting,Retailer,R05,SR0085,OR Metro,OR,52339,2022-09-22,500000,Active
CU001301,Build Supply,Distributor,R01,SR0086,NJ Metro,NJ,99397,2022-12-29,100000,Active
CU001302,Metro Contracting,Contractor,R01,SR0156,NY Metro,NY,19853,2022-07-07,1000000,Active
CU001303,Skyline Development,Distributor,R05,SR0035,UT City,UT,65032,2025-03-15,1000000,Active
CU001304,Metro Supply,Retailer,R05,SR0140,CO City,CO,77541,2021-07-31,50000,Active
CU001305,Cornerstone Construction,Distributor,R01,SR0181,PA City,PA,87150,2024-08-20,250000,Active
CU001306,Pioneer Supply,Contractor,R01,SR0016,MA Metro,MA,77931,2021-02-04,250000,Active
CU001307,Evergreen Contracting,Contractor,R01,SR0046,MA Heights,MA,92467,2021-05-31,25000,Active
CU001308,Prime Development,Builder,R03,SR0173,IL Metro,IL,29705,2017-10-25,250000,Active
CU001309,Pioneer Inc,Retailer,R05,SR0185,WA Metro,WA,83076,2019-08-22,250000,Active
CU001310,Metro Construction,Retailer,R04,SR0174,NV Heights,NV,26629,2017-05-19,100000,Active
CU001311,Cornerstone Inc,Builder,R05,SR0175,WA Heights,WA,42869,2020-05-06,250000,Active
CU001312,Metro Builders,Distributor,R05,SR0200,OR Heights,OR,47167,2025-06-04,500000,Active
CU001313,Skyline LLC,Builder,R01,SR0111,MA City,MA,61183,2017-04-18,50000,Active
CU001314,Atlas Builders,Distributor,R05,SR0125,CO Metro,CO,96991,2021-04-24,25000,Active
CU001315,Metro Group,Builder,R05,SR0185,WA Heights,WA,30173,2022-07-17,250000,Active
CU001316,Summit Contracting,Contractor,R01,SR0166,CT Metro,CT,41127,2024-06-10,25000,Active
CU001317,Evergreen Group,Builder,R03,SR0198,IN Metro,IN,14015,2025-05-16,100000,Active
CU001318,Metro Homes,Retailer,R03,SR0083,MI Metro,MI,61651,2019-01-31,50000,Active
CU001319,Atlas Development,Contractor,R02,SR0172,GA Heights,GA,39123,2020-10-25,1000000,Active
CU001320,Evergreen Materials,Builder,R04,SR0029,AZ Metro,AZ,54287,2020-11-07,1000000,Active
CU001321,Atlas Supply,Retailer,R04,SR0054,AZ Heights,AZ,39133,2018-02-23,250000,Active
CU001322,Summit Materials,Distributor,R02,SR0177,TN City,TN,94649,2023-04-08,1000000,Active
CU001323,  Evergreen Development ,Contractor,R03,SR0103,IL Heights,IL,39387,2024-07-29,250000,Active
CU001324,Atlas Group,Builder,R05,SR0040,UT City,UT,36102,2020-01-08,250000,Active
CU001325,Home Builders,Builder,R01,SR0066,NJ Metro,NJ,69464,2018-03-16,250000,Active
CU001326,Summit Group,Distributor,R02,SR0197,GA Metro,GA,78750,2020-07-23,50000,Active
CU001327,Cornerstone Builders,Distributor,R01,SR0086,NJ Heights,NJ,21421,2021-04-18,50000,Active
CU001328,Pioneer LLC,Retailer,R05,SR0190,UT City,ut,27253,2018-06-16,500000,Active
CU001329,Summit Contracting,Distributor,R02,SR0177,TN Heights,TN,53370,2021-09-01,100000,Active
CU001330,Pioneer LLC,Retailer,R01,SR0161,PA Heights,PA,49144,2022-09-21,250000,Active
CU001331,Atlas Homes,Retailer,R03,SR0108,MI Heights,MI,51592,2018-12-30,1000000,Active
CU001332,Prime Homes,Contractor,R05,SR0200,WA Metro,WA,13328,2017-06-25,25000,Active
CU001333,Evergreen Supply,Contractor,R02,SR0072,NC Metro,NC,40988,2020-08-28,500000,Active
CU001334,Urban Group,Builder,R03,SR0003,IL City,IL,36750,2024-08-25,100000,Active
CU001335,Metro Inc,Builder,R01,SR0091,PA Metro,PA,86865,2022-08-09,500000,Active
CU001336,Home Homes,Builder,R02,SR0142,SC Metro,SC,10834,2021-02-19,1000000,Active
CU001337,Dream LLC,Contractor,R03,SR0168,OH City,OH,23875,2018-06-02,50000,Active
CU001338,Home Inc,Builder,R02,SR0002,TN City,TN,59434,2021-08-29,1000000,Active
CU001339,Metro Group,Contractor,R03,SR0068,IN City,IN,79797,2024-06-17,1000000,Active
CU001340,Pioneer Materials,Builder,R04,SR0114,AZ City,AZ,57603,2021-04-02,250000,Active
CU001341,Atlas Builders,Builder,R02,SR0102,TN City,TN,97789,2025-03-08,50000,Active
CU001342,Cornerstone Group,Builder,R01,SR0176,MA City,MA,94596,2019-03-24,50000,Active
CU001343,Build Materials,Builder,R04,SR0189,AZ Heights,AZ,30341,2025-04-24,50000,Active
CU001344,Evergreen Inc,Builder,R04,SR0139,AZ City,AZ,49740,2018-11-14,100000,Active
CU001345,Metro Supply,Distributor,R03,SR0078,MI Heights,MI,50378,2025-04-08,500000,Active
CU001346,Skyline Construction,Distributor,R04,SR0129,AZ City,AZ,44214,2023-11-09,100000,Active
CU001347,Pioneer Construction,Retailer,R01,SR0191,NY Metro,NY,32849,2019-10-07,500000,Active
CU001348,Prime Supply,Builder,R05,SR0160,CO Heights,CO,52844,2018-06-20,1000000,Active
CU001349,Urban Homes,Contractor,R02,SR0032,FL Heights,FL,17115,2019-12-23,50000,Active
CU001350,Metro LLC,Retailer,R05,SR0150,CO Heights,CO,67458,2024-06-26,500000,Active
CU001351,Metro Homes,Retailer,R05,SR0080,OR City,OR,15300,2019-08-26,1000000,Active
CU001352,Prime Group,Contractor,R04,SR0184,TX Heights,TX,31365,2017-04-04,100000,Active
CU001353,Urban Construction,Builder,R02,SR0187,TN City,TN,36062,2017-08-21,1000000,Active
CU001354,Pioneer Builders,Contractor,R05,SR0185,WA City,WA,87789,2018-08-18,250000,Active
CU001355,Dream Builders,Distributor,R04,SR0049,TX Heights,TX,25476,2021-08-07,1000000,Active
CU001356,Cornerstone Builders,Builder,R04,SR0039,AZ City,AZ,60145,2017-06-21,500000,Active
CU001357,Dream Materials,Builder,R01,SR0011,CT Heights,CT,79357,2023-12-27,250000,Active
CU001358,Summit Homes,Retailer,R02,SR0182,FL Metro,FL,80274,2022-11-04,50000,Active
CU001359,Prime Development,Builder,R01,SR0056,NY Metro,NY,83188,2020-10-12,25000,Active
CU001360,Dream Inc,Builder,R01,SR0101,CT Heights,CT,26883,2024-11-09,50000,Active
CU001361,Cornerstone Construction,Retailer,R03,SR0123,MI Heights,MI,38130,2018-06-10,25000,Active
CU001362,Pioneer Builders,Retailer,R05,SR0035,CO City,CO,35002,2023-01-20,50000,Active
CU001363,Build Development,Contractor,R03,SR0043,IN Metro,IN,30469,2021-09-27,50000,Active
CU001364,Skyline LLC,Distributor,R01,SR0051,PA Heights,PA,17904,2025-01-23,250000,Active
CU001365,Summit Supply,Contractor,R01,SR0186,MA Metro,MA,46883,2020-11-03,25000,Active
CU001366,Cornerstone Development,Distributor,R03,SR0003,MI City,MI,17687,2022-07-27,50000,Active
CU001367,Atlas Builders,Retailer,R05,SR0140,CO Metro,CO,87348,2020-03-13,100000,Active
CU001368,Prime Contracting,Contractor,R04,SR0084,AZ City,az,42912,2023-03-24,250000,Active
CU001369,Skyline Construction,Distributor,R01,SR0036,NJ Heights,NJ,64076,2020-02-06,25000,Active
CU001370,Build LLC,Retailer,R01,SR0136,MA City,MA,,2022-01-09,500000,Active
CU001371,Prime Materials,Distributor,R01,SR0006,NY Heights,NY,70746,2022-01-30,1000000,Active
CU001372,Skyline Materials,Retailer,R01,SR0146,NY City,NY,16265,2022-07-09,1000000,Active
CU001373,Cornerstone Supply,Retailer,R03,SR0058,OH Metro,OH,84072,2022-01-05,25000,Active
CU001374,Build Supply,Builder,R04,SR0084,OK Heights,OK,10716,2023-10-23,250000,Active
CU001375,Summit Homes,Builder,R04,SR0084,AZ Metro,AZ,20345,2018-07-21,250000,Active
CU001376,Summit Homes,Contractor,R04,SR0019,TX City,TX,50711,2025-06-20,100000,Active
CU001377,Pioneer Group,Retailer,R01,SR0141,NJ City,NJ,43071,2023-07-27,500000,Active
CU001378,Atlas Development,Contractor,R02,SR0022,TN Heights,TN,51293,2020-07-21,1000000,Active
CU001379,Metro Construction,Distributor,R02,SR0197,FL Metro,FL,49010,2021-06-06,500000,Active
CU001380,Prime Supply,Distributor,R05,SR0075,UT Metro,UT,67542,2023-10-06,1000000,Active
CU001381,Prime Contracting,Retailer,R05,SR0135,OR City,OR,47572,2019-10-14,250000,Active
CU001382,Skyline LLC,Contractor,R02,SR0137,GA Metro,GA,88003,2023-11-06,50000,Active
CU001383,Summit Contracting,Builder,R04,SR0084,TX City,TX,71245,2018-03-09,50000,Active
CU001384,Evergreen Construction,Contractor,R01,SR0051,MA City,MA,96565,2019-08-22,1000000,Active
CU001385,Metro Inc,Distributor,R03,SR0163,WI Heights,WI,29215,2017-04-02,500000,Active
CU001386,Evergreen LLC,Retailer,R05,SR0190,UT Heights,UT,19254,2020-05-30,100000,Active
CU001387,Urban LLC,Retailer,R05,SR0040,WA City,WA,40557,2021-11-28,250000,Active
CU001388,Home LLC,Builder,R01,SR0016,CT City,CT,72168,2019-02-13,25000,Active
CU001389,Summit Builders,Distributor,R04,SR0099,NV City,NV,97553,2024-07-25,500000,Active
CU001390,Summit LLC,Distributor,R05,SR0195,OR City,OR,29718,2024-06-15,1000000,Active
CU001391,Skyline Builders,Retailer,R01,SR0186,PA City,PA,21591,2021-10-16,100000,Active
CU001392,Pioneer Development,Distributor,R01,SR0076,MA Heights,MA,82510,2020-12-21,50000,Active
CU001393,Home Construction,Distributor,R01,SR0126,MA Heights,MA,65264,2021-04-21,50000,Active
CU001394,Summit Construction,Contractor,R05,SR0085,WA Heights,WA,77069,2018-09-19,500000,Active
CU001395,Dream Materials,Builder,R05,SR0125,OR City,OR,41871,2017-01-02,50000,Active
CU001396,Summit LLC,Builder,R05,SR0090,UT City,UT,39878,2019-11-25,500000,Active
CU001397,Atlas Inc,Retailer,R04,SR0169,OK City,OK,12890,2017-10-30,250000,Active
CU001398,Evergreen Inc,Distributor,R02,SR0077,FL Heights,FL,31396,2018-03-19,100000,Active
CU001399,Urban Contracting,Contractor,R02,SR0132,GA Metro,GA,15739,2021-06-29,25000,Active
CU001400,Home Group,Contractor,R03,SR0118,IL City,IL,26327,2019-03-03,100000,Active
CU001401,Summit Builders,Contractor,R03,SR0183,MI City,MI,73470,2022-10-14,250000,Active
CU001402,Metro Construction,Builder,R02,SR0172,NC Heights,NC,10373,2018-02-01,500000,Active
CU001403,Metro Builders,Distributor,R03,SR0088,IL Metro,IL,52788,2019-12-22,250000,Active
CU001404,Skyline Inc,Distributor,R05,SR0175,CO Heights,CO,91073,2023-05-13,500000,Active
CU001405,Home Materials,Builder,R03,SR0108,IL Metro,IL,16461,2017-08-28,500000,Active
CU001406,Build Materials,Contractor,R04,SR0124,NM City,NM,72191,2019-07-20,1000000,Active
CU001407,Summit Materials,Retailer,R05,SR0130,UT Heights,UT,94884,2020-09-04,50000,Active
CU001408,Build Construction,Builder,R03,SR0123,WI City,WI,95991,2020-05-08,250000,Active
CU001409,Home Homes,Distributor,R05,SR0060,UT Metro,UT,99444,2021-11-02,25000,Active
CU001410,Home Contracting,Distributor,R04,SR0104,OK City,OK,,2021-01-31,250000,Active
CU001411,Atlas Group,Builder,R04,SR0174,OK Metro,OK,50438,2022-09-06,25000,Active
CU001412,Urban Development,Builder,R05,SR0045,CA Metro,CA,59972,2021-09-12,50000,Active
CU001413,Evergreen Materials,Distributor,R03,SR0033,MI City,MI,55485,2018-10-19,250000,Active
CU001414,Dream Group,Distributor,R02,SR0047,FL City,FL,72700,2018-07-05,100000,Active
CU001415,Prime Builders,Retailer,R03,SR0123,WI City,WI,23096,2022-12-25,25000,Active
CU001416,Build Builders,Distributor,R05,SR0005,CO City,CO,77668,2023-04-08,500000,Active
CU001417,Atlas Materials,Builder,R02,SR0057,GA City,GA,11785,2025-01-21,500000,Active
CU001418,Dream Builders,Distributor,R04,SR0139,NM City,NM,17008,2020-11-02,25000,Active
CU001419,Summit LLC,Builder,R02,SR0187,SC Metro,SC,82627,2021-02-18,1000000,Active
CU001420,Prime LLC,Retailer,R03,SR0098,WI City,WI,40482,2025-06-09,50000,Active
CU001421,Home Materials,Builder,R03,SR0138,IL City,IL,71239,2017-11-11,100000,Active
CU001422,Pioneer Development,Distributor,R01,SR0046,NY City,NY,90580,2024-08-26,1000000,Active
CU001423,Skyline Supply,Distributor,R05,SR0145,CA Metro,CA,94549,2018-11-27,250000,Active
CU001424,Evergreen Contracting,Contractor,R01,SR0171,NY Heights,NY,72224,2017-10-03,250000,Active
CU001425,Urban Supply,Retailer,R05,SR0015,CO City,CO,89807,2025-01-24,100000,Active
CU001426,  Skyline Materials ,Contractor,R05,SR0090,UT City,UT,50053,2022-10-10,500000,Active
CU001427,Home LLC,Retailer,R01,SR0151,MA Metro,MA,65703,2019-11-08,500000,Active
CU001428,Metro Supply,Builder,R03,SR0138,MI Metro,MI,57399,2022-01-19,25000,Active
CU001429,Evergreen Inc,Retailer,R05,SR0105,CA City,CA,80337,2023-01-17,50000,Active
CU001430,Atlas LLC,Contractor,R04,SR0189,NV Heights,NV,30316,2020-06-07,250000,Active
CU001431,Prime Development,Contractor,R03,SR0043,IN Heights,IN,99263,2018-01-02,250000,Active
CU001432,Home Contracting,Distributor,R05,SR0125,UT Heights,UT,36703,2018-10-29,1000000,Active
CU001433,Dream Builders,Builder,R05,SR0185,WA City,WA,96446,2023-05-10,25000,Active
CU001434,Cornerstone Inc,Contractor,R02,SR0162,GA Heights,GA,37799,2017-03-03,25000,Active
CU001435,Prime LLC,Contractor,R02,SR0002,GA City,GA,66881,2022-09-12,25000,Active
CU001436,Summit Builders,Retailer,R05,SR0155,UT Heights,UT,,2021-04-21,1000000,Active
CU001437,Home Materials,Contractor,R01,SR0076,PA City,PA,94037,2022-05-31,500000,Active
CU001438,Urban Development,Contractor,R03,SR0043,IN Heights,IN,87162,2017-05-23,50000,Active
CU001439,Summit Contracting,Retailer,R01,SR0006,NY Heights,NY,,2025-04-29,250000,Active
CU001440,Build Construction,Contractor,R05,SR0025,CO Metro,CO,97614,2017-02-23,100000,Active
CU001441,Prime Supply,Contractor,R04,SR0029,NM Metro,NM,10207,2021-06-22,1000000,Active
CU001442,Build LLC,Distributor,R05,SR0200,UT Metro,UT,58140,2021-09-16,250000,Active
CU001443,Summit LLC,Distributor,R05,SR0180,WA Metro,WA,84003,2017-03-05,50000,Active
CU001444,Metro LLC,Distributor,R05,SR0140,WA Heights,WA,84154,2023-11-22,500000,Active
CU001445,Summit Contracting,Contractor,R01,SR0116,PA City,PA,20162,2024-10-10,500000,Active
CU001446,Dream Homes,Builder,R05,SR0010,WA City,WA,56990,2021-04-07,25000,Active
CU001447,Atlas Materials,Retailer,R01,SR0176,PA City,PA,19547,2018-04-28,25000,Active
CU001448,Prime Contracting,Contractor,R04,SR0094,OK Metro,OK,60475,2023-01-29,1000000,Active
CU001449,Cornerstone Inc,Builder,R05,SR0030,WA Metro,WA,28057,2023-10-07,500000,Active
CU001450,Pioneer Construction,Builder,R04,SR0189,NM Heights,NM,44646,2018-03-08,25000,Active
CU001451,Pioneer Construction,Builder,R05,SR0095,OR Heights,OR,76295,2018-06-02,100000,Active
CU001452,Cornerstone Construction,Retailer,R03,SR0183,IN City,IN,62336,2021-08-07,25000,Active
CU001453,Dream Development,Retailer,R03,SR0053,IL Metro,IL,71604,2025-02-01,50000,Active
CU001454,Metro LLC,Builder,R03,SR0028,IL City,IL,44316,2021-09-16,250000,Active
CU001455,Pioneer Builders,Contractor,R01,SR0116,MA Heights,MA,56062,2018-01-10,25000,Active
CU001456,Dream Group,Retailer,R01,SR0001,CT Metro,CT,24314,2019-02-01,500000,Active
CU001457,Urban Supply,Builder,R04,SR0014,TX Heights,TX,67748,2017-06-29,1000000,Active
CU001458,Urban Construction,Contractor,R01,SR0136,MA City,MA,,2022-08-28,500000,Active
CU001459,Home Supply,Distributor,R05,SR0105,OR Heights,OR,28461,2023-08-27,1000000,Active
CU001460,Dream Inc,Contractor,R05,SR0135,UT City,UT,71894,2024-01-02,100000,Active
CU001461,Metro Builders,Builder,R05,SR0065,WA Metro,WA,19269,2020-12-11,100000,Active
CU001462,Dream Builders,Retailer,R05,SR0075,UT Metro,UT,48898,2021-11-29,1000000,Active
CU001463,Summit LLC,Distributor,R03,SR0108,WI City,WI,45783,2022-01-09,50000,Active
CU001464,Home Development,Builder,R02,SR0072,TN Heights,TN,75979,2020-07-26,1000000,Active
CU001465,Dream LLC,Retailer,R02,SR0097,SC Heights,SC,53777,2024-11-26,250000,Active
CU001466,Urban Materials,Contractor,R01,SR0141,MA Metro,MA,62044,2023-08-31,500000,Active
CU001467,Build Group,Contractor,R01,SR0101,CT Metro,CT,50563,2019-08-15,25000,Active
CU001468,Summit Builders,Distributor,R01,SR0146,NJ City,NJ,12503,2024-08-25,500000,Active
CU001469,Evergreen Construction,Retailer,R04,SR0059,TX Heights,TX,91393,2024-11-01,50000,Active
CU001470,Dream Contracting,Retailer,R01,SR0026,NY City,NY,51123,2017-09-01,1000000,Active
CU001471,Urban Builders,Retailer,R01,SR0016,NY Metro,NY,33998,2021-12-08,25000,Active
CU001472,Build Group,Distributor,R05,SR0145,OR City,OR,68057,2023-09-03,100000,Active
CU001473,Urban Construction,Contractor,R05,SR0190,CA Metro,CA,97349,2021-05-28,1000000,Active
CU001474,Build Supply,Builder,R03,SR0098,WI City,WI,85887,2017-05-09,1000000,Active
CU001475,Cornerstone Development,Contractor,R02,SR0162,SC City,SC,81140,2019-06-26,500000,Active
CU001476,Urban Materials,Retailer,R03,SR0058,WI Heights,WI,41933,2018-08-24,500000,Active
CU001477,Build Homes,Contractor,R01,SR0021,PA Metro,PA,84631,2021-06-18,25000,Active
CU001478,Metro Homes,Builder,R05,SR0020,CO Heights,CO,72586,2022-05-16,25000,Active
CU001479,Skyline Supply,Retailer,R05,SR0045,OR Heights,OR,47876,2019-07-11,1000000,Active
CU001480,Summit Contracting,Contractor,R01,SR0156,NJ Metro,NJ,11055,2017-10-26,250000,Active
CU001481,Dream Homes,Contractor,R04,SR0104,AZ Metro,AZ,23863,2024-01-16,100000,Active
CU001482,Skyline Development,Contractor,R02,SR0047,TN Heights,TN,22484,2023-05-30,50000,Active
CU001483,Skyline Construction,Retailer,R01,SR0011,MA Heights,MA,80911,2019-09-23,100000,Active
CU001484,Summit Group,Retailer,R01,SR0026,NY City,ny,27836,2022-02-13,250000,Active
CU001485,Urban Inc,Distributor,R03,SR0173,WI Heights,WI,21498,2020-06-30,250000,Active
CU001486,Summit Contracting,Builder,R02,SR0072,SC City,SC,28542,2017-11-15,50000,Active
CU001487,Atlas Contracting,Retailer,R03,SR0008,IN Metro,IN,,2018-10-26,1000000,Active
CU001488,Summit Contracting,Retailer,R02,SR0057,TN City,TN,89691,2022-11-19,50000,Active
CU001489,Build Materials,Distributor,R01,SR0156,CT Heights,CT,66850,2019-05-17,1000000,Active
CU001490,Prime Inc,Distributor,R05,SR0180,OR Metro,OR,84576,2018-11-17,500000,Active
CU001491,Cornerstone Construction,Builder,R01,SR0166,MA Heights,MA,54521,2017-10-03,25000,Active
CU001492,Atlas Group,Retailer,R05,SR0050,CO Heights,CO,76724,2017-08-07,500000,Active
CU001493,Pioneer Contracting,Retailer,R01,SR0051,CT City,CT,,2023-01-08,1000000,Active
CU001494,Home Builders,Builder,R02,SR0047,GA City,GA,73868,2025-05-28,25000,Active
CU001495,Atlas Inc,Contractor,R05,SR0135,CA City,CA,11337,2018-06-07,100000,Active
CU001496,Cornerstone Contracting,Retailer,R01,SR0086,NY City,NY,27196,2018-06-05,1000000,Active
CU001497,Dream LLC,Distributor,R01,SR0061,NY Metro,NY,53970,2019-03-19,25000,Active
CU001498,Pioneer Group,Builder,R01,SR0191,NJ Metro,NJ,62151,2018-06-25,50000,Active
CU001499,Prime Homes,Retailer,R01,SR0051,NJ Heights,NJ,99887,2021-03-29,500000,Active
CU001500,Metro Supply,Retailer,R05,SR0190,CA City,CA,13823,2017-10-01,1000000,Active
CU001501,Atlas Builders,Contractor,R05,SR0055,CO Metro,CO,36610,2022-08-15,50000,Active
CU001502,Summit Homes,Builder,R01,SR0176,PA Metro,PA,15318,2017-12-11,100000,Active
CU001503,Build Development,Distributor,R05,SR0120,UT Metro,UT,43388,2021-05-23,100000,Active
CU001504,Skyline Inc,Builder,R02,SR0062,NC Heights,NC,11118,2022-02-02,1000000,Active
CU001505,Summit Builders,Builder,R02,SR0122,GA City,GA,29248,2025-04-15,50000,Active
CU001506,Evergreen Contracting,Contractor,R03,SR0103,WI Heights,WI,77461,2022-12-27,100000,Active
CU001507,Cornerstone Inc,Contractor,R04,SR0199,NV Heights,NV,29335,2024-05-19,25000,Active
CU001508,Skyline Supply,Retailer,R05,SR0125,UT Heights,UT,41381,2022-03-03,100000,Active
CU001509,Metro Supply,Contractor,R02,SR0017,NC Heights,NC,44175,2024-09-25,100000,Active
CU001510,Metro Group,Distributor,R02,SR0117,FL City,FL,59002,2025-02-28,1000000,Active
CU001511,Urban Group,Retailer,R04,SR0089,NV Heights,NV,45160,2019-03-28,250000,Active
CU001512,Pioneer Development,Contractor,R03,SR0118,OH Metro,OH,87941,2021-10-31,500000,Active
CU001513,Urban Development,Retailer,R02,SR0027,NC City,nc,80187,2023-12-08,50000,Active
CU001514,Summit Inc,Distributor,R03,SR0108,WI City,WI,58655,2019-01-15,50000,Active
CU001515,Dream Supply,Distributor,R01,SR0146,NY City,NY,87136,2018-05-17,100000,Active
CU001516,Metro Inc,Retailer,R03,SR0083,IL Heights,IL,30632,2020-07-21,1000000,Active
CU001517,Atlas Homes,Contractor,R03,SR0018,OH Heights,OH,70017,2017-05-03,250000,Active
CU001518,Dream Contracting,Contractor,R05,SR0170,CA Metro,CA,20407,2023-04-01,100000,Active
CU001519,Evergreen Development,Distributor,R03,SR0068,MI City,MI,33097,2019-11-30,100000,Active
CU001520,Skyline Contracting,Retailer,R03,SR0038,IN City,IN,98697,2025-04-28,250000,Active
CU001521,Dream Inc,Distributor,R02,SR0147,GA Metro,GA,99386,2017-01-14,250000,Active
CU001522,Cornerstone Materials,Retailer,R01,SR0011,PA City,PA,67583,2020-08-26,1000000,Active
CU001523,Pioneer Contracting,Builder,R05,SR0010,CA City,CA,18613,2018-05-07,50000,Active
CU001524,Atlas Builders,Contractor,R04,SR0099,TX Heights,TX,38523,2022-07-18,50000,Active
CU001525,Summit Inc,Contractor,R02,SR0037,FL City,FL,30207,2023-09-28,50000,Active
CU001526,Urban Contracting,Builder,R02,SR0157,TN Heights,TN,90657,2019-08-20,50000,Active
CU001527,Cornerstone Inc,Retailer,R02,SR0142,GA City,GA,78447,2021-01-29,50000,Active
CU001528,Skyline Homes,Distributor,R04,SR0074,AZ Metro,AZ,76489,2018-01-11,50000,Active
CU001529,Dream Homes,Builder,R01,SR0011,CT Metro,CT,25832,2021-04-11,500000,Active
CU001530,Dream Homes,Builder,R01,SR0156,NJ City,NJ,94516,2023-04-06,25000,Active
CU001531,Evergreen Homes,Distributor,R05,SR0030,WA Heights,WA,44359,2022-05-14,250000,Active
CU001532,Dream Supply,Builder,R02,SR0082,NC Metro,NC,38402,2018-10-24,50000,Active
CU001533,Home Development,Builder,R05,SR0035,CA Heights,CA,55364,2025-01-17,500000,Active
CU001534,Build Homes,Retailer,R02,SR0112,GA Heights,GA,90993,2024-05-11,250000,Active
CU001535,Prime Builders,Retailer,R01,SR0151,MA City,MA,45593,2018-03-05,50000,Active
CU001536,Metro Development,Contractor,R02,SR0102,FL Metro,FL,95616,2019-06-20,50000,Active
CU001537,Home Homes,Retailer,R04,SR0019,AZ Metro,AZ,72066,2025-03-12,500000,Active
CU001538,Home Inc,Retailer,R03,SR0118,IN City,IN,32843,2017-12-21,100000,Active
CU001539,Evergreen Materials,Contractor,R04,SR0024,NM City,NM,45601,2023-06-19,500000,Active
CU001540,Pioneer LLC,Builder,R04,SR0189,NV City,NV,34230,2017-03-16,100000,Active
CU001541,Build Builders,Contractor,R03,SR0053,OH Metro,OH,95462,2018-09-06,1000000,Active
CU001542,Cornerstone Homes,Distributor,R03,SR0183,IL City,IL,91304,2021-07-21,50000,Active
CU001543,Prime Contracting,Builder,R01,SR0151,CT Heights,CT,73422,2018-06-25,50000,Active
CU001544,Urban Inc,Distributor,R04,SR0009,OK Heights,OK,80092,2020-12-14,250000,Active
CU001545,Cornerstone Development,Retailer,R02,SR0182,GA Heights,GA,88986,2020-06-18,1000000,Active
CU001546,Urban Contracting,Contractor,R02,SR0187,FL Heights,FL,28970,2020-12-12,1000000,Active
CU001547,Home Inc,Contractor,R01,SR0121,PA Metro,PA,47236,2018-07-29,100000,Active
CU001548,Home LLC,Distributor,R04,SR0129,NV Metro,NV,67050,2023-08-27,100000,Active
CU001549,Summit Materials,Contractor,R04,SR0134,NM City,NM,14426,2021-07-24,50000,Active
CU001550,Skyline Construction,Builder,R02,SR0072,NC Metro,NC,60609,2022-03-18,250000,Active
CU001551,Urban Contracting,Retailer,R04,SR0184,TX City,TX,59827,2023-08-29,1000000,Active
CU001552,Prime Contracting,Retailer,R04,SR0119,TX City,TX,70643,2019-08-20,100000,Active
CU001553,Atlas LLC,Retailer,R01,SR0091,PA Heights,PA,53961,2021-08-23,500000,Active
CU001554,Home Supply,Retailer,R04,SR0109,AZ Metro,AZ,43737,2023-11-12,100000,Active
CU001555,Skyline Inc,Builder,R01,SR0191,MA Heights,MA,43879,2023-06-13,500000,Active
CU001556,Evergreen LLC,Distributor,R03,SR0008,IN Metro,IN,39429,2018-06-10,500000,Active
CU001557,Evergreen LLC,Contractor,R05,SR0070,CO Heights,CO,78470,2019-10-18,500000,Active
CU001558,Dream Construction,Distributor,R02,SR0182,FL City,FL,25092,2020-08-31,250000,Active
CU001559,Evergreen Homes,Builder,R03,SR0063,WI Metro,WI,71946,2017-06-02,100000,Active
CU001560,Atlas Homes,Builder,R02,SR0097,FL City,FL,60004,2023-05-10,100000,Active
CU001561,Dream Builders,Retailer,R01,SR0111,NJ City,NJ,70485,2022-12-06,25000,Active
CU001562,Urban Group,Contractor,R05,SR0110,CO City,CO,82794,2023-06-08,500000,Active
CU001563,Urban LLC,Builder,R05,SR0085,WA City,WA,43996,2017-12-13,1000000,Active
CU001564,Build Supply,Builder,R01,SR0176,NY Heights,NY,34060,2017-05-18,100000,Active
CU001565,Dream Development,Distributor,R02,SR0147,GA Metro,GA,95986,2025-01-04,100000,Active
CU001566,Build Construction,Builder,R05,SR0130,CO Heights,CO,95344,2023-05-20,500000,Active
CU001567,Evergreen Builders,Distributor,R03,SR0018,IN Heights,IN,73870,2019-12-16,50000,Active
CU001568,Build Contracting,Retailer,R02,SR0067,FL Metro,FL,58052,2021-09-26,100000,Active
CU001569,Cornerstone Contracting,Builder,R04,SR0144,NM City,NM,27495,2017-02-08,100000,Active
CU001570,Atlas Builders,Retailer,R02,SR0107,FL City,FL,11305,2021-07-31,250000,Active
CU001571,Summit Group,Distributor,R04,SR0039,OK City,OK,11403,2023-11-03,1000000,Active
CU001572,Build Contracting,Builder,R05,SR0080,OR Metro,OR,58522,2019-08-04,1000000,Active
CU001573,Skyline Construction,Distributor,R05,SR0160,UT Metro,UT,27276,2017-10-06,50000,Active
CU001574,Dream Contracting,Contractor,R05,SR0150,CA City,CA,27354,2021-12-05,1000000,Active
CU001575,Cornerstone Builders,Retailer,R04,SR0174,NM Heights,NM,72427,2019-12-03,250000,Active
CU001576,Home Construction,Distributor,R04,SR0194,TX Heights,TX,93862,2018-09-24,50000,Active
CU001577,Dream Contracting,Retailer,R04,SR0164,AZ Metro,AZ,15256,2021-04-28,25000,Active
CU001578,Cornerstone Contracting,Contractor,R04,SR0084,NV Metro,NV,73631,2019-02-03,500000,Active
CU001579,Prime LLC,Distributor,R01,SR0026,NY City,NY,77307,2025-05-01,25000,Active
CU001580,Build Group,Builder,R05,SR0025,CA Heights,CA,14725,2020-12-14,250000,Active
CU001581,Cornerstone Materials,Contractor,R01,SR0196,CT Heights,CT,51725,2022-07-17,100000,Active
CU001582,Summit Development,Retailer,R01,SR0046,NY City,NY,83080,2020-03-30,250000,Active
CU001583,Summit Materials,Builder,R02,SR0122,GA City,GA,44166,2019-03-11,50000,Active
CU001584,Home Development,Distributor,R01,SR0061,CT City,CT,12427,2022-09-15,100000,Active
CU001585,Pioneer Construction,Distributor,R05,SR0005,UT Metro,UT,11353,2022-09-10,100000,Active
CU001586,Evergreen Group,Distributor,R03,SR0103,IL Heights,IL,91777,2024-02-13,50000,Active
CU001587,Skyline Development,Builder,R02,SR0102,GA Heights,GA,75274,2021-01-09,250000,Active
CU001588,Summit Materials,Retailer,R05,SR0135,WA City,WA,28580,2023-06-04,25000,Active
CU001589,Prime Materials,Retailer,R02,SR0092,GA Heights,GA,63806,2020-07-17,25000,Active
CU001590,Pioneer Contracting,Builder,R05,SR0140,CO City,CO,32591,2017-06-25,50000,Active
CU001591,Home Inc,Builder,R04,SR0109,OK City,OK,94712,2019-04-19,1000000,Active
CU001592,Build Development,Contractor,R01,SR0171,NY Heights,NY,39419,2018-12-26,25000,Active
CU001593,Cornerstone Development,Distributor,R02,SR0022,FL City,FL,24765,2023-02-04,100000,Active
CU001594,Build Builders,Contractor,R04,SR0129,NV Metro,NV,24383,2021-05-15,100000,Active
CU001595,Summit Contracting,Distributor,R03,SR0003,MI City,MI,75860,2019-09-29,25000,Active
CU001596,Summit Development,Contractor,R03,SR0123,WI Metro,WI,62336,2023-09-07,1000000,Active
CU001597,Dream Builders,Builder,R04,SR0094,AZ City,AZ,67162,2019-01-20,1000000,Active
CU001598,Home Contracting,Retailer,R01,SR0021,PA Heights,PA,79716,2025-03-21,25000,Active
CU001599,Pioneer Inc,Retailer,R04,SR0039,NV Heights,NV,63248,2023-06-15,25000,Active
CU001600,Cornerstone Supply,Distributor,R05,SR0055,CA Heights,CA,82030,2021-09-26,500000,Active
CU001601,Build Construction,Retailer,R04,SR0054,TX Heights,TX,,2019-03-04,1000000,Active
CU001602,Urban Construction,Builder,R05,SR0035,CO City,CO,33522,2023-03-03,25000,Active
CU001603,Atlas Contracting,Distributor,R01,SR0051,PA Heights,PA,83997,2021-06-19,250000,Active
CU001604,Skyline Supply,Distributor,R05,SR0150,CO City,CO,82851,2024-07-20,250000,Active
CU001605,Prime LLC,Distributor,R02,SR0132,GA Metro,GA,24948,2018-12-27,1000000,Active
CU001606,  Metro Development ,Builder,R04,SR0079,OK City,OK,24242,2024-06-12,250000,Active
CU001607,Atlas Contracting,Builder,R05,SR0075,WA City,WA,80852,2020-12-01,1000000,Active
CU001608,Prime LLC,Distributor,R02,SR0192,SC Heights,SC,12593,2021-04-29,1000000,Active
CU001609,Dream Construction,Retailer,R01,SR0116,NJ Metro,NJ,80546,2019-10-11,500000,Active
CU001610,Pioneer Homes,Distributor,R01,SR0146,CT City,CT,75951,2023-07-02,500000,Active
CU001611,Evergreen Group,Builder,R05,SR0100,WA Heights,WA,98546,2024-11-13,100000,Active
CU001612,Summit Contracting,Retailer,R04,SR0129,OK Metro,OK,56386,2022-01-10,500000,Active
CU001613,Atlas Contracting,Contractor,R02,SR0162,NC Heights,NC,39296,2021-12-26,500000,Active
CU001614,Pioneer Development,Retailer,R03,SR0193,OH Heights,OH,28706,2017-09-15,25000,Active
CU001615,Build LLC,Distributor,R04,SR0129,NV Heights,NV,,2019-11-11,250000,Active
CU001616,Home Homes,Retailer,R05,SR0200,OR Heights,OR,76723,2018-04-06,500000,Active
CU001617,Metro Materials,Distributor,R04,SR0094,OK City,OK,86221,2020-04-14,250000,Active
CU001618,Urban Construction,Distributor,R05,SR0085,UT City,UT,31845,2017-02-10,100000,Active
CU001619,Summit Contracting,Contractor,R03,SR0013,OH City,OH,15122,2017-03-16,50000,Active
CU001620,  Urban LLC ,Builder,R05,SR0175,WA Metro,WA,39024,2024-06-19,100000,Active
CU001621,Metro LLC,Contractor,R01,SR0096,PA Metro,PA,87988,2023-03-17,1000000,Active
CU001622,  Pioneer Materials ,Retailer,R03,SR0003,IN City,IN,16192,2025-01-28,50000,Active
CU001623,Urban Supply,Retailer,R04,SR0189,OK City,OK,56849,2023-05-05,500000,Active
CU001624,Pioneer Inc,Contractor,R02,SR0092,SC Heights,SC,72895,2022-12-15,250000,Active
CU001625,Prime Supply,Retailer,R04,SR0014,AZ Metro,AZ,26105,2020-05-26,25000,Active
CU001626,Summit Group,Distributor,R03,SR0193,OH Heights,OH,54950,2021-03-13,25000,Active
CU001627,Dream Builders,Distributor,R02,SR0122,NC City,NC,55114,2018-07-15,50000,Active
CU001628,Prime Inc,Retailer,R03,SR0058,IN City,IN,,2021-12-06,50000,Active
CU001629,Summit Development,Builder,R01,SR0096,PA Metro,PA,99749,2023-09-27,250000,Active
CU001630,Metro Supply,Retailer,R04,SR0034,NM City,NM,74107,2020-09-26,50000,Active
CU001631,Atlas Construction,Builder,R03,SR0053,OH City,OH,,2018-01-10,1000000,Active
CU001632,Pioneer Group,Builder,R01,SR0046,MA City,MA,45481,2023-12-05,1000000,Active
CU001633,Urban Contracting,Retailer,R03,SR0103,WI Metro,WI,97633,2018-07-28,500000,Active
CU001634,Urban Group,Contractor,R03,SR0038,IL Metro,IL,21014,2022-12-08,500000,Active
CU001635,Home Group,Builder,R01,SR0191,PA Metro,PA,45290,2020-12-31,25000,Active
CU001636,Cornerstone Development,Distributor,R02,SR0167,NC Metro,NC,70456,2019-03-28,1000000,Active
CU001637,Urban Supply,Builder,R03,SR0068,MI Heights,MI,80033,2021-09-22,25000,Active
CU001638,Evergreen LLC,Distributor,R01,SR0061,NJ Heights,NJ,33883,2022-09-04,50000,Active
CU001639,  Dream Group ,Distributor,R05,SR0025,WA Heights,WA,35729,2019-01-24,100000,Active
CU001640,Pioneer Development,Builder,R03,SR0058,IL Metro,IL,96624,2022-05-31,25000,Active
CU001641,Prime Materials,Distributor,R05,SR0165,CA City,CA,72700,2022-07-27,500000,Active
CU001642,Atlas Homes,Distributor,R01,SR0121,MA Metro,MA,18559,2018-07-14,50000,Active
CU001643,Evergreen Homes,Contractor,R05,SR0085,UT Heights,UT,54755,2024-09-25,250000,Active
CU001644,Metro Materials,Retailer,R01,SR0171,NJ City,NJ,85686,2018-11-02,500000,Active
CU001645,Evergreen LLC,Retailer,R01,SR0191,NJ Heights,NJ,47681,2025-04-04,250000,Active
CU001646,Atlas Group,Retailer,R05,SR0200,UT Metro,UT,67414,2022-07-02,1000000,Active
CU001647,Metro Builders,Distributor,R03,SR0168,WI Metro,WI,16729,2025-03-14,50000,Active
CU001648,Home LLC,Contractor,R05,SR0025,UT Heights,UT,93794,2022-03-08,50000,Active
CU001649,Home Materials,Distributor,R01,SR0166,PA Heights,PA,44848,2018-10-17,100000,Active
CU001650,Dream Supply,Distributor,R05,SR0035,CO Heights,CO,37514,2023-01-06,25000,Active
CU001651,Pioneer LLC,Contractor,R01,SR0076,NJ Heights,NJ,54113,2025-04-11,500000,Active
CU001652,Pioneer Group,Distributor,R05,SR0055,UT Heights,UT,58549,2021-09-29,25000,Active
CU001653,Evergreen Materials,Distributor,R05,SR0120,WA City,WA,80577,2025-05-26,25000,Active
CU001654,Summit Construction,Contractor,R01,SR0041,PA City,PA,25930,2017-02-12,1000000,Active
CU001655,Home Contracting,Distributor,R02,SR0182,TN City,TN,51307,2017-06-23,250000,Active
CU001656,Metro Builders,Builder,R05,SR0170,CA Heights,CA,26124,2020-05-11,100000,Active
CU001657,Urban LLC,Distributor,R02,SR0127,SC City,SC,59691,2017-11-20,25000,Active
CU001658,Atlas Supply,Contractor,R02,SR0192,NC Heights,NC,41718,2024-01-11,250000,Active
CU001659,Urban Development,Distributor,R03,SR0138,WI Metro,WI,42284,2021-03-19,25000,Active
CU001660,Urban Materials,Distributor,R02,SR0182,TN Metro,TN,25163,2024-08-12,50000,Active
CU001661,Skyline Group,Distributor,R05,SR0045,CA Heights,CA,69891,2024-04-17,500000,Active
CU001662,Home Contracting,Distributor,R04,SR0109,OK City,OK,59507,2017-11-10,50000,Active
CU001663,Evergreen Supply,Retailer,R01,SR0146,NJ Heights,NJ,93206,2017-06-25,100000,Active
CU001664,Metro LLC,Retailer,R03,SR0063,IL City,IL,,2018-08-08,1000000,Active
CU001665,Metro Builders,Builder,R04,SR0139,OK City,OK,43969,2023-08-22,50000,Active
CU001666,Atlas Construction,Contractor,R03,SR0183,OH City,OH,62708,2023-05-23,250000,Active
CU001667,Atlas LLC,Retailer,R02,SR0172,GA Heights,GA,45339,2018-04-04,100000,Active
CU001668,Pioneer Builders,Contractor,R02,SR0147,NC Heights,NC,35761,2018-03-09,50000,Active
CU001669,Home Supply,Builder,R04,SR0014,NM Heights,NM,78513,2023-02-25,50000,Active
CU001670,Skyline Supply,Retailer,R04,SR0114,OK Heights,OK,47219,2018-01-22,500000,Active
CU001671,Prime Materials,Builder,R02,SR0002,FL Heights,FL,93481,2023-02-11,500000,Active
CU001672,Dream Construction,Builder,R02,SR0112,SC City,SC,18889,2017-12-15,100000,Active
CU001673,Pioneer Contracting,Contractor,R05,SR0115,CA Heights,CA,,2024-12-07,250000,Active
CU001674,Atlas Supply,Contractor,R04,SR0089,NV Heights,NV,58658,2017-09-01,25000,Active
CU001675,Prime Contracting,Distributor,R05,SR0200,CO Heights,CO,46313,2018-09-11,100000,Active
CU001676,Dream Contracting,Builder,R04,SR0134,NM Heights,NM,75012,2020-04-01,50000,Active
CU001677,Summit Builders,Distributor,R01,SR0066,PA Heights,PA,91508,2022-11-24,50000,Active
CU001678,Build Group,Builder,R04,SR0124,TX Heights,TX,,2017-08-18,50000,Active
CU001679,Skyline Homes,Retailer,R02,SR0192,FL City,FL,64277,2019-03-17,100000,Active
CU001680,Urban Group,Builder,R04,SR0009,NV Heights,NV,51024,2018-07-14,25000,Active
CU001681,Skyline Inc,Distributor,R03,SR0008,WI City,WI,34839,2018-12-05,250000,Active
CU001682,Summit Inc,Distributor,R02,SR0067,FL City,FL,76757,2022-07-24,500000,Active
CU001683,Urban Development,Builder,R02,SR0007,GA City,GA,24663,2023-02-20,100000,Active
CU001684,Home Supply,Retailer,R01,SR0146,MA City,MA,28966,2018-06-24,100000,Active
CU001685,Summit Construction,Contractor,R02,SR0027,NC City,NC,33735,2018-08-05,1000000,Active
CU001686,Pioneer Group,Builder,R01,SR0096,CT Metro,CT,59260,2021-09-20,1000000,Active
CU001687,Pioneer Homes,Contractor,R03,SR0073,MI City,MI,71029,2024-08-05,50000,Active
CU001688,Metro Materials,Contractor,R02,SR0112,NC Metro,NC,14856,2020-08-02,500000,Active
CU001689,Metro Homes,Distributor,R05,SR0055,UT City,UT,47425,2019-11-12,250000,Active
CU001690,Summit Contracting,Retailer,R04,SR0164,NV Metro,NV,59724,2020-07-01,1000000,Active
CU001691,Skyline Group,Contractor,R04,SR0164,NM City,NM,83071,2023-06-01,1000000,Active
CU001692,Dream Builders,Builder,R01,SR0196,MA Metro,MA,15716,2021-05-29,500000,Active
CU001693,Home LLC,Contractor,R05,SR0105,WA City,WA,67284,2022-08-28,50000,Active
CU001694,Summit Materials,Builder,R02,SR0182,FL City,FL,34574,2017-09-28,500000,Active
CU001695,Cornerstone Contracting,Builder,R02,SR0157,GA Heights,ga,57091,2019-06-12,1000000,Active
CU001696,Metro Homes,Distributor,R01,SR0006,NJ City,NJ,48232,2019-09-08,500000,Active
CU001697,Metro LLC,Contractor,R05,SR0005,CA Heights,CA,84465,2021-07-22,25000,Active
CU001698,Atlas Contracting,Distributor,R01,SR0026,NJ Heights,NJ,28201,2025-04-28,250000,Active
CU001699,Cornerstone Inc,Retailer,R05,SR0150,UT Heights,UT,11167,2023-02-04,1000000,Active
CU001700,Summit Supply,Retailer,R01,SR0151,CT Metro,CT,13022,2024-09-03,100000,Active
CU001701,Cornerstone Supply,Contractor,R02,SR0037,GA Metro,GA,20811,2020-07-27,25000,Active
CU001702,Home Materials,Contractor,R01,SR0116,CT Heights,CT,85147,2019-02-14,1000000,Active
CU001703,Urban Supply,Retailer,R03,SR0118,IL City,IL,63885,2020-03-06,50000,Active
CU001704,Dream Construction,Contractor,R05,SR0140,OR Metro,OR,82159,2018-07-25,250000,Active
CU001705,Dream Supply,Contractor,R05,SR0165,CA Heights,CA,88179,2018-09-04,50000,Active
CU001706,Metro Builders,Retailer,R04,SR0169,AZ City,AZ,52567,2024-02-23,100000,Active
CU001707,Urban Group,Builder,R02,SR0052,SC Metro,SC,48621,2023-03-10,50000,Active
CU001708,Summit Builders,Contractor,R03,SR0038,IL Heights,IL,92778,2020-03-20,1000000,Active
CU001709,Atlas Contracting,Contractor,R04,SR0019,TX City,TX,44668,2018-06-08,250000,Active
CU001710,Prime Construction,Distributor,R05,SR0050,WA Heights,WA,33039,2017-10-09,250000,Active
CU001711,Home LLC,Retailer,R03,SR0008,IL City,IL,11511,2019-07-09,1000000,Active
CU001712,Evergreen Contracting,Retailer,R03,SR0013,MI Metro,MI,67646,2021-04-18,100000,Active
CU001713,Skyline Construction,Retailer,R01,SR0026,NJ Heights,NJ,92040,2022-07-08,100000,Active
CU001714,Summit Builders,Retailer,R02,SR0112,NC City,NC,63717,2025-06-28,500000,Active
CU001715,Pioneer Construction,Retailer,R01,SR0056,NY Metro,NY,64828,2024-11-02,250000,Active
CU001716,Atlas Group,Retailer,R04,SR0089,AZ City,AZ,63578,2023-12-30,25000,Active
CU001717,Dream Inc,Contractor,R03,SR0028,IN Metro,IN,37222,2022-09-22,1000000,Active
CU001718,Dream Contracting,Retailer,R03,SR0153,WI Heights,WI,45635,2025-02-21,100000,Active
CU001719,Dream Builders,Retailer,R04,SR0049,OK Heights,OK,93518,2018-11-02,25000,Active
CU001720,Summit Development,Contractor,R03,SR0058,MI Heights,MI,94255,2024-07-09,25000,Active
CU001721,  Prime LLC ,Builder,R05,SR0175,CO City,CO,42647,2020-06-10,500000,Active
CU001722,Metro LLC,Distributor,R02,SR0187,NC Heights,NC,18489,2023-01-08,100000,Active
CU001723,Urban Builders,Retailer,R01,SR0081,MA Metro,MA,15733,2020-06-27,25000,Active
CU001724,Build Builders,Distributor,R02,SR0057,NC City,NC,16679,2017-01-18,50000,Active
CU001725,Cornerstone LLC,Builder,R02,SR0032,SC City,SC,17661,2018-03-07,1000000,Active
CU001726,Atlas Construction,Retailer,R05,SR0190,CO Heights,CO,46178,2022-04-29,500000,Active
CU001727,Prime Inc,Contractor,R01,SR0156,NY City,NY,95489,2024-01-26,1000000,Active
CU001728,Cornerstone LLC,Distributor,R04,SR0199,AZ Metro,AZ,86262,2022-11-16,25000,Active
CU001729,Skyline Group,Contractor,R03,SR0038,MI City,MI,54262,2022-04-20,25000,Active
CU001730,Cornerstone Construction,Builder,R02,SR0142,TN Heights,TN,71339,2022-04-01,500000,Active
CU001731,Metro LLC,Builder,R01,SR0136,MA City,MA,90683,2019-04-11,25000,Active
CU001732,Pioneer Group,Builder,R05,SR0125,UT Heights,UT,80185,2017-06-15,100000,Active
CU001733,Dream Development,Retailer,R04,SR0034,OK Heights,OK,98307,2022-03-22,25000,Active
CU001734,Home Development,Builder,R05,SR0055,CA City,CA,27688,2018-10-27,1000000,Active
CU001735,Atlas Homes,Contractor,R01,SR0011,MA Heights,MA,69754,2021-05-13,250000,Active
CU001736,Cornerstone Builders,Builder,R04,SR0139,NM City,NM,57798,2018-01-02,500000,Active
CU001737,Home Contracting,Builder,R03,SR0038,IL Heights,il,10578,2021-01-30,250000,Active
CU001738,Skyline Builders,Retailer,R01,SR0051,CT Metro,CT,39115,2022-08-24,100000,Active
CU001739,Prime Homes,Builder,R01,SR0001,NY City,NY,19777,2017-07-11,100000,Active
CU001740,Pioneer Materials,Distributor,R02,SR0022,FL Metro,FL,82096,2024-12-30,250000,Active
CU001741,  Skyline Development ,Contractor,R02,SR0197,GA Heights,GA,22251,2020-02-06,100000,Active
CU001742,Metro Inc,Retailer,R04,SR0049,OK Metro,OK,26027,2020-08-07,250000,Active
CU001743,Pioneer Materials,Distributor,R01,SR0021,NY Heights,NY,27561,2022-09-07,250000,Active
CU001744,Summit Construction,Distributor,R01,SR0081,PA Metro,PA,88454,2017-03-19,50000,Active
CU001745,Urban Development,Contractor,R02,SR0137,NC Metro,NC,70630,2021-12-14,1000000,Active
CU001746,Metro Group,Distributor,R01,SR0066,NJ Metro,NJ,60367,2022-12-18,25000,Active
CU001747,Prime Group,Distributor,R02,SR0017,SC Heights,SC,39919,2020-04-29,50000,Active
CU001748,Pioneer Contracting,Distributor,R01,SR0101,PA Heights,PA,31233,2024-09-07,1000000,Active
CU001749,Metro LLC,Builder,R05,SR0145,CO City,CO,15989,2017-02-12,50000,Active
CU001750,Pioneer Builders,Distributor,R04,SR0069,OK Heights,OK,37069,2022-05-04,50000,Active
CU001751,Skyline LLC,Distributor,R04,SR0194,AZ Metro,AZ,76053,2024-07-14,50000,Active
CU001752,Atlas Supply,Retailer,R01,SR0166,PA Heights,PA,53857,2017-01-25,250000,Active
CU001753,Dream Group,Retailer,R03,SR0168,IL Heights,IL,64803,2023-09-08,500000,Active
CU001754,Skyline Materials,Distributor,R04,SR0004,OK Metro,OK,17572,2022-08-10,100000,Active
CU001755,Prime Inc,Retailer,R03,SR0053,MI Metro,MI,13620,2018-08-26,250000,Active
CU001756,Dream Group,Builder,R02,SR0127,SC City,SC,33627,2022-05-29,1000000,Active
CU001757,Evergreen Group,Builder,R01,SR0146,NJ City,NJ,25819,2017-08-23,100000,Active
CU001758,Prime Development,Contractor,R03,SR0173,OH Heights,OH,82415,2021-03-16,100000,Active
CU001759,Skyline Inc,Distributor,R02,SR0187,FL Metro,FL,33484,2023-05-19,25000,Active
CU001760,Evergreen Homes,Contractor,R05,SR0090,CA City,CA,20149,2022-01-20,50000,Active
CU001761,Skyline Group,Contractor,R04,SR0029,TX City,TX,15156,2020-04-07,250000,Active
CU001762,Pioneer Contracting,Contractor,R05,SR0060,WA City,WA,46655,2021-12-10,250000,Active
CU001763,Skyline LLC,Distributor,R02,SR0142,TN Metro,TN,,2025-06-25,250000,Active
CU001764,Atlas Inc,Builder,R03,SR0053,MI City,MI,82095,2025-04-12,100000,Active
CU001765,Dream Group,Distributor,R05,SR0150,WA City,WA,21404,2019-06-30,1000000,Active
CU001766,Build Contracting,Builder,R03,SR0183,IL Metro,IL,65021,2022-02-02,250000,Active
CU001767,Skyline Inc,Contractor,R02,SR0097,TN Heights,TN,91714,2022-01-29,100000,Active
CU001768,Build Homes,Contractor,R01,SR0136,CT Heights,CT,57629,2018-11-26,100000,Active
CU001769,Dream Inc,Retailer,R01,SR0031,CT City,CT,34401,2019-09-03,500000,Active
CU001770,Atlas Construction,Builder,R05,SR0085,CA Metro,CA,32721,2019-10-10,500000,Active
CU001771,Urban Builders,Retailer,R02,SR0052,GA City,GA,59052,2017-09-01,50000,Active
CU001772,Home Materials,Distributor,R01,SR0071,CT Heights,CT,99515,2023-07-08,100000,Active
CU001773,Skyline Inc,Builder,R05,SR0095,UT Heights,UT,42191,2021-06-03,1000000,Active
CU001774,Metro Construction,Builder,R02,SR0042,TN Metro,TN,80564,2020-01-09,25000,Active
CU001775,Pioneer Materials,Builder,R03,SR0188,IL City,IL,61487,2017-08-20,25000,Active
CU001776,Skyline Builders,Contractor,R01,SR0156,NY City,NY,50499,2017-03-02,250000,Active
CU001777,Prime Inc,Contractor,R04,SR0089,AZ Heights,AZ,68738,2023-07-29,1000000,Active
CU001778,Cornerstone Supply,Distributor,R02,SR0142,GA Metro,GA,58808,2020-01-28,25000,Active
CU001779,Summit Development,Distributor,R04,SR0164,NM City,NM,28594,2018-05-09,1000000,Active
CU001780,Atlas Contracting,Builder,R04,SR0004,AZ City,AZ,79867,2020-01-13,500000,Active
CU001781,  Urban Supply ,Builder,R01,SR0031,NY City,NY,56481,2025-01-27,25000,Active
CU001782,Skyline Construction,Builder,R02,SR0032,FL Heights,FL,67883,2019-12-05,100000,Active
CU001783,Cornerstone Development,Builder,R04,SR0119,NV City,NV,30096,2024-12-10,1000000,Active
CU001784,Atlas Contracting,Distributor,R03,SR0173,MI Heights,MI,10973,2017-06-19,25000,Active
CU001785,Skyline Supply,Distributor,R04,SR0124,OK Heights,OK,32302,2020-12-22,500000,Active
CU001786,Urban Group,Contractor,R01,SR0016,PA Heights,PA,97230,2022-10-30,50000,Active
CU001787,Skyline LLC,Distributor,R03,SR0168,WI Metro,WI,52026,2018-07-07,500000,Active
CU001788,Summit Group,Builder,R04,SR0164,AZ City,AZ,86611,2024-02-25,100000,Active
CU001789,Dream LLC,Contractor,R03,SR0188,MI City,mi,34060,2022-12-25,250000,Active
CU001790,Home Group,Builder,R02,SR0127,NC Heights,NC,63895,2024-03-31,50000,Active
CU001791,Home Builders,Contractor,R01,SR0051,NJ City,NJ,85156,2023-10-17,50000,Active
CU001792,Dream Homes,Contractor,R04,SR0144,OK City,OK,44377,2023-07-07,25000,Active
CU001793,Pioneer Development,Contractor,R03,SR0058,IN City,IN,12459,2025-04-09,25000,Active
CU001794,Skyline LLC,Contractor,R01,SR0076,CT City,CT,27625,2017-12-22,100000,Active
CU001795,Build Homes,Contractor,R05,SR0005,WA Metro,WA,79320,2020-08-05,1000000,Active
CU001796,Cornerstone Homes,Builder,R04,SR0039,NM Metro,NM,17194,2021-05-21,1000000,Active
CU001797,Urban Construction,Builder,R03,SR0168,OH Heights,OH,,2020-01-17,1000000,Active
CU001798,Dream Supply,Distributor,R04,SR0139,TX Metro,TX,36946,2018-04-15,1000000,Active
CU001799,Prime Homes,Retailer,R01,SR0091,CT Metro,CT,36220,2020-03-24,1000000,Active
CU001800,Pioneer Homes,Contractor,R01,SR0056,NY Metro,NY,72470,2021-09-25,250000,Active
CU001801,Atlas Construction,Retailer,R02,SR0092,NC Heights,NC,66173,2018-02-14,50000,Active
CU001802,Pioneer Inc,Contractor,R05,SR0010,UT Metro,UT,34744,2018-11-22,25000,Active
CU001803,Home Development,Distributor,R03,SR0143,WI City,WI,75039,2020-10-05,100000,Active
CU001804,Pioneer Inc,Retailer,R02,SR0182,TN Metro,TN,11412,2025-05-11,100000,Active
CU001805,Atlas Construction,Retailer,R02,SR0132,SC City,SC,71290,2017-09-16,500000,Active
CU001806,Metro Materials,Builder,R01,SR0106,NJ Heights,NJ,51019,2018-01-10,50000,Active
CU001807,Atlas Construction,Contractor,R04,SR0104,NM City,NM,14260,2019-12-09,500000,Active
CU001808,Evergreen Homes,Retailer,R04,SR0159,TX Metro,TX,48482,2020-02-04,1000000,Active
CU001809,Summit Builders,Retailer,R02,SR0127,SC City,SC,69162,2021-08-30,1000000,Active
CU001810,Summit Supply,Contractor,R03,SR0043,IN Metro,IN,18800,2022-10-29,1000000,Active
CU001811,Build Construction,Contractor,R03,SR0193,WI Heights,WI,72308,2017-02-15,500000,Active
CU001812,Pioneer LLC,Distributor,R05,SR0015,OR Metro,OR,48018,2017-05-17,1000000,Active
CU001813,Home Homes,Distributor,R03,SR0078,IL City,IL,42197,2024-06-20,250000,Active
CU001814,Prime LLC,Distributor,R02,SR0152,FL Metro,FL,33990,2023-06-12,1000000,Active
CU001815,Pioneer LLC,Retailer,R03,SR0008,IL Heights,IL,66479,2024-08-01,500000,Active
CU001816,Atlas Homes,Distributor,R05,SR0155,CA Metro,CA,99094,2021-06-26,50000,Active
CU001817,Evergreen Development,Contractor,R01,SR0101,PA Heights,PA,28218,2019-12-11,25000,Active
CU001818,Summit Group,Contractor,R05,SR0025,CO Heights,CO,61216,2021-07-06,500000,Active
CU001819,Skyline Inc,Builder,R02,SR0002,TN Heights,TN,76711,2022-07-03,250000,Active
CU001820,Urban Supply,Contractor,R01,SR0131,CT City,CT,40589,2022-12-27,1000000,Active
CU001821,Summit Inc,Builder,R04,SR0084,NM Heights,NM,13959,2017-12-23,50000,Active
CU001822,Build Builders,Contractor,R02,SR0192,NC Metro,NC,84131,2021-04-08,1000000,Active
CU001823,Metro Group,Builder,R05,SR0200,WA City,WA,58216,2020-01-18,100000,Active
CU001824,Skyline Construction,Contractor,R02,SR0087,TN Heights,TN,98905,2021-08-24,1000000,Active
CU001825,Summit Development,Contractor,R04,SR0124,NV City,NV,98840,2018-02-26,1000000,Active
CU001826,Metro Builders,Contractor,R04,SR0049,NM Heights,NM,36176,2022-05-04,1000000,Active
CU001827,Home Construction,Contractor,R01,SR0131,CT City,CT,16281,2022-10-22,1000000,Active
CU001828,Metro Contracting,Retailer,R01,SR0126,MA City,MA,64344,2020-05-10,50000,Active
CU001829,Dream LLC,Builder,R05,SR0010,OR City,OR,85950,2024-03-12,250000,Active
CU001830,Metro Construction,Distributor,R04,SR0024,NM City,NM,87638,2018-03-28,250000,Active
CU001831,Build LLC,Contractor,R02,SR0127,SC Metro,SC,27494,2022-02-12,50000,Active
CU001832,Home Development,Builder,R01,SR0061,NY Metro,NY,52737,2024-03-14,1000000,Active
CU001833,Prime Contracting,Builder,R03,SR0158,MI Heights,MI,,2020-05-06,25000,Active
CU001834,Build Inc,Builder,R02,SR0132,NC City,NC,30474,2017-02-06,500000,Active
CU001835,Summit Construction,Builder,R02,SR0182,TN Metro,TN,59377,2025-06-17,250000,Active
CU001836,Cornerstone Development,Retailer,R03,SR0103,OH Metro,OH,56512,2022-08-16,50000,Active
CU001837,Evergreen Construction,Builder,R01,SR0116,CT Metro,CT,62442,2018-05-02,100000,Active
CU001838,Metro Materials,Builder,R03,SR0158,WI Metro,WI,62437,2019-08-04,50000,Active
CU001839,Atlas Inc,Retailer,R04,SR0129,TX Metro,TX,63444,2023-07-10,250000,Active
CU001840,Cornerstone Construction,Builder,R03,SR0058,WI Metro,WI,34378,2021-08-10,50000,Active
CU001841,Summit Homes,Distributor,R05,SR0005,UT City,UT,69468,2018-12-26,250000,Active
CU001842,Atlas Contracting,Builder,R02,SR0197,NC Metro,NC,89062,2019-06-02,500000,Active
CU001843,Metro LLC,Distributor,R03,SR0153,WI Heights,WI,74937,2017-02-20,250000,Active
CU001844,Dream Construction,Contractor,R03,SR0083,IL City,IL,42960,2020-09-02,500000,Active
CU001845,  Prime Contracting ,Contractor,R02,SR0062,TN Heights,tn,62750,2020-04-01,500000,Active
CU001846,Dream Inc,Builder,R03,SR0148,IL Heights,IL,18826,2017-05-19,250000,Active
CU001847,Prime Construction,Distributor,R03,SR0068,WI City,WI,85354,2018-06-27,100000,Active
CU001848,Evergreen Materials,Builder,R01,SR0171,CT Heights,CT,60298,2020-04-30,250000,Active
CU001849,Metro Contracting,Distributor,R01,SR0046,PA Heights,PA,40425,2021-10-20,25000,Active
CU001850,Atlas Homes,Contractor,R05,SR0085,CA Heights,CA,84499,2024-04-12,500000,Active
CU001851,Prime Group,Distributor,R03,SR0043,IN Heights,in,42244,2021-08-03,25000,Active
CU001852,Pioneer Contracting,Retailer,R01,SR0181,CT Metro,CT,95411,2017-01-28,100000,Active
CU001853,Prime Contracting,Retailer,R03,SR0158,OH Metro,OH,19508,2021-07-16,100000,Active
CU001854,Pioneer Supply,Contractor,R01,SR0156,NJ City,NJ,19604,2019-07-14,250000,Active
CU001855,Dream Materials,Builder,R04,SR0059,TX Heights,TX,86523,2022-10-14,25000,Active
CU001856,Skyline Development,Distributor,R04,SR0149,AZ City,AZ,48525,2020-03-19,25000,Active
CU001857,Summit Construction,Builder,R05,SR0090,UT City,UT,80063,2020-07-15,250000,Active
CU001858,Urban Builders,Contractor,R01,SR0151,NJ Heights,NJ,89731,2024-09-19,250000,Active
CU001859,Skyline Contracting,Distributor,R05,SR0155,OR City,OR,87737,2019-02-28,1000000,Active
CU001860,Urban LLC,Contractor,R03,SR0023,IL Heights,IL,,2020-08-07,500000,Active
CU001861,Evergreen Materials,Distributor,R04,SR0199,NM Metro,NM,97347,2022-04-21,250000,Active
CU001862,Skyline Construction,Retailer,R01,SR0001,NJ Metro,NJ,51803,2017-03-17,500000,Active
CU001863,Dream Builders,Distributor,R02,SR0172,TN Heights,TN,13163,2018-10-19,50000,Active
CU001864,Metro Homes,Contractor,R01,SR0116,NY Heights,NY,46529,2024-05-27,500000,Active
CU001865,Summit Materials,Retailer,R04,SR0004,NV Heights,NV,54295,2024-10-05,50000,Active
CU001866,Skyline Materials,Distributor,R04,SR0069,NV City,NV,27321,2020-05-13,1000000,Active
CU001867,Summit Group,Contractor,R03,SR0163,IL Heights,IL,89314,2023-09-10,25000,Active
CU001868,Cornerstone Inc,Builder,R02,SR0037,FL Heights,FL,92470,2017-11-20,500000,Active
CU001869,Summit Builders,Contractor,R01,SR0046,NY Heights,NY,80400,2020-11-05,250000,Active
CU001870,Prime Builders,Builder,R02,SR0057,SC City,SC,62858,2018-08-25,1000000,Active
CU001871,Evergreen Construction,Distributor,R01,SR0191,PA City,PA,45735,2025-02-23,250000,Active
CU001872,Skyline Builders,Retailer,R01,SR0041,CT Heights,CT,18326,2025-03-06,1000000,Active
CU001873,Summit Homes,Distributor,R02,SR0132,TN Metro,TN,63404,2017-01-12,250000,Active
CU001874,Summit Builders,Distributor,R03,SR0043,OH City,OH,49479,2017-01-25,1000000,Active
CU001875,Urban Construction,Contractor,R02,SR0127,SC Heights,SC,15443,2021-02-28,25000,Active
CU001876,Prime Homes,Contractor,R01,SR0166,NY Heights,NY,11050,2019-06-06,1000000,Active
CU001877,Build Supply,Retailer,R05,SR0040,CA Heights,CA,28764,2020-10-20,50000,Active
CU001878,Pioneer Inc,Distributor,R02,SR0117,GA Metro,GA,24694,2017-06-20,500000,Active
CU001879,Build Contracting,Distributor,R01,SR0171,CT Heights,CT,70747,2020-04-24,250000,Active
CU001880,Build Materials,Retailer,R03,SR0188,MI Metro,MI,82985,2020-09-11,50000,Active
CU001881,Build LLC,Retailer,R02,SR0037,TN City,TN,81830,2022-12-09,500000,Active
CU001882,Summit Contracting,Contractor,R02,SR0107,NC Metro,NC,88265,2022-07-14,250000,Active
CU001883,Summit Homes,Distributor,R05,SR0105,CO City,CO,,2018-07-26,1000000,Active
CU001884,Build Development,Distributor,R03,SR0008,WI Metro,WI,93931,2017-03-07,250000,Active
CU001885,Metro Materials,Contractor,R02,SR0022,GA Metro,GA,59081,2021-12-13,100000,Active
CU001886,Urban Homes,Builder,R02,SR0157,FL Metro,FL,79017,2019-01-05,25000,Active
CU001887,Atlas Materials,Retailer,R03,SR0068,MI City,MI,84339,2025-03-17,50000,Active
CU001888,Pioneer Inc,Contractor,R03,SR0103,OH City,OH,70323,2024-03-18,1000000,Active
CU001889,Cornerstone Development,Distributor,R05,SR0130,UT Heights,UT,63033,2018-05-20,250000,Active
CU001890,Atlas Group,Contractor,R05,SR0105,WA City,WA,97890,2021-03-13,1000000,Active
CU001891,Cornerstone Group,Contractor,R04,SR0079,TX City,TX,21626,2024-03-16,1000000,Active
CU001892,Atlas Materials,Builder,R01,SR0051,CT City,CT,41705,2024-09-28,25000,Active
CU001893,Atlas Homes,Builder,R05,SR0045,CO City,CO,15232,2020-08-12,50000,Active
CU001894,Atlas Inc,Builder,R02,SR0147,GA Metro,GA,43854,2023-12-23,250000,Active
CU001895,Evergreen Contracting,Contractor,R02,SR0172,GA Heights,GA,41234,2019-10-27,100000,Active
CU001896,Skyline Contracting,Distributor,R01,SR0196,NJ Metro,NJ,48448,2024-05-26,50000,Active
CU001897,Atlas Construction,Contractor,R01,SR0166,CT Heights,CT,73343,2020-09-06,50000,Active
CU001898,Pioneer Materials,Builder,R03,SR0123,MI City,MI,89868,2018-05-25,25000,Active
CU001899,Skyline Supply,Builder,R01,SR0126,NJ Heights,NJ,34157,2018-06-10,100000,Active
CU001900,Skyline Builders,Distributor,R04,SR0149,OK Metro,OK,76352,2021-07-04,50000,Active
CU001901,Skyline LLC,Retailer,R03,SR0143,IN City,IN,41200,2018-11-26,25000,Active
CU001902,Home Builders,Retailer,R05,SR0045,UT Metro,UT,14927,2025-03-01,1000000,Active
CU001903,Evergreen Homes,Distributor,R01,SR0086,NY Metro,NY,58080,2018-07-19,25000,Active
CU001904,Build Construction,Retailer,R03,SR0138,WI City,WI,63062,2024-02-12,50000,Active
CU001905,Atlas Group,Contractor,R04,SR0024,NM Metro,NM,87989,2022-11-12,100000,Active
CU001906,Pioneer Inc,Contractor,R02,SR0182,TN Heights,TN,46411,2019-11-22,1000000,Active
CU001907,Cornerstone Inc,Builder,R05,SR0015,UT Metro,UT,51101,2018-08-09,500000,Active
CU001908,Dream Supply,Contractor,R04,SR0069,OK Metro,OK,43719,2018-10-05,50000,Active
CU001909,Prime Builders,Retailer,R05,SR0175,UT Heights,UT,47790,2017-03-08,1000000,Active
CU001910,Cornerstone Contracting,Retailer,R01,SR0141,NJ City,NJ,35311,2022-08-01,250000,Active
CU001911,Summit Group,Builder,R03,SR0053,OH Heights,OH,74447,2018-06-12,100000,Active
CU001912,Pioneer Construction,Distributor,R02,SR0172,SC Heights,SC,81651,2022-11-09,1000000,Active
CU001913,Skyline Development,Retailer,R01,SR0021,MA Heights,MA,58506,2021-05-23,1000000,Active
CU001914,Pioneer Inc,Builder,R01,SR0136,PA Heights,PA,60701,2017-01-16,1000000,Active
CU001915,Prime Construction,Contractor,R05,SR0065,CO City,CO,17779,2021-04-23,250000,Active
CU001916,Urban Materials,Retailer,R04,SR0034,AZ City,AZ,68932,2020-09-15,250000,Active
CU001917,Urban Group,Contractor,R04,SR0104,NV Metro,NV,32563,2017-01-29,100000,Active
CU001918,Metro Homes,Contractor,R01,SR0141,MA Heights,MA,27405,2021-08-26,100000,Active
CU001919,Dream Contracting,Distributor,R04,SR0104,NM Metro,NM,49654,2020-04-27,25000,Active
CU001920,Summit LLC,Retailer,R01,SR0061,NY City,NY,12226,2022-04-09,500000,Active
CU001921,Summit Supply,Builder,R01,SR0006,NJ Metro,NJ,91554,2019-05-20,50000,Active
CU001922,Cornerstone Materials,Contractor,R05,SR0060,CO City,CO,80851,2023-10-30,25000,Active
CU001923,Atlas Construction,Distributor,R03,SR0088,IL City,IL,66788,2023-09-09,1000000,Active
CU001924,Urban Contracting,Retailer,R04,SR0044,NV Metro,NV,24354,2022-11-28,100000,Active
CU001925,Skyline Materials,Contractor,R01,SR0011,PA Metro,PA,59498,2023-06-06,250000,Active
CU001926,Home Construction,Contractor,R03,SR0073,IN Heights,IN,86608,2018-07-29,500000,Active
CU001927,Home Contracting,Retailer,R04,SR0199,TX City,TX,15805,2022-12-13,100000,Active
CU001928,Atlas Construction,Distributor,R05,SR0170,WA Metro,WA,50917,2024-06-16,100000,Active
CU001929,Pioneer Materials,Distributor,R04,SR0174,OK Metro,OK,24900,2025-04-11,250000,Active
CU001930,Build LLC,Distributor,R03,SR0053,WI Heights,WI,26926,2024-10-23,50000,Active
CU001931,Dream Supply,Contractor,R05,SR0185,OR City,OR,38807,2025-04-07,250000,Active
CU001932,Dream Group,Contractor,R03,SR0198,WI Metro,WI,72988,2021-12-22,100000,Active
CU001933,Atlas Supply,Contractor,R02,SR0127,FL Metro,FL,94179,2022-12-10,50000,Active
CU001934,Home Contracting,Distributor,R01,SR0161,MA Heights,MA,57423,2023-12-27,50000,Active
CU001935,Skyline Contracting,Distributor,R05,SR0135,UT City,UT,28928,2024-01-03,50000,Active
CU001936,Skyline Group,Distributor,R05,SR0050,UT City,UT,85131,2020-07-19,50000,Active
CU001937,Evergreen LLC,Retailer,R03,SR0143,WI Heights,WI,71081,2017-10-17,25000,Active
CU001938,Skyline Inc,Distributor,R04,SR0104,OK Metro,OK,81387,2025-05-26,100000,Active
CU001939,Atlas Builders,Retailer,R02,SR0022,SC Heights,SC,88974,2022-09-20,100000,Active
CU001940,Skyline LLC,Contractor,R05,SR0130,CO City,CO,77073,2018-09-30,500000,Active
CU001941,Skyline Inc,Contractor,R01,SR0026,MA Metro,MA,24257,2024-02-02,50000,Active
CU001942,Dream Inc,Contractor,R03,SR0173,IL Heights,IL,80781,2022-09-24,25000,Active
CU001943,Summit Homes,Distributor,R02,SR0157,FL Heights,FL,88117,2023-07-29,25000,Active
CU001944,Metro Contracting,Distributor,R02,SR0047,GA Metro,GA,89520,2024-06-01,500000,Active
CU001945,Cornerstone Materials,Distributor,R03,SR0013,WI Metro,WI,74334,2022-10-26,50000,Active
CU001946,Pioneer Construction,Builder,R02,SR0112,GA Metro,GA,67967,2024-05-19,1000000,Active
CU001947,Evergreen Construction,Retailer,R02,SR0107,FL Metro,FL,51719,2018-06-05,100000,Active
CU001948,Evergreen Supply,Builder,R01,SR0196,CT Metro,CT,46720,2018-03-05,500000,Active
CU001949,Build Builders,Contractor,R01,SR0096,PA City,PA,39729,2019-03-24,250000,Active
CU001950,Evergreen Homes,Distributor,R04,SR0039,NV Metro,NV,79968,2022-01-19,100000,Active
CU001951,Skyline Development,Retailer,R05,SR0020,CO Heights,CO,92255,2019-12-15,50000,Active
CU001952,Skyline Homes,Contractor,R04,SR0094,OK Heights,OK,66003,2021-11-05,25000,Active
CU001953,Skyline Group,Distributor,R02,SR0102,GA Heights,GA,37303,2021-02-08,250000,Active
CU001954,Pioneer Supply,Builder,R04,SR0049,AZ Heights,AZ,61577,2024-12-20,1000000,Active
CU001955,Metro Materials,Builder,R01,SR0026,NY Heights,NY,96755,2019-07-18,100000,Active
CU001956,Urban Builders,Distributor,R02,SR0122,NC City,NC,92159,2021-05-13,1000000,Active
CU001957,Summit Group,Retailer,R01,SR0096,MA City,MA,60957,2023-02-10,100000,Active
CU001958,Cornerstone Inc,Builder,R03,SR0158,IL Heights,IL,18341,2018-11-10,100000,Active
CU001959,Atlas LLC,Retailer,R01,SR0031,CT Heights,CT,47575,2020-01-26,250000,Active
CU001960,Atlas Development,Retailer,R04,SR0019,OK Heights,OK,36659,2017-04-16,1000000,Active
CU001961,Summit Development,Contractor,R02,SR0042,TN Heights,TN,41636,2018-09-13,500000,Active
CU001962,Cornerstone Inc,Distributor,R04,SR0009,NM Heights,NM,34532,2021-03-25,500000,Active
CU001963,  Summit Homes ,Distributor,R04,SR0194,OK City,OK,20218,2019-09-13,1000000,Active
CU001964,Dream Supply,Builder,R03,SR0043,OH City,OH,87120,2025-02-18,50000,Active
CU001965,Pioneer Materials,Contractor,R04,SR0074,OK Heights,OK,12116,2020-09-03,250000,Active
CU001966,Home Development,Retailer,R02,SR0127,NC Metro,NC,31522,2017-09-14,25000,Active
CU001967,Home Contracting,Distributor,R04,SR0119,NM Metro,NM,59400,2019-10-06,250000,Active
CU001968,Atlas Inc,Retailer,R04,SR0069,AZ Metro,AZ,56753,2020-12-29,25000,Active
CU001969,Evergreen Group,Contractor,R05,SR0060,WA Heights,WA,44433,2017-04-18,250000,Active
CU001970,Cornerstone Materials,Retailer,R02,SR0002,TN Metro,TN,37300,2020-03-27,50000,Active
CU001971,Dream LLC,Builder,R03,SR0153,WI Metro,WI,39975,2019-08-15,50000,Active
CU001972,Cornerstone Builders,Builder,R01,SR0086,PA Metro,PA,73203,2021-01-04,250000,Active
CU001973,Metro LLC,Contractor,R01,SR0186,NJ Metro,NJ,51525,2020-03-31,250000,Active
CU001974,Pioneer Group,Retailer,R01,SR0091,CT Metro,CT,65695,2022-08-19,50000,Active
CU001975,Skyline Builders,Contractor,R01,SR0171,NJ City,NJ,86322,2019-10-22,250000,Active
CU001976,Dream Builders,Distributor,R02,SR0172,SC Metro,SC,11937,2018-02-03,250000,Active
CU001977,Metro Materials,Contractor,R01,SR0126,CT Heights,CT,26891,2021-07-24,1000000,Active
CU001978,Evergreen Supply,Builder,R05,SR0140,CA City,CA,19450,2017-02-20,500000,Active
CU001979,Build Contracting,Retailer,R04,SR0059,TX City,TX,66588,2024-10-19,50000,Active
CU001980,Cornerstone Builders,Contractor,R01,SR0051,PA City,PA,30106,2018-02-27,100000,Active
CU001981,Atlas Inc,Builder,R03,SR0103,IL Metro,IL,22510,2019-04-23,1000000,Active
CU001982,Home Construction,Builder,R05,SR0045,WA City,WA,51879,2019-01-25,50000,Active
CU001983,Evergreen Construction,Contractor,R02,SR0122,FL Metro,FL,96934,2018-04-12,50000,Active
CU001984,Skyline Inc,Distributor,R02,SR0097,NC Heights,NC,39861,2018-04-24,50000,Active
CU001985,Urban Homes,Distributor,R02,SR0192,GA City,GA,53680,2020-05-07,100000,Active
CU001986,Dream Development,Contractor,R03,SR0138,WI Metro,WI,66367,2025-03-08,25000,Active
CU001987,Evergreen Group,Retailer,R05,SR0140,OR City,OR,41785,2018-12-28,250000,Active
CU001988,Prime Materials,Retailer,R05,SR0115,CO City,CO,60285,2023-04-24,250000,Active
CU001989,Urban Supply,Distributor,R01,SR0121,PA Metro,PA,76964,2020-05-14,50000,Active
CU001990,Skyline Homes,Retailer,R01,SR0116,PA Metro,PA,58610,2021-06-02,50000,Active
CU001991,Skyline LLC,Retailer,R04,SR0074,NM Heights,NM,63440,2025-05-22,100000,Active
CU001992,Summit Group,Contractor,R02,SR0062,GA Metro,GA,29757,2018-10-04,1000000,Active
CU001993,Urban Development,Distributor,R04,SR0179,OK City,OK,96422,2019-10-07,50000,Active
CU001994,Cornerstone LLC,Contractor,R05,SR0035,CA Metro,CA,84122,2021-08-28,250000,Active
CU001995,Prime Homes,Contractor,R01,SR0161,PA City,PA,77537,2017-04-30,25000,Active
CU001996,Dream Homes,Contractor,R02,SR0067,FL Metro,FL,31764,2020-01-27,250000,Active
CU001997,Cornerstone Construction,Builder,R05,SR0155,UT Metro,UT,28341,2018-04-28,500000,Active
CU001998,Atlas Development,Retailer,R02,SR0127,FL Metro,FL,67936,2018-08-14,50000,Active
CU001999,Summit Supply,Retailer,R05,SR0095,WA Metro,WA,35068,2017-02-16,100000,Active
CU002000,Evergreen Builders,Distributor,R02,SR0082,SC Heights,SC,24396,2025-01-22,500000,Active
CU002001,Summit Group,Builder,R03,SR0028,WI Metro,WI,13352,2019-06-14,500000,Active
CU002002,Prime Homes,Contractor,R03,SR0038,OH Heights,OH,55862,2021-07-02,25000,Active
CU002003,Atlas Construction,Retailer,R02,SR0087,TN Heights,TN,20656,2019-06-02,1000000,Active
CU002004,Home LLC,Retailer,R04,SR0069,OK Metro,OK,46889,2017-12-29,1000000,Active
CU002005,Skyline Construction,Distributor,R01,SR0156,NJ Metro,NJ,42905,2017-02-12,500000,Active
CU002006,Evergreen Builders,Builder,R03,SR0188,WI Heights,WI,16233,2017-06-08,1000000,Active
CU002007,Prime Homes,Contractor,R02,SR0132,TN Heights,TN,14322,2019-10-07,250000,Active
CU002008,Metro Materials,Builder,R03,SR0063,OH City,OH,44227,2020-07-31,100000,Active
CU002009,Pioneer Inc,Contractor,R02,SR0017,FL Metro,FL,22604,2019-04-22,1000000,Active
CU002010,Pioneer Builders,Builder,R05,SR0030,CO City,CO,21325,2024-11-29,100000,Active
CU002011,Dream Development,Contractor,R01,SR0096,CT Heights,CT,97688,2020-03-31,25000,Active
CU002012,Evergreen Development,Builder,R01,SR0171,NJ City,NJ,73514,2021-11-22,250000,Active
CU002013,Home Homes,Contractor,R04,SR0159,NV Metro,NV,19404,2017-06-03,250000,Active
CU002014,Summit Builders,Contractor,R04,SR0039,NM Heights,NM,47521,2020-11-27,1000000,Active
CU002015,Urban Supply,Builder,R03,SR0078,IL City,IL,63865,2021-05-11,25000,Active
CU002016,Urban Contracting,Retailer,R01,SR0081,MA Heights,MA,33003,2017-11-04,100000,Active
CU002017,Pioneer Builders,Retailer,R01,SR0116,NY Heights,NY,71150,2022-11-03,100000,Active
CU002018,Home LLC,Retailer,R05,SR0125,OR Metro,OR,88365,2018-03-11,500000,Active
CU002019,Evergreen Homes,Builder,R05,SR0145,OR Metro,OR,57718,2019-01-25,100000,Active
CU002020,Summit Contracting,Distributor,R04,SR0049,TX Metro,TX,57398,2017-02-02,250000,Active
CU002021,  Home Development ,Distributor,R04,SR0014,TX Heights,TX,39161,2019-01-08,25000,Active
CU002022,Prime Construction,Distributor,R03,SR0163,IL Heights,IL,,2023-01-27,250000,Active
CU002023,Pioneer Contracting,Contractor,R05,SR0090,CA Heights,CA,11010,2018-05-14,25000,Active
CU002024,Metro Contracting,Retailer,R03,SR0073,OH City,OH,82884,2022-04-14,50000,Active
CU002025,  Atlas Inc ,Retailer,R03,SR0063,OH Heights,OH,14187,2022-01-27,100000,Active
CU002026,Cornerstone Builders,Retailer,R05,SR0120,CA City,CA,55485,2019-03-07,25000,Active
CU002027,Metro Inc,Contractor,R03,SR0053,IN City,IN,11003,2024-03-04,1000000,Active
CU002028,Pioneer LLC,Contractor,R03,SR0013,IN Heights,IN,26728,2017-04-08,500000,Active
CU002029,Urban Supply,Contractor,R03,SR0093,IL Heights,IL,90381,2024-05-10,1000000,Active
CU002030,Pioneer Development,Contractor,R03,SR0178,MI Metro,MI,92419,2024-03-12,250000,Active
CU002031,Summit Supply,Contractor,R05,SR0075,UT Heights,UT,75237,2024-07-22,25000,Active
CU002032,Evergreen Contracting,Distributor,R02,SR0187,SC Heights,SC,96593,2019-10-24,25000,Active
CU002033,Urban Materials,Retailer,R02,SR0182,SC Heights,SC,55151,2024-10-29,25000,Active
CU002034,Cornerstone Construction,Contractor,R01,SR0056,CT Metro,CT,89002,2024-09-25,500000,Active
CU002035,Metro Homes,Retailer,R03,SR0168,MI City,MI,,2021-09-18,500000,Active
CU002036,Urban Group,Distributor,R04,SR0144,AZ City,AZ,20878,2018-01-17,100000,Active
CU002037,Home Inc,Contractor,R02,SR0177,SC Heights,SC,17679,2022-09-29,25000,Active
CU002038,Atlas Contracting,Distributor,R03,SR0128,OH Metro,OH,62136,2019-01-09,500000,Active
CU002039,Dream Supply,Contractor,R03,SR0093,IL Heights,IL,42837,2017-05-11,1000000,Active
CU002040,Prime Materials,Retailer,R03,SR0043,IL Metro,IL,62208,2020-07-15,100000,Active
CU002041,Dream Group,Retailer,R04,SR0009,NM Heights,NM,59653,2022-01-27,250000,Active
CU002042,Dream Inc,Builder,R01,SR0071,NY City,NY,98559,2017-12-05,1000000,Active
CU002043,Skyline Construction,Contractor,R03,SR0168,WI City,WI,28326,2021-12-18,250000,Active
CU002044,Atlas Contracting,Builder,R02,SR0092,FL Metro,FL,13465,2018-05-04,50000,Active
CU002045,Summit Inc,Retailer,R03,SR0058,OH Heights,OH,10649,2025-06-06,250000,Active
CU002046,Dream LLC,Contractor,R01,SR0071,NY City,NY,79682,2019-01-28,500000,Active
CU002047,Atlas Construction,Builder,R02,SR0032,FL Metro,FL,41373,2022-06-28,1000000,Active
CU002048,Build Construction,Distributor,R05,SR0195,CO City,CO,34091,2018-02-12,25000,Active
CU002049,Cornerstone Development,Retailer,R04,SR0109,AZ City,AZ,18387,2017-01-11,250000,Active
CU002050,Build Development,Builder,R04,SR0049,NV Heights,NV,55105,2025-05-01,50000,Active
CU002051,Metro Builders,Builder,R02,SR0147,FL Metro,FL,59393,2021-12-24,250000,Active
CU002052,Skyline Inc,Distributor,R01,SR0091,NJ Heights,NJ,23685,2021-10-19,100000,Active
CU002053,Dream Group,Builder,R04,SR0019,OK Metro,OK,64799,2023-03-19,100000,Active
CU002054,Summit Builders,Contractor,R01,SR0176,PA Metro,PA,91913,2024-07-28,25000,Active
CU002055,Pioneer Construction,Builder,R01,SR0176,MA Metro,MA,72629,2018-07-09,1000000,Active
CU002056,Metro Materials,Retailer,R02,SR0157,GA Heights,GA,19386,2024-04-04,25000,Active
CU002057,Prime Builders,Contractor,R05,SR0075,OR Metro,OR,29952,2017-04-29,250000,Active
CU002058,Metro Inc,Contractor,R02,SR0077,SC Metro,SC,29464,2019-04-29,500000,Active
CU002059,Evergreen LLC,Distributor,R02,SR0112,NC Metro,NC,59805,2025-06-20,500000,Active
CU002060,Metro Supply,Retailer,R05,SR0160,OR City,OR,75133,2019-05-12,1000000,Active
CU002061,Home Construction,Retailer,R05,SR0035,WA City,WA,56281,2019-01-24,25000,Active
CU002062,Dream Group,Builder,R04,SR0119,OK City,OK,46654,2022-06-26,25000,Active
CU002063,Pioneer Homes,Builder,R03,SR0123,IN Metro,IN,67840,2018-11-06,500000,Active
CU002064,Build Development,Builder,R03,SR0118,WI Metro,WI,28099,2023-05-14,25000,Active
CU002065,Prime Contracting,Distributor,R04,SR0174,NM Metro,NM,17108,2021-09-08,100000,Active
CU002066,Urban Construction,Retailer,R04,SR0074,AZ Heights,AZ,86586,2018-07-22,1000000,Active
CU002067,Summit Materials,Distributor,R01,SR0036,NY Heights,NY,34385,2022-03-06,100000,Active
CU002068,Cornerstone Inc,Retailer,R05,SR0115,CA Metro,CA,27949,2024-10-30,250000,Active
CU002069,Evergreen Inc,Builder,R01,SR0066,MA City,MA,22269,2019-09-23,50000,Active
CU002070,Build Inc,Distributor,R02,SR0047,SC Heights,SC,45353,2022-06-23,1000000,Active
CU002071,Summit Supply,Contractor,R04,SR0129,OK City,ok,78186,2018-07-21,50000,Active
CU002072,Metro Development,Builder,R02,SR0167,FL City,FL,43177,2019-04-19,100000,Active
CU002073,Build LLC,Contractor,R02,SR0182,SC Metro,SC,80812,2024-10-27,250000,Active
CU002074,Evergreen Development,Builder,R02,SR0107,SC City,SC,47491,2017-04-09,1000000,Active
CU002075,Cornerstone Construction,Contractor,R05,SR0090,OR Metro,OR,34614,2023-04-29,500000,Active
CU002076,Prime Materials,Contractor,R02,SR0002,NC City,NC,24381,2023-01-25,25000,Active
CU002077,Evergreen Construction,Retailer,R01,SR0161,NY Heights,NY,93631,2019-09-19,500000,Active
CU002078,Urban Builders,Contractor,R01,SR0121,PA Metro,PA,53276,2020-01-30,500000,Active
CU002079,Urban Materials,Contractor,R05,SR0100,WA Metro,WA,35832,2021-07-10,250000,Active
CU002080,Prime Group,Contractor,R05,SR0095,OR Metro,OR,69087,2018-09-26,250000,Active
CU002081,Cornerstone LLC,Contractor,R04,SR0194,TX Metro,TX,36765,2018-03-14,500000,Active
CU002082,Summit Builders,Distributor,R03,SR0138,WI Metro,WI,84879,2020-12-30,500000,Active
CU002083,Summit Builders,Retailer,R05,SR0065,UT City,UT,15463,2023-01-06,50000,Active
CU002084,Evergreen LLC,Builder,R02,SR0082,NC City,NC,55583,2023-02-13,100000,Active
CU002085,Atlas Inc,Distributor,R03,SR0078,OH Metro,OH,76739,2024-05-25,50000,Active
CU002086,Metro Construction,Distributor,R02,SR0152,FL Metro,FL,53286,2021-10-19,100000,Active
CU002087,Skyline Construction,Distributor,R05,SR0070,CO Heights,CO,77559,2019-01-03,25000,Active
CU002088,Evergreen Supply,Contractor,R04,SR0189,OK Metro,OK,19126,2018-11-06,500000,Active
CU002089,Summit Builders,Builder,R03,SR0118,OH Heights,OH,10579,2017-02-01,100000,Active
CU002090,Build Group,Builder,R05,SR0045,UT Metro,UT,39328,2022-06-05,1000000,Active
CU002091,Metro Development,Distributor,R04,SR0039,OK Metro,OK,26812,2019-03-24,25000,Active
CU002092,Prime Contracting,Builder,R01,SR0001,CT City,CT,28554,2020-04-24,250000,Active
CU002093,Cornerstone Group,Distributor,R03,SR0018,IN City,IN,96797,2018-05-08,100000,Active
CU002094,Summit Materials,Distributor,R05,SR0155,UT Heights,UT,66951,2021-07-24,25000,Active
CU002095,Evergreen Homes,Contractor,R03,SR0198,IL Heights,IL,40740,2017-03-13,1000000,Active
CU002096,Dream Homes,Builder,R05,SR0055,OR City,OR,57779,2024-10-15,100000,Active
CU002097,Home Supply,Retailer,R02,SR0187,GA City,GA,11741,2022-05-13,25000,Active
CU002098,Pioneer Inc,Contractor,R02,SR0037,SC City,SC,53090,2017-10-11,100000,Active
CU002099,Metro Construction,Retailer,R04,SR0004,AZ Metro,AZ,55698,2022-04-04,25000,Active
CU002100,Skyline Materials,Contractor,R03,SR0178,WI Metro,WI,75587,2023-09-25,50000,Active
CU002101,Pioneer Inc,Distributor,R02,SR0182,FL Metro,FL,43049,2024-02-09,250000,Active
CU002102,Build Supply,Distributor,R04,SR0079,NM Heights,NM,74861,2021-09-30,50000,Active
CU002103,Summit LLC,Distributor,R03,SR0048,OH Heights,OH,87626,2024-07-06,100000,Active
CU002104,Cornerstone Contracting,Distributor,R02,SR0012,NC City,NC,61265,2017-03-13,25000,Active
CU002105,Urban Development,Builder,R03,SR0008,IL Heights,IL,28774,2025-03-08,500000,Active
CU002106,Evergreen Supply,Contractor,R01,SR0101,NY City,NY,36315,2017-08-21,250000,Active
CU002107,Atlas Supply,Retailer,R01,SR0166,CT City,CT,68113,2022-12-18,500000,Active
CU002108,Cornerstone Development,Builder,R01,SR0071,NY Heights,NY,81271,2024-01-04,100000,Active
CU002109,Home Supply,Distributor,R01,SR0071,CT Heights,CT,64677,2021-06-02,25000,Active
CU002110,Prime Contracting,Retailer,R02,SR0007,TN Heights,TN,98392,2023-06-02,500000,Active
CU002111,Build Materials,Contractor,R03,SR0083,IN Heights,IN,38873,2017-05-29,250000,Active
CU002112,Atlas Homes,Retailer,R03,SR0078,WI City,WI,36581,2018-07-26,25000,Active
CU002113,Home Contracting,Retailer,R01,SR0036,CT Heights,CT,89482,2024-04-06,1000000,Active
CU002114,Pioneer Builders,Builder,R01,SR0156,NJ Metro,NJ,72746,2021-08-03,250000,Active
CU002115,Evergreen Materials,Builder,R02,SR0167,SC Heights,SC,95818,2022-02-27,1000000,Active
CU002116,Summit Homes,Builder,R04,SR0054,AZ Heights,AZ,77465,2022-01-08,50000,Active
CU002117,Dream LLC,Contractor,R04,SR0104,TX Metro,TX,88935,2022-03-15,50000,Active
CU002118,Atlas LLC,Distributor,R03,SR0078,WI Heights,WI,52396,2018-09-16,100000,Active
CU002119,Home Construction,Contractor,R04,SR0159,NM Heights,NM,34636,2020-07-22,250000,Active
CU002120,Pioneer Builders,Builder,R01,SR0091,NJ Heights,NJ,60794,2023-05-31,25000,Active
CU002121,Urban Builders,Retailer,R01,SR0111,NY Heights,NY,67855,2022-11-23,250000,Active
CU002122,Build Inc,Distributor,R04,SR0119,TX City,TX,45359,2023-04-18,25000,Active
CU002123,Evergreen Supply,Contractor,R04,SR0149,NM Heights,NM,28519,2025-03-14,25000,Active
CU002124,Evergreen LLC,Contractor,R02,SR0002,NC Heights,NC,91993,2021-07-03,25000,Active
CU002125,Skyline Supply,Contractor,R05,SR0060,OR City,OR,37632,2021-04-24,50000,Active
CU002126,Skyline Construction,Distributor,R02,SR0157,FL City,FL,44298,2018-07-23,1000000,Active
CU002127,Pioneer Development,Contractor,R03,SR0118,WI Metro,WI,52812,2024-03-14,50000,Active
CU002128,Summit Group,Builder,R03,SR0193,MI Metro,MI,59863,2021-01-22,100000,Active
CU002129,Urban Builders,Distributor,R03,SR0073,MI Metro,MI,95893,2020-12-20,100000,Active
CU002130,Skyline Development,Distributor,R05,SR0090,WA Heights,WA,39968,2024-01-25,500000,Active
CU002131,Summit Development,Distributor,R02,SR0067,SC Metro,SC,41501,2022-04-21,250000,Active
CU002132,Atlas Development,Builder,R03,SR0003,WI Metro,WI,95255,2024-05-14,500000,Active
CU002133,Cornerstone Materials,Retailer,R03,SR0138,MI City,MI,14151,2020-07-31,500000,Active
CU002134,Dream LLC,Contractor,R01,SR0011,PA Heights,PA,70749,2022-02-19,500000,Active
CU002135,Atlas Construction,Builder,R02,SR0192,NC City,NC,68567,2023-08-15,50000,Active
CU002136,Evergreen Construction,Retailer,R03,SR0113,MI Heights,MI,13745,2018-03-27,1000000,Active
CU002137,Cornerstone Construction,Contractor,R03,SR0043,IL Heights,IL,55022,2020-06-30,1000000,Active
CU002138,Pioneer Inc,Builder,R02,SR0022,NC City,NC,99624,2025-06-02,50000,Active
CU002139,Cornerstone Builders,Retailer,R04,SR0064,NV Metro,NV,41326,2018-11-15,25000,Active
CU002140,Dream LLC,Retailer,R04,SR0149,NM City,NM,98558,2018-03-31,100000,Active
CU002141,Metro Supply,Contractor,R01,SR0156,CT Metro,CT,98722,2019-11-30,50000,Active
CU002142,Skyline Materials,Retailer,R04,SR0029,TX Heights,TX,72473,2021-01-04,500000,Active
CU002143,Build Homes,Distributor,R03,SR0148,OH Heights,OH,34441,2019-03-30,1000000,Active
CU002144,Dream Builders,Builder,R02,SR0122,SC Metro,SC,72341,2021-10-09,25000,Active
CU002145,Metro Development,Distributor,R03,SR0138,IL City,IL,76999,2018-10-17,25000,Active
CU002146,Atlas Supply,Builder,R01,SR0016,CT Heights,CT,66555,2023-12-09,250000,Active
CU002147,Pioneer Construction,Builder,R05,SR0140,OR City,OR,14258,2018-05-28,1000000,Active
CU002148,Skyline Development,Contractor,R04,SR0034,OK City,OK,79601,2020-06-17,50000,Active
CU002149,Dream Construction,Retailer,R05,SR0095,OR City,OR,89666,2017-07-09,1000000,Active
CU002150,Skyline Development,Distributor,R02,SR0077,TN City,TN,57423,2019-01-27,25000,Active
CU002151,Urban Development,Contractor,R05,SR0040,UT City,UT,47386,2022-11-06,1000000,Active
CU002152,Urban Supply,Builder,R02,SR0137,NC City,NC,21082,2024-06-14,500000,Active
CU002153,Evergreen Builders,Distributor,R05,SR0040,CO Metro,CO,63477,2023-10-14,1000000,Active
CU002154,Skyline Contracting,Contractor,R02,SR0022,SC Metro,SC,66015,2025-03-14,250000,Active
CU002155,Dream Builders,Retailer,R05,SR0200,CO City,CO,42268,2021-12-19,50000,Active
CU002156,Build Materials,Distributor,R02,SR0152,SC Metro,SC,77350,2024-03-20,25000,Active
CU002157,Prime Materials,Contractor,R03,SR0198,MI Heights,MI,17402,2018-12-29,1000000,Active
CU002158,Metro Supply,Retailer,R01,SR0121,NY Heights,NY,82738,2024-02-27,1000000,Active
CU002159,Metro Homes,Contractor,R03,SR0193,IL City,IL,61983,2020-01-20,100000,Active
CU002160,Summit Group,Builder,R01,SR0066,CT Heights,CT,49006,2019-09-11,100000,Active
CU002161,Prime Supply,Contractor,R04,SR0034,NV Heights,NV,97166,2025-06-01,25000,Active
CU002162,Summit Construction,Builder,R03,SR0078,IL City,il,50698,2023-01-03,100000,Active
CU002163,Build LLC,Distributor,R05,SR0080,WA Metro,WA,99802,2022-11-13,50000,Active
CU002164,Skyline LLC,Distributor,R01,SR0131,MA City,MA,97499,2019-10-03,25000,Active
CU002165,Metro Inc,Contractor,R04,SR0149,NV City,NV,94936,2017-06-25,1000000,Active
CU002166,Cornerstone Builders,Distributor,R01,SR0026,PA City,PA,72113,2019-09-16,100000,Active
CU002167,Evergreen LLC,Contractor,R03,SR0008,WI Metro,WI,52027,2022-12-08,1000000,Active
CU002168,Atlas Development,Distributor,R03,SR0188,IL City,IL,49837,2023-10-17,25000,Active
CU002169,Urban Homes,Contractor,R04,SR0129,AZ Heights,AZ,88648,2019-08-26,100000,Active
CU002170,Evergreen LLC,Retailer,R04,SR0039,OK Heights,OK,28529,2021-06-30,1000000,Active
CU002171,Pioneer LLC,Distributor,R01,SR0126,NY Heights,NY,13310,2018-02-08,250000,Active
CU002172,Home Construction,Retailer,R02,SR0152,TN Heights,TN,28322,2024-06-25,1000000,Active
CU002173,Summit Contracting,Contractor,R04,SR0099,TX Metro,Texas,36842,2017-10-21,250000,Active
CU002174,Evergreen Builders,Distributor,R04,SR0099,OK City,OK,48734,2022-12-19,50000,Active
CU002175,Build Development,Distributor,R04,SR0084,AZ Metro,AZ,59428,2017-03-31,250000,Active
CU002176,Build Construction,Builder,R02,SR0177,SC Heights,SC,38821,2021-07-03,50000,Active
CU002177,Cornerstone Contracting,Distributor,R02,SR0182,FL Metro,FL,87838,2017-08-25,50000,Active
CU002178,Prime Construction,Builder,R04,SR0074,NM Heights,NM,16537,2023-06-30,100000,Active
CU002179,Dream LLC,Contractor,R01,SR0141,NJ Heights,NJ,72890,2023-01-07,50000,Active
CU002180,Evergreen Construction,Retailer,R01,SR0186,MA Heights,MA,72974,2023-06-20,250000,Active
CU002181,Atlas Inc,Distributor,R04,SR0199,NM Heights,NM,31132,2018-05-24,250000,Active
CU002182,Summit Materials,Contractor,R01,SR0131,PA Heights,PA,22441,2017-02-08,100000,Active
CU002183,Evergreen Materials,Contractor,R04,SR0069,TX Metro,TX,41883,2018-11-20,1000000,Active
CU002184,Dream Homes,Distributor,R05,SR0115,CO Metro,CO,88208,2023-04-16,250000,Active
CU002185,Metro Inc,Builder,R05,SR0185,CA City,CA,86709,2024-10-28,50000,Active
CU002186,Prime Homes,Builder,R01,SR0001,NJ City,NJ,55620,2018-04-16,250000,Active
CU002187,Prime Supply,Contractor,R04,SR0064,AZ Heights,AZ,90467,2025-06-17,250000,Active
CU002188,Skyline Group,Retailer,R01,SR0191,PA Heights,PA,88823,2022-08-25,25000,Active
CU002189,Evergreen Inc,Distributor,R02,SR0132,NC Heights,NC,81848,2020-02-15,50000,Active
CU002190,Urban Materials,Builder,R02,SR0047,TN Heights,TN,45694,2020-08-14,50000,Active
CU002191,Summit Contracting,Builder,R05,SR0085,CA Heights,CA,23932,2021-07-21,250000,Active
CU002192,Skyline Inc,Retailer,R01,SR0171,NJ Heights,NJ,56924,2020-07-27,250000,Active
CU002193,Build Inc,Retailer,R02,SR0122,FL Metro,FL,71642,2023-12-22,50000,Active
CU002194,Atlas LLC,Builder,R01,SR0096,CT Metro,CT,92527,2024-11-17,100000,Active
CU002195,Evergreen Builders,Builder,R01,SR0061,MA Metro,MA,76613,2023-12-22,100000,Active
CU002196,Pioneer Contracting,Contractor,R04,SR0144,AZ Metro,AZ,96096,2024-12-03,25000,Active
CU002197,Dream Development,Builder,R02,SR0052,NC City,NC,90835,2017-09-09,1000000,Active
CU002198,Urban Development,Retailer,R04,SR0079,AZ City,AZ,22339,2020-04-03,250000,Active
CU002199,Dream Construction,Retailer,R03,SR0178,OH Metro,OH,46636,2017-01-30,100000,Active
CU002200,Cornerstone Builders,Retailer,R05,SR0135,OR Metro,OR,77469,2021-09-03,100000,Active
CU002201,Prime Development,Contractor,R03,SR0183,IL Heights,IL,35218,2019-02-28,100000,Active
CU002202,Dream Development,Builder,R04,SR0099,TX Metro,TX,22234,2021-04-29,1000000,Active
CU002203,Summit Materials,Builder,R01,SR0061,NJ City,NJ,33755,2017-05-25,100000,Active
CU002204,Summit Homes,Retailer,R02,SR0122,GA Metro,GA,65499,2019-08-16,1000000,Active
CU002205,Home Builders,Builder,R02,SR0027,TN Metro,TN,91934,2023-10-30,500000,Active
CU002206,Home Contracting,Builder,R01,SR0096,CT City,CT,59616,2020-01-12,50000,Active
CU002207,Metro LLC,Contractor,R04,SR0099,AZ City,AZ,41212,2025-04-10,1000000,Active
CU002208,Cornerstone Construction,Builder,R05,SR0200,CO Metro,CO,57444,2025-02-27,100000,Active
CU002209,Metro Materials,Contractor,R05,SR0200,WA Metro,WA,68951,2023-06-24,50000,Active
CU002210,Urban Inc,Builder,R03,SR0168,OH Heights,OH,72862,2023-05-21,500000,Active
CU002211,Skyline Materials,Distributor,R04,SR0094,NV Metro,NV,71646,2018-05-26,100000,Active
CU002212,Atlas Inc,Builder,R05,SR0005,UT City,UT,27874,2020-01-31,25000,Active
CU002213,Summit LLC,Retailer,R03,SR0128,WI Heights,WI,66321,2022-02-15,1000000,Active
CU002214,Cornerstone Construction,Retailer,R01,SR0031,MA Heights,MA,66784,2023-12-20,250000,Active
CU002215,Metro Development,Retailer,R04,SR0009,TX City,TX,68724,2021-09-12,50000,Active
CU002216,Metro LLC,Retailer,R04,SR0109,NM City,NM,12621,2019-12-05,25000,Active
CU002217,Skyline Materials,Retailer,R05,SR0095,WA City,WA,93841,2017-03-18,1000000,Active
CU002218,Summit Inc,Builder,R03,SR0108,MI City,MI,40058,2024-12-26,250000,Active
CU002219,Pioneer LLC,Contractor,R03,SR0138,OH Heights,OH,53402,2018-06-17,25000,Active
CU002220,Urban Group,Retailer,R03,SR0078,IL Heights,IL,32600,2022-10-08,500000,Active
CU002221,Home Inc,Distributor,R01,SR0166,MA City,MA,63373,2019-03-14,1000000,Active
CU002222,Cornerstone Builders,Distributor,R03,SR0073,WI Metro,WI,20415,2023-09-29,25000,Active
CU002223,Home LLC,Distributor,R03,SR0068,IL Heights,IL,29323,2022-02-26,25000,Active
CU002224,Skyline Homes,Distributor,R03,SR0153,WI Metro,WI,29225,2019-06-03,25000,Active
CU002225,Evergreen Inc,Builder,R03,SR0093,MI Heights,MI,76672,2019-08-11,50000,Active
CU002226,Skyline Materials,Contractor,R01,SR0046,CT City,CT,65270,2022-01-12,50000,Active
CU002227,Urban Group,Builder,R02,SR0097,FL Metro,FL,66099,2021-05-09,100000,Active
CU002228,Cornerstone Construction,Distributor,R02,SR0172,SC Metro,SC,82649,2019-12-22,100000,Active
CU002229,Home Supply,Retailer,R04,SR0089,NM Heights,NM,75855,2019-02-19,1000000,Active
CU002230,Pioneer Homes,Builder,R04,SR0009,OK Metro,OK,83082,2017-04-03,50000,Active
CU002231,Home Inc,Distributor,R04,SR0114,OK Metro,OK,36177,2019-05-01,25000,Active
CU002232,Build Construction,Retailer,R02,SR0187,FL Heights,FL,46406,2021-06-20,25000,Active
CU002233,Home Development,Distributor,R03,SR0078,WI City,WI,78856,2021-02-05,1000000,Active
CU002234,Dream Homes,Contractor,R02,SR0062,NC City,NC,14180,2017-05-31,1000000,Active
CU002235,Prime Builders,Retailer,R03,SR0183,IN City,IN,42180,2021-09-23,1000000,Active
CU002236,Atlas Inc,Contractor,R01,SR0191,NJ Heights,NJ,51203,2024-08-28,500000,Active
CU002237,Summit Homes,Contractor,R03,SR0143,WI City,WI,50162,2022-09-23,100000,Active
CU002238,Cornerstone Group,Distributor,R04,SR0004,NV Metro,NV,63950,2023-02-21,100000,Active
CU002239,Dream Materials,Contractor,R02,SR0117,TN City,TN,88695,2020-02-06,1000000,Active
CU002240,Cornerstone Contracting,Contractor,R02,SR0072,GA Heights,GA,34370,2020-07-16,25000,Active
CU002241,Metro Homes,Contractor,R03,SR0078,IN Heights,IN,30390,2019-06-05,500000,Active
CU002242,Home Group,Contractor,R01,SR0121,CT Metro,CT,41933,2019-11-04,25000,Active
CU002243,  Pioneer Development ,Retailer,R04,SR0054,NV Metro,NV,26803,2020-03-01,100000,Active
CU002244,Skyline LLC,Distributor,R01,SR0051,NJ Heights,NJ,39577,2021-08-22,1000000,Active
CU002245,Skyline Builders,Contractor,R03,SR0098,IN Metro,IN,58033,2018-08-02,25000,Active
CU002246,Summit Materials,Retailer,R03,SR0063,WI Metro,WI,20293,2024-02-26,100000,Active
CU002247,Urban Materials,Retailer,R02,SR0177,FL Metro,FL,91248,2024-12-01,500000,Active
CU002248,Urban LLC,Builder,R01,SR0121,NY Heights,NY,24496,2019-06-01,100000,Active
CU002249,Home LLC,Contractor,R05,SR0190,WA City,WA,84965,2025-03-19,50000,Active
CU002250,Summit Supply,Builder,R01,SR0021,NY Heights,NY,89521,2018-02-26,100000,Active
CU002251,Skyline Construction,Builder,R05,SR0150,OR Heights,OR,23317,2022-04-19,1000000,Active
CU002252,Cornerstone Homes,Retailer,R02,SR0027,NC City,NC,42697,2021-01-24,100000,Active
CU002253,Build Supply,Contractor,R02,SR0102,FL City,FL,50279,2024-07-14,50000,Active
CU002254,Atlas LLC,Distributor,R01,SR0131,NJ Heights,NJ,51007,2019-08-31,100000,Active
CU002255,Cornerstone Contracting,Retailer,R03,SR0038,MI Metro,MI,22881,2020-10-29,500000,Active
CU002256,Prime Inc,Distributor,R02,SR0097,FL Metro,FL,23497,2024-03-09,1000000,Active
CU002257,Cornerstone LLC,Contractor,R04,SR0009,NV City,NV,30976,2021-07-15,25000,Active
CU002258,Dream Builders,Builder,R05,SR0165,WA Metro,WA,75433,2024-04-17,50000,Active
CU002259,Build LLC,Contractor,R04,SR0124,NV Heights,NV,45519,2025-05-13,50000,Active
CU002260,Dream Materials,Builder,R01,SR0181,NJ Metro,NJ,27389,2018-10-09,50000,Active
CU002261,Metro Materials,Distributor,R02,SR0147,FL City,FL,26884,2018-05-16,100000,Active
CU002262,Urban Contracting,Contractor,R02,SR0027,TN Metro,TN,15858,2024-12-03,100000,Active
CU002263,Build Development,Retailer,R02,SR0007,TN Metro,TN,32741,2017-02-22,250000,Active
CU002264,Pioneer Homes,Contractor,R04,SR0154,NM Metro,NM,89559,2019-11-20,100000,Active
CU002265,Urban Homes,Distributor,R01,SR0186,CT Heights,CT,44024,2020-09-10,500000,Active
CU002266,Metro Group,Retailer,R03,SR0073,IN City,IN,76905,2021-10-10,500000,Active
CU002267,Summit Construction,Contractor,R05,SR0025,UT City,UT,26774,2017-12-28,50000,Active
CU002268,Home Group,Contractor,R01,SR0121,NY Heights,NY,46319,2025-06-15,25000,Active
CU002269,Build Supply,Retailer,R05,SR0070,UT City,UT,43600,2025-03-09,500000,Active
CU002270,Home Builders,Contractor,R02,SR0182,TN City,TN,25995,2021-01-21,100000,Active
CU002271,Skyline Inc,Builder,R02,SR0042,NC Metro,NC,22186,2024-03-04,500000,Active
CU002272,Evergreen Homes,Distributor,R01,SR0071,CT Metro,CT,82953,2024-01-12,50000,Active
CU002273,Evergreen Contracting,Builder,R05,SR0125,CO Metro,CO,31862,2018-10-13,1000000,Active
CU002274,Prime LLC,Retailer,R05,SR0175,WA Heights,WA,42174,2021-10-16,25000,Active
CU002275,Summit Group,Builder,R05,SR0140,OR Heights,OR,90060,2022-05-19,250000,Active
CU002276,Pioneer Materials,Distributor,R03,SR0103,MI Heights,MI,40284,2020-08-13,500000,Active
CU002277,Cornerstone Inc,Contractor,R03,SR0053,MI Heights,MI,80444,2024-09-10,500000,Active
CU002278,Dream Homes,Distributor,R01,SR0121,PA Heights,PA,25768,2021-10-05,1000000,Active
CU002279,Summit Materials,Distributor,R03,SR0088,MI City,MI,19429,2020-06-26,500000,Active
CU002280,Atlas Homes,Builder,R01,SR0141,CT Metro,CT,11040,2020-12-08,500000,Active
CU002281,Skyline Construction,Builder,R05,SR0040,WA City,WA,52897,2018-12-08,250000,Active
CU002282,Metro Supply,Distributor,R03,SR0168,OH City,OH,96876,2023-03-17,100000,Active
CU002283,Summit Construction,Retailer,R01,SR0166,CT Heights,CT,93069,2017-02-03,100000,Active
CU002284,Prime Materials,Distributor,R02,SR0177,GA Metro,GA,67492,2021-06-28,25000,Active
CU002285,Home Homes,Distributor,R04,SR0104,TX Metro,TX,55226,2017-06-17,100000,Active
CU002286,Summit Contracting,Distributor,R05,SR0090,CO Metro,CO,16301,2024-10-24,1000000,Active
CU002287,Atlas Contracting,Builder,R03,SR0023,WI Heights,WI,55747,2022-08-16,25000,Active
CU002288,Urban Supply,Retailer,R03,SR0028,IL City,IL,12570,2023-02-27,100000,Active
CU002289,Summit Development,Retailer,R02,SR0122,FL City,FL,89605,2020-03-27,50000,Active
CU002290,Build Group,Contractor,R04,SR0179,TX Metro,TX,20772,2023-10-23,500000,Active
CU002291,Urban Builders,Retailer,R05,SR0155,CA Metro,CA,98812,2023-10-11,100000,Active
CU002292,Home Inc,Retailer,R02,SR0032,NC City,NC,78159,2024-06-08,250000,Active
CU002293,Summit Materials,Contractor,R05,SR0145,CO Metro,CO,51843,2021-01-21,250000,Active
CU002294,Evergreen Supply,Distributor,R03,SR0198,MI Heights,MI,50097,2024-05-16,100000,Active
CU002295,Dream Contracting,Contractor,R04,SR0134,TX Metro,TX,86318,2022-06-18,500000,Active
CU002296,Skyline Materials,Contractor,R04,SR0039,AZ Metro,AZ,71160,2018-03-26,100000,Active
CU002297,Pioneer Supply,Contractor,R01,SR0081,PA Heights,PA,90551,2024-05-24,250000,Active
CU002298,Urban Materials,Builder,R03,SR0043,WI Metro,WI,75599,2020-11-04,50000,Active
CU002299,Metro Materials,Retailer,R03,SR0033,IN Metro,IN,59033,2018-09-14,250000,Active
CU002300,Urban LLC,Retailer,R02,SR0117,GA Heights,GA,98362,2022-06-14,100000,Active
CU002301,Prime Homes,Retailer,R05,SR0120,OR Metro,OR,30366,2024-01-17,500000,Active
CU002302,Skyline Development,Distributor,R01,SR0051,NY Metro,NY,49398,2023-08-26,50000,Active
CU002303,Atlas Group,Retailer,R04,SR0159,TX Metro,TX,42185,2025-01-02,1000000,Active
CU002304,Cornerstone Supply,Contractor,R03,SR0013,WI Metro,WI,47145,2018-05-18,500000,Active
CU002305,Prime Construction,Contractor,R04,SR0194,TX City,TX,55604,2018-03-06,250000,Active
CU002306,Evergreen Development,Builder,R04,SR0149,TX Metro,TX,74078,2022-12-07,500000,Active
CU002307,Cornerstone Contracting,Distributor,R03,SR0033,MI Heights,MI,57862,2021-12-29,250000,Active
CU002308,Pioneer Supply,Distributor,R04,SR0064,AZ Metro,AZ,98317,2017-07-06,250000,Active
CU002309,Metro LLC,Retailer,R04,SR0044,TX Metro,TX,21190,2018-03-13,50000,Active
CU002310,Skyline Construction,Builder,R02,SR0022,TN City,TN,50617,2021-11-06,100000,Active
CU002311,Cornerstone Inc,Contractor,R04,SR0154,AZ Metro,AZ,18199,2019-03-14,1000000,Active
CU002312,Evergreen Homes,Contractor,R01,SR0071,NJ Metro,NJ,83494,2022-10-05,100000,Active
CU002313,Cornerstone Group,Builder,R02,SR0132,NC City,NC,44657,2022-09-06,50000,Active
CU002314,Prime Contracting,Retailer,R05,SR0190,CO Metro,CO,35706,2024-01-11,25000,Active
CU002315,Prime Inc,Builder,R02,SR0122,NC City,NC,94136,2020-09-26,25000,Active
CU002316,Home Development,Retailer,R05,SR0105,OR Metro,OR,58798,2020-02-22,250000,Active
CU002317,Cornerstone LLC,Distributor,R03,SR0168,IL City,IL,54906,2019-02-08,25000,Active
CU002318,Build Supply,Builder,R05,SR0110,CA Heights,CA,94943,2021-12-26,50000,Active
CU002319,Home Group,Contractor,R04,SR0034,NV Metro,NV,44101,2017-11-02,500000,Active
CU002320,Urban Development,Builder,R03,SR0063,WI City,WI,22772,2021-05-14,50000,Active
CU002321,Summit Development,Distributor,R01,SR0161,NY City,NY,73295,2024-06-02,250000,Active
CU002322,Pioneer Homes,Distributor,R04,SR0174,OK City,OK,89128,2024-09-23,50000,Active
CU002323,Dream Construction,Contractor,R01,SR0031,MA City,MA,78623,2024-05-14,250000,Active
CU002324,Skyline Construction,Retailer,R03,SR0123,IL Heights,IL,97986,2021-06-29,500000,Active
CU002325,Prime Inc,Builder,R03,SR0148,WI Metro,WI,62596,2023-11-01,100000,Active
CU002326,Atlas Group,Contractor,R01,SR0181,MA Metro,MA,40076,2024-11-28,25000,Active
CU002327,Metro Builders,Distributor,R05,SR0020,CO Heights,CO,58989,2023-02-10,25000,Active
CU002328,Pioneer Development,Builder,R02,SR0147,TN Metro,TN,53530,2024-02-25,25000,Active
CU002329,Build Contracting,Contractor,R04,SR0054,AZ Metro,AZ,65501,2023-03-05,250000,Active
CU002330,Build Contracting,Retailer,R05,SR0090,CO Metro,CO,89099,2023-02-12,500000,Active
CU002331,Atlas Builders,Retailer,R02,SR0062,TN Metro,TN,,2017-12-12,1000000,Active
CU002332,Atlas Supply,Contractor,R04,SR0084,NM Metro,NM,55240,2020-05-31,250000,Active
CU002333,Skyline Builders,Distributor,R01,SR0171,NJ City,NJ,58187,2023-05-09,50000,Active
CU002334,Pioneer Builders,Contractor,R05,SR0110,CA City,CA,74611,2019-02-27,500000,Active
CU002335,Build Inc,Distributor,R01,SR0161,PA Metro,PA,26982,2017-01-20,250000,Active
CU002336,Skyline LLC,Retailer,R03,SR0083,IL Metro,IL,37372,2018-04-18,500000,Active
CU002337,Evergreen Homes,Retailer,R05,SR0150,CO Metro,CO,11230,2024-05-11,250000,Active
CU002338,Evergreen Group,Distributor,R05,SR0075,CO Heights,CO,15846,2025-05-24,25000,Active
CU002339,Prime Construction,Retailer,R04,SR0084,NM Metro,NM,46818,2024-11-10,100000,Active
CU002340,Urban Homes,Contractor,R04,SR0174,AZ City,AZ,54683,2022-02-07,25000,Active
CU002341,Home Group,Distributor,R05,SR0190,UT Metro,UT,25383,2021-05-26,1000000,Active
CU002342,Cornerstone Materials,Distributor,R03,SR0093,IN Metro,IN,70468,2018-09-14,1000000,Active
CU002343,Home LLC,Contractor,R02,SR0182,SC Heights,SC,99168,2023-10-30,50000,Active
CU002344,Urban Homes,Builder,R05,SR0125,OR Heights,OR,,2024-04-16,500000,Active
CU002345,Summit LLC,Distributor,R04,SR0169,TX City,TX,91893,2022-02-12,50000,Active
CU002346,Evergreen Supply,Distributor,R04,SR0149,NV Metro,NV,63250,2023-08-11,25000,Active
CU002347,Pioneer Supply,Builder,R02,SR0027,SC City,SC,26148,2019-02-07,25000,Active
CU002348,Skyline Contracting,Builder,R01,SR0051,MA Heights,MA,99707,2019-06-03,100000,Active
CU002349,Summit Construction,Distributor,R05,SR0085,UT City,UT,13608,2023-05-08,100000,Active
CU002350,Atlas Materials,Distributor,R03,SR0003,OH Heights,OH,34999,2020-08-16,250000,Active
CU002351,Metro Materials,Retailer,R02,SR0027,TN Metro,TN,16364,2019-11-06,50000,Active
CU002352,Pioneer Materials,Contractor,R05,SR0095,UT Metro,UT,25263,2019-11-15,500000,Active
CU002353,Metro Construction,Builder,R02,SR0097,NC Metro,NC,68204,2021-02-04,50000,Active
CU002354,Metro LLC,Builder,R03,SR0178,IL Metro,IL,68540,2017-06-22,250000,Active
CU002355,Skyline Builders,Retailer,R02,SR0052,TN City,TN,14480,2023-04-14,25000,Active
CU002356,Evergreen Contracting,Builder,R04,SR0189,OK City,OK,71862,2022-10-29,500000,Active
CU002357,Dream Development,Distributor,R04,SR0024,AZ Heights,AZ,63568,2024-06-23,100000,Active
CU002358,Summit Construction,Distributor,R05,SR0100,CO Metro,CO,33953,2017-01-19,25000,Active
CU002359,Metro Group,Builder,R01,SR0011,PA City,PA,99754,2024-08-21,50000,Active
CU002360,Home Materials,Builder,R02,SR0157,FL City,FL,18758,2024-05-21,100000,Active
CU002361,Dream Group,Distributor,R01,SR0126,NJ Metro,NJ,12347,2024-08-21,250000,Active
CU002362,Build Supply,Retailer,R05,SR0090,CO Metro,CO,62198,2020-04-12,50000,Active
CU002363,Urban LLC,Builder,R05,SR0005,WA City,WA,28580,2021-06-18,500000,Active
CU002364,Home Materials,Distributor,R05,SR0020,CA Metro,CA,87911,2017-11-06,25000,Active
CU002365,Prime Inc,Contractor,R03,SR0163,WI Metro,WI,10913,2023-05-06,1000000,Active
CU002366,Dream Construction,Contractor,R04,SR0154,OK Heights,OK,55927,2023-04-23,1000000,Active
CU002367,Skyline Supply,Retailer,R02,SR0112,TN Heights,tn,84069,2023-06-15,50000,Active
CU002368,Dream Inc,Retailer,R02,SR0107,SC Heights,SC,55045,2020-08-14,500000,Active
CU002369,Evergreen Group,Distributor,R01,SR0066,NJ Metro,NJ,88845,2020-10-01,500000,Active
CU002370,Dream Development,Builder,R04,SR0039,NM Heights,NM,71308,2021-04-28,100000,Active
CU002371,Metro Supply,Distributor,R02,SR0027,NC Heights,NC,33306,2025-02-28,500000,Active
CU002372,Pioneer Group,Builder,R04,SR0139,AZ Heights,AZ,43801,2024-01-24,1000000,Active
CU002373,Pioneer Contracting,Distributor,R03,SR0148,MI Heights,MI,59334,2025-06-10,500000,Active
CU002374,Atlas Inc,Contractor,R03,SR0013,OH Heights,OH,39673,2024-03-09,50000,Active
CU002375,Summit Construction,Contractor,R03,SR0153,OH Metro,oh,16532,2021-09-13,500000,Active
CU002376,Dream Development,Builder,R03,SR0153,IN City,IN,63151,2018-05-31,250000,Active
CU002377,Skyline Homes,Retailer,R03,SR0048,MI Heights,MI,40268,2024-01-23,25000,Active
CU002378,Pioneer Supply,Builder,R01,SR0106,NJ Heights,NJ,24896,2021-06-11,50000,Active
CU002379,Summit Inc,Retailer,R03,SR0158,IL Metro,IL,11670,2018-05-31,100000,Active
CU002380,Metro Development,Builder,R05,SR0110,WA City,WA,50130,2024-04-05,500000,Active
CU002381,Pioneer Group,Contractor,R03,SR0133,WI Metro,WI,20802,2018-11-23,1000000,Active
CU002382,Cornerstone Supply,Contractor,R02,SR0097,SC City,SC,11389,2023-06-12,250000,Active
CU002383,Summit Builders,Distributor,R01,SR0096,NJ Metro,NJ,94531,2019-10-19,250000,Active
CU002384,Home Contracting,Builder,R03,SR0018,MI Metro,MI,26376,2025-02-13,1000000,Active
CU002385,Atlas Supply,Distributor,R01,SR0116,MA Metro,MA,50078,2023-08-04,100000,Active
CU002386,Evergreen Inc,Builder,R01,SR0066,PA Metro,PA,55450,2020-10-01,1000000,Active
CU002387,Skyline Supply,Builder,R04,SR0164,AZ City,AZ,73098,2017-07-26,25000,Active
CU002388,Dream Contracting,Retailer,R02,SR0097,GA Metro,GA,72344,2019-02-21,25000,Active
CU002389,Urban Construction,Builder,R04,SR0079,AZ City,AZ,19518,2020-08-30,50000,Active
CU002390,Urban Materials,Retailer,R01,SR0026,NJ Metro,NJ,75359,2024-02-11,100000,Active
CU002391,Evergreen Development,Builder,R01,SR0046,PA City,PA,61546,2021-03-01,1000000,Active
CU002392,Metro Construction,Builder,R03,SR0103,IL City,IL,77747,2025-03-21,50000,Active
CU002393,Cornerstone Development,Distributor,R03,SR0073,IL Metro,IL,43282,2018-03-27,1000000,Active
CU002394,Prime Homes,Builder,R03,SR0113,IN Metro,IN,40227,2020-02-12,250000,Active
CU002395,Cornerstone Homes,Retailer,R04,SR0139,AZ City,AZ,19756,2025-01-12,25000,Active
CU002396,Build Group,Contractor,R04,SR0044,AZ Metro,AZ,19588,2020-07-11,25000,Active
CU002397,Urban Homes,Builder,R05,SR0125,UT Heights,UT,70369,2024-10-08,500000,Active
CU002398,Atlas Construction,Distributor,R04,SR0014,TX Heights,TX,20308,2025-03-21,1000000,Active
CU002399,Dream Group,Builder,R01,SR0066,NJ Heights,NJ,78740,2017-06-06,500000,Active
CU002400,Skyline LLC,Retailer,R03,SR0038,IN Heights,IN,63429,2017-12-29,250000,Active
CU002401,Urban Construction,Builder,R05,SR0195,OR Metro,OR,60044,2021-04-07,25000,Active
CU002402,Pioneer Contracting,Contractor,R04,SR0014,AZ Heights,AZ,30524,2024-07-20,25000,Active
CU002403,Skyline Materials,Contractor,R03,SR0063,IN City,IN,12325,2022-12-26,250000,Active
CU002404,Metro Inc,Retailer,R02,SR0192,FL Metro,FL,84670,2020-03-09,250000,Active
CU002405,Prime Development,Distributor,R05,SR0135,UT City,UT,44529,2022-11-28,250000,Active
CU002406,Metro Materials,Distributor,R05,SR0120,CO Metro,CO,23235,2017-07-06,25000,Active
CU002407,Home Supply,Distributor,R03,SR0128,WI Metro,WI,21718,2019-05-09,50000,Active
CU002408,Urban LLC,Builder,R05,SR0015,WA City,WA,55364,2019-09-11,50000,Active
CU002409,Evergreen Supply,Builder,R04,SR0079,OK Metro,OK,74897,2021-08-30,25000,Active
CU002410,Evergreen Contracting,Contractor,R01,SR0176,PA Metro,PA,,2018-07-22,250000,Active
CU002411,Evergreen Construction,Contractor,R03,SR0103,MI Metro,MI,48769,2024-06-20,25000,Active
CU002412,Pioneer Homes,Retailer,R05,SR0070,UT Heights,UT,41051,2021-03-27,500000,Active
CU002413,Home Supply,Contractor,R01,SR0001,MA City,MA,97982,2020-04-07,50000,Active
CU002414,Atlas Supply,Contractor,R02,SR0197,NC City,NC,74450,2021-11-28,100000,Active
CU002415,Home Homes,Builder,R05,SR0135,UT Heights,UT,30002,2021-01-11,100000,Active
CU002416,Dream Materials,Builder,R01,SR0121,CT Heights,CT,52900,2018-06-06,50000,Active
CU002417,Build Materials,Contractor,R02,SR0072,FL City,FL,71354,2019-01-26,100000,Active
CU002418,Atlas Construction,Builder,R03,SR0118,IL Heights,IL,23407,2022-09-08,500000,Active
CU002419,Summit Construction,Builder,R01,SR0131,PA City,PA,25041,2022-06-22,250000,Active
CU002420,Evergreen Inc,Contractor,R05,SR0090,UT Metro,UT,82990,2020-08-29,250000,Active
CU002421,Metro Development,Retailer,R02,SR0197,SC Metro,SC,30354,2024-10-13,100000,Active
CU002422,Summit Supply,Contractor,R05,SR0175,WA Metro,WA,42023,2020-05-14,500000,Active
CU002423,Metro Construction,Contractor,R03,SR0023,IL City,IL,59841,2019-12-16,25000,Active
CU002424,Build Homes,Contractor,R01,SR0181,CT City,CT,44562,2022-08-16,250000,Active
CU002425,Dream Materials,Builder,R05,SR0190,CA City,CA,59593,2020-05-29,500000,Active
CU002426,Skyline Development,Contractor,R04,SR0179,OK Heights,OK,15933,2019-03-23,1000000,Active
CU002427,Evergreen Builders,Builder,R01,SR0036,CT City,CT,54801,2018-10-04,500000,Active
CU002428,Build Development,Retailer,R03,SR0188,IL Metro,IL,15053,2017-07-15,1000000,Active
CU002429,Metro Group,Retailer,R04,SR0094,OK City,OK,19071,2021-05-16,1000000,Active
CU002430,Pioneer Materials,Distributor,R03,SR0043,MI Metro,MI,71917,2025-02-20,50000,Active
CU002431,Home Development,Distributor,R03,SR0068,IL City,IL,86103,2017-01-16,250000,Active
CU002432,Cornerstone Supply,Distributor,R05,SR0195,WA City,WA,90592,2020-05-15,25000,Active
CU002433,Dream Homes,Contractor,R01,SR0006,NJ Metro,NJ,69103,2020-11-25,50000,Active
CU002434,Build Builders,Retailer,R04,SR0029,OK City,OK,79968,2021-07-26,1000000,Active
CU002435,Build Homes,Distributor,R01,SR0071,NY Metro,NY,12794,2022-03-16,250000,Active
CU002436,Evergreen Inc,Contractor,R05,SR0125,OR Heights,OR,87455,2022-03-30,1000000,Active
CU002437,Build Group,Builder,R01,SR0031,NY Metro,NY,10514,2024-05-02,25000,Active
CU002438,Skyline Supply,Contractor,R04,SR0099,NM Heights,NM,14846,2021-12-17,500000,Active
CU002439,Build Development,Retailer,R01,SR0136,CT Heights,CT,32311,2017-12-19,25000,Active
CU002440,Home Supply,Distributor,R03,SR0138,MI Heights,MI,97239,2024-11-12,250000,Active
CU002441,Prime Group,Retailer,R03,SR0073,MI City,MI,13475,2019-09-26,500000,Active
CU002442,Atlas Inc,Distributor,R01,SR0196,NJ Metro,NJ,92117,2025-01-18,1000000,Active
CU002443,Prime Group,Builder,R01,SR0146,CT Metro,CT,84439,2020-01-24,50000,Active
CU002444,Cornerstone LLC,Builder,R05,SR0050,CO Heights,CO,78950,2023-12-22,50000,Active
CU002445,Pioneer Builders,Retailer,R02,SR0122,SC Heights,SC,20255,2023-06-20,500000,Active
CU002446,Pioneer Construction,Distributor,R02,SR0192,FL Metro,FL,57879,2019-07-27,250000,Active
CU002447,Cornerstone Builders,Builder,R03,SR0043,IN Heights,IN,54433,2021-02-28,25000,Active
CU002448,Atlas LLC,Retailer,R03,SR0128,IN Metro,IN,68701,2021-01-17,50000,Active
CU002449,Skyline Development,Distributor,R04,SR0194,TX City,TX,72316,2021-06-17,1000000,Active
CU002450,Atlas Construction,Contractor,R05,SR0105,WA Metro,WA,91413,2017-01-30,50000,Active
CU002451,Urban Homes,Retailer,R01,SR0016,NJ City,NJ,19229,2019-10-31,25000,Active
CU002452,Skyline Construction,Builder,R05,SR0045,UT City,UT,82881,2022-12-15,25000,Active
CU002453,Evergreen LLC,Builder,R03,SR0198,IN Heights,IN,72661,2017-10-29,25000,Active
CU002454,Prime Group,Distributor,R01,SR0081,PA Heights,PA,71106,2021-01-26,500000,Active
CU002455,Dream Builders,Contractor,R03,SR0193,IN City,IN,79508,2021-08-10,50000,Active
CU002456,Prime Group,Builder,R02,SR0127,FL Heights,FL,93633,2017-04-30,100000,Active
CU002457,Cornerstone Homes,Contractor,R02,SR0082,GA Metro,GA,65516,2021-08-23,25000,Active
CU002458,Dream Supply,Builder,R04,SR0004,OK Metro,OK,97349,2024-05-21,50000,Active
CU002459,Evergreen Homes,Builder,R02,SR0172,NC City,NC,23329,2022-03-04,50000,Active
CU002460,Urban Contracting,Retailer,R05,SR0200,OR Heights,OR,51028,2019-11-24,500000,Active
CU002461,Evergreen Homes,Contractor,R03,SR0078,WI Metro,WI,81057,2017-11-01,1000000,Active
CU002462,Home Construction,Distributor,R03,SR0013,OH City,OH,78123,2017-12-15,250000,Active
CU002463,Evergreen Construction,Distributor,R03,SR0113,MI Heights,MI,60941,2022-12-14,500000,Active
CU002464,Atlas Builders,Distributor,R04,SR0054,NV City,NV,12072,2019-08-23,100000,Active
CU002465,Cornerstone Homes,Retailer,R04,SR0134,AZ City,AZ,12947,2017-10-24,50000,Active
CU002466,Urban Inc,Distributor,R05,SR0200,CA City,CA,74186,2023-05-29,100000,Active
CU002467,Urban Materials,Distributor,R02,SR0157,TN Metro,TN,94344,2020-01-09,500000,Active
CU002468,  Skyline Homes ,Distributor,R01,SR0151,NJ City,NJ,69775,2018-08-31,1000000,Active
CU002469,Prime Builders,Builder,R03,SR0148,IN Heights,IN,82825,2019-05-02,250000,Active
CU002470,Summit Supply,Builder,R01,SR0011,NJ Heights,NJ,76606,2024-01-18,100000,Active
CU002471,Skyline Contracting,Builder,R03,SR0163,WI City,WI,15153,2017-12-07,250000,Active
CU002472,  Home LLC ,Contractor,R02,SR0137,SC City,SC,34103,2023-12-03,100000,Active
CU002473,Metro Group,Builder,R04,SR0094,TX Heights,TX,98266,2022-07-01,50000,Active
CU002474,Prime Contracting,Contractor,R05,SR0130,CO City,CO,52891,2017-03-17,100000,Active
CU002475,Atlas Development,Builder,R03,SR0163,IL City,IL,43545,2019-05-02,25000,Active
CU002476,Pioneer Contracting,Builder,R01,SR0131,NJ City,NJ,52236,2017-01-12,25000,Active
CU002477,Home Supply,Distributor,R02,SR0047,NC Heights,NC,53370,2023-06-06,1000000,Active
CU002478,Summit Homes,Distributor,R02,SR0192,TN City,TN,65315,2023-04-06,25000,Active
CU002479,Build Development,Contractor,R04,SR0079,NM City,NM,43124,2021-11-21,50000,Active
CU002480,Build LLC,Contractor,R04,SR0149,NM Heights,NM,53422,2022-06-30,25000,Active
CU002481,Cornerstone Contracting,Retailer,R04,SR0189,NM City,NM,86853,2017-01-25,250000,Active
CU002482,Atlas Inc,Builder,R03,SR0198,IL Heights,IL,64486,2018-05-16,250000,Active
CU002483,Dream Supply,Contractor,R03,SR0108,OH Heights,OH,27453,2020-08-21,100000,Active
CU002484,Pioneer Development,Retailer,R05,SR0150,UT City,UT,45522,2022-07-29,1000000,Active
CU002485,Urban Construction,Builder,R04,SR0064,AZ Metro,AZ,21395,2020-08-22,500000,Active
CU002486,Pioneer Group,Builder,R03,SR0138,WI Heights,WI,82373,2017-12-04,50000,Active
CU002487,Skyline Construction,Contractor,R04,SR0189,NM Heights,NM,57021,2024-12-04,25000,Active
CU002488,Prime Development,Builder,R05,SR0175,CO City,CO,27202,2021-02-16,250000,Active
CU002489,Dream Construction,Distributor,R03,SR0118,MI Heights,MI,56219,2022-07-25,500000,Active
CU002490,Skyline Group,Retailer,R05,SR0035,UT City,UT,81860,2022-03-31,1000000,Active
CU002491,  Evergreen Builders ,Retailer,R04,SR0084,AZ Metro,AZ,60994,2022-12-14,100000,Active
CU002492,Evergreen Contracting,Distributor,R05,SR0035,CO City,CO,36883,2017-09-06,100000,Active
CU002493,Summit Builders,Builder,R01,SR0086,CT City,CT,76530,2017-01-29,250000,Active
CU002494,Prime Supply,Builder,R04,SR0034,NM Metro,NM,85005,2022-03-26,1000000,Active
CU002495,Skyline Supply,Retailer,R01,SR0126,PA Heights,PA,73668,2018-08-20,25000,Active
CU002496,Metro Homes,Builder,R05,SR0180,OR Heights,OR,23751,2023-06-15,500000,Active
CU002497,  Cornerstone Inc ,Retailer,R04,SR0079,OK Heights,OK,,2023-11-26,25000,Active
CU002498,Urban Group,Retailer,R05,SR0100,UT Heights,UT,94222,2020-02-10,100000,Active
CU002499,Dream Homes,Builder,R01,SR0126,NJ Metro,NJ,93918,2020-05-04,500000,Active
CU002500,Summit Construction,Builder,R04,SR0034,NM Heights,NM,43962,2023-11-09,1000000,Active
CU002501,Build Group,Retailer,R05,SR0185,OR Heights,OR,85012,2022-01-20,1000000,Active
CU002502,Summit LLC,Builder,R05,SR0160,WA Heights,WA,72514,2020-06-09,100000,Active
CU002503,Pioneer Builders,Builder,R01,SR0066,MA Heights,MA,71075,2020-07-19,25000,Active
CU002504,Skyline Homes,Retailer,R01,SR0161,NJ Metro,NJ,29478,2020-03-03,500000,Active
CU002505,Atlas Inc,Builder,R01,SR0131,NY City,NY,82656,2019-07-08,500000,Active
CU002506,Skyline Contracting,Contractor,R01,SR0126,NY Heights,NY,51099,2020-03-12,100000,Active
CU002507,Cornerstone Construction,Contractor,R05,SR0085,CO City,CO,26771,2020-04-11,500000,Active
CU002508,Skyline Materials,Contractor,R04,SR0014,NV Metro,NV,55177,2018-09-02,500000,Active
CU002509,Home Builders,Retailer,R01,SR0036,NJ Metro,NJ,50523,2023-04-28,250000,Active
CU002510,Prime LLC,Builder,R03,SR0038,IN Metro,IN,96857,2022-05-11,50000,Active
CU002511,Cornerstone Homes,Builder,R01,SR0006,MA Metro,MA,30161,2024-05-11,250000,Active
CU002512,Summit LLC,Retailer,R01,SR0091,PA Metro,PA,42549,2021-02-23,100000,Active
CU002513,Dream Homes,Distributor,R03,SR0108,MI Heights,MI,53624,2023-01-17,25000,Active
CU002514,Dream Group,Retailer,R05,SR0075,OR City,OR,35124,2024-08-10,1000000,Active
CU002515,Cornerstone Supply,Builder,R04,SR0169,TX City,TX,59418,2021-10-04,50000,Active
CU002516,Build Inc,Distributor,R05,SR0060,CA City,CA,54192,2023-10-17,50000,Active
CU002517,Cornerstone Builders,Builder,R01,SR0146,MA Heights,MA,98895,2023-07-21,25000,Active
CU002518,Pioneer Homes,Contractor,R02,SR0197,NC Metro,NC,31442,2023-03-08,25000,Active
CU002519,Cornerstone Builders,Builder,R02,SR0072,GA Heights,GA,30650,2018-04-06,500000,Active
CU002520,Prime Contracting,Builder,R01,SR0006,PA City,PA,64775,2018-08-19,250000,Active
CU002521,Cornerstone Development,Retailer,R05,SR0150,WA Heights,WA,17096,2022-07-05,250000,Active
CU002522,Dream Construction,Contractor,R05,SR0055,UT Metro,UT,29755,2017-11-21,500000,Active
CU002523,Home Development,Builder,R02,SR0177,SC Heights,SC,64930,2025-04-22,25000,Active
CU002524,Summit Construction,Retailer,R03,SR0003,IN Metro,IN,44769,2020-11-04,500000,Active
CU002525,Metro Group,Retailer,R02,SR0067,NC Metro,NC,71508,2017-02-27,250000,Active
CU002526,Summit Materials,Distributor,R04,SR0194,TX Heights,TX,70050,2017-12-20,100000,Active
CU002527,Pioneer Contracting,Builder,R02,SR0162,TN Heights,TN,30324,2022-10-01,500000,Active
CU002528,Evergreen Homes,Distributor,R02,SR0022,SC Heights,SC,67350,2017-11-02,1000000,Active
CU002529,Cornerstone Homes,Distributor,R05,SR0110,CO City,CO,11386,2021-03-29,250000,Active
CU002530,Prime Contracting,Builder,R03,SR0118,IN Heights,IN,78641,2019-12-12,1000000,Active
CU002531,Urban Development,Contractor,R02,SR0117,TN Heights,TN,62285,2023-12-02,50000,Active
CU002532,Pioneer Construction,Distributor,R05,SR0010,OR Heights,OR,25532,2022-06-14,500000,Active
CU002533,Pioneer Builders,Retailer,R01,SR0011,PA City,PA,17184,2019-07-16,250000,Active
CU002534,Cornerstone Group,Retailer,R02,SR0187,SC Heights,SC,69377,2021-08-16,100000,Active
CU002535,Build Inc,Contractor,R01,SR0021,NJ Metro,NJ,16716,2022-07-27,25000,Active
CU002536,Urban Construction,Builder,R05,SR0060,OR City,OR,97179,2024-11-20,25000,Active
CU002537,Evergreen Contracting,Distributor,R05,SR0030,WA City,WA,71691,2020-01-07,25000,Active
CU002538,Summit Materials,Builder,R04,SR0074,NM Heights,NM,69153,2020-11-20,500000,Active
CU002539,Home Contracting,Builder,R02,SR0197,SC Heights,SC,20928,2021-12-11,1000000,Active
CU002540,Skyline Supply,Distributor,R03,SR0118,IL Heights,IL,90295,2025-06-06,25000,Active
CU002541,Summit LLC,Contractor,R04,SR0194,NV Heights,NV,98612,2022-12-12,250000,Active
CU002542,Home Inc,Distributor,R03,SR0028,MI Metro,MI,57601,2022-10-16,250000,Active
CU002543,Atlas Construction,Distributor,R05,SR0090,CA Metro,CA,37713,2018-12-02,500000,Active
CU002544,Home Development,Builder,R03,SR0113,IL Heights,IL,84047,2019-01-19,250000,Active
CU002545,Pioneer Inc,Retailer,R03,SR0103,MI City,MI,25277,2024-10-09,50000,Active
CU002546,Summit LLC,Builder,R01,SR0131,CT Metro,CT,97596,2018-11-11,1000000,Active
CU002547,Prime LLC,Builder,R01,SR0181,NY Metro,NY,16857,2024-04-19,250000,Active
CU002548,Dream Homes,Builder,R03,SR0013,WI City,WI,55372,2017-02-05,50000,Active
CU002549,Atlas LLC,Contractor,R03,SR0173,MI Metro,MI,73474,2025-01-20,50000,Active
CU002550,Evergreen Development,Contractor,R05,SR0095,WA City,WA,80756,2020-04-22,250000,Active
CU002551,Pioneer LLC,Builder,R02,SR0147,TN City,TN,99416,2017-11-27,25000,Active
CU002552,Pioneer Materials,Builder,R03,SR0148,IN City,IN,45576,2021-10-02,50000,Active
CU002553,Evergreen Inc,Retailer,R04,SR0164,OK Heights,OK,81009,2020-04-15,500000,Active
CU002554,Home Builders,Builder,R03,SR0083,MI Heights,MI,10559,2025-02-05,250000,Active
CU002555,Urban Inc,Builder,R05,SR0005,WA Metro,WA,69464,2019-10-26,1000000,Active
CU002556,Prime Contracting,Builder,R04,SR0194,AZ Heights,AZ,79204,2021-09-25,25000,Active
CU002557,Summit LLC,Builder,R03,SR0023,IN City,IN,27839,2017-09-12,100000,Active
CU002558,Atlas Development,Contractor,R04,SR0134,TX Heights,TX,51428,2018-06-22,100000,Active
CU002559,Skyline Construction,Distributor,R02,SR0097,SC Heights,SC,67670,2017-10-04,50000,Active
CU002560,Home Group,Contractor,R05,SR0055,CO Heights,CO,56156,2018-06-17,100000,Active
CU002561,Metro Contracting,Distributor,R01,SR0001,NY Heights,NY,73998,2021-09-01,250000,Active
CU002562,Atlas LLC,Retailer,R01,SR0096,PA Heights,PA,62604,2024-12-12,100000,Active
CU002563,Evergreen LLC,Builder,R03,SR0008,IL Heights,IL,33071,2024-06-07,50000,Active
CU002564,Build Materials,Retailer,R05,SR0140,UT Metro,UT,90406,2018-12-21,500000,Active
CU002565,Pioneer Construction,Builder,R05,SR0175,UT City,UT,15826,2023-12-02,100000,Active
CU002566,Dream Supply,Distributor,R05,SR0030,UT Metro,UT,12198,2022-11-13,1000000,Active
CU002567,Pioneer LLC,Retailer,R04,SR0144,NM City,NM,66030,2019-02-02,1000000,Active
CU002568,  Summit Construction ,Distributor,R04,SR0149,AZ Heights,AZ,29600,2022-01-13,1000000,Active
CU002569,Cornerstone Construction,Retailer,R05,SR0145,WA Metro,WA,97272,2024-02-26,25000,Active
CU002570,Summit Contracting,Distributor,R03,SR0078,MI Metro,MI,95245,2022-08-09,100000,Active
CU002571,Urban LLC,Builder,R01,SR0106,NJ Metro,NJ,86547,2022-03-09,50000,Active
CU002572,Pioneer Construction,Builder,R02,SR0177,GA City,GA,31393,2020-09-18,100000,Active
CU002573,Atlas Supply,Contractor,R03,SR0133,MI Metro,MI,68965,2020-04-15,500000,Active
CU002574,Metro Builders,Retailer,R01,SR0151,NJ Metro,NJ,86517,2021-06-26,500000,Active
CU002575,Summit Inc,Retailer,R04,SR0129,AZ Heights,AZ,,2025-05-15,100000,Active
CU002576,Dream Contracting,Retailer,R04,SR0074,OK Heights,OK,19247,2020-12-13,50000,Active
CU002577,Build Homes,Retailer,R05,SR0145,CO Heights,CO,41346,2023-07-15,25000,Active
CU002578,Build Group,Contractor,R05,SR0135,OR City,OR,93385,2017-12-15,100000,Active
CU002579,Metro Construction,Contractor,R02,SR0077,FL City,FL,41630,2021-03-20,500000,Active
CU002580,Summit LLC,Contractor,R02,SR0077,TN City,TN,52004,2017-06-06,100000,Active
CU002581,Skyline Group,Builder,R05,SR0120,CA City,CA,35916,2024-02-18,50000,Active
CU002582,Prime Materials,Retailer,R04,SR0164,OK City,OK,57948,2022-03-11,250000,Active
CU002583,Atlas Materials,Retailer,R05,SR0160,OR Metro,OR,58608,2020-08-20,100000,Active
CU002584,Evergreen Builders,Retailer,R02,SR0182,SC City,SC,49369,2017-11-01,1000000,Active
CU002585,Cornerstone Materials,Contractor,R05,SR0115,WA Heights,WA,96875,2022-01-31,50000,Active
CU002586,Evergreen Materials,Contractor,R05,SR0025,UT City,UT,18795,2020-05-11,250000,Active
CU002587,Dream Construction,Distributor,R03,SR0093,IN Metro,IN,15290,2024-01-28,100000,Active
CU002588,Build LLC,Builder,R04,SR0149,NV Metro,NV,81686,2025-03-05,50000,Active
CU002589,  Cornerstone Development ,Builder,R03,SR0028,OH City,OH,47451,2021-11-23,50000,Active
CU002590,Home Builders,Retailer,R02,SR0007,NC Heights,NC,21606,2025-01-21,500000,Active
CU002591,Atlas Inc,Retailer,R02,SR0182,NC Metro,NC,13527,2017-12-29,100000,Active
CU002592,Summit Construction,Contractor,R02,SR0102,GA City,GA,87901,2019-04-16,100000,Active
CU002593,Urban Group,Distributor,R03,SR0163,OH Metro,OH,38093,2024-10-05,1000000,Active
CU002594,Prime Contracting,Contractor,R02,SR0172,SC Metro,SC,48057,2018-09-10,250000,Active
CU002595,Cornerstone Supply,Retailer,R01,SR0026,NY Heights,NY,39332,2023-04-15,1000000,Active
CU002596,Build LLC,Distributor,R01,SR0166,NY Heights,NY,79244,2020-05-22,500000,Active
CU002597,Prime Inc,Builder,R03,SR0038,OH City,OH,14731,2019-02-27,500000,Active
CU002598,Pioneer Contracting,Distributor,R03,SR0068,IN Heights,IN,66497,2017-08-09,25000,Active
CU002599,Evergreen Supply,Distributor,R03,SR0028,IL Metro,IL,83817,2020-04-05,25000,Active
CU002600,Cornerstone Supply,Retailer,R01,SR0036,PA City,PA,13004,2019-12-16,50000,Active
CU002601,Prime Development,Distributor,R05,SR0010,OR Metro,OR,72226,2022-02-02,250000,Active
CU002602,Skyline Builders,Builder,R03,SR0148,OH Metro,OH,37389,2024-06-05,50000,Active
CU002603,Evergreen Construction,Builder,R04,SR0024,NV Heights,NV,67605,2023-06-07,25000,Active
CU002604,Summit Group,Distributor,R05,SR0020,CO City,CO,55268,2021-06-15,250000,Active
CU002605,Skyline Group,Contractor,R05,SR0045,WA Heights,WA,74638,2017-04-19,50000,Active
CU002606,Build LLC,Contractor,R05,SR0090,CO City,CO,42721,2025-06-10,1000000,Active
CU002607,Home LLC,Builder,R04,SR0159,NM Heights,NM,82359,2019-09-24,100000,Active
CU002608,Pioneer Contracting,Builder,R04,SR0004,NM Heights,NM,52601,2024-09-10,500000,Active
CU002609,Urban Builders,Contractor,R03,SR0088,WI Metro,WI,24985,2019-05-30,100000,Active
CU002610,Pioneer LLC,Distributor,R03,SR0078,WI City,WI,37025,2023-04-24,250000,Active
CU002611,Build Development,Retailer,R02,SR0172,GA City,GA,63896,2021-08-20,25000,Active
CU002612,Pioneer Development,Contractor,R04,SR0139,NM Heights,NM,40262,2021-06-28,1000000,Active
CU002613,Dream Inc,Retailer,R02,SR0107,FL Metro,FL,62381,2017-01-20,100000,Active
CU002614,Prime Materials,Builder,R05,SR0090,CA City,CA,81309,2024-11-19,100000,Active
CU002615,Summit Builders,Distributor,R04,SR0134,TX City,TX,60686,2017-11-08,500000,Active
CU002616,Cornerstone Construction,Distributor,R01,SR0051,CT Heights,CT,54786,2020-12-07,250000,Active
CU002617,Skyline Homes,Builder,R03,SR0128,OH Heights,OH,43487,2022-08-10,500000,Active
CU002618,Home Development,Retailer,R04,SR0009,TX Metro,TX,51256,2024-07-26,50000,Active
CU002619,Build Builders,Distributor,R04,SR0004,OK City,OK,64219,2018-09-06,50000,Active
CU002620,Home Contracting,Distributor,R02,SR0187,TN Metro,TN,95410,2025-05-05,250000,Active
CU002621,Urban Construction,Contractor,R02,SR0072,SC Heights,SC,52577,2023-07-27,500000,Active
CU002622,Prime Homes,Builder,R02,SR0192,NC City,NC,57279,2021-08-14,500000,Active
CU002623,Evergreen Development,Distributor,R03,SR0088,IL City,IL,34748,2017-05-19,500000,Active
CU002624,Urban Inc,Retailer,R01,SR0156,MA City,MA,26267,2019-11-11,500000,Active
CU002625,Atlas Materials,Distributor,R03,SR0123,WI Heights,WI,21081,2024-10-19,250000,Active
CU002626,  Dream LLC ,Contractor,R03,SR0153,IN City,IN,,2024-04-09,100000,Active
CU002627,Atlas Development,Contractor,R04,SR0099,AZ Metro,AZ,51802,2021-08-04,250000,Active
CU002628,Home LLC,Contractor,R02,SR0052,TN City,TN,21940,2017-08-06,250000,Active
CU002629,Prime Contracting,Distributor,R01,SR0146,MA City,MA,91652,2021-07-18,500000,Active
CU002630,Home LLC,Builder,R01,SR0086,NY City,NY,47803,2020-07-07,500000,Active
CU002631,Skyline Group,Distributor,R03,SR0063,OH Heights,OH,80107,2024-05-20,1000000,Active
CU002632,Skyline Construction,Distributor,R04,SR0039,NV Heights,NV,64336,2024-12-22,1000000,Active
CU002633,Metro Contracting,Distributor,R04,SR0109,TX City,TX,18486,2017-06-03,500000,Active
CU002634,Build Group,Contractor,R05,SR0025,UT Metro,UT,25836,2020-05-16,1000000,Active
CU002635,Evergreen Builders,Distributor,R04,SR0124,NM Metro,NM,86352,2021-01-27,1000000,Active
CU002636,Skyline LLC,Builder,R03,SR0098,OH Heights,OH,95397,2019-09-15,250000,Active
CU002637,Cornerstone Group,Contractor,R04,SR0179,OK Metro,OK,17406,2024-02-04,1000000,Active
CU002638,Prime Contracting,Contractor,R02,SR0057,NC City,NC,95170,2023-03-06,100000,Active
CU002639,Atlas Construction,Builder,R02,SR0152,GA Metro,GA,97273,2023-01-26,500000,Active
CU002640,Skyline Inc,Distributor,R04,SR0069,NM Heights,NM,57317,2024-07-01,500000,Active
CU002641,Skyline Group,Contractor,R05,SR0005,WA City,WA,,2022-01-05,25000,Active
CU002642,Metro LLC,Distributor,R01,SR0166,NY Metro,NY,64645,2025-06-05,25000,Active
CU002643,Cornerstone Construction,Builder,R05,SR0015,WA City,WA,77482,2024-07-17,250000,Active
CU002644,Pioneer Homes,Distributor,R04,SR0099,OK Heights,OK,33068,2020-03-19,500000,Active
CU002645,Dream Homes,Builder,R03,SR0103,MI Metro,MI,57244,2022-08-19,250000,Active
CU002646,Pioneer Inc,Builder,R01,SR0086,MA Heights,MA,15289,2025-06-19,250000,Active
CU002647,Summit Inc,Distributor,R02,SR0137,FL City,FL,39591,2024-06-09,50000,Active
CU002648,Skyline Supply,Distributor,R03,SR0118,MI City,MI,,2025-06-14,250000,Active
CU002649,Urban Builders,Distributor,R03,SR0123,IL Heights,IL,54935,2021-06-26,50000,Active
CU002650,Cornerstone LLC,Contractor,R04,SR0044,NM City,NM,92952,2025-01-28,100000,Active
CU002651,Skyline Supply,Builder,R03,SR0133,OH Metro,OH,66947,2018-09-05,500000,Active
CU002652,Metro Supply,Retailer,R05,SR0130,OR Heights,OR,38719,2025-06-03,50000,Active
CU002653,  Skyline Group ,Retailer,R05,SR0015,WA City,WA,16973,2018-08-07,50000,Active
CU002654,Pioneer Construction,Contractor,R02,SR0067,NC City,NC,35046,2024-02-03,1000000,Active
CU002655,Urban Homes,Contractor,R05,SR0175,UT City,UT,20812,2020-01-09,100000,Active
CU002656,Metro Materials,Distributor,R04,SR0034,AZ Metro,AZ,98805,2023-01-23,500000,Active
CU002657,Urban Development,Builder,R01,SR0116,MA Metro,MA,28884,2022-03-14,1000000,Active
CU002658,Urban Supply,Distributor,R05,SR0095,WA Metro,WA,92475,2022-11-10,25000,Active
CU002659,Cornerstone Contracting,Contractor,R05,SR0070,OR Heights,OR,82888,2019-06-25,100000,Active
CU002660,Evergreen LLC,Contractor,R05,SR0195,CO Heights,CO,98830,2019-09-02,250000,Active
CU002661,Atlas Homes,Contractor,R02,SR0162,FL Heights,FL,57553,2018-06-08,100000,Active
CU002662,Cornerstone LLC,Distributor,R03,SR0138,IL Metro,IL,97961,2019-07-04,250000,Active
CU002663,Home Inc,Retailer,R03,SR0153,IN Metro,IN,79716,2025-02-14,25000,Active
CU002664,Metro Materials,Builder,R05,SR0005,CA Heights,CA,29219,2018-02-27,50000,Active
CU002665,Evergreen Group,Retailer,R03,SR0128,MI Heights,MI,85072,2023-11-25,50000,Active
CU002666,Metro Inc,Retailer,R03,SR0003,WI Metro,WI,47486,2019-03-24,50000,Active
CU002667,Skyline Construction,Distributor,R01,SR0161,MA City,MA,21932,2019-04-16,250000,Active
CU002668,Cornerstone Homes,Builder,R04,SR0054,OK City,OK,70450,2018-11-28,100000,Active
CU002669,Atlas Supply,Contractor,R02,SR0142,NC Heights,NC,18560,2023-07-05,100000,Active
CU002670,Metro LLC,Builder,R01,SR0001,NJ Heights,NJ,13002,2021-08-21,100000,Active
CU002671,Evergreen Supply,Retailer,R03,SR0178,MI Metro,MI,77383,2018-01-10,500000,Active
CU002672,Build Inc,Retailer,R04,SR0199,OK City,OK,22678,2024-02-29,1000000,Active
CU002673,Pioneer Supply,Retailer,R05,SR0095,CA City,CA,64849,2019-11-11,100000,Active
CU002674,Pioneer LLC,Contractor,R04,SR0074,AZ Heights,AZ,52674,2024-05-24,500000,Active
CU002675,Metro Supply,Builder,R03,SR0113,IN Metro,IN,49707,2021-12-28,25000,Active
CU002676,Atlas Homes,Builder,R03,SR0113,OH Metro,OH,91129,2025-05-18,25000,Active
CU002677,Metro Inc,Builder,R03,SR0078,IL City,IL,98220,2019-12-23,25000,Active
CU002678,Metro Homes,Contractor,R02,SR0112,NC City,NC,33174,2024-09-10,100000,Active
CU002679,Pioneer Builders,Retailer,R03,SR0078,IN City,IN,,2021-09-15,500000,Active
CU002680,Home Inc,Retailer,R05,SR0140,OR Metro,OR,37779,2022-02-26,25000,Active
CU002681,Prime Contracting,Distributor,R04,SR0029,NV City,NV,54306,2024-11-02,250000,Active
CU002682,Metro Builders,Retailer,R03,SR0133,MI Heights,MI,93732,2018-05-18,1000000,Active
CU002683,Skyline Materials,Distributor,R03,SR0073,WI Heights,WI,81278,2017-01-06,50000,Active
CU002684,Cornerstone Construction,Distributor,R01,SR0101,NY Heights,NY,13396,2019-03-02,100000,Active
CU002685,Dream Development,Retailer,R05,SR0010,CA City,CA,71039,2023-04-09,25000,Active
CU002686,Home Inc,Retailer,R01,SR0026,MA Heights,MA,85811,2017-05-29,500000,Active
CU002687,Evergreen Inc,Distributor,R03,SR0183,MI City,MI,85548,2024-05-28,25000,Active
CU002688,Build Development,Builder,R04,SR0004,TX Metro,TX,29346,2025-06-04,500000,Active
CU002689,Prime Inc,Builder,R05,SR0160,OR City,OR,30145,2017-11-01,1000000,Active
CU002690,Dream Construction,Builder,R02,SR0112,NC Heights,NC,44758,2022-05-12,50000,Active
CU002691,Metro Materials,Distributor,R01,SR0116,MA Metro,ma,68846,2018-03-12,500000,Active
CU002692,Build Supply,Contractor,R01,SR0041,NY Metro,NY,60899,2021-10-25,1000000,Active
CU002693,Prime Builders,Contractor,R03,SR0028,IN Heights,IN,16300,2018-05-13,50000,Active
CU002694,Skyline Supply,Distributor,R02,SR0197,GA Heights,GA,52538,2023-07-07,500000,Active
CU002695,Prime Development,Contractor,R02,SR0047,FL Metro,FL,54675,2017-03-24,50000,Active
CU002696,Summit LLC,Contractor,R05,SR0035,CO Heights,CO,47775,2017-09-24,500000,Active
CU002697,Metro Builders,Contractor,R02,SR0137,FL City,FL,45924,2019-11-03,25000,Active
CU002698,Prime Inc,Builder,R03,SR0173,IN City,IN,23396,2020-01-24,1000000,Active
CU002699,  Atlas Materials ,Retailer,R04,SR0084,NV Metro,NV,62945,2022-08-17,100000,Active
CU002700,Urban Homes,Retailer,R01,SR0146,MA City,MA,83072,2023-05-30,100000,Active
CU002701,Home Builders,Retailer,R01,SR0046,MA Metro,MA,97183,2022-02-04,500000,Active
CU002702,Evergreen LLC,Retailer,R04,SR0104,OK City,OK,63246,2019-03-11,50000,Active
CU002703,Dream LLC,Distributor,R01,SR0091,NJ Metro,NJ,62540,2022-10-26,250000,Active
CU002704,Summit Contracting,Distributor,R03,SR0043,WI City,WI,68456,2021-05-04,1000000,Active
CU002705,Skyline Development,Distributor,R02,SR0137,TN Metro,TN,26708,2022-06-02,25000,Active
CU002706,Dream Group,Retailer,R01,SR0116,NJ Metro,NJ,99629,2022-07-30,250000,Active
CU002707,Dream Development,Distributor,R02,SR0047,GA City,GA,36617,2017-05-19,100000,Active
CU002708,Home Inc,Contractor,R01,SR0166,CT Metro,CT,18194,2020-10-22,500000,Active
CU002709,Skyline Materials,Retailer,R02,SR0117,FL Heights,FL,21489,2021-03-02,1000000,Active
CU002710,Skyline Development,Contractor,R04,SR0199,TX Metro,TX,41745,2017-01-28,500000,Active
CU002711,Home Supply,Contractor,R05,SR0190,CA City,CA,46328,2020-02-26,100000,Active
CU002712,Home Supply,Builder,R01,SR0161,CT Metro,CT,93253,2024-09-23,50000,Active
CU002713,Summit LLC,Contractor,R03,SR0033,IL City,IL,22154,2022-08-20,25000,Active
CU002714,Dream Development,Distributor,R01,SR0181,NJ City,NJ,63529,2019-06-09,250000,Active
CU002715,Home Materials,Builder,R03,SR0153,MI Heights,MI,64658,2019-03-12,250000,Active
CU002716,Cornerstone Contracting,Distributor,R04,SR0099,AZ Metro,AZ,52195,2022-11-27,100000,Active
CU002717,Build Supply,Builder,R05,SR0010,WA Heights,WA,57909,2022-09-24,100000,Active
CU002718,Summit Group,Distributor,R04,SR0084,AZ City,AZ,59658,2020-05-10,250000,Active
CU002719,Evergreen Contracting,Builder,R03,SR0028,WI Metro,WI,71949,2025-01-14,1000000,Active
CU002720,Prime Materials,Contractor,R04,SR0194,NV Metro,NV,27860,2022-05-24,50000,Active
CU002721,Build Builders,Retailer,R03,SR0083,IL Metro,IL,60815,2018-08-07,50000,Active
CU002722,Cornerstone Group,Distributor,R05,SR0100,UT Metro,UT,36835,2018-02-01,100000,Active
CU002723,Home Inc,Distributor,R01,SR0071,PA City,PA,31578,2017-04-27,50000,Active
CU002724,Home Supply,Retailer,R01,SR0066,NJ City,NJ,88611,2023-03-10,1000000,Active
CU002725,Metro Builders,Builder,R04,SR0169,TX Heights,TX,72411,2018-04-19,500000,Active
CU002726,Atlas Development,Builder,R03,SR0048,WI Heights,WI,67292,2022-07-05,250000,Active
CU002727,Prime Contracting,Contractor,R03,SR0068,WI City,WI,40030,2021-12-04,50000,Active
CU002728,Prime Development,Distributor,R01,SR0066,PA Metro,PA,78860,2020-06-22,1000000,Active
CU002729,Build Group,Retailer,R04,SR0159,OK Heights,OK,62781,2021-07-06,100000,Active
CU002730,Cornerstone Contracting,Builder,R01,SR0141,NJ Heights,NJ,82040,2024-09-16,250000,Active
CU002731,Metro Homes,Retailer,R05,SR0190,WA City,WA,80409,2021-12-09,50000,Active
CU002732,Skyline Supply,Distributor,R02,SR0067,SC Metro,SC,49238,2023-05-24,500000,Active
CU002733,Summit Construction,Builder,R02,SR0127,FL Metro,FL,81182,2019-04-09,1000000,Active
CU002734,Cornerstone Development,Retailer,R03,SR0108,MI City,MI,83717,2021-11-09,500000,Active
CU002735,Prime Construction,Distributor,R03,SR0083,IL City,IL,40807,2024-12-08,50000,Active
CU002736,Home LLC,Retailer,R01,SR0071,PA Heights,PA,63840,2025-04-12,250000,Active
CU002737,Prime Inc,Builder,R05,SR0085,OR Heights,OR,85210,2021-08-07,50000,Active
CU002738,Dream Group,Retailer,R02,SR0182,SC Metro,SC,66055,2023-05-16,250000,Active
CU002739,Skyline Development,Retailer,R02,SR0137,NC Heights,NC,43664,2019-06-21,25000,Active
CU002740,Dream Homes,Contractor,R05,SR0175,CA Heights,CA,27075,2024-08-15,100000,Active
CU002741,Build Builders,Contractor,R04,SR0119,OK City,OK,39352,2020-06-14,25000,Active
CU002742,Home Group,Contractor,R03,SR0063,OH Heights,OH,19776,2017-12-23,250000,Active
CU002743,Home Group,Contractor,R01,SR0031,CT Metro,CT,12431,2020-11-04,250000,Active
CU002744,Pioneer Inc,Distributor,R04,SR0009,AZ Heights,AZ,59924,2019-01-14,250000,Active
CU002745,Build Contracting,Builder,R01,SR0126,CT Heights,CT,70040,2017-08-23,25000,Active
CU002746,Pioneer Contracting,Retailer,R03,SR0183,WI Metro,WI,57588,2021-01-22,500000,Active
CU002747,Pioneer Construction,Contractor,R04,SR0054,NV City,NV,99298,2022-03-26,250000,Active
CU002748,Summit Construction,Distributor,R04,SR0059,AZ Heights,AZ,86839,2025-06-17,1000000,Active
CU002749,Atlas Group,Distributor,R01,SR0106,NJ Heights,NJ,55451,2023-08-19,1000000,Active
CU002750,Home Development,Distributor,R03,SR0063,OH Heights,OH,16692,2021-06-09,250000,Active
CU002751,Home Materials,Retailer,R04,SR0194,OK Metro,OK,95959,2023-07-18,250000,Active
CU002752,Urban Supply,Contractor,R03,SR0028,IN Heights,IN,68111,2025-01-15,100000,Active
CU002753,  Pioneer Group ,Distributor,R02,SR0117,NC City,NC,94863,2020-07-13,50000,Active
CU002754,Skyline Group,Contractor,R02,SR0107,TN Metro,TN,55796,2022-05-29,25000,Active
CU002755,Skyline Supply,Builder,R05,SR0075,CA Metro,CA,58742,2025-02-03,500000,Active
CU002756,Summit Development,Contractor,R05,SR0135,CA City,CA,78794,2022-04-29,500000,Active
CU002757,Prime Materials,Retailer,R02,SR0017,SC City,SC,,2017-05-01,100000,Active
CU002758,Urban LLC,Builder,R03,SR0048,IL City,IL,79856,2019-04-08,250000,Active
CU002759,Summit Development,Builder,R03,SR0088,IN Metro,IN,61654,2019-06-14,1000000,Active
CU002760,Pioneer Development,Retailer,R02,SR0182,SC City,SC,87940,2017-10-13,500000,Active
CU002761,Pioneer Homes,Retailer,R01,SR0056,NJ City,NJ,79903,2018-04-16,1000000,Active
CU002762,Pioneer Group,Builder,R04,SR0084,NM Heights,NM,71516,2017-03-30,500000,Active
CU002763,Urban Group,Builder,R04,SR0084,TX Metro,TX,58654,2020-10-30,50000,Active
CU002764,Build Contracting,Distributor,R01,SR0056,PA Heights,PA,13800,2020-09-30,250000,Active
CU002765,Evergreen LLC,Builder,R04,SR0154,OK City,OK,25695,2025-01-23,25000,Active
CU002766,Dream Supply,Retailer,R04,SR0184,TX City,TX,43233,2024-07-16,25000,Active
CU002767,Metro Group,Contractor,R01,SR0156,NY City,NY,,2022-06-28,250000,Active
CU002768,Urban Builders,Distributor,R05,SR0130,CA City,CA,66009,2022-12-02,1000000,Active
CU002769,Metro Development,Retailer,R02,SR0097,TN Heights,TN,35726,2022-03-10,250000,Active
CU002770,Evergreen Construction,Contractor,R02,SR0092,SC Metro,SC,44382,2023-11-22,1000000,Active
CU002771,Metro Supply,Contractor,R01,SR0141,NY City,NY,61112,2021-10-20,500000,Active
CU002772,Home Development,Retailer,R04,SR0199,NV Metro,NV,15458,2025-04-30,500000,Active
CU002773,Evergreen Construction,Retailer,R05,SR0065,WA City,WA,58725,2018-09-25,50000,Active
CU002774,Cornerstone Materials,Distributor,R04,SR0019,NV Heights,NV,95062,2021-04-10,25000,Active
CU002775,Skyline Materials,Builder,R02,SR0192,GA City,GA,62369,2017-05-01,50000,Active
CU002776,Urban Development,Builder,R04,SR0189,NV Heights,NV,17880,2018-11-01,25000,Active
CU002777,  Skyline Builders ,Builder,R01,SR0191,NJ City,NJ,52776,2017-11-18,100000,Active
CU002778,Summit LLC,Contractor,R05,SR0015,WA Heights,WA,17270,2023-05-10,1000000,Active
CU002779,Home Group,Distributor,R02,SR0097,FL Metro,FL,77660,2023-09-24,500000,Active
CU002780,Dream Development,Contractor,R04,SR0169,AZ Heights,AZ,53189,2021-03-15,1000000,Active
CU002781,Evergreen Supply,Builder,R01,SR0156,CT City,CT,28098,2023-08-01,50000,Active
CU002782,Urban Materials,Contractor,R03,SR0108,IL Heights,IL,99857,2020-10-10,50000,Active
CU002783,Metro Builders,Distributor,R03,SR0078,WI City,WI,91340,2021-05-07,25000,Active
CU002784,Metro Development,Contractor,R01,SR0091,PA City,PA,25090,2022-09-22,500000,Active
CU002785,Summit Development,Distributor,R05,SR0085,WA Heights,WA,53573,2023-09-06,100000,Active
CU002786,Skyline Materials,Builder,R03,SR0193,MI Metro,MI,76624,2024-06-12,1000000,Active
CU002787,Pioneer Group,Builder,R02,SR0107,SC Metro,SC,74639,2021-02-24,100000,Active
CU002788,Pioneer Contracting,Distributor,R03,SR0068,IL City,IL,86912,2023-11-27,500000,Active
CU002789,Home Materials,Retailer,R01,SR0016,NJ Metro,NJ,88622,2023-05-21,1000000,Active
CU002790,Summit Contracting,Distributor,R04,SR0034,OK Metro,OK,83877,2018-04-26,250000,Active
CU002791,Urban Construction,Contractor,R02,SR0187,NC Metro,NC,69035,2021-03-19,50000,Active
CU002792,Dream Group,Retailer,R03,SR0048,IL City,IL,35866,2018-04-09,250000,Active
CU002793,Build Construction,Retailer,R02,SR0157,NC City,NC,57780,2020-12-17,1000000,Active
CU002794,Dream Builders,Builder,R03,SR0118,WI Metro,WI,83170,2021-03-08,250000,Active
CU002795,Metro Inc,Contractor,R04,SR0164,OK Metro,OK,11019,2017-05-03,25000,Active
CU002796,Skyline Builders,Retailer,R05,SR0020,CO Heights,CO,58569,2018-10-12,100000,Active
CU002797,Skyline Homes,Builder,R01,SR0186,CT Metro,CT,16058,2017-10-08,50000,Active
CU002798,Metro LLC,Retailer,R04,SR0184,TX Heights,TX,99026,2021-03-03,500000,Active
CU002799,Prime Materials,Contractor,R05,SR0030,WA Heights,WA,32703,2017-05-16,25000,Active
CU002800,Skyline Inc,Contractor,R05,SR0080,WA Heights,WA,75506,2024-06-19,1000000,Active
CU002801,Dream Builders,Distributor,R02,SR0142,TN Heights,TN,90601,2022-10-30,500000,Active
CU002802,Skyline Development,Retailer,R01,SR0136,MA Metro,MA,27709,2022-10-01,250000,Active
CU002803,Summit Homes,Retailer,R01,SR0056,NY Metro,NY,46450,2020-01-31,1000000,Active
CU002804,Evergreen Contracting,Distributor,R01,SR0176,PA Metro,PA,88547,2023-08-30,50000,Active
CU002805,Pioneer Development,Distributor,R03,SR0178,WI City,WI,84249,2024-06-11,250000,Active
CU002806,Skyline Inc,Retailer,R01,SR0121,PA Metro,PA,53903,2021-11-26,500000,Active
CU002807,Atlas Development,Contractor,R04,SR0049,NM Heights,NM,,2023-03-26,50000,Active
CU002808,Summit Homes,Builder,R05,SR0190,CO Metro,CO,78073,2018-07-24,250000,Active
CU002809,Summit LLC,Builder,R05,SR0045,WA City,WA,34345,2019-08-02,100000,Active
CU002810,Evergreen Builders,Retailer,R04,SR0019,NV Metro,NV,64221,2022-07-24,250000,Active
CU002811,Urban Inc,Distributor,R05,SR0085,WA City,WA,52670,2024-04-23,100000,Active
CU002812,Evergreen Construction,Builder,R03,SR0123,IN Heights,IN,56210,2021-06-09,500000,Active
CU002813,Home Supply,Distributor,R04,SR0084,OK Metro,OK,39385,2018-03-16,500000,Active
CU002814,Home Contracting,Distributor,R03,SR0063,IN Metro,IN,48251,2021-12-20,100000,Active
CU002815,Dream Construction,Retailer,R03,SR0033,IN Heights,IN,20855,2024-07-10,100000,Active
CU002816,Prime Supply,Retailer,R01,SR0116,PA Metro,PA,81739,2019-02-08,1000000,Active
CU002817,Pioneer Homes,Contractor,R02,SR0182,GA Heights,GA,36845,2020-02-18,500000,Active
CU002818,Build Homes,Distributor,R02,SR0177,GA City,GA,76244,2017-06-27,25000,Active
CU002819,Prime LLC,Retailer,R01,SR0041,PA City,PA,70178,2023-07-06,500000,Active
CU002820,Urban Contracting,Contractor,R04,SR0194,NM Heights,NM,33617,2018-04-09,25000,Active
CU002821,Build Development,Retailer,R03,SR0163,OH Metro,OH,10817,2018-05-21,50000,Active
CU002822,Atlas Contracting,Distributor,R02,SR0022,FL Metro,FL,28341,2020-03-23,25000,Active
CU002823,Pioneer Supply,Builder,R03,SR0038,OH Metro,OH,30315,2021-12-22,100000,Active
CU002824,Summit Homes,Contractor,R03,SR0058,OH City,OH,15666,2021-08-23,250000,Active
CU002825,Dream Development,Builder,R03,SR0008,MI Heights,MI,53484,2017-08-10,250000,Active
CU002826,Build Contracting,Retailer,R02,SR0152,SC Heights,sc,51167,2025-05-24,1000000,Active
CU002827,Atlas Construction,Contractor,R04,SR0014,NV Metro,NV,19963,2024-10-29,250000,Active
CU002828,Atlas Supply,Builder,R05,SR0150,CA Metro,CA,41578,2024-10-22,1000000,Active
CU002829,Metro Development,Distributor,R02,SR0117,FL Heights,FL,51900,2020-09-17,100000,Active
CU002830,Skyline Contracting,Builder,R04,SR0189,TX Metro,TX,79207,2021-06-10,100000,Active
CU002831,Evergreen Materials,Retailer,R03,SR0168,IN Heights,IN,85174,2017-10-09,100000,Active
CU002832,Metro Construction,Retailer,R01,SR0096,PA Heights,PA,22914,2021-05-22,500000,Active
CU002833,Skyline Construction,Contractor,R03,SR0133,OH City,OH,58274,2017-01-12,50000,Active
CU002834,Home Supply,Contractor,R05,SR0040,UT Metro,UT,68847,2022-03-10,250000,Active
CU002835,Dream Materials,Builder,R01,SR0016,PA Metro,PA,91579,2019-05-20,25000,Active
CU002836,Metro Materials,Retailer,R05,SR0145,CO City,CO,24213,2017-05-31,1000000,Active
CU002837,Skyline Inc,Retailer,R03,SR0158,WI City,WI,19068,2023-08-13,1000000,Active
CU002838,Skyline Builders,Distributor,R01,SR0176,MA Heights,MA,37771,2017-04-25,50000,Active
CU002839,Home Construction,Retailer,R05,SR0085,UT Heights,UT,92507,2018-09-04,1000000,Active
CU002840,Build Group,Retailer,R03,SR0118,WI City,wi,60095,2021-05-25,250000,Active
CU002841,Urban Homes,Builder,R02,SR0172,FL Metro,FL,33892,2021-08-10,1000000,Active
CU002842,Prime Builders,Contractor,R01,SR0121,NY Heights,NY,77178,2017-04-19,1000000,Active
CU002843,  Evergreen Builders ,Distributor,R05,SR0005,WA Metro,WA,84943,2017-07-20,500000,Active
CU002844,Summit Contracting,Distributor,R01,SR0156,NY City,NY,55183,2022-03-20,1000000,Active
CU002845,Evergreen Inc,Contractor,R04,SR0029,OK City,OK,60554,2018-03-07,100000,Active
CU002846,Home Homes,Retailer,R05,SR0195,OR Metro,OR,74337,2021-05-18,250000,Active
CU002847,Build Materials,Builder,R05,SR0055,CA Heights,CA,25745,2025-03-07,50000,Active
CU002848,Atlas Contracting,Distributor,R05,SR0170,CO Metro,CO,16384,2025-05-18,1000000,Active
CU002849,Urban LLC,Distributor,R03,SR0153,WI Metro,WI,27133,2019-12-10,50000,Active
CU002850,Atlas Supply,Retailer,R05,SR0160,CO Metro,CO,90506,2024-05-05,250000,Active
CU002851,Urban Homes,Retailer,R05,SR0175,OR City,OR,87365,2018-08-16,50000,Active
CU002852,Cornerstone Homes,Distributor,R01,SR0061,NJ Heights,NJ,65808,2022-07-04,25000,Active
CU002853,Atlas Inc,Contractor,R01,SR0181,CT City,CT,58439,2019-10-02,250000,Active
CU002854,Urban Homes,Distributor,R05,SR0070,CO Heights,CO,77580,2021-03-12,25000,Active
CU002855,Summit Contracting,Distributor,R02,SR0107,GA Metro,GA,88410,2019-11-05,50000,Active
CU002856,Metro Contracting,Retailer,R04,SR0039,NV City,NV,97091,2018-05-16,50000,Active
CU002857,Dream Inc,Retailer,R04,SR0054,AZ Heights,AZ,67736,2017-02-03,50000,Active
CU002858,Cornerstone Group,Distributor,R02,SR0087,TN Heights,TN,94432,2024-10-08,1000000,Active
CU002859,Home Supply,Retailer,R04,SR0029,OK Heights,OK,26454,2019-04-26,250000,Active
CU002860,Cornerstone Materials,Distributor,R03,SR0023,OH Heights,OH,14149,2018-10-09,25000,Active
CU002861,Cornerstone Supply,Distributor,R01,SR0161,CT Metro,CT,58910,2019-02-03,25000,Active
CU002862,Prime Homes,Retailer,R05,SR0065,OR City,OR,70373,2020-08-22,500000,Active
CU002863,Atlas Development,Contractor,R01,SR0086,MA Heights,MA,23913,2020-05-13,50000,Active
CU002864,Home Inc,Contractor,R02,SR0187,SC Heights,SC,46491,2018-03-14,250000,Active
CU002865,Atlas Homes,Builder,R05,SR0175,CA Heights,CA,91585,2024-01-15,1000000,Active
CU002866,Skyline LLC,Contractor,R05,SR0145,WA Metro,WA,75902,2020-08-23,100000,Active
CU002867,Urban Homes,Retailer,R04,SR0099,TX City,TX,22125,2024-09-15,250000,Active
CU002868,  Urban Development ,Contractor,R02,SR0097,SC City,SC,31321,2019-08-03,100000,Active
CU002869,Cornerstone Contracting,Contractor,R03,SR0198,MI Metro,mi,42762,2025-06-03,1000000,Active
CU002870,Home Homes,Retailer,R04,SR0094,AZ Heights,AZ,18134,2019-11-28,50000,Active
CU002871,Build Supply,Distributor,R04,SR0019,TX Heights,TX,78876,2023-06-26,250000,Active
CU002872,Dream Builders,Builder,R03,SR0063,IL Metro,il,21194,2018-11-09,100000,Active
CU002873,Prime Homes,Contractor,R03,SR0108,IL Metro,IL,89609,2022-12-06,250000,Active
CU002874,Evergreen Supply,Retailer,R03,SR0063,MI City,MI,57140,2023-09-13,50000,Active
CU002875,Prime Group,Builder,R01,SR0101,PA Metro,PA,22963,2023-05-07,500000,Active
CU002876,Dream Contracting,Contractor,R01,SR0096,PA City,PA,86663,2024-04-18,500000,Active
CU002877,Home LLC,Builder,R03,SR0188,OH Heights,OH,24438,2022-10-04,500000,Active
CU002878,Atlas Builders,Contractor,R03,SR0188,IN Heights,IN,32073,2018-10-27,50000,Active
CU002879,Dream Construction,Distributor,R01,SR0096,NJ Metro,NJ,76334,2023-12-08,25000,Active
CU002880,Urban Inc,Builder,R05,SR0130,UT Heights,UT,19712,2023-09-24,250000,Active
CU002881,Evergreen Materials,Retailer,R01,SR0121,NY Heights,NY,23340,2024-10-13,250000,Active
CU002882,Cornerstone Builders,Contractor,R05,SR0065,CA Metro,CA,13334,2022-10-21,50000,Active
CU002883,Summit LLC,Contractor,R03,SR0033,OH City,OH,40909,2025-02-26,100000,Active
CU002884,Dream Homes,Builder,R02,SR0082,GA Heights,GA,20705,2017-02-11,250000,Active
CU002885,Skyline LLC,Contractor,R02,SR0082,NC City,NC,15158,2020-06-27,50000,Active
CU002886,Evergreen Inc,Distributor,R02,SR0062,TN Heights,TN,74683,2024-12-11,1000000,Active
CU002887,Cornerstone Group,Retailer,R04,SR0019,OK Metro,OK,27575,2019-01-02,500000,Active
CU002888,Cornerstone Construction,Distributor,R03,SR0078,IL City,IL,58545,2018-08-16,50000,Active
CU002889,Dream Homes,Builder,R03,SR0113,IN City,IN,18484,2023-08-29,100000,Active
CU002890,Metro Materials,Builder,R02,SR0072,SC Metro,SC,38774,2022-09-26,500000,Active
CU002891,Evergreen Contracting,Contractor,R05,SR0065,WA Metro,WA,70217,2022-05-13,1000000,Active
CU002892,Pioneer Supply,Contractor,R01,SR0071,PA City,PA,90503,2017-11-27,100000,Active
CU002893,Prime Supply,Retailer,R04,SR0059,NV Heights,NV,50954,2017-01-29,1000000,Active
CU002894,Build LLC,Distributor,R04,SR0154,TX Metro,TX,48998,2019-03-22,100000,Active
CU002895,Cornerstone Homes,Retailer,R03,SR0163,IN Metro,IN,19265,2023-06-29,250000,Active
CU002896,Home Materials,Retailer,R03,SR0083,IL Heights,IL,32454,2020-10-10,500000,Active
CU002897,Urban Inc,Retailer,R01,SR0011,NY City,NY,48554,2018-03-26,1000000,Active
CU002898,Home Materials,Distributor,R01,SR0131,NJ Heights,NJ,40198,2019-07-29,250000,Active
CU002899,Urban Construction,Builder,R04,SR0194,NM Heights,NM,74387,2018-07-31,25000,Active
CU002900,Pioneer LLC,Builder,R02,SR0132,NC City,NC,71095,2024-08-10,1000000,Active
CU002901,Dream LLC,Builder,R02,SR0172,GA Heights,GA,18274,2020-12-18,25000,Active
CU002902,Prime Builders,Distributor,R03,SR0103,IN Heights,IN,67833,2019-09-28,50000,Active
CU002903,Atlas Supply,Distributor,R04,SR0029,AZ City,AZ,23782,2018-10-26,100000,Active
CU002904,Home Construction,Builder,R02,SR0107,FL Metro,FL,79802,2024-11-27,500000,Active
CU002905,Prime Construction,Contractor,R04,SR0119,NM Heights,NM,26906,2024-12-03,1000000,Active
CU002906,Build Contracting,Distributor,R03,SR0028,IL Heights,IL,65398,2022-12-23,250000,Active
CU002907,Atlas Inc,Contractor,R04,SR0024,AZ City,AZ,11408,2020-02-22,100000,Active
CU002908,Skyline Supply,Contractor,R02,SR0157,NC Heights,NC,27001,2017-07-04,100000,Active
CU002909,Build Development,Distributor,R01,SR0001,PA Metro,PA,25985,2023-05-29,25000,Active
CU002910,Evergreen Contracting,Distributor,R03,SR0153,OH City,OH,88223,2018-06-19,50000,Active
CU002911,Metro Inc,Distributor,R01,SR0021,MA Metro,MA,83308,2022-07-05,1000000,Active
CU002912,Prime Supply,Builder,R04,SR0144,OK Heights,OK,70911,2023-10-21,100000,Active
CU002913,Atlas Group,Builder,R05,SR0185,CA Heights,CA,31068,2017-06-09,50000,Active
CU002914,Urban Materials,Contractor,R03,SR0188,MI City,MI,63724,2024-03-27,100000,Active
CU002915,Metro Construction,Contractor,R04,SR0039,AZ Metro,AZ,85856,2019-10-13,500000,Active
CU002916,Urban Inc,Retailer,R01,SR0101,PA Metro,PA,84544,2019-09-04,500000,Active
CU002917,Home Inc,Retailer,R04,SR0119,AZ City,AZ,40872,2019-10-28,100000,Active
CU002918,Summit Group,Contractor,R01,SR0166,MA City,MA,,2020-12-25,100000,Active
CU002919,Build Materials,Builder,R02,SR0087,SC Heights,SC,95050,2024-07-22,50000,Active
CU002920,Metro Inc,Builder,R03,SR0013,MI Metro,MI,69773,2024-03-24,250000,Active
CU002921,Dream Construction,Distributor,R02,SR0012,FL City,FL,12839,2017-10-06,250000,Active
CU002922,Cornerstone Group,Retailer,R01,SR0126,NY Metro,NY,74458,2018-01-24,25000,Active
CU002923,Pioneer Builders,Distributor,R01,SR0136,PA Heights,PA,43700,2018-06-01,250000,Active
CU002924,Home Inc,Contractor,R03,SR0018,MI Metro,MI,71606,2022-08-19,1000000,Active
CU002925,Dream Materials,Builder,R04,SR0074,OK City,OK,16161,2025-06-19,50000,Active
CU002926,Summit Homes,Retailer,R01,SR0041,MA City,MA,84225,2023-09-27,100000,Active
CU002927,Skyline LLC,Builder,R01,SR0016,NY Heights,NY,70822,2019-12-06,100000,Active
CU002928,Build Development,Builder,R04,SR0094,NV City,NV,25887,2017-08-31,250000,Active
CU002929,Dream Supply,Retailer,R01,SR0091,CT Metro,CT,44640,2018-02-01,50000,Active
CU002930,Atlas Builders,Builder,R05,SR0150,CA City,CA,72210,2022-03-01,100000,Active
CU002931,Summit Group,Contractor,R03,SR0048,OH Heights,OH,53332,2024-04-13,100000,Active
CU002932,Home Builders,Contractor,R02,SR0022,GA City,GA,24882,2024-03-06,100000,Active
CU002933,Prime Supply,Contractor,R02,SR0002,FL Metro,FL,95146,2021-01-16,250000,Active
CU002934,Dream Homes,Retailer,R02,SR0097,GA City,GA,67375,2019-03-31,100000,Active
CU002935,Summit Builders,Retailer,R05,SR0045,OR Heights,OR,63655,2020-01-12,100000,Active
CU002936,Home Materials,Retailer,R02,SR0027,SC Heights,SC,67486,2023-01-02,500000,Active
CU002937,Evergreen Inc,Retailer,R02,SR0042,SC Heights,SC,79973,2017-05-09,1000000,Active
CU002938,Metro Materials,Retailer,R02,SR0062,GA City,GA,55588,2024-03-26,100000,Active
CU002939,Build Group,Distributor,R02,SR0007,TN Heights,TN,75152,2019-05-18,100000,Active
CU002940,Dream Development,Retailer,R03,SR0043,MI Metro,MI,72044,2020-01-26,100000,Active
CU002941,Build Development,Builder,R05,SR0190,CO Metro,co,16929,2021-05-18,50000,Active
CU002942,Evergreen Group,Builder,R03,SR0043,WI Metro,WI,57842,2023-04-23,1000000,Active
CU002943,Atlas Builders,Distributor,R03,SR0123,MI Heights,MI,12901,2018-10-06,25000,Active
CU002944,Summit Construction,Builder,R03,SR0063,MI Metro,MI,66903,2018-08-02,500000,Active
CU002945,Dream Homes,Contractor,R03,SR0143,IN City,IN,57260,2024-12-04,500000,Active
CU002946,Summit Construction,Retailer,R04,SR0039,NM City,NM,58723,2019-10-07,1000000,Active
CU002947,Dream Group,Distributor,R05,SR0085,UT Heights,UT,56856,2018-01-07,100000,Active
CU002948,Cornerstone Development,Retailer,R04,SR0184,NV Metro,NV,50146,2024-12-23,250000,Active
CU002949,Dream Group,Builder,R05,SR0165,OR Metro,OR,24312,2021-12-05,25000,Active
CU002950,Evergreen Development,Distributor,R01,SR0041,CT City,CT,31155,2024-06-19,50000,Active
CU002951,Summit Development,Distributor,R02,SR0032,SC Metro,SC,97335,2020-10-09,250000,Active
CU002952,Summit Supply,Builder,R03,SR0053,IL City,IL,26091,2024-12-07,500000,Active
CU002953,Build Group,Retailer,R02,SR0192,TN Heights,TN,48266,2018-11-27,50000,Active
CU002954,Pioneer Development,Builder,R05,SR0135,WA Metro,WA,91913,2025-06-08,250000,Active
CU002955,Pioneer LLC,Builder,R02,SR0042,SC City,SC,89680,2017-11-23,1000000,Active
CU002956,Summit Construction,Retailer,R03,SR0003,IL City,IL,31644,2024-10-25,50000,Active
CU002957,Skyline Group,Contractor,R05,SR0125,CO Heights,CO,56723,2020-12-29,100000,Active
CU002958,Skyline Builders,Retailer,R02,SR0182,FL Heights,FL,39095,2017-07-31,500000,Active
CU002959,Pioneer Supply,Retailer,R04,SR0074,NV City,NV,27062,2017-12-17,250000,Active
CU002960,Evergreen Group,Contractor,R03,SR0018,WI Metro,WI,58905,2022-11-23,50000,Active
CU002961,Atlas Construction,Distributor,R02,SR0007,SC Heights,SC,32652,2017-12-16,25000,Active
CU002962,Urban Contracting,Contractor,R02,SR0187,FL Heights,FL,94302,2018-06-23,100000,Active
CU002963,Atlas LLC,Contractor,R02,SR0102,GA City,GA,55977,2019-03-21,500000,Active
CU002964,Metro Construction,Contractor,R02,SR0177,GA City,GA,10396,2022-03-20,500000,Active
CU002965,Skyline Construction,Retailer,R03,SR0088,IL City,IL,77270,2022-10-14,25000,Active
CU002966,Build Inc,Distributor,R04,SR0174,NM Metro,NM,22709,2018-12-22,100000,Active
CU002967,Evergreen Homes,Contractor,R02,SR0197,SC Metro,SC,33328,2023-01-22,100000,Active
CU002968,Home Supply,Contractor,R01,SR0041,PA Heights,PA,45440,2024-08-25,25000,Active
CU002969,Summit Development,Retailer,R03,SR0033,IN City,IN,48783,2018-03-13,250000,Active
CU002970,Pioneer LLC,Retailer,R04,SR0084,OK Metro,OK,83366,2022-12-23,25000,Active
CU002971,Prime Construction,Distributor,R03,SR0198,IN Metro,IN,67246,2020-04-01,25000,Active
CU002972,Evergreen Inc,Distributor,R01,SR0196,CT Metro,CT,90104,2017-08-03,50000,Active
CU002973,Prime Homes,Builder,R01,SR0181,NY Metro,NY,56710,2019-11-26,50000,Active
CU002974,Pioneer Construction,Retailer,R02,SR0002,SC Heights,SC,73238,2017-10-07,100000,Active
CU002975,Dream Homes,Builder,R05,SR0130,CO Metro,CO,87265,2024-06-30,500000,Active
CU002976,Prime Contracting,Builder,R02,SR0107,SC City,SC,73408,2019-10-18,250000,Active
CU002977,Evergreen LLC,Builder,R01,SR0106,NJ Heights,NJ,55734,2018-08-05,250000,Active
CU002978,Build Construction,Distributor,R03,SR0123,OH Metro,OH,10110,2023-01-12,250000,Active
CU002979,Cornerstone Supply,Builder,R02,SR0192,SC Heights,SC,45214,2024-02-22,25000,Active
CU002980,Atlas LLC,Distributor,R04,SR0064,NM Heights,NM,80268,2025-01-28,50000,Active
CU002981,Summit Construction,Retailer,R04,SR0159,TX Heights,TX,45698,2019-09-09,25000,Active
CU002982,Cornerstone Inc,Retailer,R02,SR0017,SC City,SC,96569,2019-03-18,100000,Active
CU002983,Cornerstone Homes,Retailer,R04,SR0029,NV Metro,NV,70087,2022-05-12,1000000,Active
CU002984,Urban LLC,Distributor,R04,SR0104,NM City,NM,25982,2020-06-13,100000,Active
CU002985,Urban Supply,Distributor,R01,SR0156,PA City,PA,42858,2018-12-11,500000,Active
CU002986,Atlas Contracting,Builder,R04,SR0084,AZ Heights,AZ,31106,2018-05-18,1000000,Active
CU002987,Cornerstone Builders,Retailer,R03,SR0003,WI City,wi,28168,2022-09-26,250000,Active
CU002988,Prime Materials,Distributor,R03,SR0148,MI Metro,MI,97392,2024-04-16,250000,Active
CU002989,Summit LLC,Distributor,R04,SR0094,OK City,OK,40234,2024-09-09,100000,Active
CU002990,Evergreen Group,Distributor,R03,SR0128,MI Metro,MI,62363,2021-04-26,250000,Active
CU002991,Metro Materials,Builder,R04,SR0129,NM Metro,NM,75553,2023-07-29,25000,Active
CU002992,Prime Group,Distributor,R04,SR0104,NM Metro,NM,47685,2022-12-08,50000,Active
CU002993,Dream Group,Contractor,R02,SR0162,TN Heights,tn,46159,2024-09-14,250000,Active
CU002994,Atlas Contracting,Distributor,R05,SR0015,OR Heights,OR,80282,2024-09-09,250000,Active
CU002995,Dream Development,Builder,R03,SR0123,IL City,IL,66595,2017-12-26,250000,Active
CU002996,Metro Supply,Contractor,R03,SR0063,OH City,OH,41334,2018-03-21,25000,Active
CU002997,Urban Development,Retailer,R01,SR0006,CT Metro,CT,52386,2018-07-01,250000,Active
CU002998,Prime Materials,Retailer,R03,SR0183,MI City,MI,35278,2020-11-20,250000,Active
CU002999,Pioneer Inc,Contractor,R04,SR0104,NV City,NV,36177,2024-05-13,25000,Active
CU003000,Atlas Homes,Retailer,R02,SR0127,NC Metro,NC,42432,2024-12-20,250000,Active
CU003001,Pioneer LLC,Contractor,R05,SR0085,CO Heights,CO,52863,2024-10-07,25000,Active
CU003002,Cornerstone Homes,Distributor,R01,SR0186,CT Heights,CT,65649,2021-09-21,25000,Active
CU003003,Metro Development,Distributor,R02,SR0127,TN City,TN,78840,2023-08-14,1000000,Active
CU003004,Cornerstone Inc,Builder,R04,SR0154,AZ Metro,AZ,16371,2024-05-06,500000,Active
CU003005,Atlas Materials,Builder,R04,SR0019,TX Heights,TX,98617,2023-01-21,1000000,Active
CU003006,Urban Builders,Distributor,R04,SR0044,AZ City,AZ,93088,2018-12-04,25000,Active
CU003007,Build Builders,Builder,R03,SR0058,MI Metro,MI,65708,2023-10-01,50000,Active
CU003008,Home Supply,Contractor,R02,SR0167,NC City,NC,60234,2020-02-07,50000,Active
CU003009,Urban Inc,Builder,R01,SR0156,NY City,NY,47200,2017-09-09,100000,Active
CU003010,Urban Construction,Builder,R02,SR0097,NC Heights,NC,58375,2025-04-09,50000,Active
CU003011,Evergreen Inc,Contractor,R02,SR0017,GA Heights,GA,71031,2020-05-23,500000,Active
CU003012,Pioneer Group,Builder,R02,SR0197,FL City,FL,83041,2018-06-14,25000,Active
CU003013,Summit Materials,Distributor,R04,SR0074,OK Heights,OK,67781,2021-01-02,250000,Active
CU003014,Metro Builders,Distributor,R04,SR0104,AZ Metro,AZ,22756,2018-03-10,100000,Active
CU003015,Cornerstone Contracting,Builder,R03,SR0068,OH Heights,OH,33492,2017-10-10,500000,Active
CU003016,Home Supply,Retailer,R03,SR0033,IL Heights,IL,84631,2022-08-28,50000,Active
CU003017,Skyline Inc,Contractor,R02,SR0152,NC Metro,NC,27248,2019-06-25,50000,Active
CU003018,Dream Group,Retailer,R04,SR0194,TX Heights,TX,41774,2022-03-08,25000,Active
CU003019,Prime Homes,Distributor,R01,SR0026,PA City,PA,34506,2024-04-30,1000000,Active
CU003020,Cornerstone Development,Distributor,R03,SR0013,WI City,WI,34849,2019-12-30,25000,Active
CU003021,Atlas Homes,Contractor,R03,SR0053,MI City,MI,43145,2024-01-31,1000000,Active
CU003022,Pioneer Homes,Contractor,R01,SR0046,MA Heights,MA,41323,2024-01-14,50000,Active
CU003023,Pioneer Builders,Builder,R05,SR0105,CO Heights,CO,38612,2017-06-11,1000000,Active
CU003024,Evergreen Homes,Distributor,R01,SR0011,NJ Heights,NJ,28417,2024-03-28,25000,Active
CU003025,Urban LLC,Distributor,R04,SR0094,OK Metro,OK,72840,2024-05-03,250000,Active
CU003026,Evergreen Supply,Distributor,R01,SR0086,NY Metro,NY,47623,2022-12-05,250000,Active
CU003027,Summit Supply,Contractor,R03,SR0093,IL Metro,IL,71019,2022-10-10,1000000,Active
CU003028,Atlas Homes,Retailer,R03,SR0158,IL Heights,IL,84228,2021-08-14,250000,Active
CU003029,Skyline Group,Retailer,R01,SR0071,NJ Heights,NJ,30112,2022-10-14,1000000,Active
CU003030,Dream Contracting,Retailer,R03,SR0003,OH City,OH,26761,2020-12-17,500000,Active
CU003031,Skyline Group,Retailer,R04,SR0119,NV Heights,NV,40127,2017-10-15,1000000,Active
CU003032,Build Contracting,Distributor,R03,SR0098,OH Metro,OH,71848,2018-09-28,50000,Active
CU003033,Build Inc,Builder,R02,SR0047,TN Heights,TN,57409,2023-10-19,25000,Active
CU003034,Prime Development,Distributor,R02,SR0117,GA Heights,GA,27443,2024-08-04,25000,Active
CU003035,Metro Group,Distributor,R05,SR0195,OR City,OR,37842,2021-07-09,25000,Active
CU003036,Metro Contracting,Retailer,R04,SR0019,NV City,NV,62329,2024-09-18,250000,Active
CU003037,Atlas Development,Retailer,R05,SR0005,WA Metro,WA,63539,2025-03-05,1000000,Active
CU003038,Dream Materials,Builder,R01,SR0106,CT Metro,CT,65990,2021-03-25,500000,Active
CU003039,Urban Group,Retailer,R04,SR0069,NV City,NV,30819,2025-01-19,50000,Active
CU003040,Dream Group,Builder,R04,SR0194,NV Heights,NV,99394,2019-11-04,1000000,Active
CU003041,Build Materials,Contractor,R03,SR0128,IN Metro,IN,49093,2023-02-18,25000,Active
CU003042,Metro LLC,Builder,R01,SR0126,MA Heights,MA,78151,2020-01-19,50000,Active
CU003043,Evergreen Inc,Retailer,R03,SR0008,WI Metro,WI,78175,2021-09-05,50000,Active
CU003044,Build LLC,Contractor,R01,SR0096,NY Heights,NY,39865,2023-02-09,100000,Active
CU003045,Atlas Supply,Builder,R02,SR0037,TN City,TN,65158,2022-07-17,250000,Active
CU003046,Build Builders,Contractor,R04,SR0199,NV City,NV,30676,2021-04-29,500000,Active
CU003047,Build Construction,Builder,R02,SR0117,FL Heights,FL,41517,2017-10-27,50000,Active
CU003048,Prime Development,Distributor,R02,SR0067,GA Metro,GA,87810,2017-07-06,1000000,Active
CU003049,Summit Group,Contractor,R02,SR0177,GA City,GA,24732,2019-10-01,500000,Active
CU003050,  Atlas Construction ,Contractor,R01,SR0101,MA Metro,MA,,2022-03-12,250000,Active
CU003051,Home LLC,Distributor,R04,SR0059,NM City,NM,38667,2018-04-11,100000,Active
CU003052,Pioneer Development,Contractor,R03,SR0093,IL Metro,IL,25108,2025-01-09,1000000,Active
CU003053,Dream LLC,Builder,R05,SR0045,CO City,CO,14348,2024-05-14,250000,Active
CU003054,Evergreen Inc,Distributor,R05,SR0065,CA Heights,CA,33425,2024-06-21,100000,Active
CU003055,Skyline Contracting,Retailer,R01,SR0191,NJ Metro,NJ,19971,2019-02-05,1000000,Active
CU003056,Evergreen Construction,Distributor,R04,SR0119,OK City,OK,21568,2023-04-30,50000,Active
CU003057,Skyline Contracting,Contractor,R03,SR0168,MI City,MI,74763,2021-07-01,1000000,Active
CU003058,Pioneer LLC,Retailer,R04,SR0039,NV City,nv,27786,2018-01-28,250000,Active
CU003059,Dream Homes,Retailer,R03,SR0128,OH Heights,OH,12063,2017-12-09,100000,Active
CU003060,Evergreen Construction,Contractor,R04,SR0009,NM City,NM,35871,2017-09-06,100000,Active
CU003061,Build LLC,Distributor,R03,SR0103,IL Metro,IL,51931,2022-01-04,100000,Active
CU003062,Summit Group,Builder,R01,SR0161,NY Metro,NY,16489,2017-04-08,100000,Active
CU003063,Urban LLC,Distributor,R04,SR0094,OK Metro,ok,52948,2018-11-01,25000,Active
CU003064,Skyline Contracting,Builder,R04,SR0194,AZ Metro,AZ,84017,2018-06-19,250000,Active
CU003065,Prime Supply,Contractor,R01,SR0026,PA City,PA,65991,2017-10-26,50000,Active
CU003066,Dream Development,Retailer,R05,SR0120,UT City,UT,51261,2022-04-29,25000,Active
CU003067,Summit Development,Distributor,R01,SR0016,NJ Metro,NJ,67662,2019-03-11,1000000,Active
CU003068,Cornerstone Inc,Builder,R01,SR0016,NY Metro,NY,93194,2023-01-31,250000,Active
CU003069,Prime Development,Distributor,R05,SR0020,CA Heights,CA,53944,2022-03-19,25000,Active
CU003070,Dream Development,Builder,R04,SR0189,OK City,OK,13799,2018-01-23,100000,Active
CU003071,Pioneer Group,Builder,R04,SR0109,OK Metro,OK,15258,2023-03-24,25000,Active
CU003072,Home Group,Retailer,R01,SR0111,PA Heights,PA,31255,2019-02-16,50000,Active
CU003073,Atlas Contracting,Builder,R02,SR0112,FL Heights,FL,78699,2021-01-17,1000000,Active
CU003074,Atlas Inc,Distributor,R05,SR0150,CO City,CO,34926,2024-09-04,50000,Active
CU003075,Atlas Supply,Retailer,R01,SR0081,NY Heights,NY,62544,2021-04-23,25000,Active
CU003076,Evergreen Group,Distributor,R03,SR0088,WI Metro,WI,83038,2024-08-05,50000,Active
CU003077,Prime LLC,Builder,R03,SR0078,OH Heights,OH,64566,2022-04-23,500000,Active
CU003078,Build Homes,Builder,R02,SR0077,NC City,NC,17408,2019-10-04,100000,Active
CU003079,Dream Builders,Retailer,R03,SR0083,IL City,IL,35722,2018-12-27,1000000,Active
CU003080,Metro Homes,Retailer,R04,SR0054,AZ Metro,AZ,38462,2020-02-05,500000,Active
CU003081,Evergreen Development,Contractor,R03,SR0038,MI Metro,MI,48075,2022-03-29,1000000,Active
CU003082,Atlas Materials,Retailer,R03,SR0083,MI Heights,MI,47856,2019-01-06,100000,Active
CU003083,Urban Builders,Retailer,R03,SR0163,IN City,IN,24580,2025-06-09,25000,Active
CU003084,Summit Development,Builder,R04,SR0084,NV City,NV,88149,2019-11-04,1000000,Active
CU003085,Atlas Inc,Contractor,R04,SR0069,AZ Metro,AZ,74991,2021-01-15,1000000,Active
CU003086,Prime Development,Retailer,R02,SR0147,FL City,FL,95316,2022-05-21,100000,Active
CU003087,Urban Group,Builder,R05,SR0080,WA Heights,WA,83099,2017-11-09,25000,Active
CU003088,Summit Development,Distributor,R01,SR0041,CT City,CT,41275,2018-11-20,100000,Active
CU003089,Prime Development,Distributor,R03,SR0018,OH Heights,OH,11736,2018-04-13,1000000,Active
CU003090,Cornerstone Group,Contractor,R01,SR0131,MA Heights,MA,89578,2022-10-27,50000,Active
CU003091,Urban Construction,Contractor,R04,SR0014,NV Heights,NV,44899,2018-02-24,250000,Active
CU003092,  Cornerstone Supply ,Contractor,R01,SR0001,NY Metro,NY,15780,2019-02-06,50000,Active
CU003093,Summit LLC,Contractor,R04,SR0199,AZ Heights,AZ,93738,2023-03-20,500000,Active
CU003094,Home Contracting,Distributor,R04,SR0199,TX Metro,TX,70567,2022-09-01,500000,Active
CU003095,Prime Development,Distributor,R03,SR0018,OH City,OH,45348,2019-07-02,1000000,Active
CU003096,Prime Materials,Retailer,R04,SR0174,AZ City,AZ,32237,2025-04-19,250000,Active
CU003097,Evergreen Group,Builder,R05,SR0150,UT Metro,UT,37962,2023-08-27,100000,Active
CU003098,Pioneer Inc,Builder,R02,SR0102,FL Metro,FL,88750,2021-05-17,250000,Active
CU003099,Cornerstone Builders,Contractor,R04,SR0154,OK City,OK,86890,2020-07-20,100000,Active
CU003100,Skyline Materials,Retailer,R01,SR0181,PA City,PA,66839,2023-03-10,25000,Active
CU003101,Cornerstone Construction,Distributor,R04,SR0124,NV Heights,NV,64938,2021-05-28,250000,Active
CU003102,Prime Construction,Builder,R01,SR0026,MA Metro,MA,48137,2021-04-05,50000,Active
CU003103,Dream Development,Builder,R03,SR0168,MI City,MI,48455,2020-08-10,25000,Active
CU003104,Home Supply,Retailer,R04,SR0109,NM City,NM,69396,2017-06-05,50000,Active
CU003105,Pioneer Supply,Retailer,R04,SR0119,OK Heights,OK,43031,2025-02-27,100000,Active
CU003106,Urban LLC,Contractor,R02,SR0052,NC City,NC,64959,2017-12-04,50000,Active
CU003107,Atlas Contracting,Distributor,R04,SR0054,NM City,NM,83742,2020-09-04,250000,Active
CU003108,Home Inc,Builder,R02,SR0127,GA Heights,GA,83890,2024-06-15,250000,Active
CU003109,Build Construction,Builder,R05,SR0015,OR Metro,OR,21754,2020-03-04,250000,Active
CU003110,Urban Supply,Builder,R02,SR0102,SC Heights,SC,81218,2024-07-30,250000,Active
CU003111,Dream Inc,Builder,R05,SR0080,CO Metro,CO,19217,2017-03-31,100000,Active
CU003112,Build Homes,Contractor,R03,SR0113,IL Heights,IL,36803,2022-11-30,50000,Active
CU003113,Pioneer Contracting,Builder,R05,SR0160,CO Heights,CO,95289,2024-05-23,50000,Active
CU003114,Cornerstone Inc,Contractor,R02,SR0092,TN City,TN,21144,2019-10-02,25000,Active
CU003115,Home Development,Distributor,R02,SR0162,GA City,GA,95210,2017-08-11,100000,Active
CU003116,Prime Supply,Contractor,R02,SR0192,FL Heights,FL,82525,2017-05-09,50000,Active
CU003117,Cornerstone Homes,Distributor,R05,SR0160,WA Metro,WA,69989,2020-11-02,1000000,Active
CU003118,Home Materials,Contractor,R04,SR0114,OK Metro,OK,17624,2023-11-18,100000,Active
CU003119,Cornerstone Builders,Retailer,R03,SR0113,MI City,MI,16622,2021-03-02,1000000,Active
CU003120,Cornerstone Contracting,Contractor,R02,SR0172,GA City,GA,42701,2019-04-23,500000,Active
CU003121,Urban Construction,Builder,R03,SR0168,IL Metro,IL,28776,2021-09-27,100000,Active
CU003122,Prime Materials,Distributor,R01,SR0091,MA Metro,MA,26160,2021-11-25,1000000,Active
CU003123,Skyline Development,Distributor,R02,SR0092,FL Metro,FL,69397,2019-10-18,500000,Active
CU003124,Summit Inc,Contractor,R01,SR0091,NY Heights,NY,72650,2018-10-08,25000,Active
CU003125,Pioneer Group,Retailer,R02,SR0197,NC Heights,NC,31077,2022-12-14,50000,Active
CU003126,Cornerstone Inc,Contractor,R05,SR0190,UT City,UT,49342,2021-04-23,1000000,Active
CU003127,Cornerstone Inc,Retailer,R03,SR0023,WI Heights,WI,61587,2021-11-07,1000000,Active
CU003128,Build Construction,Distributor,R03,SR0078,MI City,MI,58549,2022-07-23,500000,Active
CU003129,Build Builders,Retailer,R05,SR0085,OR Metro,OR,71594,2017-07-04,250000,Active
CU003130,Cornerstone Inc,Retailer,R01,SR0141,PA Metro,PA,39951,2017-07-02,25000,Active
CU003131,Cornerstone Development,Distributor,R02,SR0007,TN Heights,TN,70480,2019-09-16,25000,Active
CU003132,Summit Builders,Builder,R03,SR0078,IN City,IN,49068,2024-09-07,25000,Active
CU003133,Urban Contracting,Builder,R01,SR0111,MA Metro,MA,47824,2018-05-30,250000,Active
CU003134,Prime Materials,Contractor,R05,SR0165,CO Metro,CO,65430,2020-11-24,100000,Active
CU003135,Summit Homes,Retailer,R03,SR0103,IN City,IN,65229,2017-06-26,100000,Active
CU003136,Home Homes,Contractor,R05,SR0080,WA Metro,WA,54778,2024-10-20,250000,Active
CU003137,Atlas Materials,Retailer,R04,SR0074,TX City,TX,34625,2017-11-02,50000,Active
CU003138,Summit Builders,Distributor,R05,SR0130,WA Metro,WA,20685,2023-05-14,500000,Active
CU003139,Pioneer LLC,Distributor,R04,SR0124,NM Heights,NM,73141,2025-04-18,500000,Active
CU003140,Build Materials,Distributor,R02,SR0137,FL Heights,FL,92178,2023-05-27,50000,Active
CU003141,  Prime Homes ,Distributor,R02,SR0182,GA Metro,GA,40809,2020-02-28,1000000,Active
CU003142,Pioneer Homes,Distributor,R04,SR0004,NV Heights,NV,24145,2019-09-26,25000,Active
CU003143,Urban Supply,Builder,R04,SR0119,TX Heights,TX,10580,2017-02-19,1000000,Active
CU003144,Skyline Materials,Builder,R04,SR0134,AZ Metro,AZ,58983,2023-10-27,250000,Active
CU003145,Build Construction,Builder,R05,SR0005,OR City,OR,30885,2020-06-17,100000,Active
CU003146,Cornerstone Homes,Retailer,R05,SR0145,WA Heights,WA,52582,2021-08-20,100000,Active
CU003147,  Dream Construction ,Retailer,R01,SR0161,NJ Heights,NJ,80784,2022-09-02,1000000,Active
CU003148,Urban Supply,Contractor,R04,SR0024,AZ Heights,AZ,97113,2024-05-10,500000,Active
CU003149,Atlas Construction,Distributor,R02,SR0147,TN City,TN,37406,2019-07-26,250000,Active
CU003150,Metro Builders,Retailer,R04,SR0154,NV Metro,NV,30757,2020-10-09,50000,Active
CU003151,Build Contracting,Builder,R01,SR0156,NY City,NY,88802,2022-07-03,500000,Active
CU003152,Cornerstone Builders,Builder,R03,SR0063,OH Metro,OH,30355,2024-09-24,1000000,Active
CU003153,Atlas Materials,Distributor,R04,SR0144,NM Metro,NM,42705,2023-03-26,25000,Active
CU003154,Summit Materials,Contractor,R01,SR0041,MA City,MA,91603,2022-08-13,1000000,Active
CU003155,Skyline LLC,Contractor,R03,SR0193,OH Heights,OH,32183,2020-09-05,500000,Active
CU003156,Pioneer Homes,Distributor,R01,SR0146,PA Heights,PA,21698,2020-12-12,250000,Active
CU003157,Dream Contracting,Retailer,R04,SR0044,OK Metro,OK,60689,2024-05-13,500000,Active
CU003158,Atlas Development,Retailer,R03,SR0008,WI Heights,WI,44542,2025-04-21,50000,Active
CU003159,Prime Supply,Retailer,R03,SR0133,IN Metro,IN,80261,2017-03-09,250000,Active
CU003160,Urban Homes,Retailer,R01,SR0116,CT City,CT,77576,2025-06-27,500000,Active
CU003161,Atlas Development,Contractor,R05,SR0005,WA Metro,WA,93508,2023-04-21,25000,Active
CU003162,Metro Group,Contractor,R03,SR0013,OH Metro,OH,67454,2019-07-05,1000000,Active
CU003163,Dream Construction,Distributor,R02,SR0032,TN Heights,TN,85738,2021-10-22,25000,Active
CU003164,Evergreen Group,Distributor,R02,SR0007,SC City,SC,42796,2021-01-21,50000,Active
CU003165,Prime Inc,Retailer,R04,SR0149,OK City,OK,10329,2022-07-02,1000000,Active
CU003166,Pioneer Construction,Builder,R03,SR0133,OH Heights,OH,61261,2017-11-07,250000,Active
CU003167,Atlas Materials,Distributor,R04,SR0194,NM Heights,NM,65798,2025-05-15,25000,Active
CU003168,Summit LLC,Builder,R02,SR0167,FL Metro,FL,31080,2023-08-13,500000,Active
CU003169,Home Group,Contractor,R02,SR0042,SC Metro,SC,16383,2020-06-06,100000,Active
CU003170,Urban Inc,Contractor,R01,SR0121,NJ Metro,NJ,11703,2017-05-24,25000,Active
CU003171,Home Homes,Retailer,R04,SR0164,AZ Heights,AZ,40381,2019-09-27,100000,Active
CU003172,Build LLC,Retailer,R04,SR0184,NV City,NV,23714,2023-06-15,1000000,Active
CU003173,Dream Builders,Retailer,R04,SR0169,OK City,OK,11739,2024-05-05,50000,Active
CU003174,Prime Inc,Contractor,R02,SR0022,NC Heights,NC,35731,2023-06-25,25000,Active
CU003175,Prime Contracting,Contractor,R03,SR0183,OH Heights,OH,68783,2025-03-04,100000,Active
CU003176,Cornerstone Group,Distributor,R02,SR0177,GA City,GA,71375,2018-11-09,500000,Active
CU003177,Home Construction,Builder,R05,SR0025,UT Metro,UT,83947,2022-12-27,50000,Active
CU003178,Metro Builders,Builder,R04,SR0064,NM Metro,NM,63407,2024-02-09,25000,Active
CU003179,Summit Homes,Retailer,R05,SR0005,CO Heights,CO,31868,2020-06-19,50000,Active
CU003180,Skyline Supply,Distributor,R05,SR0105,CA Heights,CA,23820,2017-08-20,25000,Active
CU003181,Pioneer Builders,Contractor,R03,SR0128,IN Metro,IN,97148,2019-07-22,250000,Active
CU003182,Pioneer Development,Builder,R01,SR0141,NY Heights,NY,75992,2024-08-15,100000,Active
CU003183,Pioneer Group,Retailer,R01,SR0001,NY Metro,NY,24518,2023-09-12,250000,Active
CU003184,Pioneer Builders,Distributor,R04,SR0104,AZ Metro,AZ,63067,2019-11-26,100000,Active
CU003185,Skyline Group,Retailer,R03,SR0098,IL Heights,IL,33291,2024-08-08,100000,Active
CU003186,Cornerstone Homes,Contractor,R05,SR0105,UT City,UT,89107,2022-11-03,50000,Active
CU003187,Cornerstone Homes,Retailer,R03,SR0038,IL City,IL,42722,2017-11-02,100000,Active
CU003188,Summit Group,Contractor,R03,SR0093,IN Metro,IN,95066,2023-10-29,1000000,Active
CU003189,Atlas Supply,Distributor,R05,SR0070,WA Heights,WA,52416,2020-08-03,25000,Active
CU003190,Home Materials,Builder,R05,SR0080,CO City,CO,41594,2019-09-28,1000000,Active
CU003191,Urban Group,Retailer,R03,SR0043,WI Metro,WI,20109,2025-02-07,100000,Active
CU003192,Skyline LLC,Retailer,R04,SR0044,NV Heights,NV,93864,2024-08-05,250000,Active
CU003193,Evergreen LLC,Distributor,R02,SR0122,SC City,SC,61076,2023-07-04,25000,Active
CU003194,Dream Supply,Retailer,R04,SR0134,NM Metro,NM,13222,2022-04-08,1000000,Active
CU003195,Metro Builders,Builder,R05,SR0060,CO Heights,CO,34800,2019-01-03,250000,Active
CU003196,Skyline Contracting,Distributor,R05,SR0060,OR City,OR,10127,2019-01-30,1000000,Active
CU003197,Cornerstone Builders,Contractor,R03,SR0188,OH Heights,OH,57255,2023-01-18,100000,Active
CU003198,Skyline Builders,Distributor,R05,SR0175,WA Metro,WA,10471,2019-07-10,500000,Active
CU003199,Summit Group,Retailer,R01,SR0161,NY City,NY,97521,2022-01-04,50000,Active
CU003200,Prime Homes,Builder,R05,SR0120,UT Metro,UT,76026,2018-01-14,250000,Active
CU003201,Metro Homes,Distributor,R02,SR0117,GA Heights,GA,80765,2020-04-11,25000,Active
CU003202,Evergreen LLC,Builder,R02,SR0122,NC Metro,NC,80551,2021-01-20,25000,Active
CU003203,Evergreen Development,Distributor,R05,SR0170,CO City,CO,97081,2019-04-09,500000,Active
CU003204,Build Builders,Contractor,R02,SR0092,FL Heights,FL,61659,2019-08-24,250000,Active
CU003205,Metro Development,Contractor,R02,SR0192,SC Metro,SC,97489,2021-11-10,25000,Active
CU003206,Build Supply,Distributor,R02,SR0072,NC Heights,NC,18003,2021-08-15,1000000,Active
CU003207,Metro Development,Contractor,R02,SR0057,SC Metro,SC,51701,2022-12-25,50000,Active
CU003208,Dream Inc,Distributor,R03,SR0123,IN Heights,IN,23643,2017-11-23,50000,Active
CU003209,Build Construction,Contractor,R01,SR0131,MA Heights,MA,61048,2024-02-23,1000000,Active
CU003210,Urban Supply,Distributor,R01,SR0196,MA Metro,MA,93126,2018-07-04,1000000,Active
CU003211,Summit Group,Builder,R03,SR0008,MI City,MI,47734,2018-08-28,250000,Active
CU003212,Evergreen Development,Retailer,R01,SR0016,MA Metro,MA,37716,2019-12-26,50000,Active
CU003213,Evergreen Construction,Builder,R03,SR0023,IL Metro,IL,32483,2019-09-26,25000,Active
CU003214,Summit Group,Builder,R01,SR0006,PA Heights,PA,80895,2018-05-15,250000,Active
CU003215,Urban Materials,Builder,R04,SR0149,TX Metro,TX,18649,2020-04-13,500000,Active
CU003216,Metro LLC,Retailer,R05,SR0005,WA City,WA,95665,2018-07-23,50000,Active
CU003217,Prime Contracting,Retailer,R01,SR0176,MA Metro,MA,66375,2017-08-22,25000,Active
CU003218,Cornerstone Inc,Builder,R04,SR0044,AZ Heights,AZ,88746,2021-02-05,100000,Active
CU003219,Summit Contracting,Retailer,R01,SR0081,NY Metro,NY,41419,2020-04-26,500000,Active
CU003220,Home Supply,Retailer,R01,SR0126,NY Metro,NY,87577,2025-04-09,100000,Active
CU003221,Metro Homes,Builder,R05,SR0075,CA City,CA,22586,2018-06-09,25000,Active
CU003222,Urban Construction,Distributor,R05,SR0105,CA Heights,CA,45701,2024-05-30,25000,Active
CU003223,Prime LLC,Contractor,R01,SR0006,PA Heights,PA,37709,2023-11-22,100000,Active
CU003224,Pioneer Inc,Contractor,R01,SR0091,MA Metro,MA,84448,2022-06-08,100000,Active
CU003225,Home Materials,Distributor,R03,SR0063,IL City,IL,99076,2020-09-11,1000000,Active
CU003226,Atlas Homes,Distributor,R04,SR0094,AZ Metro,AZ,10643,2025-03-08,100000,Active
CU003227,  Dream Construction ,Builder,R01,SR0081,PA Metro,PA,81202,2022-08-15,25000,Active
CU003228,Atlas Development,Retailer,R02,SR0172,NC City,NC,,2018-04-25,1000000,Active
CU003229,Cornerstone Materials,Distributor,R04,SR0129,TX City,TX,67823,2021-09-12,500000,Active
CU003230,Evergreen Builders,Retailer,R05,SR0020,OR Heights,OR,62478,2018-09-05,50000,Active
CU003231,Skyline Group,Builder,R03,SR0078,WI City,WI,45079,2025-06-24,100000,Active
CU003232,Urban Supply,Distributor,R05,SR0070,WA City,WA,27779,2017-06-21,500000,Active
CU003233,Atlas LLC,Contractor,R05,SR0065,UT Metro,UT,41029,2017-12-11,50000,Active
CU003234,Home Group,Distributor,R03,SR0158,WI Heights,WI,45695,2022-03-13,1000000,Active
CU003235,Atlas Homes,Distributor,R01,SR0196,PA Heights,PA,18893,2020-10-09,25000,Active
CU003236,Summit Builders,Retailer,R05,SR0075,CO Metro,CO,14105,2017-03-28,500000,Active
CU003237,Cornerstone Inc,Retailer,R03,SR0128,IN City,IN,16708,2018-03-25,500000,Active
CU003238,Home Supply,Distributor,R04,SR0199,NM Metro,NM,31174,2024-06-03,1000000,Active
CU003239,Atlas Builders,Builder,R04,SR0139,TX Heights,TX,76361,2020-06-16,500000,Active
CU003240,Urban Group,Builder,R01,SR0081,NJ City,NJ,64995,2021-04-27,500000,Active
CU003241,Prime LLC,Distributor,R03,SR0053,IN Heights,IN,86919,2023-04-22,500000,Active
CU003242,Dream Development,Distributor,R05,SR0120,UT Heights,UT,98312,2017-04-16,1000000,Active
CU003243,Metro Materials,Retailer,R05,SR0115,OR City,OR,35336,2019-05-29,1000000,Active
CU003244,Urban Materials,Distributor,R04,SR0039,OK City,OK,74752,2025-06-05,500000,Active
CU003245,  Prime Development ,Retailer,R05,SR0180,OR Metro,OR,10297,2017-05-29,1000000,Active
CU003246,Skyline Builders,Distributor,R04,SR0014,NM Metro,NM,65418,2023-10-24,50000,Active
CU003247,Cornerstone Contracting,Retailer,R04,SR0134,AZ Heights,AZ,83638,2018-09-23,500000,Active
CU003248,Atlas Group,Contractor,R04,SR0089,AZ Heights,AZ,88539,2024-03-14,100000,Active
CU003249,Summit Materials,Distributor,R05,SR0065,CO Heights,CO,68373,2023-04-14,250000,Active
CU003250,Urban Supply,Contractor,R02,SR0017,SC City,SC,28726,2021-10-28,1000000,Active
CU003251,Skyline Homes,Builder,R04,SR0179,OK City,OK,,2024-11-09,100000,Active
CU003252,Summit Construction,Distributor,R01,SR0051,PA City,PA,25848,2022-07-18,100000,Active
CU003253,Pioneer Builders,Distributor,R04,SR0154,NM City,NM,68704,2018-02-25,25000,Active
CU003254,Summit Development,Contractor,R04,SR0104,OK City,OK,70099,2024-09-17,25000,Active
CU003255,Prime Group,Builder,R03,SR0178,OH Heights,OH,63372,2021-12-01,1000000,Active
CU003256,Skyline Builders,Retailer,R01,SR0111,NY Heights,NY,40426,2021-09-21,100000,Active
CU003257,Build Development,Contractor,R03,SR0108,IN City,IN,71262,2024-08-25,250000,Active
CU003258,Cornerstone Builders,Distributor,R02,SR0007,SC Heights,SC,55995,2017-09-22,250000,Active
CU003259,Skyline Builders,Distributor,R02,SR0197,NC City,NC,30280,2021-04-22,250000,Active
CU003260,Evergreen Construction,Contractor,R04,SR0104,OK Metro,OK,93220,2024-10-03,100000,Active
CU003261,Skyline Contracting,Distributor,R04,SR0074,NV Metro,NV,75611,2023-03-04,100000,Active
CU003262,Metro Construction,Distributor,R01,SR0021,PA Heights,PA,69386,2021-12-22,50000,Active
CU003263,Urban Materials,Contractor,R05,SR0095,UT Metro,UT,24445,2025-03-30,100000,Active
CU003264,Dream Inc,Retailer,R03,SR0003,MI Metro,MI,14734,2020-03-30,100000,Active
CU003265,Atlas Inc,Retailer,R01,SR0106,NY City,NY,81586,2023-04-19,1000000,Active
CU003266,Urban Homes,Retailer,R04,SR0129,NV City,NV,60184,2017-09-15,50000,Active
CU003267,Cornerstone Materials,Retailer,R03,SR0188,IL Metro,IL,86681,2023-08-06,250000,Active
CU003268,Skyline Development,Contractor,R03,SR0058,OH City,OH,42922,2024-07-03,250000,Active
CU003269,Dream Builders,Retailer,R01,SR0136,CT Metro,CT,45237,2024-08-30,1000000,Active
CU003270,Summit Materials,Retailer,R04,SR0049,TX Metro,TX,28499,2022-01-16,1000000,Active
CU003271,Home LLC,Retailer,R01,SR0001,CT City,CT,31996,2017-06-28,25000,Active
CU003272,Pioneer Development,Contractor,R05,SR0085,UT Heights,UT,94919,2018-07-11,50000,Active
CU003273,Skyline Construction,Contractor,R04,SR0159,NV City,NV,78314,2020-09-12,500000,Active
CU003274,Build Supply,Contractor,R05,SR0040,CA Heights,CA,13298,2024-10-17,100000,Active
CU003275,Evergreen LLC,Contractor,R01,SR0071,PA Metro,PA,96152,2024-02-13,100000,Active
CU003276,Summit Homes,Contractor,R02,SR0022,FL City,FL,64790,2018-10-21,25000,Active
CU003277,Dream LLC,Builder,R03,SR0138,IN Metro,IN,99839,2021-06-13,100000,Active
CU003278,Metro LLC,Retailer,R02,SR0087,FL Metro,FL,44532,2023-09-19,500000,Active
CU003279,Dream Construction,Distributor,R01,SR0001,NY Metro,NY,20359,2021-02-22,500000,Active
CU003280,Summit Materials,Retailer,R04,SR0039,NM Metro,NM,77146,2023-06-12,250000,Active
CU003281,Metro Inc,Retailer,R05,SR0100,OR City,OR,61916,2020-12-11,50000,Active
CU003282,Cornerstone Inc,Builder,R01,SR0046,CT Metro,CT,34907,2019-07-16,1000000,Active
CU003283,Metro Group,Builder,R01,SR0086,MA City,MA,22324,2024-07-05,1000000,Active
CU003284,Urban LLC,Builder,R05,SR0160,OR Metro,OR,76058,2023-06-20,100000,Active
CU003285,Urban Development,Distributor,R02,SR0167,NC City,NC,46602,2022-10-11,50000,Active
CU003286,Prime Inc,Builder,R05,SR0175,OR Heights,OR,66802,2018-12-30,500000,Active
CU003287,Summit Contracting,Builder,R03,SR0048,WI Metro,WI,64305,2022-04-10,250000,Active
CU003288,Skyline Inc,Distributor,R03,SR0038,OH Metro,OH,55139,2023-04-17,500000,Active
CU003289,Prime Group,Retailer,R01,SR0161,NY City,NY,98859,2021-01-26,25000,Active
CU003290,Atlas Development,Retailer,R01,SR0121,NY Heights,NY,39256,2018-01-27,1000000,Active
CU003291,Cornerstone Supply,Distributor,R03,SR0023,OH Heights,OH,41238,2024-06-08,25000,Active
CU003292,Summit Group,Builder,R04,SR0019,OK Heights,OK,43686,2025-06-04,250000,Active
CU003293,Build LLC,Builder,R01,SR0016,NJ City,NJ,42810,2021-06-03,100000,Active
CU003294,Pioneer Group,Retailer,R01,SR0171,NJ Heights,NJ,55323,2018-08-07,250000,Active
CU003295,Atlas Contracting,Distributor,R02,SR0187,NC City,NC,26796,2022-01-22,50000,Active
CU003296,Pioneer Materials,Retailer,R02,SR0082,SC Metro,SC,23978,2019-02-04,100000,Active
CU003297,Summit Construction,Distributor,R01,SR0166,NJ Metro,NJ,59605,2024-12-24,100000,Active
CU003298,Dream Construction,Builder,R05,SR0165,CO Heights,CO,97445,2021-02-18,100000,Active
CU003299,Build Homes,Retailer,R05,SR0145,UT Metro,UT,42039,2019-09-16,250000,Active
CU003300,Summit Builders,Retailer,R02,SR0102,FL City,FL,97184,2021-08-13,100000,Active
CU003301,Atlas LLC,Contractor,R04,SR0024,OK Heights,OK,38213,2019-07-10,500000,Active
CU003302,Urban Inc,Distributor,R05,SR0095,OR Heights,OR,18472,2018-12-10,1000000,Active
CU003303,Atlas Development,Distributor,R02,SR0017,NC Heights,NC,74792,2024-07-26,25000,Active
CU003304,Home Inc,Distributor,R02,SR0122,TN Heights,TN,74679,2023-03-20,100000,Active
CU003305,Cornerstone Builders,Distributor,R02,SR0012,GA City,GA,13952,2024-06-28,500000,Active
CU003306,Urban Builders,Contractor,R04,SR0129,NV City,NV,52383,2023-05-04,50000,Active
CU003307,Metro Construction,Distributor,R04,SR0004,OK City,OK,,2019-01-22,1000000,Active
CU003308,Evergreen Development,Builder,R03,SR0058,OH Heights,OH,87216,2023-12-12,250000,Active
CU003309,Prime Group,Builder,R03,SR0013,WI City,WI,70915,2024-04-26,100000,Active
CU003310,Skyline Homes,Distributor,R02,SR0077,NC City,NC,98540,2019-05-22,100000,Active
CU003311,Pioneer Materials,Distributor,R03,SR0108,OH Metro,OH,97243,2023-09-21,500000,Active
CU003312,Prime Contracting,Contractor,R01,SR0151,PA City,PA,13911,2022-05-26,250000,Active
CU003313,Pioneer Development,Builder,R03,SR0133,IN Metro,IN,21809,2020-04-02,500000,Active
CU003314,Evergreen Supply,Builder,R02,SR0137,NC Metro,NC,16608,2021-05-04,500000,Active
CU003315,Urban LLC,Contractor,R05,SR0050,OR Heights,OR,59775,2022-04-28,100000,Active
CU003316,Pioneer Contracting,Distributor,R05,SR0020,CA Heights,CA,39359,2021-05-01,1000000,Active
CU003317,Evergreen Homes,Builder,R03,SR0023,IN Heights,IN,89874,2024-05-12,50000,Active
CU003318,Dream Group,Contractor,R04,SR0184,AZ City,AZ,49074,2023-07-17,250000,Active
CU003319,Summit Homes,Distributor,R03,SR0193,IL Heights,IL,12163,2018-08-18,100000,Active
CU003320,Home Construction,Contractor,R01,SR0021,NJ Metro,NJ,70597,2020-05-15,250000,Active
CU003321,Evergreen Materials,Distributor,R05,SR0070,CA City,CA,35612,2025-05-25,1000000,Active
CU003322,Pioneer Contracting,Distributor,R02,SR0117,TN Metro,TN,88079,2021-12-10,50000,Active
CU003323,Urban Development,Contractor,R04,SR0019,OK Heights,OK,86647,2019-01-17,100000,Active
CU003324,Prime Materials,Distributor,R05,SR0195,UT Metro,UT,81970,2017-02-08,500000,Active
CU003325,Cornerstone Builders,Distributor,R01,SR0076,NY Heights,NY,26867,2019-12-09,50000,Active
CU003326,Summit LLC,Contractor,R04,SR0024,TX City,TX,47634,2024-10-10,50000,Active
CU003327,Dream Materials,Contractor,R02,SR0167,TN City,TN,87389,2022-04-22,100000,Active
CU003328,Dream Contracting,Retailer,R04,SR0179,NM Metro,NM,58313,2023-03-29,500000,Active
CU003329,Evergreen Contracting,Builder,R04,SR0064,TX Metro,TX,81688,2019-08-23,25000,Active
CU003330,Atlas Group,Distributor,R03,SR0143,OH Heights,OH,35413,2020-05-15,500000,Active
CU003331,Home Group,Distributor,R04,SR0169,AZ Metro,AZ,46304,2024-09-04,1000000,Active
CU003332,Prime LLC,Distributor,R02,SR0032,TN City,TN,99691,2020-07-18,25000,Active
CU003333,  Evergreen Materials ,Contractor,R04,SR0009,NM Metro,NM,95263,2017-01-07,1000000,Active
CU003334,Atlas Group,Builder,R05,SR0135,UT Heights,UT,44078,2022-01-04,250000,Active
CU003335,Summit Development,Retailer,R05,SR0125,UT Metro,UT,53318,2021-12-25,50000,Active
CU003336,Skyline Supply,Distributor,R04,SR0184,NM Heights,NM,85649,2018-11-29,250000,Active
CU003337,Build Contracting,Distributor,R05,SR0025,CA Heights,CA,48033,2019-10-01,100000,Active
CU003338,Prime Inc,Distributor,R03,SR0103,MI City,mi,51876,2018-06-19,50000,Active
CU003339,Atlas Homes,Distributor,R04,SR0154,TX Heights,TX,19966,2022-01-21,1000000,Active
CU003340,Metro Materials,Retailer,R02,SR0007,SC Metro,SC,89494,2022-06-09,500000,Active
CU003341,Atlas Group,Retailer,R02,SR0117,SC Metro,SC,79095,2022-09-04,50000,Active
CU003342,Prime Supply,Retailer,R05,SR0120,OR Heights,OR,92804,2019-12-18,250000,Active
CU003343,Atlas Materials,Retailer,R05,SR0140,CO City,CO,72769,2019-08-29,50000,Active
CU003344,Metro Development,Contractor,R04,SR0049,AZ City,AZ,68245,2023-12-18,50000,Active
CU003345,Urban Materials,Builder,R01,SR0166,CT Heights,CT,97662,2025-03-12,250000,Active
CU003346,Urban Inc,Distributor,R02,SR0007,TN City,TN,,2019-08-01,25000,Active
CU003347,Build Materials,Builder,R04,SR0119,NM Heights,NM,18802,2020-04-04,100000,Active
CU003348,Dream Supply,Distributor,R04,SR0154,AZ Heights,AZ,42369,2020-10-09,25000,Active
CU003349,Urban Inc,Contractor,R02,SR0062,GA Metro,GA,51126,2023-05-26,1000000,Active
CU003350,Cornerstone Builders,Retailer,R04,SR0059,AZ Heights,AZ,10012,2024-02-06,1000000,Active
CU003351,Cornerstone Group,Contractor,R04,SR0179,NV Heights,NV,70957,2023-08-06,50000,Active
CU003352,Metro Supply,Distributor,R04,SR0189,OK City,OK,60439,2022-08-24,1000000,Active
CU003353,Evergreen Development,Builder,R03,SR0018,MI City,MI,57683,2023-09-27,1000000,Active
CU003354,Prime Construction,Builder,R04,SR0009,AZ Heights,AZ,90236,2021-07-16,1000000,Active
CU003355,Urban Development,Contractor,R03,SR0168,OH Metro,OH,12057,2025-04-11,50000,Active
CU003356,Pioneer Group,Distributor,R03,SR0038,IN Metro,IN,86553,2018-11-06,25000,Active
CU003357,Atlas LLC,Retailer,R03,SR0028,MI Heights,MI,14495,2017-01-30,1000000,Active
CU003358,Cornerstone LLC,Distributor,R04,SR0104,NM Heights,NM,57784,2018-08-05,50000,Active
CU003359,Build Group,Contractor,R04,SR0199,NV City,NV,13150,2021-08-02,100000,Active
CU003360,Dream LLC,Contractor,R05,SR0060,CO Metro,CO,60872,2019-01-21,25000,Active
CU003361,Atlas LLC,Builder,R04,SR0074,NV Metro,NV,24632,2020-06-24,250000,Active
CU003362,Skyline Construction,Retailer,R01,SR0031,NY Metro,NY,65850,2022-12-14,250000,Active
CU003363,Evergreen LLC,Contractor,R02,SR0177,FL Metro,FL,65712,2021-10-01,100000,Active
CU003364,Summit Materials,Retailer,R04,SR0174,AZ City,AZ,16019,2020-12-04,250000,Active
CU003365,Urban Development,Distributor,R05,SR0080,OR Metro,OR,10393,2022-05-26,1000000,Active
CU003366,Dream Materials,Contractor,R02,SR0092,NC City,NC,79886,2017-04-16,25000,Active
CU003367,Dream Supply,Distributor,R05,SR0170,OR Metro,OR,76040,2024-01-22,250000,Active
CU003368,Home Builders,Distributor,R02,SR0007,FL Heights,FL,47520,2025-03-31,50000,Active
CU003369,Summit Construction,Contractor,R03,SR0038,WI City,WI,25582,2017-12-19,250000,Active
CU003370,Prime Supply,Retailer,R03,SR0123,MI Heights,MI,12181,2017-07-04,250000,Active
CU003371,Home Construction,Distributor,R01,SR0106,NJ Metro,NJ,82578,2017-04-05,500000,Active
CU003372,Summit Development,Retailer,R04,SR0014,NV Heights,NV,50337,2025-04-16,1000000,Active
CU003373,Summit Supply,Builder,R05,SR0075,CA Heights,CA,62880,2020-05-31,1000000,Active
CU003374,Build LLC,Retailer,R03,SR0033,MI Heights,MI,40895,2024-03-18,250000,Active
CU003375,Cornerstone Homes,Contractor,R02,SR0197,NC Metro,NC,42477,2025-03-08,1000000,Active
CU003376,Cornerstone LLC,Distributor,R01,SR0066,PA Metro,PA,82107,2022-07-24,500000,Active
CU003377,Evergreen Inc,Distributor,R02,SR0097,NC City,NC,67347,2019-05-14,25000,Active
CU003378,Prime Homes,Contractor,R01,SR0186,MA City,MA,79901,2019-07-31,500000,Active
CU003379,Evergreen Contracting,Retailer,R05,SR0195,OR Metro,OR,57819,2019-12-06,25000,Active
CU003380,Skyline Builders,Distributor,R04,SR0119,OK City,OK,55767,2021-07-07,250000,Active
CU003381,Dream Inc,Retailer,R05,SR0130,UT Metro,UT,75296,2022-06-24,50000,Active
CU003382,Evergreen Inc,Builder,R03,SR0178,MI City,MI,90857,2024-04-24,25000,Active
CU003383,Summit Construction,Contractor,R02,SR0157,FL Metro,FL,32608,2019-12-22,25000,Active
CU003384,Build Development,Retailer,R03,SR0133,IN City,IN,23734,2020-11-14,100000,Active
CU003385,Atlas Development,Contractor,R05,SR0135,WA Heights,WA,58380,2019-06-17,1000000,Active
CU003386,Metro Group,Builder,R04,SR0084,NV City,NV,27699,2021-12-25,500000,Active
CU003387,Dream Development,Distributor,R02,SR0102,TN Metro,tn,72288,2020-02-27,1000000,Active
CU003388,Build Contracting,Builder,R01,SR0081,PA Metro,PA,26249,2020-08-26,100000,Active
CU003389,Skyline Contracting,Builder,R03,SR0028,MI Metro,MI,66392,2022-12-25,500000,Active
CU003390,Prime Construction,Retailer,R03,SR0118,IL Heights,IL,56081,2018-08-03,100000,Active
CU003391,Metro LLC,Builder,R04,SR0119,NM City,NM,76919,2024-10-26,250000,Active
CU003392,Dream Homes,Builder,R01,SR0151,MA City,MA,50219,2022-06-25,25000,Active
CU003393,Summit Group,Builder,R05,SR0080,CA Heights,CA,42434,2022-01-13,50000,Active
CU003394,Atlas Materials,Retailer,R04,SR0094,OK Metro,OK,76676,2021-04-26,250000,Active
CU003395,Atlas Contracting,Contractor,R05,SR0150,CO Heights,CO,47949,2019-04-05,100000,Active
CU003396,Cornerstone Homes,Contractor,R04,SR0159,OK Metro,OK,44161,2024-09-13,50000,Active
CU003397,Evergreen LLC,Contractor,R03,SR0138,OH Metro,OH,34474,2024-12-31,250000,Active
CU003398,Build Materials,Builder,R02,SR0142,FL Metro,FL,15404,2019-02-15,500000,Active
CU003399,Cornerstone Builders,Contractor,R02,SR0102,FL Heights,FL,23815,2018-10-08,1000000,Active
CU003400,Prime Inc,Retailer,R02,SR0172,SC City,SC,79272,2019-03-06,25000,Active
CU003401,Skyline Inc,Contractor,R01,SR0086,NJ Metro,NJ,22353,2020-07-24,1000000,Active
CU003402,Build LLC,Contractor,R05,SR0125,CA City,CA,34032,2020-04-01,250000,Active
CU003403,Dream Contracting,Builder,R04,SR0134,TX City,TX,74809,2020-10-11,1000000,Active
CU003404,Evergreen Builders,Builder,R01,SR0046,CT Heights,CT,42075,2017-09-24,250000,Active
CU003405,Urban Group,Distributor,R01,SR0011,CT Metro,CT,86275,2018-07-11,25000,Active
CU003406,Atlas Group,Distributor,R05,SR0015,UT City,UT,34108,2021-09-10,500000,Active
CU003407,Metro Builders,Builder,R03,SR0068,IL Heights,IL,83027,2018-04-11,250000,Active
CU003408,Skyline Construction,Builder,R03,SR0073,IL Metro,IL,69425,2023-06-28,250000,Active
CU003409,Dream Construction,Distributor,R01,SR0001,NY Heights,NY,54733,2018-12-27,500000,Active
CU003410,Dream Development,Distributor,R04,SR0004,TX Metro,TX,77327,2023-12-30,1000000,Active
CU003411,Prime Supply,Builder,R05,SR0200,UT Heights,UT,39938,2018-09-18,50000,Active
CU003412,Pioneer Contracting,Builder,R05,SR0045,WA City,WA,52988,2023-03-06,500000,Active
CU003413,Evergreen Builders,Retailer,R03,SR0093,IN Metro,IN,62667,2022-02-05,50000,Active
CU003414,Atlas Contracting,Distributor,R05,SR0155,CA City,CA,45336,2023-09-19,1000000,Active
CU003415,Evergreen Materials,Builder,R05,SR0115,WA Metro,WA,46718,2023-01-20,100000,Active
CU003416,Pioneer Group,Contractor,R04,SR0004,NM City,NM,90880,2021-12-23,1000000,Active
CU003417,Urban Inc,Contractor,R02,SR0022,FL Heights,FL,10309,2021-03-16,50000,Active
CU003418,Prime Construction,Builder,R04,SR0084,NV Metro,NV,63176,2019-05-06,25000,Active
CU003419,Dream Homes,Retailer,R03,SR0138,OH City,OH,84323,2018-06-19,50000,Active
CU003420,Summit Builders,Contractor,R04,SR0074,OK City,OK,82054,2017-09-19,25000,Active
CU003421,Atlas Inc,Retailer,R04,SR0144,TX Heights,TX,70962,2018-03-28,25000,Active
CU003422,  Prime Inc ,Retailer,R05,SR0010,UT Metro,UT,11522,2021-08-19,500000,Active
CU003423,Summit Supply,Builder,R04,SR0114,AZ Heights,AZ,58376,2021-01-20,50000,Active
CU003424,Build Contracting,Contractor,R02,SR0077,NC City,NC,79108,2017-08-11,1000000,Active
CU003425,Dream Development,Distributor,R04,SR0139,OK Metro,OK,35332,2020-03-23,25000,Active
CU003426,Pioneer Builders,Distributor,R01,SR0011,PA Heights,PA,35119,2024-10-14,100000,Active
CU003427,Metro Group,Contractor,R03,SR0038,OH Metro,OH,78503,2021-07-01,100000,Active
CU003428,Urban Builders,Builder,R05,SR0155,WA City,WA,43824,2020-04-14,25000,Active
CU003429,Pioneer Supply,Distributor,R05,SR0100,OR Metro,OR,98184,2025-01-03,250000,Active
CU003430,Summit Homes,Contractor,R03,SR0003,IL Heights,IL,50667,2023-02-02,1000000,Active
CU003431,Home Construction,Distributor,R03,SR0003,IN Heights,IN,95135,2021-07-10,50000,Active
CU003432,Skyline Construction,Builder,R01,SR0121,MA City,MA,98093,2018-01-06,25000,Active
CU003433,Skyline Materials,Retailer,R05,SR0055,CA Metro,CA,59896,2017-02-20,25000,Active
CU003434,Evergreen Materials,Distributor,R01,SR0021,NJ Heights,NJ,27023,2023-03-15,1000000,Active
CU003435,Home Supply,Contractor,R02,SR0037,NC City,NC,32613,2018-05-16,250000,Active
CU003436,Summit Homes,Contractor,R03,SR0093,IN Metro,IN,79228,2024-03-23,1000000,Active
CU003437,Summit LLC,Retailer,R04,SR0024,NM City,NM,17184,2018-02-05,25000,Active
CU003438,Cornerstone Homes,Retailer,R03,SR0078,WI City,WI,29249,2021-10-06,100000,Active
CU003439,  Summit Development ,Retailer,R03,SR0073,MI City,MI,51218,2024-03-29,25000,Active
CU003440,Evergreen Builders,Builder,R03,SR0068,IL City,IL,94129,2024-02-05,250000,Active
CU003441,Evergreen Construction,Retailer,R01,SR0171,NJ Metro,NJ,80192,2022-01-29,500000,Active
CU003442,Skyline Construction,Retailer,R04,SR0179,TX City,TX,98300,2024-03-01,500000,Active
CU003443,Skyline Development,Distributor,R03,SR0158,IN Metro,IN,58643,2019-10-16,50000,Active
CU003444,Evergreen Homes,Builder,R04,SR0014,NV Metro,NV,57218,2017-11-10,25000,Active
CU003445,Atlas Supply,Retailer,R04,SR0084,NM City,NM,20827,2023-12-21,25000,Active
CU003446,Evergreen Construction,Retailer,R04,SR0144,NV Heights,NV,56985,2017-05-14,100000,Active
CU003447,Metro Builders,Contractor,R05,SR0185,OR Metro,OR,68577,2021-06-13,50000,Active
CU003448,Prime Homes,Retailer,R02,SR0057,TN Heights,TN,22432,2017-05-25,100000,Active
CU003449,Evergreen Inc,Contractor,R04,SR0159,AZ Heights,AZ,79827,2021-06-01,500000,Active
CU003450,Evergreen Builders,Builder,R05,SR0040,WA City,WA,86358,2018-10-19,50000,Active
CU003451,  Summit Group ,Builder,R02,SR0057,GA City,GA,55379,2022-10-28,100000,Active
CU003452,Cornerstone Group,Builder,R03,SR0138,IN City,IN,44236,2022-07-28,50000,Active
CU003453,Evergreen Group,Contractor,R04,SR0064,AZ City,AZ,74235,2024-08-01,100000,Active
CU003454,Dream Construction,Retailer,R03,SR0193,OH City,OH,41255,2024-04-14,100000,Active
CU003455,Atlas Development,Builder,R05,SR0200,CO City,CO,16607,2024-06-09,1000000,Active
CU003456,Urban Materials,Builder,R03,SR0003,OH Heights,OH,99636,2021-06-08,500000,Active
CU003457,Atlas Materials,Distributor,R03,SR0068,OH Metro,OH,39167,2024-08-21,250000,Active
CU003458,Skyline Materials,Builder,R01,SR0046,NY Heights,NY,96468,2017-07-27,25000,Active
CU003459,Urban Construction,Retailer,R01,SR0106,NJ Metro,NJ,44096,2024-12-24,50000,Active
CU003460,Dream Contracting,Builder,R01,SR0041,NY City,NY,32298,2022-11-16,1000000,Active
CU003461,Skyline Inc,Retailer,R03,SR0183,IN City,IN,23739,2023-04-21,100000,Active
CU003462,Dream Builders,Builder,R04,SR0154,NV City,NV,24628,2018-07-30,500000,Active
CU003463,Atlas Supply,Distributor,R04,SR0004,TX Heights,TX,58808,2023-02-04,500000,Active
CU003464,Metro Supply,Distributor,R03,SR0193,MI Heights,MI,35866,2025-04-21,500000,Active
CU003465,Skyline Group,Retailer,R02,SR0032,TN City,TN,42795,2021-02-09,50000,Active
CU003466,Build Construction,Builder,R03,SR0143,MI City,MI,40492,2019-04-18,250000,Active
CU003467,Prime LLC,Builder,R03,SR0033,WI Heights,WI,82798,2022-10-21,1000000,Active
CU003468,Pioneer Group,Distributor,R03,SR0173,IL City,IL,82526,2025-04-04,100000,Active
CU003469,Summit Development,Contractor,R03,SR0023,OH Metro,OH,40783,2021-04-11,100000,Active
CU003470,Evergreen Homes,Contractor,R04,SR0159,OK Heights,OK,40530,2025-01-22,25000,Active
CU003471,Urban Supply,Builder,R04,SR0189,TX City,TX,42099,2019-11-14,100000,Active
CU003472,Prime Group,Builder,R01,SR0156,NY Metro,NY,,2017-04-23,500000,Active
CU003473,Build Construction,Builder,R04,SR0189,TX Heights,TX,58636,2018-01-31,50000,Active
CU003474,Home Contracting,Builder,R04,SR0144,AZ Metro,AZ,83253,2021-01-15,1000000,Active
CU003475,Atlas Inc,Distributor,R03,SR0108,IL Metro,IL,38684,2024-01-02,50000,Active
CU003476,Cornerstone Construction,Contractor,R01,SR0141,NY City,NY,72480,2019-08-18,50000,Active
CU003477,Atlas Inc,Retailer,R03,SR0173,MI City,MI,64317,2020-02-12,25000,Active
CU003478,Cornerstone LLC,Contractor,R03,SR0143,IN Metro,IN,68623,2020-07-12,1000000,Active
CU003479,  Urban Materials ,Contractor,R03,SR0118,IL Heights,IL,46779,2018-04-25,25000,Active
CU003480,Atlas Supply,Contractor,R04,SR0194,OK Metro,OK,13150,2020-05-26,1000000,Active
CU003481,Summit Group,Retailer,R01,SR0171,PA Heights,PA,19458,2021-11-11,25000,Active
CU003482,Build Construction,Distributor,R03,SR0083,MI Heights,MI,48508,2019-11-10,25000,Active
CU003483,Metro Supply,Retailer,R03,SR0148,MI Heights,MI,80187,2021-07-23,250000,Active
CU003484,Dream Development,Contractor,R01,SR0186,PA Heights,PA,27635,2019-02-28,500000,Active
CU003485,Urban Builders,Contractor,R05,SR0155,CA Heights,CA,76472,2021-04-23,500000,Active
CU003486,Metro Builders,Contractor,R03,SR0118,OH Heights,OH,53240,2020-10-17,25000,Active
CU003487,Prime Homes,Distributor,R01,SR0156,MA City,MA,73049,2019-02-12,100000,Active
CU003488,Cornerstone Supply,Retailer,R01,SR0071,NJ Heights,NJ,70105,2020-06-12,50000,Active
CU003489,Home Development,Builder,R04,SR0164,TX Metro,TX,64974,2019-10-27,100000,Active
CU003490,Dream LLC,Builder,R03,SR0173,IL Heights,IL,18822,2021-12-24,50000,Active
CU003491,Cornerstone Inc,Retailer,R02,SR0087,NC Heights,NC,30593,2023-06-12,250000,Active
CU003492,Home Construction,Retailer,R01,SR0166,PA Metro,PA,85292,2021-07-18,500000,Active
CU003493,Cornerstone LLC,Builder,R02,SR0092,TN City,TN,12396,2022-05-14,500000,Active
CU003494,Pioneer Supply,Builder,R04,SR0084,OK Metro,OK,15935,2020-12-07,500000,Active
CU003495,Prime Homes,Distributor,R01,SR0171,CT City,CT,80546,2022-02-18,250000,Active
CU003496,Cornerstone Inc,Builder,R04,SR0129,OK Heights,OK,25793,2021-04-08,25000,Active
CU003497,Evergreen Inc,Contractor,R03,SR0183,OH Metro,OH,68762,2022-12-15,1000000,Active
CU003498,Prime Construction,Distributor,R03,SR0103,IN Metro,IN,95537,2022-06-10,500000,Active
CU003499,Pioneer Builders,Distributor,R01,SR0141,PA Metro,PA,56587,2017-08-15,250000,Active
CU003500,Prime Materials,Retailer,R02,SR0007,NC Heights,NC,46975,2022-02-21,1000000,Active
CU003501,Skyline Group,Retailer,R03,SR0123,OH Metro,OH,45011,2020-10-10,1000000,Active
CU003502,  Skyline Materials ,Retailer,R03,SR0133,IN Metro,IN,34083,2017-04-19,50000,Active
CU003503,Pioneer Contracting,Builder,R05,SR0005,OR City,OR,71623,2022-04-29,1000000,Active
CU003504,Pioneer Construction,Builder,R04,SR0164,NV Metro,NV,82787,2025-04-01,500000,Active
CU003505,Summit Inc,Retailer,R04,SR0079,OK City,OK,93390,2019-12-19,250000,Active
CU003506,Skyline Materials,Contractor,R05,SR0195,WA Heights,WA,73169,2021-11-06,100000,Active
CU003507,Evergreen LLC,Retailer,R03,SR0158,OH Metro,OH,46463,2023-05-01,250000,Active
CU003508,Evergreen Homes,Builder,R01,SR0121,CT City,CT,12845,2020-11-06,50000,Active
CU003509,Summit Inc,Distributor,R05,SR0015,WA Metro,WA,65979,2024-01-04,25000,Active
CU003510,Evergreen Construction,Retailer,R05,SR0020,WA City,WA,18298,2025-04-07,250000,Active
CU003511,Home Supply,Retailer,R05,SR0070,CA City,CA,66648,2023-12-29,250000,Active
CU003512,Cornerstone Homes,Contractor,R03,SR0003,IL Heights,IL,93716,2018-04-29,25000,Active
CU003513,Build Supply,Contractor,R02,SR0132,TN Metro,TN,24021,2019-12-14,100000,Active
CU003514,Prime Contracting,Contractor,R04,SR0114,NM Heights,NM,34715,2021-02-14,25000,Active
CU003515,Atlas Development,Builder,R05,SR0140,CO Metro,CO,85229,2023-04-04,1000000,Active
CU003516,Metro LLC,Retailer,R02,SR0092,SC Metro,SC,41763,2024-01-16,50000,Active
CU003517,Cornerstone Contracting,Contractor,R05,SR0080,OR City,OR,72245,2022-02-03,25000,Active
CU003518,Urban Construction,Distributor,R05,SR0130,WA City,WA,53254,2023-12-04,50000,Active
CU003519,Cornerstone LLC,Distributor,R05,SR0100,WA Metro,WA,71060,2024-12-07,1000000,Active
CU003520,Metro Inc,Distributor,R04,SR0164,NV City,NV,87924,2021-12-18,1000000,Active
CU003521,Pioneer LLC,Distributor,R02,SR0152,TN Metro,TN,90815,2021-04-04,100000,Active
CU003522,Urban Contracting,Builder,R02,SR0197,TN Metro,TN,46922,2017-11-01,250000,Active
CU003523,Build Development,Contractor,R05,SR0010,CA City,CA,11042,2018-07-06,100000,Active
CU003524,Build Contracting,Distributor,R05,SR0080,OR City,OR,67383,2019-06-29,250000,Active
CU003525,Skyline Materials,Contractor,R03,SR0028,MI City,MI,18270,2025-01-25,500000,Active
CU003526,Pioneer Supply,Contractor,R03,SR0118,WI Metro,WI,22009,2025-02-13,250000,Active
CU003527,Prime Group,Contractor,R01,SR0181,MA Metro,MA,13639,2019-01-28,50000,Active
CU003528,Skyline Inc,Contractor,R01,SR0146,MA City,MA,93049,2018-02-05,50000,Active
CU003529,Prime LLC,Retailer,R03,SR0133,WI City,WI,30717,2017-03-05,50000,Active
CU003530,Summit Materials,Builder,R01,SR0066,MA City,MA,87799,2024-04-17,500000,Active
CU003531,Metro Construction,Contractor,R03,SR0078,IL Metro,IL,71729,2017-05-14,100000,Active
CU003532,Cornerstone Supply,Distributor,R03,SR0028,MI City,MI,24746,2017-08-27,100000,Active
CU003533,Cornerstone Development,Distributor,R02,SR0192,SC Metro,SC,74801,2017-07-23,50000,Active
CU003534,Dream Materials,Retailer,R03,SR0108,MI Heights,MI,11078,2021-06-30,250000,Active
CU003535,Evergreen LLC,Retailer,R03,SR0188,IL Metro,IL,24369,2019-11-23,100000,Active
CU003536,Prime Builders,Contractor,R01,SR0156,CT City,CT,83148,2021-02-20,250000,Active
CU003537,Evergreen Materials,Distributor,R05,SR0185,CA City,CA,74239,2025-04-11,250000,Active
CU003538,Home Development,Builder,R05,SR0015,CO Metro,CO,49190,2024-01-01,100000,Active
CU003539,Evergreen Construction,Contractor,R03,SR0128,OH Heights,OH,17941,2020-09-07,250000,Active
CU003540,Summit Contracting,Distributor,R01,SR0161,NY Metro,NY,43038,2017-06-26,1000000,Active
CU003541,Cornerstone Inc,Contractor,R03,SR0023,OH Metro,OH,25256,2021-12-29,250000,Active
CU003542,Build Construction,Retailer,R04,SR0144,NV City,NV,20198,2023-06-21,1000000,Active
CU003543,Cornerstone Group,Contractor,R04,SR0074,AZ Heights,AZ,23732,2022-02-24,500000,Active
CU003544,Summit Construction,Contractor,R01,SR0006,PA City,PA,69920,2017-01-23,250000,Active
CU003545,Metro Development,Distributor,R04,SR0084,OK Heights,OK,57525,2022-06-03,50000,Active
CU003546,Dream Builders,Builder,R04,SR0139,TX Metro,TX,30882,2020-05-11,250000,Active
CU003547,Evergreen Inc,Builder,R05,SR0070,CA Metro,CA,24515,2025-05-11,25000,Active
CU003548,Skyline Homes,Contractor,R03,SR0173,WI Metro,WI,70799,2022-11-16,50000,Active
CU003549,Atlas Inc,Distributor,R05,SR0015,CA City,CA,47561,2023-08-18,100000,Active
CU003550,Evergreen Contracting,Builder,R05,SR0030,UT City,UT,63084,2021-08-27,50000,Active
CU003551,Dream Materials,Distributor,R01,SR0171,NJ Heights,NJ,96268,2024-04-12,25000,Active
CU003552,Skyline Group,Contractor,R02,SR0127,FL Heights,FL,58714,2020-07-26,1000000,Active
CU003553,Summit Homes,Retailer,R01,SR0121,MA Metro,MA,85044,2023-01-28,25000,Active
CU003554,Urban Supply,Builder,R04,SR0019,AZ Metro,AZ,59245,2017-09-06,50000,Active
CU003555,Urban Construction,Distributor,R05,SR0105,WA City,WA,12571,2023-04-10,100000,Active
CU003556,Prime LLC,Contractor,R04,SR0179,AZ Heights,AZ,93361,2017-07-28,250000,Active
CU003557,Home LLC,Builder,R01,SR0101,MA Metro,MA,41568,2017-04-22,500000,Active
CU003558,  Cornerstone Materials ,Distributor,R01,SR0016,PA Metro,PA,64275,2017-06-06,50000,Active
CU003559,Urban Inc,Contractor,R04,SR0079,NM Heights,NM,47306,2024-02-16,250000,Active
CU003560,Pioneer Construction,Distributor,R03,SR0018,WI City,WI,95832,2021-10-09,100000,Active
CU003561,Evergreen Construction,Contractor,R03,SR0063,MI City,MI,92651,2023-12-28,25000,Active
CU003562,Pioneer Supply,Builder,R05,SR0110,OR Metro,OR,76577,2022-06-09,100000,Active
CU003563,Dream LLC,Builder,R03,SR0053,IL Metro,IL,10349,2019-01-23,500000,Active
CU003564,Urban Builders,Retailer,R01,SR0041,PA Heights,PA,58469,2018-10-06,500000,Active
CU003565,Metro LLC,Builder,R03,SR0028,IN City,IN,55288,2023-12-25,250000,Active
CU003566,Metro Construction,Contractor,R01,SR0086,CT Heights,CT,22135,2024-12-31,25000,Active
CU003567,Cornerstone Materials,Builder,R01,SR0011,MA Metro,MA,66075,2019-06-05,100000,Active
CU003568,Summit LLC,Distributor,R02,SR0197,SC Metro,SC,86534,2023-11-11,50000,Active
CU003569,Urban Contracting,Retailer,R02,SR0047,FL Heights,FL,89001,2021-08-18,1000000,Active
CU003570,Dream Development,Retailer,R02,SR0142,SC City,SC,26134,2023-11-27,25000,Active
CU003571,Prime Inc,Builder,R01,SR0101,NY Heights,NY,66394,2021-10-31,500000,Active
CU003572,Cornerstone Supply,Retailer,R03,SR0113,OH Metro,OH,50138,2021-03-08,1000000,Active
CU003573,Metro Inc,Builder,R04,SR0119,NV City,NV,24268,2024-04-29,25000,Active
CU003574,Atlas Group,Contractor,R01,SR0196,CT Metro,CT,39919,2018-06-12,500000,Active
CU003575,Skyline Supply,Distributor,R02,SR0047,FL Metro,FL,78832,2017-01-17,50000,Active
CU003576,  Cornerstone Contracting ,Builder,R02,SR0197,NC City,NC,43882,2023-02-16,1000000,Active
CU003577,Pioneer Construction,Builder,R04,SR0164,OK Metro,OK,95500,2022-03-16,100000,Active
CU003578,Summit Homes,Distributor,R03,SR0163,IN Heights,IN,75990,2019-03-04,500000,Active
CU003579,Skyline Supply,Builder,R05,SR0170,CA Heights,CA,15657,2020-04-21,50000,Active
CU003580,Prime LLC,Distributor,R04,SR0149,OK City,ok,61927,2019-02-10,100000,Active
CU003581,Evergreen Builders,Contractor,R04,SR0059,OK Heights,OK,81361,2021-03-30,500000,Active
CU003582,Dream Group,Builder,R04,SR0169,NV Heights,NV,50839,2023-02-08,25000,Active
CU003583,Summit LLC,Retailer,R03,SR0163,IN Metro,IN,98816,2018-02-18,25000,Active
CU003584,Build Supply,Contractor,R05,SR0195,UT Metro,UT,83087,2023-12-06,250000,Active
CU003585,Metro Group,Retailer,R05,SR0085,OR Heights,OR,15836,2022-12-28,100000,Active
CU003586,Metro Homes,Distributor,R02,SR0132,GA Metro,GA,70013,2017-09-03,100000,Active
CU003587,Metro Construction,Contractor,R02,SR0022,FL City,FL,65377,2020-08-04,1000000,Active
CU003588,  Evergreen Construction ,Distributor,R05,SR0100,UT Metro,UT,82847,2022-11-17,50000,Active
CU003589,Prime Contracting,Contractor,R02,SR0077,NC Heights,NC,78928,2020-09-28,250000,Active
CU003590,Evergreen Group,Contractor,R03,SR0033,IN Heights,IN,20200,2022-05-12,50000,Active
CU003591,Atlas Inc,Distributor,R03,SR0088,IN City,IN,43034,2023-02-09,250000,Active
CU003592,Evergreen Inc,Contractor,R02,SR0012,SC City,SC,66977,2021-12-10,100000,Active
CU003593,Build Builders,Builder,R05,SR0130,OR Heights,OR,68854,2018-04-24,100000,Active
CU003594,Evergreen Materials,Retailer,R05,SR0160,UT Heights,UT,54950,2024-06-12,500000,Active
CU003595,Summit Homes,Distributor,R03,SR0108,OH Metro,OH,89971,2018-10-26,500000,Active
CU003596,Build Homes,Contractor,R02,SR0197,SC Metro,SC,22962,2019-07-22,100000,Active
CU003597,Summit LLC,Distributor,R05,SR0075,WA Metro,WA,41011,2018-07-19,500000,Active
CU003598,Evergreen LLC,Contractor,R02,SR0082,NC Heights,NC,34473,2017-09-05,250000,Active
CU003599,Home LLC,Contractor,R02,SR0117,NC Metro,NC,50914,2024-12-01,250000,Active
CU003600,Pioneer Supply,Contractor,R03,SR0133,WI City,WI,10533,2018-09-01,50000,Active
CU003601,Build Inc,Contractor,R04,SR0124,OK Metro,OK,19891,2017-01-27,1000000,Active
CU003602,Urban Inc,Builder,R01,SR0136,CT City,CT,50488,2017-06-08,250000,Active
CU003603,Summit Contracting,Builder,R01,SR0166,NJ Metro,NJ,74345,2017-01-18,100000,Active
CU003604,Evergreen LLC,Contractor,R03,SR0043,OH Heights,OH,69998,2022-08-07,100000,Active
CU003605,Urban Homes,Distributor,R02,SR0132,GA City,GA,23892,2025-06-04,250000,Active
CU003606,Evergreen Development,Contractor,R01,SR0026,NJ Metro,NJ,,2021-07-26,50000,Active
CU003607,Home Supply,Distributor,R03,SR0148,OH City,OH,85406,2020-10-18,250000,Active
CU003608,Urban Supply,Contractor,R02,SR0112,SC Heights,SC,74270,2021-08-12,25000,Active
CU003609,Atlas Materials,Retailer,R01,SR0116,NY Heights,NY,82015,2023-09-22,1000000,Active
CU003610,Dream Construction,Builder,R05,SR0185,CO Metro,CO,19142,2022-12-09,1000000,Active
CU003611,Home Supply,Builder,R02,SR0032,GA City,GA,96359,2023-10-07,250000,Active
CU003612,Evergreen Development,Distributor,R04,SR0089,OK Heights,OK,29068,2022-11-22,100000,Active
CU003613,Build Development,Distributor,R04,SR0094,OK Heights,OK,71924,2025-01-25,1000000,Active
CU003614,Metro Supply,Distributor,R03,SR0048,WI Metro,WI,48773,2022-01-20,1000000,Active
CU003615,Pioneer LLC,Builder,R01,SR0191,NJ City,NJ,32772,2017-09-28,500000,Active
CU003616,Metro Contracting,Contractor,R04,SR0039,NM City,NM,76312,2019-01-08,50000,Active
CU003617,Urban Materials,Retailer,R03,SR0023,WI Heights,WI,85101,2019-07-26,25000,Active
CU003618,Evergreen Contracting,Retailer,R03,SR0113,MI Metro,MI,39223,2017-08-17,25000,Active
CU003619,Evergreen Supply,Retailer,R04,SR0009,TX Heights,TX,41370,2019-09-05,250000,Active
CU003620,Atlas Construction,Contractor,R03,SR0088,IN Heights,IN,37429,2018-10-02,100000,Active
CU003621,Dream Homes,Contractor,R05,SR0035,WA City,WA,29947,2020-08-01,25000,Active
CU003622,Atlas Supply,Contractor,R03,SR0178,MI Metro,MI,93315,2021-02-24,500000,Active
CU003623,Evergreen Construction,Distributor,R01,SR0196,MA City,MA,27058,2021-07-16,100000,Active
CU003624,Summit Materials,Contractor,R02,SR0062,NC Heights,NC,10434,2019-11-12,50000,Active
CU003625,Cornerstone Supply,Builder,R04,SR0164,TX Metro,TX,77779,2024-11-08,500000,Active
CU003626,Skyline Homes,Retailer,R02,SR0197,TN Heights,TN,24265,2020-01-02,250000,Active
CU003627,Urban Group,Builder,R01,SR0071,CT Heights,CT,84540,2025-04-29,500000,Active
CU003628,Prime Materials,Retailer,R05,SR0135,CA City,CA,85666,2022-01-03,100000,Active
CU003629,Urban Supply,Builder,R05,SR0120,CO City,CO,36840,2017-10-19,1000000,Active
CU003630,Prime Inc,Contractor,R02,SR0107,NC Metro,NC,22421,2018-08-07,250000,Active
CU003631,Pioneer LLC,Distributor,R01,SR0011,NJ City,NJ,96889,2017-08-20,50000,Active
CU003632,Skyline LLC,Builder,R01,SR0041,PA City,PA,17000,2018-01-27,100000,Active
CU003633,Summit Inc,Builder,R05,SR0070,CA Metro,CA,82913,2024-12-13,250000,Active
CU003634,Dream Homes,Contractor,R04,SR0124,NM Heights,NM,98647,2017-11-11,50000,Active
CU003635,Metro Group,Builder,R03,SR0083,OH Heights,OH,96026,2025-03-21,50000,Active
CU003636,Evergreen Inc,Retailer,R01,SR0096,PA Heights,PA,25078,2020-07-16,100000,Active
CU003637,Skyline LLC,Builder,R05,SR0085,CO City,CO,85326,2022-07-13,1000000,Active
CU003638,Evergreen Homes,Contractor,R04,SR0144,TX Metro,TX,10726,2023-01-28,50000,Active
CU003639,Skyline Builders,Distributor,R02,SR0037,NC City,NC,66958,2020-12-25,25000,Active
CU003640,Urban Homes,Distributor,R05,SR0090,CA Metro,CA,20115,2024-09-12,1000000,Active
CU003641,Cornerstone Development,Builder,R04,SR0109,TX City,Texas,10192,2021-05-26,25000,Active
CU003642,Home Group,Distributor,R03,SR0123,MI Metro,MI,94200,2021-01-25,1000000,Active
CU003643,Evergreen Group,Contractor,R04,SR0044,AZ Heights,AZ,49434,2021-11-10,500000,Active
CU003644,Dream Supply,Distributor,R05,SR0010,OR Heights,OR,90210,2024-11-18,1000000,Active
CU003645,Build Homes,Distributor,R02,SR0157,FL Metro,FL,59179,2019-06-20,1000000,Active
CU003646,Metro Inc,Distributor,R01,SR0091,PA City,PA,,2018-09-03,50000,Active
CU003647,Summit Builders,Contractor,R05,SR0185,WA City,WA,17361,2021-11-04,1000000,Active
CU003648,Skyline Homes,Retailer,R04,SR0194,TX Metro,TX,70245,2018-05-01,25000,Active
CU003649,Evergreen Group,Retailer,R01,SR0181,MA Heights,MA,66458,2021-08-17,1000000,Active
CU003650,Evergreen Construction,Builder,R04,SR0199,TX Heights,TX,45539,2018-09-05,250000,Active
CU003651,Evergreen Group,Builder,R05,SR0010,UT City,UT,50759,2019-11-15,500000,Active
CU003652,Metro Homes,Retailer,R02,SR0197,SC Metro,SC,66466,2022-08-20,250000,Active
CU003653,Cornerstone Group,Retailer,R02,SR0012,GA City,GA,52526,2017-03-07,500000,Active
CU003654,Dream Builders,Contractor,R01,SR0121,NY City,NY,52929,2020-02-09,250000,Active
CU003655,Home Homes,Contractor,R01,SR0171,CT City,CT,89839,2024-03-09,50000,Active
CU003656,Build Inc,Builder,R02,SR0132,SC City,SC,93869,2024-05-30,100000,Active
CU003657,Skyline Group,Contractor,R01,SR0131,PA Heights,PA,21245,2021-02-02,1000000,Active
CU003658,Skyline Homes,Contractor,R01,SR0021,CT Heights,CT,13071,2020-05-29,1000000,Active
CU003659,Build Materials,Builder,R04,SR0194,NM Metro,NM,81608,2023-11-30,100000,Active
CU003660,Prime Builders,Contractor,R03,SR0178,OH Metro,OH,99873,2017-03-28,500000,Active
CU003661,Summit LLC,Distributor,R05,SR0020,UT Metro,UT,48207,2025-02-07,1000000,Active
CU003662,Evergreen Contracting,Distributor,R04,SR0154,TX City,Texas,46478,2017-07-25,250000,Active
CU003663,  Urban LLC ,Distributor,R05,SR0170,CA Metro,CA,98911,2022-06-08,1000000,Active
CU003664,Home Construction,Distributor,R05,SR0155,OR Heights,OR,17696,2018-01-14,50000,Active
CU003665,Summit Contracting,Distributor,R04,SR0179,NM Heights,NM,99949,2021-09-14,500000,Active
CU003666,Urban LLC,Contractor,R03,SR0088,IL Heights,IL,33743,2017-12-05,500000,Active
CU003667,Home Inc,Distributor,R01,SR0071,NY Metro,NY,28995,2017-08-13,50000,Active
CU003668,Dream Homes,Retailer,R05,SR0100,OR Heights,OR,40774,2019-12-18,1000000,Active
CU003669,Prime Supply,Retailer,R02,SR0172,NC Metro,NC,10548,2022-05-09,50000,Active
CU003670,Urban Builders,Retailer,R04,SR0034,NV Metro,NV,81521,2019-10-15,1000000,Active
CU003671,Metro Supply,Builder,R02,SR0117,GA Metro,GA,41747,2020-08-02,25000,Active
CU003672,Home Contracting,Distributor,R02,SR0087,GA City,GA,36806,2023-06-18,50000,Active
CU003673,Build Group,Retailer,R04,SR0054,NM Metro,NM,39188,2024-09-30,500000,Active
CU003674,Home LLC,Builder,R03,SR0168,MI Heights,MI,48352,2022-10-29,25000,Active
CU003675,Pioneer Contracting,Builder,R04,SR0114,AZ Metro,AZ,69219,2024-01-25,500000,Active
CU003676,Build LLC,Builder,R03,SR0068,WI Metro,WI,56145,2021-09-09,250000,Active
CU003677,Pioneer Materials,Builder,R02,SR0027,GA Heights,GA,18325,2024-02-18,250000,Active
CU003678,Home Group,Distributor,R04,SR0099,TX City,TX,54232,2019-05-17,25000,Active
CU003679,Atlas LLC,Retailer,R04,SR0144,TX City,TX,78814,2019-10-14,500000,Active
CU003680,Cornerstone Builders,Distributor,R05,SR0190,WA Heights,WA,29665,2020-09-14,500000,Active
CU003681,Home Development,Builder,R04,SR0159,NM City,NM,30779,2018-11-24,250000,Active
CU003682,Summit Development,Distributor,R02,SR0067,FL Heights,FL,27237,2018-05-15,100000,Active
CU003683,Metro Homes,Builder,R02,SR0142,TN City,TN,66691,2023-10-15,25000,Active
CU003684,Summit LLC,Builder,R05,SR0025,OR Metro,OR,29918,2023-07-13,25000,Active
CU003685,Dream Group,Contractor,R05,SR0100,CO City,CO,74928,2019-10-03,1000000,Active
CU003686,Summit Inc,Retailer,R04,SR0004,AZ Heights,AZ,95263,2024-01-11,100000,Active
CU003687,Prime Contracting,Contractor,R01,SR0196,CT Metro,CT,32034,2024-08-06,100000,Active
CU003688,Metro Builders,Builder,R05,SR0125,UT Heights,UT,10475,2019-04-17,25000,Active
CU003689,Build LLC,Retailer,R04,SR0134,TX City,TX,83184,2019-05-08,500000,Active
CU003690,Summit Group,Builder,R04,SR0064,AZ City,AZ,64614,2017-10-25,50000,Active
CU003691,Home Supply,Distributor,R05,SR0165,CA Heights,CA,48933,2023-05-24,25000,Active
CU003692,Home Contracting,Contractor,R04,SR0164,NM Metro,NM,25929,2022-11-23,1000000,Active
CU003693,Prime Supply,Distributor,R04,SR0054,NM Metro,NM,30904,2020-06-20,500000,Active
CU003694,Evergreen Supply,Contractor,R04,SR0019,TX City,TX,19458,2020-06-17,50000,Active
CU003695,Metro LLC,Builder,R02,SR0157,GA City,GA,20401,2017-04-10,100000,Active
CU003696,Summit Materials,Contractor,R04,SR0084,AZ City,AZ,69444,2017-02-09,25000,Active
CU003697,Build Builders,Contractor,R05,SR0035,OR City,OR,96351,2019-07-13,25000,Active
CU003698,Evergreen Construction,Contractor,R04,SR0064,AZ City,AZ,96835,2023-05-07,500000,Active
CU003699,Prime Development,Distributor,R05,SR0100,CA Heights,CA,60792,2017-05-27,25000,Active
CU003700,Build Development,Builder,R04,SR0159,OK City,ok,84895,2024-09-26,50000,Active
CU003701,Build Builders,Contractor,R03,SR0068,OH City,OH,34575,2017-05-27,100000,Active
CU003702,Pioneer Supply,Retailer,R03,SR0123,WI Metro,WI,57603,2018-02-16,25000,Active
CU003703,Atlas Homes,Builder,R02,SR0042,GA Heights,GA,17223,2020-04-16,25000,Active
CU003704,Skyline Materials,Builder,R01,SR0026,MA Metro,MA,99164,2023-04-27,1000000,Active
CU003705,Metro Materials,Retailer,R01,SR0071,NY Metro,NY,36294,2022-08-28,1000000,Active
CU003706,Prime Homes,Retailer,R01,SR0176,NJ City,NJ,59439,2021-10-30,100000,Active
CU003707,Summit Materials,Retailer,R05,SR0040,WA Heights,WA,,2024-02-07,100000,Active
CU003708,Cornerstone Development,Contractor,R03,SR0093,MI Heights,MI,17687,2018-07-30,250000,Active
CU003709,Urban Builders,Contractor,R02,SR0032,GA City,ga,81768,2023-08-30,250000,Active
CU003710,Urban Builders,Distributor,R01,SR0011,MA Metro,MA,85808,2022-04-23,250000,Active
CU003711,Summit Contracting,Retailer,R03,SR0128,IL Metro,IL,98295,2019-03-15,25000,Active
CU003712,Cornerstone LLC,Contractor,R05,SR0140,CO Metro,CO,93752,2018-08-06,500000,Active
CU003713,Build Supply,Distributor,R01,SR0156,PA Heights,PA,98293,2025-06-08,25000,Active
CU003714,Cornerstone Group,Retailer,R03,SR0093,IL Metro,IL,86289,2019-06-12,50000,Active
CU003715,Urban Construction,Contractor,R01,SR0186,PA Metro,PA,16674,2021-10-14,100000,Active
CU003716,Urban Homes,Builder,R05,SR0155,OR Metro,OR,43328,2023-08-28,50000,Active
CU003717,Atlas Construction,Contractor,R03,SR0028,OH Metro,OH,30904,2019-12-18,25000,Active
CU003718,Skyline Homes,Distributor,R04,SR0014,NM Metro,NM,,2017-02-22,50000,Active
CU003719,Urban Supply,Distributor,R02,SR0052,GA Metro,GA,20520,2021-09-22,100000,Active
CU003720,Urban Development,Contractor,R02,SR0007,GA Heights,GA,74459,2021-05-10,500000,Active
CU003721,Metro Development,Builder,R02,SR0012,SC Heights,SC,82575,2019-05-16,100000,Active
CU003722,Metro Contracting,Distributor,R05,SR0035,CO Heights,CO,65480,2018-03-23,25000,Active
CU003723,Home Homes,Retailer,R02,SR0092,FL Metro,FL,72850,2021-04-16,250000,Active
CU003724,Urban Construction,Retailer,R02,SR0177,NC City,NC,20191,2019-10-13,100000,Active
CU003725,Pioneer Construction,Contractor,R05,SR0050,UT Heights,UT,85884,2017-02-03,100000,Active
CU003726,Home Supply,Contractor,R02,SR0107,TN Metro,TN,30070,2019-10-06,25000,Active
CU003727,Prime LLC,Contractor,R02,SR0107,TN Metro,TN,26015,2020-11-30,500000,Active
CU003728,Urban Supply,Builder,R02,SR0192,TN City,TN,66762,2017-08-06,25000,Active
CU003729,Prime Homes,Contractor,R02,SR0092,TN Heights,TN,70806,2023-07-11,25000,Active
CU003730,Prime Inc,Retailer,R01,SR0001,NJ Metro,NJ,88889,2020-11-27,250000,Active
CU003731,Home Supply,Retailer,R03,SR0188,IL Metro,IL,66883,2019-10-04,25000,Active
CU003732,Pioneer Homes,Distributor,R01,SR0116,PA Heights,PA,88572,2019-01-08,250000,Active
CU003733,Dream Development,Contractor,R04,SR0154,AZ City,AZ,74097,2023-05-28,50000,Active
CU003734,Evergreen Builders,Builder,R01,SR0126,PA Metro,PA,44807,2017-03-28,100000,Active
CU003735,Atlas LLC,Distributor,R04,SR0074,OK Heights,OK,81736,2017-05-17,50000,Active
CU003736,Build Contracting,Builder,R03,SR0033,IL Heights,IL,34390,2021-12-14,250000,Active
CU003737,Build Builders,Retailer,R03,SR0078,OH Metro,OH,19862,2017-11-04,500000,Active
CU003738,Prime Homes,Retailer,R02,SR0152,NC Heights,NC,28728,2022-03-05,1000000,Active
CU003739,Home Group,Retailer,R04,SR0144,AZ City,AZ,40009,2020-08-18,50000,Active
CU003740,Prime Builders,Distributor,R03,SR0143,IN Metro,IN,77089,2021-07-07,50000,Active
CU003741,Metro LLC,Contractor,R02,SR0007,SC Heights,SC,45197,2020-05-06,25000,Active
CU003742,  Prime Homes ,Contractor,R05,SR0165,OR Metro,OR,66828,2024-08-08,1000000,Active
CU003743,Evergreen Contracting,Builder,R03,SR0198,IL Heights,IL,62710,2021-11-06,25000,Active
CU003744,Summit Construction,Distributor,R01,SR0081,MA City,MA,81448,2019-04-06,1000000,Active
CU003745,Prime LLC,Builder,R01,SR0061,PA Heights,PA,69168,2022-11-01,1000000,Active
CU003746,Skyline Construction,Retailer,R01,SR0001,PA Metro,PA,94172,2023-05-15,1000000,Active
CU003747,Summit Development,Distributor,R01,SR0091,NJ Metro,NJ,72557,2023-03-24,250000,Active
CU003748,Dream Contracting,Retailer,R01,SR0151,NY City,NY,83190,2019-05-01,1000000,Active
CU003749,Skyline Construction,Distributor,R05,SR0165,WA Metro,WA,21583,2017-07-30,500000,Active
CU003750,Cornerstone Group,Distributor,R02,SR0097,GA Heights,GA,69647,2020-06-22,25000,Active
CU003751,  Cornerstone Development ,Builder,R05,SR0055,CA Metro,CA,19300,2023-08-05,250000,Active
CU003752,Dream LLC,Retailer,R01,SR0171,MA Metro,MA,41895,2024-02-11,25000,Active
CU003753,Dream Group,Retailer,R05,SR0180,WA City,WA,77750,2019-10-21,50000,Active
CU003754,Metro Contracting,Retailer,R05,SR0135,OR City,OR,32850,2022-09-27,500000,Active
CU003755,Summit Contracting,Contractor,R04,SR0029,TX Heights,TX,16813,2017-09-22,100000,Active
CU003756,Prime Development,Contractor,R05,SR0160,OR Metro,OR,20152,2019-11-12,25000,Active
CU003757,Metro Supply,Retailer,R03,SR0053,IN City,IN,26798,2021-07-08,25000,Active
CU003758,Metro Homes,Builder,R02,SR0172,GA Metro,GA,72868,2022-01-26,1000000,Active
CU003759,Atlas Materials,Contractor,R04,SR0134,OK City,OK,41480,2021-10-14,50000,Active
CU003760,Summit Inc,Distributor,R03,SR0023,IN Metro,IN,94464,2024-12-11,1000000,Active
CU003761,Prime LLC,Distributor,R02,SR0117,GA Metro,GA,39023,2022-11-19,250000,Active
CU003762,Urban LLC,Builder,R03,SR0198,WI City,WI,19661,2021-12-07,100000,Active
CU003763,Skyline Inc,Retailer,R03,SR0183,MI Heights,MI,59457,2020-08-21,50000,Active
CU003764,Evergreen Construction,Retailer,R01,SR0121,NY Metro,NY,72834,2023-08-05,250000,Active
CU003765,Cornerstone Construction,Builder,R05,SR0130,UT City,UT,67430,2023-08-10,25000,Active
CU003766,Build Development,Contractor,R03,SR0163,IL City,IL,43483,2022-10-01,1000000,Active
CU003767,Metro Homes,Contractor,R04,SR0039,NM Metro,NM,23326,2022-07-25,25000,Active
CU003768,Prime Supply,Retailer,R05,SR0070,WA Heights,WA,49844,2023-08-06,1000000,Active
CU003769,Summit Materials,Distributor,R03,SR0013,OH Metro,OH,57826,2019-05-20,25000,Active
CU003770,Evergreen Group,Retailer,R02,SR0002,TN City,TN,10417,2020-07-12,1000000,Active
CU003771,Build Inc,Contractor,R04,SR0094,AZ Heights,AZ,13759,2021-07-30,25000,Active
CU003772,Summit Homes,Distributor,R01,SR0026,PA City,PA,31564,2023-09-27,250000,Active
CU003773,Home Supply,Retailer,R04,SR0164,NV City,NV,60733,2022-02-20,25000,Active
CU003774,Summit LLC,Builder,R03,SR0128,MI Metro,MI,33679,2022-11-20,25000,Active
CU003775,Cornerstone Inc,Contractor,R05,SR0100,WA Heights,WA,87120,2022-10-06,500000,Active
CU003776,Home Builders,Retailer,R04,SR0179,NM Heights,NM,12575,2022-11-27,25000,Active
CU003777,Cornerstone Homes,Contractor,R04,SR0034,NM Metro,NM,83892,2018-11-06,50000,Active
CU003778,Evergreen Development,Builder,R02,SR0007,TN City,TN,19195,2020-01-31,500000,Active
CU003779,Atlas Construction,Distributor,R03,SR0193,MI Metro,MI,72319,2018-06-22,500000,Active
CU003780,Urban Group,Retailer,R02,SR0067,FL Metro,FL,35963,2018-03-24,250000,Active
CU003781,Pioneer Group,Builder,R01,SR0076,PA City,PA,59760,2025-05-03,250000,Active
CU003782,Pioneer Supply,Distributor,R02,SR0192,GA Metro,GA,87247,2023-07-15,250000,Active
CU003783,Urban Development,Retailer,R01,SR0191,NY City,NY,31395,2020-05-06,100000,Active
CU003784,Summit Inc,Distributor,R02,SR0167,TN Heights,TN,84897,2021-05-04,50000,Active
CU003785,Metro Inc,Distributor,R04,SR0169,NM Heights,nm,61229,2022-10-24,250000,Active
CU003786,Prime LLC,Retailer,R04,SR0029,AZ Heights,AZ,52408,2023-11-04,100000,Active
CU003787,Home Contracting,Retailer,R01,SR0081,PA Metro,PA,69340,2025-02-23,250000,Active
CU003788,Build Inc,Distributor,R02,SR0132,SC Heights,SC,70301,2020-02-10,25000,Active
CU003789,Skyline Inc,Distributor,R01,SR0026,MA Metro,ma,43102,2023-02-15,500000,Active
CU003790,Summit LLC,Contractor,R02,SR0072,TN City,TN,89863,2023-04-13,100000,Active
CU003791,Build Group,Builder,R03,SR0153,WI Metro,WI,23934,2023-09-27,250000,Active
CU003792,Pioneer Development,Distributor,R02,SR0142,NC Metro,NC,61696,2022-05-30,500000,Active
CU003793,Summit Group,Builder,R01,SR0056,CT Metro,CT,79143,2019-07-17,250000,Active
CU003794,Skyline Construction,Retailer,R05,SR0175,CO City,CO,28666,2024-09-06,25000,Active
CU003795,Atlas Development,Distributor,R05,SR0100,UT Metro,UT,58007,2022-01-28,25000,Active
CU003796,Home Supply,Builder,R01,SR0126,PA City,PA,83812,2018-03-23,100000,Active
CU003797,Evergreen Construction,Retailer,R04,SR0019,OK City,OK,33151,2022-09-11,500000,Active
CU003798,Atlas Contracting,Contractor,R02,SR0007,TN City,TN,56576,2020-03-29,1000000,Active
CU003799,Summit Inc,Builder,R03,SR0138,IN Heights,IN,20437,2018-01-02,500000,Active
CU003800,Prime Materials,Builder,R03,SR0003,OH Metro,OH,52867,2022-03-09,100000,Active
CU003801,Dream Group,Builder,R04,SR0029,NV Metro,NV,84792,2019-07-16,1000000,Active
CU003802,Dream Construction,Distributor,R02,SR0197,NC Metro,NC,45094,2021-03-30,100000,Active
CU003803,Cornerstone Materials,Contractor,R01,SR0056,MA Heights,MA,64318,2022-12-30,500000,Active
CU003804,Evergreen Contracting,Distributor,R03,SR0158,IL Heights,IL,58313,2021-02-22,50000,Active
CU003805,Evergreen Construction,Distributor,R03,SR0023,MI Metro,MI,80994,2024-07-29,50000,Active
CU003806,Build Builders,Contractor,R02,SR0097,SC Metro,SC,77241,2020-05-14,1000000,Active
CU003807,Home Contracting,Distributor,R02,SR0107,NC City,NC,66331,2025-05-22,1000000,Active
CU003808,Skyline LLC,Builder,R01,SR0161,MA Heights,MA,69587,2025-04-15,25000,Active
CU003809,Prime LLC,Builder,R03,SR0088,IL Metro,IL,51588,2024-07-06,500000,Active
CU003810,Summit Materials,Distributor,R03,SR0103,IL Metro,IL,17793,2018-03-22,100000,Active
CU003811,Pioneer Supply,Builder,R01,SR0111,CT Heights,CT,30386,2018-05-02,500000,Active
CU003812,Skyline Inc,Contractor,R03,SR0123,WI Metro,WI,45581,2024-09-18,100000,Active
CU003813,Atlas Contracting,Contractor,R03,SR0008,MI Heights,MI,37617,2022-04-19,25000,Active
CU003814,Evergreen Supply,Builder,R05,SR0005,CO City,CO,14973,2019-02-02,100000,Active
CU003815,Urban Materials,Distributor,R05,SR0050,WA Metro,WA,58193,2018-08-28,25000,Active
CU003816,Summit Materials,Builder,R05,SR0160,OR Heights,OR,68008,2023-09-01,100000,Active
CU003817,Prime Construction,Retailer,R02,SR0092,TN Heights,TN,56019,2021-12-28,50000,Active
CU003818,Build Inc,Builder,R05,SR0060,CO Heights,CO,33607,2023-10-10,500000,Active
CU003819,Prime LLC,Retailer,R04,SR0004,NV City,NV,66644,2021-07-14,1000000,Active
CU003820,Dream Materials,Builder,R01,SR0106,MA Metro,ma,59438,2018-10-04,250000,Active
CU003821,Urban LLC,Contractor,R04,SR0164,TX Heights,TX,53019,2024-06-14,250000,Active
CU003822,Dream Construction,Retailer,R02,SR0107,FL Metro,FL,86732,2019-05-03,1000000,Active
CU003823,Metro Development,Builder,R05,SR0130,CA Heights,CA,74871,2020-05-05,100000,Active
CU003824,Evergreen Builders,Contractor,R03,SR0153,MI City,MI,20578,2018-05-10,50000,Active
CU003825,Pioneer Contracting,Retailer,R01,SR0061,NY City,NY,95060,2018-05-29,250000,Active
CU003826,Evergreen Homes,Builder,R04,SR0129,TX Heights,TX,18687,2020-11-20,250000,Active
CU003827,Dream Construction,Builder,R02,SR0132,SC Metro,SC,23945,2017-02-16,100000,Active
CU003828,Evergreen LLC,Contractor,R01,SR0121,NJ Heights,NJ,21872,2017-09-01,25000,Active
CU003829,Cornerstone Development,Retailer,R04,SR0124,NM City,NM,14939,2018-08-31,250000,Active
CU003830,Dream Supply,Retailer,R05,SR0130,WA City,WA,49413,2022-04-27,250000,Active
CU003831,Build Homes,Builder,R01,SR0016,NJ Metro,NJ,94396,2017-10-24,250000,Active
CU003832,Build Group,Distributor,R03,SR0038,IL Heights,IL,89701,2023-12-18,25000,Active
CU003833,Prime Group,Distributor,R05,SR0035,CA Heights,CA,55199,2025-04-20,1000000,Active
CU003834,Urban Group,Distributor,R03,SR0118,WI Heights,WI,39527,2025-03-02,250000,Active
CU003835,Atlas Builders,Builder,R03,SR0088,WI Heights,WI,12717,2025-04-29,250000,Active
CU003836,Summit Materials,Builder,R04,SR0174,NV Metro,NV,15633,2019-03-04,1000000,Active
CU003837,Metro Contracting,Builder,R03,SR0083,OH City,oh,70687,2021-05-28,500000,Active
CU003838,Urban Supply,Contractor,R04,SR0084,NM Metro,NM,90748,2021-10-05,250000,Active
CU003839,Prime Group,Contractor,R02,SR0107,TN City,TN,28489,2019-02-28,25000,Active
CU003840,Dream Homes,Contractor,R03,SR0028,WI City,WI,99804,2025-05-25,250000,Active
CU003841,Cornerstone LLC,Contractor,R03,SR0003,WI Heights,WI,20364,2020-05-24,500000,Active
CU003842,Evergreen Group,Contractor,R03,SR0128,OH City,OH,26629,2024-11-16,100000,Active
CU003843,Metro Builders,Distributor,R04,SR0004,NV City,NV,96442,2019-08-13,500000,Active
CU003844,Summit Group,Distributor,R03,SR0108,OH City,OH,95649,2017-01-27,50000,Active
CU003845,Summit Development,Builder,R04,SR0169,NV Metro,NV,50257,2020-12-04,1000000,Active
CU003846,Urban Supply,Retailer,R05,SR0180,OR Metro,OR,48249,2022-02-25,500000,Active
CU003847,Evergreen Group,Contractor,R04,SR0189,OK Heights,OK,38980,2021-05-09,500000,Active
CU003848,Evergreen Supply,Contractor,R04,SR0054,TX City,TX,13949,2023-11-25,1000000,Active
CU003849,Prime Materials,Builder,R03,SR0143,IL Heights,IL,22792,2018-07-31,1000000,Active
CU003850,Pioneer Contracting,Retailer,R02,SR0097,FL Heights,FL,87464,2024-02-29,250000,Active
CU003851,Metro Development,Contractor,R05,SR0075,OR Heights,OR,26476,2021-11-15,50000,Active
CU003852,Urban Homes,Contractor,R02,SR0162,TN Heights,TN,96722,2023-06-17,25000,Active
CU003853,Metro Supply,Distributor,R05,SR0030,CA Metro,CA,36218,2019-10-20,1000000,Active
CU003854,Metro Group,Builder,R03,SR0018,IN Heights,IN,92443,2020-03-10,1000000,Active
CU003855,Cornerstone Homes,Retailer,R04,SR0084,AZ Metro,AZ,28906,2019-09-16,25000,Active
CU003856,Home Contracting,Retailer,R01,SR0091,CT Metro,CT,36350,2022-11-11,250000,Active
CU003857,Urban Builders,Retailer,R04,SR0059,TX Heights,TX,32123,2020-11-28,500000,Active
CU003858,Pioneer Group,Retailer,R03,SR0123,WI City,WI,39261,2022-11-05,50000,Active
CU003859,Summit Homes,Distributor,R01,SR0176,NY Heights,NY,10920,2025-04-29,250000,Active
CU003860,Cornerstone Contracting,Distributor,R03,SR0138,MI Metro,MI,26915,2022-10-15,100000,Active
CU003861,Prime Group,Builder,R03,SR0188,IL Metro,IL,70473,2024-01-21,50000,Active
CU003862,  Pioneer Construction ,Distributor,R05,SR0085,OR Metro,OR,52872,2019-12-01,1000000,Active
CU003863,Summit Development,Builder,R03,SR0158,WI City,WI,77850,2018-05-03,250000,Active
CU003864,Metro Supply,Builder,R02,SR0012,SC Metro,SC,89514,2019-11-16,250000,Active
CU003865,Prime Homes,Builder,R03,SR0173,OH Metro,OH,96947,2020-06-20,500000,Active
CU003866,Summit Builders,Contractor,R01,SR0111,MA Metro,MA,22937,2017-05-14,100000,Active
CU003867,Atlas Builders,Retailer,R01,SR0146,PA Heights,PA,85625,2022-10-31,50000,Active
CU003868,Prime Contracting,Distributor,R03,SR0003,MI Heights,MI,19631,2024-10-27,1000000,Active
CU003869,Skyline Inc,Retailer,R01,SR0161,PA Metro,PA,,2020-01-17,100000,Active
CU003870,Build Supply,Contractor,R04,SR0004,NV Metro,NV,80498,2021-07-07,500000,Active
CU003871,Urban LLC,Distributor,R03,SR0198,IL Heights,IL,14317,2021-09-20,250000,Active
CU003872,Urban LLC,Builder,R03,SR0133,MI City,MI,26973,2023-03-04,1000000,Active
CU003873,Build Construction,Contractor,R04,SR0059,NM Metro,NM,57848,2022-11-24,250000,Active
CU003874,Skyline Construction,Builder,R05,SR0005,UT City,UT,,2023-02-16,1000000,Active
CU003875,  Dream Contracting ,Contractor,R04,SR0154,NV Heights,NV,34986,2021-10-04,1000000,Active
CU003876,Atlas Group,Retailer,R05,SR0070,WA City,WA,94874,2017-10-11,1000000,Active
CU003877,Pioneer Construction,Builder,R03,SR0178,IL Heights,IL,98993,2023-12-14,25000,Active
CU003878,Metro Homes,Builder,R02,SR0047,TN Metro,TN,80508,2024-11-21,1000000,Active
CU003879,Metro Group,Contractor,R04,SR0189,AZ Heights,AZ,45301,2017-08-06,1000000,Active
CU003880,Urban Materials,Builder,R05,SR0075,WA Heights,WA,76080,2022-10-13,50000,Active
CU003881,Metro Inc,Retailer,R02,SR0067,NC Metro,NC,66973,2020-08-08,1000000,Active
CU003882,Cornerstone Contracting,Contractor,R05,SR0070,CO Metro,CO,21310,2024-08-02,25000,Active
CU003883,Atlas Materials,Contractor,R05,SR0140,OR City,OR,30555,2020-01-31,250000,Active
CU003884,Metro Inc,Retailer,R03,SR0028,MI Heights,MI,72024,2022-10-15,25000,Active
CU003885,Atlas Development,Builder,R03,SR0153,WI Heights,WI,15781,2023-03-14,100000,Active
CU003886,Pioneer Contracting,Retailer,R05,SR0175,CO Metro,CO,17314,2022-02-15,25000,Active
CU003887,Skyline Materials,Builder,R01,SR0156,NJ Heights,NJ,99864,2020-09-14,100000,Active
CU003888,Build LLC,Retailer,R03,SR0133,MI Heights,mi,88615,2024-10-15,500000,Active
CU003889,Dream Development,Retailer,R05,SR0070,CA City,CA,48456,2022-06-04,250000,Active
CU003890,Atlas Construction,Retailer,R01,SR0111,NJ City,NJ,95311,2021-10-07,25000,Active
CU003891,Pioneer Contracting,Distributor,R01,SR0151,CT Metro,CT,79816,2019-09-22,1000000,Active
CU003892,Dream LLC,Contractor,R01,SR0106,CT City,CT,90998,2017-06-01,250000,Active
CU003893,Evergreen Builders,Builder,R04,SR0149,AZ Metro,AZ,44623,2018-10-05,100000,Active
CU003894,Urban Group,Builder,R02,SR0182,FL Metro,FL,66717,2022-08-16,250000,Active
CU003895,Cornerstone Materials,Distributor,R04,SR0144,OK Metro,OK,53497,2023-01-24,100000,Active
CU003896,Home LLC,Distributor,R03,SR0138,IL Heights,IL,31994,2018-04-02,250000,Active
CU003897,Urban Materials,Builder,R02,SR0017,FL City,FL,94026,2020-03-16,50000,Active
CU003898,Atlas Development,Retailer,R04,SR0114,NV Heights,NV,76679,2018-04-30,50000,Active
CU003899,Cornerstone Homes,Retailer,R03,SR0108,MI City,MI,35667,2024-04-11,1000000,Active
CU003900,Summit Builders,Retailer,R01,SR0031,NJ Heights,NJ,94533,2020-08-27,500000,Active
CU003901,Metro Builders,Retailer,R05,SR0060,OR City,OR,42263,2017-11-10,500000,Active
CU003902,Prime Builders,Distributor,R05,SR0150,UT Metro,UT,24148,2020-04-21,1000000,Active
CU003903,Atlas Construction,Contractor,R02,SR0082,SC City,SC,78126,2019-11-24,500000,Active
CU003904,Home Inc,Builder,R02,SR0087,SC Heights,SC,93344,2025-01-08,250000,Active
CU003905,Cornerstone Builders,Distributor,R05,SR0130,CO City,CO,79002,2020-06-11,1000000,Active
CU003906,Home Supply,Contractor,R03,SR0018,WI Heights,WI,91043,2024-10-14,500000,Active
CU003907,Build Materials,Retailer,R04,SR0014,NV Heights,NV,18491,2020-07-28,1000000,Active
CU003908,Metro Development,Distributor,R04,SR0044,NM City,NM,91418,2021-10-01,1000000,Active
CU003909,Evergreen Contracting,Builder,R05,SR0185,OR Metro,OR,21857,2022-01-22,25000,Active
CU003910,Atlas Development,Retailer,R02,SR0077,FL Heights,FL,40925,2023-07-16,100000,Active
CU003911,Metro Construction,Distributor,R02,SR0117,GA City,GA,33740,2017-11-14,1000000,Active
CU003912,Skyline Materials,Distributor,R01,SR0146,MA City,MA,47092,2019-04-04,100000,Active
CU003913,Skyline Builders,Contractor,R02,SR0017,SC Heights,SC,93092,2017-07-02,50000,Active
CU003914,Skyline Development,Builder,R04,SR0159,TX Heights,TX,37214,2024-04-14,250000,Active
CU003915,Home Builders,Distributor,R04,SR0119,AZ City,AZ,93665,2017-06-04,250000,Active
CU003916,Cornerstone Builders,Retailer,R02,SR0032,NC City,NC,93863,2018-01-26,100000,Active
CU003917,Summit LLC,Retailer,R04,SR0064,AZ Heights,AZ,44503,2023-01-05,1000000,Active
CU003918,Dream Supply,Retailer,R03,SR0018,OH Metro,OH,95870,2017-05-26,1000000,Active
CU003919,Prime Builders,Builder,R03,SR0013,MI City,MI,90321,2022-04-23,250000,Active
CU003920,Metro Group,Builder,R03,SR0088,OH City,OH,59027,2019-06-16,25000,Active
CU003921,Metro Materials,Retailer,R03,SR0128,MI Metro,MI,18297,2019-05-10,50000,Active
CU003922,Summit Inc,Distributor,R05,SR0100,UT Metro,UT,15740,2024-12-24,500000,Active
CU003923,  Atlas Contracting ,Contractor,R02,SR0002,GA Heights,GA,60897,2020-05-30,250000,Active
CU003924,Pioneer Materials,Retailer,R03,SR0008,IN Metro,IN,64050,2022-10-14,25000,Active
CU003925,Summit Materials,Builder,R05,SR0015,UT Heights,UT,62023,2018-11-02,1000000,Active
CU003926,Home Supply,Contractor,R02,SR0057,GA Metro,GA,62336,2017-06-02,25000,Active
CU003927,Skyline Homes,Contractor,R04,SR0034,NV Metro,NV,54548,2020-05-18,1000000,Active
CU003928,Prime Contracting,Contractor,R02,SR0177,FL City,FL,38350,2020-01-10,250000,Active
CU003929,Home Contracting,Contractor,R01,SR0091,NY Heights,NY,87938,2018-09-01,100000,Active
CU003930,Build Builders,Builder,R02,SR0017,GA Heights,GA,68666,2019-12-21,25000,Active
CU003931,Atlas Builders,Retailer,R02,SR0187,NC City,NC,40583,2021-04-09,250000,Active
CU003932,Home LLC,Distributor,R01,SR0056,MA Metro,MA,73988,2022-02-21,500000,Active
CU003933,Home Construction,Contractor,R05,SR0125,OR City,OR,10034,2021-05-26,25000,Active
CU003934,Pioneer Supply,Builder,R02,SR0017,GA Metro,GA,53825,2021-09-23,50000,Active
CU003935,Dream Inc,Distributor,R01,SR0061,MA Heights,MA,52107,2024-12-08,250000,Active
CU003936,Cornerstone Contracting,Retailer,R04,SR0174,OK City,OK,35460,2021-11-06,1000000,Active
CU003937,Dream LLC,Builder,R02,SR0052,TN City,TN,35794,2022-08-11,50000,Active
CU003938,Urban Inc,Retailer,R03,SR0053,OH Heights,OH,60434,2017-06-23,50000,Active
CU003939,Home Materials,Retailer,R01,SR0021,PA Metro,PA,34317,2021-05-08,50000,Active
CU003940,Atlas Supply,Builder,R04,SR0184,TX Heights,TX,94425,2024-10-14,50000,Active
CU003941,Prime Materials,Builder,R05,SR0150,WA City,WA,54827,2019-04-29,100000,Active
CU003942,Atlas Builders,Contractor,R05,SR0190,CO Heights,CO,89876,2023-07-01,100000,Active
CU003943,Atlas Materials,Builder,R03,SR0153,MI Heights,MI,34270,2019-07-11,100000,Active
CU003944,Build LLC,Retailer,R02,SR0002,GA City,GA,19180,2022-08-23,250000,Active
CU003945,Pioneer Materials,Retailer,R03,SR0148,IN Heights,IN,91234,2024-04-01,100000,Active
CU003946,Summit Inc,Contractor,R04,SR0179,NM City,NM,28271,2025-05-15,1000000,Active
CU003947,Evergreen Development,Contractor,R02,SR0117,NC City,NC,23540,2025-06-01,1000000,Active
CU003948,Evergreen Development,Distributor,R03,SR0133,MI Heights,MI,28721,2024-03-26,50000,Active
CU003949,Build Materials,Distributor,R05,SR0185,CA Heights,CA,49612,2019-12-29,100000,Active
CU003950,Dream Construction,Builder,R02,SR0062,NC Metro,NC,45475,2021-07-30,1000000,Active
CU003951,Cornerstone Supply,Retailer,R01,SR0096,PA City,PA,55249,2019-02-18,25000,Active
CU003952,Evergreen Homes,Retailer,R01,SR0021,NJ Heights,NJ,95268,2019-09-14,100000,Active
CU003953,Cornerstone Homes,Contractor,R01,SR0116,NY City,NY,68224,2021-11-17,50000,Active
CU003954,Metro Homes,Contractor,R04,SR0094,OK Metro,OK,40507,2022-02-28,50000,Active
CU003955,Prime Construction,Contractor,R05,SR0015,CA Heights,CA,48577,2021-03-04,1000000,Active
CU003956,Prime Builders,Contractor,R04,SR0099,NV Heights,NV,73224,2017-04-15,50000,Active
CU003957,Evergreen Construction,Retailer,R03,SR0023,MI Heights,MI,35210,2023-05-24,25000,Active
CU003958,Skyline Construction,Contractor,R02,SR0182,FL Metro,FL,64296,2018-06-17,500000,Active
CU003959,Home Supply,Contractor,R01,SR0011,NJ Metro,New Jersey,55615,2021-02-01,1000000,Active
CU003960,Build Homes,Contractor,R05,SR0180,UT Metro,UT,66446,2019-12-31,100000,Active
CU003961,Prime Materials,Builder,R01,SR0071,PA Heights,PA,84292,2022-02-19,100000,Active
CU003962,Urban Supply,Contractor,R04,SR0049,TX Heights,TX,25054,2017-11-21,25000,Active
CU003963,Home Supply,Distributor,R04,SR0154,AZ Heights,AZ,90784,2018-03-07,25000,Active
CU003964,Pioneer Contracting,Contractor,R04,SR0084,NM City,NM,55581,2022-07-28,1000000,Active
CU003965,Build Group,Retailer,R02,SR0057,SC City,SC,14173,2025-02-15,50000,Active
CU003966,Summit Construction,Builder,R02,SR0177,NC City,NC,66166,2019-08-20,500000,Active
CU003967,Cornerstone Inc,Contractor,R04,SR0004,TX City,TX,19748,2024-11-28,500000,Active
CU003968,Evergreen LLC,Builder,R03,SR0193,IL City,IL,91832,2024-06-03,500000,Active
CU003969,Cornerstone Builders,Builder,R02,SR0142,TN Heights,TN,87484,2020-12-28,100000,Active
CU003970,Dream Homes,Distributor,R03,SR0108,OH Metro,OH,94511,2024-01-06,25000,Active
CU003971,Prime Builders,Builder,R05,SR0090,CO Metro,CO,19184,2024-11-02,500000,Active
CU003972,Cornerstone Homes,Distributor,R04,SR0064,AZ Metro,AZ,75232,2022-02-09,25000,Active
CU003973,Build LLC,Builder,R04,SR0004,NV City,NV,27662,2024-02-06,250000,Active
CU003974,Cornerstone Builders,Builder,R03,SR0073,IL Heights,IL,69559,2024-07-14,50000,Active
CU003975,Summit Contracting,Retailer,R02,SR0027,SC Metro,SC,68486,2025-03-24,1000000,Active
CU003976,Evergreen LLC,Contractor,R01,SR0126,NY Metro,NY,64850,2017-12-25,25000,Active
CU003977,Skyline Inc,Distributor,R01,SR0001,CT Metro,CT,84447,2021-05-21,1000000,Active
CU003978,Summit Supply,Retailer,R04,SR0009,AZ Metro,AZ,37103,2017-06-30,500000,Active
CU003979,Pioneer Homes,Contractor,R04,SR0129,OK Heights,OK,,2024-04-10,1000000,Active
CU003980,Metro Supply,Contractor,R01,SR0191,PA City,PA,92016,2020-12-10,25000,Active
CU003981,Atlas Inc,Distributor,R03,SR0098,IN Metro,IN,18851,2017-09-27,25000,Active
CU003982,Dream Inc,Distributor,R04,SR0004,TX Metro,TX,86594,2018-01-13,1000000,Active
CU003983,Cornerstone Development,Retailer,R05,SR0165,CA Heights,CA,80333,2023-11-04,25000,Active
CU003984,Pioneer Development,Distributor,R01,SR0026,NY City,NY,22265,2021-12-03,250000,Active
CU003985,Skyline Group,Distributor,R03,SR0013,MI City,MI,36093,2020-12-22,100000,Active
CU003986,Cornerstone LLC,Contractor,R02,SR0102,GA Heights,GA,83262,2019-05-23,25000,Active
CU003987,Pioneer Materials,Retailer,R04,SR0179,OK Metro,OK,71863,2017-11-04,250000,Active
CU003988,  Skyline Inc ,Contractor,R03,SR0158,OH Metro,OH,75073,2022-02-20,100000,Active
CU003989,Pioneer LLC,Builder,R05,SR0010,CA Heights,CA,10279,2017-01-23,50000,Active
CU003990,Summit Construction,Distributor,R05,SR0085,WA City,WA,90546,2024-11-24,25000,Active
CU003991,Summit Builders,Retailer,R05,SR0040,UT Metro,UT,75363,2023-09-21,250000,Active
CU003992,Cornerstone Homes,Builder,R01,SR0186,PA City,PA,66907,2022-03-25,100000,Active
CU003993,Urban Development,Builder,R04,SR0034,AZ Metro,AZ,14928,2022-11-14,25000,Active
CU003994,Dream Builders,Distributor,R03,SR0108,IN Metro,IN,87037,2019-10-22,500000,Active
CU003995,Atlas Group,Contractor,R05,SR0065,UT City,UT,56173,2022-12-21,1000000,Active
CU003996,Metro Group,Builder,R01,SR0171,NY City,NY,93754,2024-07-05,100000,Active
CU003997,Build LLC,Retailer,R04,SR0014,AZ Metro,AZ,54492,2021-12-19,500000,Active
CU003998,Skyline Development,Builder,R04,SR0169,AZ City,AZ,85029,2024-03-15,1000000,Active
CU003999,Home Homes,Builder,R04,SR0054,NV Metro,NV,96308,2018-04-02,50000,Active
CU004000,Atlas Homes,Retailer,R04,SR0004,OK Metro,OK,12586,2022-09-03,500000,Active
CU004001,Home Contracting,Builder,R05,SR0055,CO Heights,CO,65252,2023-03-31,1000000,Active
CU004002,Evergreen Development,Distributor,R03,SR0013,MI Heights,MI,92051,2019-03-05,1000000,Active
CU004003,Summit Inc,Distributor,R05,SR0085,WA Heights,WA,78573,2017-06-28,250000,Active
CU004004,Skyline Contracting,Builder,R02,SR0127,TN Heights,TN,39220,2017-04-01,100000,Active
CU004005,Atlas Construction,Contractor,R04,SR0194,TX Metro,TX,79056,2017-11-07,25000,Active
CU004006,Home Materials,Retailer,R03,SR0073,IL Heights,IL,89453,2020-11-22,50000,Active
CU004007,Pioneer LLC,Retailer,R03,SR0068,IL Heights,IL,49887,2018-08-16,50000,Active
CU004008,Metro Contracting,Contractor,R03,SR0098,IL Metro,IL,36214,2024-04-17,50000,Active
CU004009,Pioneer Materials,Retailer,R01,SR0136,MA Heights,MA,14530,2022-06-07,250000,Active
CU004010,Pioneer Supply,Retailer,R04,SR0074,TX Heights,TX,60993,2022-04-17,250000,Active
CU004011,Cornerstone Supply,Retailer,R03,SR0028,IL Metro,IL,51417,2022-09-14,250000,Active
CU004012,Home LLC,Retailer,R02,SR0077,NC Heights,NC,68145,2025-05-08,250000,Active
CU004013,Prime Development,Retailer,R04,SR0019,OK City,OK,61251,2017-12-19,250000,Active
CU004014,Build Construction,Builder,R05,SR0010,CO Metro,CO,87092,2024-08-04,1000000,Active
CU004015,Pioneer LLC,Retailer,R03,SR0138,WI Heights,WI,82988,2019-12-04,50000,Active
CU004016,Prime Development,Contractor,R01,SR0096,NY City,NY,35331,2018-06-08,250000,Active
CU004017,Summit Materials,Retailer,R05,SR0115,WA Metro,WA,39196,2021-05-11,1000000,Active
CU004018,Evergreen Development,Builder,R02,SR0082,SC Metro,SC,,2023-10-15,100000,Active
CU004019,Skyline Homes,Contractor,R04,SR0114,NM Heights,NM,92363,2023-06-28,100000,Active
CU004020,Home Group,Builder,R03,SR0108,IN City,IN,56930,2023-11-05,100000,Active
CU004021,Cornerstone Inc,Retailer,R01,SR0146,NJ Heights,NJ,68494,2025-02-08,250000,Active
CU004022,Cornerstone LLC,Builder,R02,SR0022,TN Metro,TN,95385,2017-04-11,100000,Active
CU004023,Skyline LLC,Retailer,R02,SR0147,TN Heights,TN,45430,2017-09-06,1000000,Active
CU004024,Home Homes,Contractor,R02,SR0172,TN Metro,TN,60493,2023-01-18,25000,Active
CU004025,Dream Group,Retailer,R04,SR0084,OK City,OK,67566,2021-12-30,1000000,Active
CU004026,Prime Materials,Contractor,R05,SR0155,CO City,CO,26068,2025-04-22,500000,Active
CU004027,Skyline LLC,Builder,R04,SR0154,AZ Metro,AZ,35885,2017-11-05,25000,Active
CU004028,Cornerstone Builders,Distributor,R05,SR0140,CA Metro,CA,50726,2022-05-19,250000,Active
CU004029,Dream Contracting,Builder,R04,SR0024,AZ Heights,AZ,84645,2019-11-22,500000,Active
CU004030,Pioneer Construction,Contractor,R04,SR0179,OK Heights,OK,69748,2024-02-26,250000,Active
CU004031,Pioneer Inc,Builder,R03,SR0183,WI Heights,WI,69782,2020-07-16,100000,Active
CU004032,Atlas Supply,Retailer,R02,SR0017,TN Heights,TN,19198,2020-10-29,25000,Active
CU004033,Prime Materials,Contractor,R03,SR0153,OH Metro,OH,77881,2023-04-02,25000,Active
CU004034,Prime Inc,Distributor,R01,SR0026,CT Metro,CT,69106,2024-04-29,250000,Active
CU004035,Prime Homes,Builder,R04,SR0039,NV City,NV,49024,2021-06-28,50000,Active
CU004036,Skyline Materials,Contractor,R03,SR0103,OH Metro,OH,32915,2018-10-20,25000,Active
CU004037,Urban Inc,Distributor,R03,SR0128,MI Heights,MI,85933,2022-04-15,250000,Active
CU004038,Urban Homes,Contractor,R01,SR0151,NY City,NY,26508,2017-10-02,25000,Active
CU004039,Summit Supply,Builder,R03,SR0098,OH Metro,OH,71712,2021-11-25,100000,Active
CU004040,Home Development,Distributor,R05,SR0135,CO City,CO,85962,2019-03-06,1000000,Active
CU004041,Dream Construction,Retailer,R02,SR0062,SC Metro,SC,13017,2018-08-25,500000,Active
CU004042,Atlas Contracting,Retailer,R05,SR0025,UT City,UT,44425,2017-07-25,25000,Active
CU004043,Dream Construction,Contractor,R04,SR0154,NV Heights,NV,37138,2018-01-22,500000,Active
CU004044,Cornerstone Inc,Contractor,R02,SR0162,FL City,FL,35161,2018-03-06,50000,Active
CU004045,Urban Development,Contractor,R03,SR0118,IL Heights,IL,65811,2025-02-09,500000,Active
CU004046,Home Construction,Retailer,R04,SR0079,NV City,NV,,2021-09-17,25000,Active
CU004047,  Home Supply ,Retailer,R05,SR0065,CA City,CA,64563,2019-03-14,25000,Active
CU004048,Urban Development,Builder,R02,SR0032,FL Heights,FL,91192,2023-06-26,25000,Active
CU004049,Summit Inc,Distributor,R01,SR0031,MA Heights,MA,16185,2020-04-14,500000,Active
CU004050,Cornerstone Inc,Builder,R01,SR0131,MA Heights,MA,58315,2021-06-18,100000,Active
CU004051,Metro Construction,Builder,R01,SR0021,CT City,CT,20765,2025-04-27,250000,Active
CU004052,Skyline Inc,Retailer,R04,SR0124,TX Heights,TX,92793,2023-10-26,100000,Active
CU004053,Atlas Homes,Contractor,R04,SR0019,AZ City,AZ,25274,2021-01-09,25000,Active
CU004054,Dream Development,Contractor,R02,SR0137,GA Metro,GA,83477,2020-05-15,1000000,Active
CU004055,Home LLC,Contractor,R05,SR0085,CO City,CO,53314,2024-08-30,250000,Active
CU004056,Cornerstone Development,Distributor,R04,SR0069,NV Heights,NV,53647,2025-06-27,50000,Active
CU004057,  Urban Supply ,Contractor,R03,SR0183,IL City,IL,92151,2024-10-12,50000,Active
CU004058,Build Inc,Retailer,R04,SR0144,OK Metro,OK,57221,2024-08-02,1000000,Active
CU004059,Cornerstone Supply,Builder,R05,SR0015,CO Heights,CO,28927,2020-08-30,100000,Active
CU004060,Atlas LLC,Builder,R05,SR0165,OR Metro,OR,72686,2025-06-06,50000,Active
CU004061,Metro Homes,Contractor,R01,SR0116,NY City,NY,50090,2022-02-15,500000,Active
CU004062,Skyline Development,Retailer,R03,SR0178,WI Metro,WI,87663,2017-02-28,25000,Active
CU004063,Prime Supply,Contractor,R03,SR0023,IL Heights,IL,60631,2017-06-02,500000,Active
CU004064,Evergreen Builders,Contractor,R03,SR0098,WI Metro,WI,27716,2017-02-04,1000000,Active
CU004065,Urban Materials,Retailer,R05,SR0105,OR Heights,OR,84997,2021-11-02,50000,Active
CU004066,Evergreen Inc,Builder,R01,SR0031,PA Metro,PA,18027,2024-06-01,50000,Active
CU004067,Home Builders,Retailer,R02,SR0047,FL Metro,FL,66533,2022-10-11,500000,Active
CU004068,Summit Materials,Contractor,R02,SR0012,GA Metro,GA,27763,2018-06-24,500000,Active
CU004069,Metro Builders,Builder,R01,SR0181,MA Metro,MA,93507,2024-12-16,100000,Active
CU004070,Summit Group,Distributor,R02,SR0007,GA Heights,GA,60009,2024-04-18,25000,Active
CU004071,Cornerstone Supply,Retailer,R04,SR0074,AZ City,AZ,50295,2021-05-30,500000,Active
CU004072,Pioneer Development,Contractor,R02,SR0007,GA Heights,GA,94299,2020-11-04,1000000,Active
CU004073,Home Contracting,Builder,R05,SR0200,OR City,OR,19003,2020-09-19,1000000,Active
CU004074,Cornerstone LLC,Contractor,R04,SR0029,OK City,OK,71192,2021-03-07,25000,Active
CU004075,Metro Builders,Retailer,R05,SR0150,CA Metro,CA,54060,2025-01-20,500000,Active
CU004076,Skyline Materials,Retailer,R03,SR0138,OH Heights,OH,22586,2018-08-03,100000,Active
CU004077,Metro Construction,Distributor,R03,SR0053,WI Metro,WI,12948,2018-12-07,500000,Active
CU004078,Home Contracting,Contractor,R04,SR0079,NM City,NM,91935,2019-09-28,1000000,Active
CU004079,Cornerstone Materials,Contractor,R01,SR0121,PA Metro,PA,38662,2019-06-19,50000,Active
CU004080,Prime Development,Distributor,R01,SR0036,NJ City,NJ,50295,2024-03-15,50000,Active
CU004081,Urban Inc,Contractor,R04,SR0009,NV Heights,NV,27450,2024-05-29,100000,Active
CU004082,Pioneer Homes,Distributor,R02,SR0097,SC City,SC,95262,2024-10-21,500000,Active
CU004083,Evergreen Development,Distributor,R02,SR0187,NC Metro,NC,37746,2020-04-02,250000,Active
CU004084,Cornerstone Group,Contractor,R05,SR0145,UT Metro,UT,34903,2017-06-14,50000,Active
CU004085,Pioneer Materials,Contractor,R04,SR0199,TX City,TX,56685,2017-09-28,100000,Active
CU004086,Dream Materials,Builder,R02,SR0092,SC City,SC,39281,2019-05-12,50000,Active
CU004087,Prime Homes,Distributor,R05,SR0075,CA Metro,CA,19749,2020-06-13,50000,Active
CU004088,Pioneer Builders,Contractor,R03,SR0158,IN Heights,IN,79081,2018-03-27,25000,Active
CU004089,Dream Supply,Retailer,R01,SR0171,PA Metro,PA,35854,2022-10-14,250000,Active
CU004090,Dream Supply,Retailer,R04,SR0129,TX City,TX,33297,2024-12-23,100000,Active
CU004091,Home Group,Contractor,R04,SR0144,NV City,NV,75125,2021-01-02,25000,Active
CU004092,Home Development,Retailer,R04,SR0159,TX City,TX,17922,2022-09-16,500000,Active
CU004093,Skyline Group,Contractor,R05,SR0090,OR City,OR,36855,2020-03-19,100000,Active
CU004094,Prime LLC,Distributor,R03,SR0148,WI Metro,WI,63361,2025-01-15,25000,Active
CU004095,Home Inc,Builder,R04,SR0144,AZ Metro,AZ,77879,2022-03-11,250000,Active
CU004096,Metro LLC,Contractor,R02,SR0032,GA Heights,GA,64446,2019-05-25,1000000,Active
CU004097,Evergreen Group,Contractor,R03,SR0113,MI Heights,MI,93463,2022-05-05,100000,Active
CU004098,Skyline Construction,Retailer,R04,SR0119,TX Metro,TX,19337,2018-03-04,100000,Active
CU004099,Dream Builders,Distributor,R02,SR0112,SC City,SC,85327,2024-09-29,500000,Active
CU004100,Urban Contracting,Retailer,R02,SR0117,NC City,NC,23710,2021-11-01,100000,Active
CU004101,Dream Development,Builder,R03,SR0128,OH Heights,OH,50344,2017-04-07,100000,Active
CU004102,Build Homes,Distributor,R02,SR0087,GA City,GA,84820,2020-10-26,25000,Active
CU004103,Home LLC,Builder,R02,SR0032,FL Heights,FL,16173,2021-12-04,1000000,Active
CU004104,Skyline Contracting,Builder,R02,SR0017,NC City,NC,85097,2019-01-05,500000,Active
CU004105,Cornerstone Materials,Retailer,R01,SR0001,PA Heights,PA,84491,2023-01-25,250000,Active
CU004106,Skyline Homes,Contractor,R05,SR0115,OR Metro,OR,44653,2017-05-17,50000,Active
CU004107,Pioneer Homes,Builder,R02,SR0182,FL Heights,FL,48990,2019-10-01,250000,Active
CU004108,Pioneer Materials,Distributor,R02,SR0037,FL Metro,FL,59323,2017-04-23,1000000,Active
CU004109,Prime Development,Contractor,R03,SR0113,WI Metro,WI,37760,2022-07-22,50000,Active
CU004110,Build Group,Retailer,R01,SR0026,PA City,PA,31753,2022-09-07,1000000,Active
CU004111,Home Contracting,Distributor,R05,SR0130,WA Heights,WA,62101,2024-10-01,250000,Active
CU004112,Metro Construction,Retailer,R04,SR0069,NV Metro,NV,18354,2018-12-07,500000,Active
CU004113,Urban Contracting,Retailer,R05,SR0170,WA City,WA,71008,2022-11-18,50000,Active
CU004114,Dream Development,Distributor,R01,SR0076,MA Heights,MA,99294,2017-05-22,1000000,Active
CU004115,Prime Homes,Distributor,R03,SR0053,IL Heights,IL,58028,2023-07-27,250000,Active
CU004116,Pioneer Construction,Distributor,R02,SR0187,GA Heights,GA,49037,2023-11-15,500000,Active
CU004117,Build Contracting,Retailer,R01,SR0121,PA Metro,PA,66002,2019-12-16,25000,Active
CU004118,Skyline Group,Distributor,R03,SR0013,IL Heights,IL,14341,2017-05-15,100000,Active
CU004119,Dream Supply,Retailer,R03,SR0103,IL City,IL,34490,2020-08-26,250000,Active
CU004120,Prime Builders,Distributor,R04,SR0174,TX Metro,TX,14111,2025-03-18,100000,Active
CU004121,Atlas Builders,Contractor,R02,SR0127,GA City,GA,20084,2019-01-07,250000,Active
CU004122,Pioneer Contracting,Builder,R03,SR0053,WI Heights,WI,86247,2018-08-21,1000000,Active
CU004123,Metro Development,Distributor,R02,SR0112,TN City,TN,68075,2017-12-21,50000,Active
CU004124,Dream Development,Builder,R04,SR0159,OK Metro,OK,57715,2021-11-21,50000,Active
CU004125,Skyline Supply,Builder,R04,SR0189,TX Metro,TX,47045,2022-04-17,500000,Active
CU004126,Evergreen Inc,Contractor,R05,SR0040,WA Metro,WA,60995,2023-01-30,100000,Active
CU004127,Urban Supply,Retailer,R01,SR0116,MA Heights,MA,16483,2017-02-25,250000,Active
CU004128,Build Development,Builder,R05,SR0135,WA Heights,WA,10750,2019-06-29,1000000,Active
CU004129,Prime Supply,Builder,R04,SR0049,TX Metro,TX,47838,2023-06-29,1000000,Active
CU004130,Cornerstone LLC,Distributor,R02,SR0132,GA Heights,GA,84786,2025-04-25,1000000,Active
CU004131,Cornerstone Inc,Contractor,R02,SR0077,TN City,TN,76946,2024-08-13,250000,Active
CU004132,Urban Inc,Contractor,R04,SR0029,AZ Heights,AZ,92657,2024-06-15,500000,Active
CU004133,Atlas LLC,Builder,R05,SR0165,CA Heights,CA,18178,2021-06-02,25000,Active
CU004134,Urban Contracting,Distributor,R02,SR0087,SC City,SC,57106,2019-08-11,100000,Active
CU004135,Prime Materials,Contractor,R02,SR0057,SC City,SC,41209,2021-05-27,50000,Active
CU004136,Pioneer Development,Contractor,R05,SR0060,UT City,UT,21186,2021-09-25,500000,Active
CU004137,Atlas Materials,Contractor,R01,SR0056,CT Metro,CT,39456,2025-04-01,100000,Active
CU004138,Atlas Homes,Contractor,R03,SR0048,IN Metro,IN,49954,2022-09-29,1000000,Active
CU004139,Dream Supply,Retailer,R01,SR0001,NY City,NY,25555,2021-06-25,250000,Active
CU004140,Summit Inc,Contractor,R03,SR0133,MI City,MI,76661,2021-03-30,50000,Active
CU004141,Atlas Inc,Distributor,R04,SR0119,OK Heights,OK,86082,2021-08-17,100000,Active
CU004142,Dream Contracting,Retailer,R05,SR0020,CO Metro,CO,46010,2024-09-12,1000000,Active
CU004143,Build Development,Contractor,R01,SR0141,PA City,PA,99111,2021-09-09,1000000,Active
CU004144,Pioneer Group,Builder,R02,SR0037,SC City,SC,45836,2024-08-16,250000,Active
CU004145,Atlas Group,Contractor,R03,SR0033,OH Heights,OH,77267,2019-08-11,1000000,Active
CU004146,Urban Builders,Builder,R03,SR0033,IN City,IN,33154,2025-03-04,250000,Active
CU004147,Skyline Supply,Retailer,R05,SR0165,OR City,OR,23254,2017-12-25,1000000,Active
CU004148,Skyline Development,Contractor,R02,SR0137,NC Heights,NC,18577,2021-04-09,1000000,Active
CU004149,Evergreen Builders,Builder,R02,SR0082,GA Metro,GA,44140,2020-08-18,250000,Active
CU004150,Atlas Contracting,Builder,R03,SR0133,IL Metro,IL,29282,2023-05-23,500000,Active
CU004151,Build Contracting,Distributor,R05,SR0180,OR Metro,OR,49798,2023-06-05,1000000,Active
CU004152,Summit Contracting,Retailer,R01,SR0161,CT Heights,CT,48448,2020-08-12,25000,Active
CU004153,Skyline LLC,Retailer,R02,SR0032,SC Metro,SC,24546,2021-05-01,50000,Active
CU004154,Urban Development,Builder,R01,SR0136,MA City,MA,69333,2021-04-16,25000,Active
CU004155,Home Group,Retailer,R04,SR0159,TX City,TX,,2019-09-08,1000000,Active
CU004156,Atlas Development,Distributor,R01,SR0146,NY City,NY,96906,2018-07-30,500000,Active
CU004157,Home Builders,Contractor,R05,SR0050,CO Metro,CO,32243,2024-03-26,25000,Active
CU004158,Cornerstone LLC,Contractor,R04,SR0144,OK Heights,OK,43796,2023-10-25,100000,Active
CU004159,Pioneer Materials,Distributor,R02,SR0077,NC Metro,NC,10158,2018-04-05,25000,Active
CU004160,Skyline Inc,Retailer,R03,SR0088,OH Heights,OH,26475,2020-11-16,25000,Active
CU004161,Home Builders,Retailer,R04,SR0019,OK Heights,OK,56633,2021-05-26,500000,Active
CU004162,Metro Materials,Builder,R02,SR0017,SC Heights,SC,31032,2018-04-20,50000,Active
CU004163,Pioneer LLC,Retailer,R02,SR0197,GA Heights,GA,50459,2023-12-05,250000,Active
CU004164,Summit Supply,Builder,R05,SR0150,CA Heights,CA,77084,2018-08-04,250000,Active
CU004165,Summit Supply,Distributor,R03,SR0158,MI City,MI,33151,2018-04-20,1000000,Active
CU004166,Urban Materials,Contractor,R04,SR0109,NM City,NM,89363,2021-10-07,500000,Active
CU004167,Evergreen Contracting,Contractor,R05,SR0110,UT Heights,UT,80532,2023-10-22,500000,Active
CU004168,Urban Materials,Retailer,R05,SR0050,CO Heights,CO,46269,2019-06-18,500000,Active
CU004169,Dream Builders,Contractor,R01,SR0036,PA Heights,PA,50635,2023-07-03,100000,Active
CU004170,Dream LLC,Contractor,R04,SR0049,OK Metro,OK,57281,2021-02-24,100000,Active
CU004171,Skyline Materials,Builder,R02,SR0147,SC Heights,SC,70539,2017-07-24,25000,Active
CU004172,Urban Builders,Retailer,R04,SR0194,OK Heights,OK,10060,2018-02-08,250000,Active
CU004173,Skyline Development,Retailer,R05,SR0160,OR City,OR,63495,2018-04-30,50000,Active
CU004174,Atlas Contracting,Builder,R01,SR0161,MA City,MA,87009,2023-12-08,50000,Active
CU004175,Urban Construction,Distributor,R01,SR0186,NJ City,NJ,22277,2018-12-24,1000000,Active
CU004176,Urban Contracting,Retailer,R05,SR0115,UT City,UT,76062,2023-11-17,100000,Active
CU004177,Summit LLC,Builder,R04,SR0094,NM Metro,NM,27878,2019-10-04,100000,Active
CU004178,Prime Inc,Contractor,R05,SR0135,UT Metro,UT,37155,2023-04-10,100000,Active
CU004179,Prime Homes,Retailer,R02,SR0067,NC City,NC,63161,2023-07-11,25000,Active
CU004180,Home Builders,Builder,R01,SR0181,NY Metro,NY,99502,2019-04-16,50000,Active
CU004181,Pioneer Builders,Builder,R03,SR0013,OH Heights,OH,29904,2018-01-12,1000000,Active
CU004182,Dream Supply,Contractor,R04,SR0064,TX Metro,TX,59310,2024-07-28,500000,Active
CU004183,Skyline LLC,Contractor,R01,SR0016,NJ Heights,NJ,62313,2024-07-30,50000,Active
CU004184,Skyline Materials,Builder,R02,SR0192,NC Metro,NC,45446,2020-11-29,100000,Active
CU004185,Summit Supply,Contractor,R03,SR0058,IN Heights,IN,84129,2024-06-10,500000,Active
CU004186,Dream Construction,Retailer,R02,SR0082,GA Heights,GA,72244,2020-08-06,500000,Active
CU004187,Build Supply,Distributor,R01,SR0191,CT City,CT,57869,2023-11-27,1000000,Active
CU004188,Evergreen Builders,Builder,R02,SR0077,TN Metro,TN,73023,2021-12-27,500000,Active
CU004189,Evergreen Construction,Builder,R04,SR0094,NM City,NM,49314,2019-08-23,500000,Active
CU004190,Urban Contracting,Retailer,R05,SR0115,OR Heights,OR,10211,2024-08-11,1000000,Active
CU004191,Pioneer Inc,Distributor,R03,SR0178,MI Metro,MI,68534,2017-02-27,100000,Active
CU004192,Evergreen Group,Retailer,R02,SR0032,GA City,GA,90654,2025-05-23,1000000,Active
CU004193,Build Supply,Distributor,R05,SR0185,UT City,UT,45953,2018-06-22,25000,Active
CU004194,Pioneer Contracting,Contractor,R05,SR0050,CA City,CA,68726,2018-09-30,500000,Active
CU004195,Build Group,Builder,R04,SR0019,AZ Metro,AZ,65882,2019-05-02,1000000,Active
CU004196,Pioneer Homes,Builder,R01,SR0111,NY City,NY,79800,2022-06-27,25000,Active
CU004197,Skyline Development,Retailer,R03,SR0033,IN City,IN,55563,2021-06-18,50000,Active
CU004198,Dream Inc,Retailer,R03,SR0023,IN City,IN,52751,2020-05-01,500000,Active
CU004199,Pioneer Homes,Builder,R01,SR0116,PA Metro,PA,69225,2020-11-29,50000,Active
CU004200,Summit Development,Retailer,R04,SR0114,NM Heights,NM,67274,2024-08-04,500000,Active
CU004201,Prime LLC,Distributor,R04,SR0004,OK Heights,OK,57887,2023-09-20,100000,Active
CU004202,Prime Materials,Retailer,R05,SR0110,CO Metro,CO,10687,2021-08-18,25000,Active
CU004203,Summit Development,Contractor,R05,SR0100,CO City,CO,90000,2020-05-11,50000,Active
CU004204,Metro Contracting,Builder,R04,SR0124,OK City,OK,14150,2022-03-19,50000,Active
CU004205,Evergreen Inc,Builder,R03,SR0053,IL Heights,IL,53860,2023-04-18,25000,Active
CU004206,Cornerstone Homes,Retailer,R01,SR0091,NY Heights,NY,27618,2025-01-23,100000,Active
CU004207,Atlas Group,Retailer,R01,SR0146,PA Heights,PA,51302,2020-02-04,100000,Active
CU004208,Metro Materials,Retailer,R03,SR0078,WI Heights,WI,92846,2023-05-26,1000000,Active
CU004209,Summit Inc,Retailer,R05,SR0200,UT Heights,UT,55636,2018-08-10,25000,Active
CU004210,Evergreen Materials,Contractor,R02,SR0152,TN Heights,TN,10919,2022-07-27,1000000,Active
CU004211,Prime Builders,Contractor,R03,SR0078,WI Metro,WI,89591,2023-05-02,25000,Active
CU004212,Urban Construction,Contractor,R05,SR0035,UT Heights,UT,52234,2023-12-09,25000,Active
CU004213,Urban Inc,Retailer,R04,SR0009,NM City,NM,78134,2021-01-04,1000000,Active
CU004214,Cornerstone Development,Contractor,R05,SR0030,OR City,OR,98592,2022-10-06,25000,Active
CU004215,Home Inc,Retailer,R02,SR0132,TN Heights,TN,70976,2017-05-23,100000,Active
CU004216,Atlas Construction,Distributor,R03,SR0108,MI City,MI,70031,2017-01-10,25000,Active
CU004217,Summit Builders,Retailer,R04,SR0009,NV Metro,NV,65543,2018-02-16,1000000,Active
CU004218,Summit Inc,Builder,R02,SR0177,TN Metro,TN,57189,2022-06-08,50000,Active
CU004219,Atlas Contracting,Retailer,R04,SR0134,TX Heights,TX,64507,2021-05-11,500000,Active
CU004220,Build LLC,Builder,R05,SR0010,OR Heights,OR,75186,2024-12-24,250000,Active
CU004221,Atlas Development,Contractor,R02,SR0042,NC City,NC,86854,2020-10-01,25000,Active
CU004222,Home Supply,Distributor,R04,SR0084,AZ Heights,AZ,93200,2021-01-08,500000,Active
CU004223,Cornerstone Builders,Distributor,R05,SR0090,UT Heights,UT,80859,2017-01-12,500000,Active
CU004224,Evergreen Builders,Retailer,R01,SR0026,CT Heights,CT,40209,2024-07-01,1000000,Active
CU004225,Skyline Contracting,Distributor,R02,SR0032,GA City,GA,92509,2018-02-07,100000,Active
CU004226,Summit Supply,Contractor,R02,SR0157,SC Heights,SC,76832,2022-10-01,500000,Active
CU004227,Cornerstone Construction,Retailer,R01,SR0056,NY Heights,NY,28574,2022-10-28,50000,Active
CU004228,Pioneer LLC,Retailer,R03,SR0038,OH Metro,OH,83633,2022-05-03,500000,Active
CU004229,Urban Inc,Builder,R01,SR0046,NJ Metro,NJ,11947,2022-09-25,1000000,Active
CU004230,Pioneer Construction,Builder,R03,SR0088,OH City,OH,80670,2024-01-12,25000,Active
CU004231,Home Supply,Retailer,R01,SR0156,NY Metro,NY,39381,2025-04-15,1000000,Active
CU004232,Evergreen Builders,Contractor,R04,SR0109,NV City,NV,39224,2019-08-11,1000000,Active
CU004233,Prime Materials,Distributor,R04,SR0054,NV City,NV,90373,2023-03-16,25000,Active
CU004234,Prime Homes,Contractor,R03,SR0058,MI Metro,MI,11139,2022-10-07,25000,Active
CU004235,Pioneer Homes,Builder,R02,SR0087,FL City,FL,93455,2021-05-12,25000,Active
CU004236,Skyline Materials,Distributor,R02,SR0037,TN City,TN,23161,2023-01-29,1000000,Active
CU004237,Atlas Builders,Retailer,R05,SR0190,OR City,OR,79027,2020-12-29,50000,Active
CU004238,Dream Materials,Retailer,R03,SR0193,WI Metro,WI,29231,2022-06-28,250000,Active
CU004239,Urban Homes,Distributor,R03,SR0033,MI City,MI,43702,2020-08-26,250000,Active
CU004240,Summit Materials,Retailer,R01,SR0081,PA Metro,PA,77739,2018-10-18,100000,Active
CU004241,Metro Homes,Builder,R03,SR0163,OH Heights,OH,51681,2017-04-12,500000,Active
CU004242,Home Contracting,Distributor,R03,SR0153,OH City,OH,88112,2020-10-25,500000,Active
CU004243,Pioneer Group,Contractor,R03,SR0198,WI City,WI,27367,2021-01-22,50000,Active
CU004244,Dream Materials,Builder,R03,SR0083,OH City,OH,10196,2020-02-01,25000,Active
CU004245,Dream Supply,Retailer,R01,SR0151,NY Metro,NY,69678,2017-10-09,50000,Active
CU004246,Build Construction,Distributor,R05,SR0070,CO Metro,CO,40960,2022-02-11,250000,Active
CU004247,Build LLC,Retailer,R02,SR0052,GA Metro,GA,79395,2020-12-30,25000,Active
CU004248,Prime LLC,Retailer,R05,SR0075,WA Metro,WA,58438,2022-09-10,50000,Active
CU004249,Prime Builders,Contractor,R05,SR0030,UT Heights,UT,88858,2022-07-29,500000,Active
CU004250,Build Homes,Retailer,R05,SR0045,WA Metro,WA,36276,2020-10-22,1000000,Active
CU004251,Atlas Group,Retailer,R02,SR0062,NC City,NC,88091,2017-07-26,100000,Active
CU004252,Home Supply,Contractor,R05,SR0095,WA City,WA,14185,2024-08-20,50000,Active
CU004253,  Skyline Contracting ,Distributor,R04,SR0124,AZ City,AZ,39807,2018-12-01,50000,Active
CU004254,Atlas Construction,Builder,R03,SR0163,MI Metro,MI,25575,2021-02-07,50000,Active
CU004255,Atlas Builders,Builder,R04,SR0189,NV Heights,NV,49752,2022-04-13,250000,Active
CU004256,Dream Construction,Retailer,R02,SR0197,NC Metro,NC,84781,2018-08-11,100000,Active
CU004257,Pioneer Group,Contractor,R05,SR0030,WA City,WA,56771,2018-03-13,500000,Active
CU004258,Home Construction,Builder,R05,SR0120,CA City,CA,71180,2019-06-30,100000,Active
CU004259,Urban Builders,Distributor,R01,SR0106,MA City,MA,14407,2025-06-01,250000,Active
CU004260,Atlas Group,Distributor,R05,SR0100,OR Metro,OR,41034,2024-03-01,50000,Active
CU004261,Prime Homes,Contractor,R01,SR0116,CT Metro,CT,16220,2023-01-05,500000,Active
CU004262,Dream Materials,Contractor,R02,SR0062,GA Metro,GA,22238,2025-05-06,250000,Active
CU004263,Dream Supply,Retailer,R02,SR0047,FL City,FL,57569,2023-04-01,250000,Active
CU004264,Dream Materials,Retailer,R02,SR0047,NC City,NC,61552,2022-07-18,500000,Active
CU004265,Prime Development,Distributor,R04,SR0139,AZ City,AZ,88009,2020-10-17,500000,Active
CU004266,Skyline Group,Distributor,R02,SR0092,NC Heights,NC,43506,2025-05-11,50000,Active
CU004267,Prime Group,Retailer,R02,SR0152,GA Metro,GA,67699,2025-06-06,250000,Active
CU004268,Dream Construction,Retailer,R03,SR0093,OH City,OH,65938,2020-03-29,1000000,Active
CU004269,Home Supply,Distributor,R05,SR0020,CO Heights,CO,90921,2017-06-13,250000,Active
CU004270,Skyline Builders,Retailer,R02,SR0197,NC Heights,NC,16080,2019-08-19,250000,Active
CU004271,Prime Materials,Contractor,R05,SR0060,UT Metro,UT,34059,2024-08-03,25000,Active
CU004272,Build LLC,Builder,R03,SR0148,OH Heights,OH,81835,2020-10-18,500000,Active
CU004273,Skyline Homes,Distributor,R05,SR0165,OR Metro,OR,44460,2023-06-11,1000000,Active
CU004274,Cornerstone Development,Retailer,R05,SR0045,CO Metro,CO,92843,2019-05-23,100000,Active
CU004275,Summit LLC,Contractor,R04,SR0154,NV City,NV,74847,2024-10-08,100000,Active
CU004276,Dream Materials,Distributor,R04,SR0139,NV Heights,NV,77054,2021-12-04,250000,Active
CU004277,Prime Inc,Retailer,R05,SR0120,UT Metro,UT,99040,2021-08-18,25000,Active
CU004278,Atlas Contracting,Contractor,R04,SR0184,TX Heights,TX,32423,2017-02-04,500000,Active
CU004279,Summit Supply,Contractor,R02,SR0197,TN Metro,TN,83333,2021-02-09,1000000,Active
CU004280,Skyline Homes,Retailer,R02,SR0182,GA City,GA,99653,2021-07-27,1000000,Active
CU004281,Cornerstone Inc,Builder,R03,SR0153,IL Heights,IL,96049,2021-10-17,50000,Active
CU004282,Atlas Supply,Contractor,R04,SR0004,NM Heights,NM,78722,2018-01-10,250000,Active
CU004283,Cornerstone Group,Distributor,R04,SR0014,TX City,TX,70280,2023-08-18,50000,Active
CU004284,Skyline Group,Builder,R01,SR0151,CT Metro,CT,93489,2022-01-07,1000000,Active
CU004285,Summit Construction,Distributor,R03,SR0158,WI City,WI,12126,2022-04-12,100000,Active
CU004286,Pioneer Construction,Distributor,R03,SR0193,IL City,IL,38234,2021-04-11,1000000,Active
CU004287,Build LLC,Distributor,R01,SR0121,CT City,CT,41938,2017-09-13,25000,Active
CU004288,Dream Builders,Contractor,R01,SR0046,NJ City,NJ,61873,2020-07-29,50000,Active
CU004289,Prime Homes,Distributor,R01,SR0021,NJ City,NJ,45207,2022-03-13,500000,Active
CU004290,Build Builders,Distributor,R04,SR0154,NV Heights,NV,49965,2019-07-29,25000,Active
CU004291,Prime Inc,Retailer,R02,SR0047,TN City,TN,27710,2022-09-08,100000,Active
CU004292,Prime Builders,Retailer,R04,SR0144,TX Metro,TX,73528,2019-11-04,50000,Active
CU004293,Build Contracting,Builder,R03,SR0103,WI Metro,WI,30536,2020-08-26,100000,Active
CU004294,  Pioneer Materials ,Retailer,R03,SR0108,WI City,WI,53081,2018-08-04,1000000,Active
CU004295,Urban Contracting,Distributor,R03,SR0068,OH Metro,OH,96437,2022-08-01,50000,Active
CU004296,Build Homes,Contractor,R01,SR0001,NY City,NY,37047,2019-08-21,50000,Active
CU004297,Cornerstone Group,Distributor,R01,SR0141,CT Metro,CT,77903,2023-03-22,250000,Active
CU004298,Build Development,Distributor,R01,SR0196,MA City,MA,40197,2021-09-06,25000,Active
CU004299,Summit Construction,Retailer,R04,SR0059,OK Metro,OK,89781,2023-11-04,500000,Active
CU004300,Cornerstone Group,Retailer,R05,SR0015,CA Heights,CA,64398,2019-11-19,100000,Active
CU004301,Urban Group,Distributor,R03,SR0098,WI Metro,WI,25471,2018-04-01,250000,Active
CU004302,Metro Inc,Builder,R03,SR0053,OH Metro,OH,32873,2018-08-22,250000,Active
CU004303,Home LLC,Retailer,R02,SR0137,SC Metro,SC,26789,2021-10-21,100000,Active
CU004304,Build Supply,Contractor,R03,SR0088,MI Heights,MI,13941,2020-05-14,1000000,Active
CU004305,Home Materials,Builder,R02,SR0102,SC Metro,SC,36377,2018-07-13,500000,Active
CU004306,Urban Homes,Distributor,R02,SR0077,NC Metro,NC,31222,2021-02-03,50000,Active
CU004307,Dream Construction,Contractor,R04,SR0194,NM Metro,NM,38977,2018-04-09,1000000,Active
CU004308,Summit Builders,Distributor,R02,SR0147,GA Heights,GA,20222,2017-02-02,1000000,Active
CU004309,Urban LLC,Retailer,R01,SR0036,PA City,PA,59866,2019-09-24,25000,Active
CU004310,Prime Materials,Contractor,R05,SR0180,OR City,OR,63085,2021-03-22,25000,Active
CU004311,Urban Group,Contractor,R02,SR0117,TN Metro,TN,89364,2021-02-27,25000,Active
CU004312,Prime Construction,Contractor,R01,SR0191,NJ Heights,NJ,85792,2017-05-26,500000,Active
CU004313,Build Homes,Distributor,R02,SR0072,SC Metro,SC,84168,2024-01-19,50000,Active
CU004314,Summit Supply,Builder,R02,SR0167,TN City,TN,61586,2024-10-17,50000,Active
CU004315,Cornerstone Construction,Distributor,R01,SR0076,NJ Metro,NJ,39973,2017-11-18,25000,Active
CU004316,Cornerstone Development,Retailer,R03,SR0058,IL Metro,IL,38932,2025-03-12,250000,Active
CU004317,Cornerstone Supply,Distributor,R04,SR0064,TX Metro,TX,76356,2020-05-15,500000,Active
CU004318,Home Construction,Retailer,R02,SR0192,TN Heights,TN,47275,2022-06-25,100000,Active
CU004319,Dream Development,Builder,R03,SR0188,OH Heights,OH,89576,2019-02-06,250000,Active
CU004320,  Cornerstone Development ,Distributor,R03,SR0093,MI Metro,MI,12795,2018-05-01,25000,Active
CU004321,Home Materials,Distributor,R01,SR0166,MA Metro,MA,95053,2021-04-24,100000,Active
CU004322,Skyline Inc,Contractor,R02,SR0057,SC Heights,SC,41619,2017-05-14,50000,Active
CU004323,Atlas Materials,Builder,R02,SR0112,NC Heights,NC,34025,2022-02-05,50000,Active
CU004324,Dream Development,Contractor,R04,SR0059,AZ City,AZ,74159,2025-04-12,100000,Active
CU004325,Pioneer Supply,Retailer,R01,SR0111,NJ Metro,NJ,57820,2023-04-26,25000,Active
CU004326,Summit Inc,Distributor,R02,SR0027,FL Metro,FL,38872,2017-10-14,100000,Active
CU004327,Atlas Supply,Contractor,R04,SR0104,TX City,TX,97693,2020-12-03,1000000,Active
CU004328,Dream Group,Builder,R03,SR0108,WI City,WI,65644,2018-05-26,250000,Active
CU004329,Atlas Inc,Distributor,R04,SR0004,TX City,TX,82009,2023-04-07,1000000,Active
CU004330,Urban Builders,Contractor,R03,SR0153,OH Heights,OH,62037,2024-10-09,250000,Active
CU004331,Summit Homes,Retailer,R05,SR0115,CO Heights,CO,23610,2025-04-12,25000,Active
CU004332,Home Builders,Contractor,R04,SR0184,NV Metro,NV,84954,2017-12-23,100000,Active
CU004333,Home Construction,Contractor,R03,SR0173,IN Heights,IN,26407,2025-01-10,100000,Active
CU004334,Evergreen Materials,Contractor,R02,SR0052,SC City,SC,82071,2021-10-18,50000,Active
CU004335,Build Group,Distributor,R03,SR0063,IN City,IN,41516,2017-11-18,1000000,Active
CU004336,Home Supply,Distributor,R03,SR0103,WI Metro,WI,70844,2025-04-12,100000,Active
CU004337,Home Homes,Contractor,R04,SR0039,OK Metro,OK,55394,2021-07-03,1000000,Active
CU004338,Skyline Homes,Distributor,R02,SR0117,GA City,GA,53583,2021-07-13,50000,Active
CU004339,Build Group,Distributor,R01,SR0056,MA City,MA,60042,2023-06-16,100000,Active
CU004340,Dream Homes,Retailer,R03,SR0118,IL Heights,IL,16193,2020-11-18,1000000,Active
CU004341,Home Builders,Contractor,R02,SR0082,GA Metro,GA,44037,2024-07-25,250000,Active
CU004342,Home LLC,Contractor,R03,SR0138,OH Heights,OH,51727,2017-01-30,500000,Active
CU004343,Metro Group,Contractor,R01,SR0046,NJ Heights,NJ,92860,2023-08-24,25000,Active
CU004344,Prime Inc,Contractor,R02,SR0047,TN Heights,TN,87648,2023-11-06,250000,Active
CU004345,Summit Materials,Distributor,R05,SR0045,CO Heights,CO,,2025-04-07,25000,Active
CU004346,Metro Construction,Retailer,R03,SR0003,IN Metro,IN,66497,2025-05-28,25000,Active
CU004347,Atlas Builders,Contractor,R02,SR0042,GA Metro,GA,99931,2021-07-12,100000,Active
CU004348,Pioneer Supply,Distributor,R04,SR0029,NM Heights,NM,20937,2020-04-01,250000,Active
CU004349,Dream Group,Retailer,R05,SR0080,WA City,WA,65931,2020-11-04,100000,Active
CU004350,Urban Builders,Distributor,R05,SR0140,WA Metro,WA,77983,2024-01-09,1000000,Active
CU004351,Prime Group,Builder,R03,SR0068,IL Metro,IL,22535,2021-08-21,500000,Active
CU004352,Prime Supply,Contractor,R02,SR0062,TN City,TN,13079,2025-01-01,100000,Active
CU004353,Metro Group,Retailer,R04,SR0134,NM Heights,NM,49521,2020-06-01,1000000,Active
CU004354,Pioneer Supply,Builder,R03,SR0038,WI City,WI,83102,2020-09-13,500000,Active
CU004355,Home Construction,Retailer,R03,SR0158,WI Heights,WI,56053,2017-09-29,250000,Active
CU004356,Build LLC,Distributor,R02,SR0122,NC Heights,NC,64498,2024-09-26,100000,Active
CU004357,Pioneer Group,Builder,R02,SR0087,TN Metro,TN,50360,2024-03-11,100000,Active
CU004358,Summit Materials,Distributor,R05,SR0030,WA Metro,WA,27739,2021-09-23,25000,Active
CU004359,Build Homes,Builder,R04,SR0054,NM Metro,NM,92807,2019-05-27,1000000,Active
CU004360,Home Development,Retailer,R04,SR0159,OK Heights,OK,14387,2019-04-12,250000,Active
CU004361,Dream Construction,Contractor,R05,SR0040,CO City,CO,38552,2023-12-24,500000,Active
CU004362,Pioneer Builders,Builder,R02,SR0162,NC Heights,NC,73652,2017-08-06,50000,Active
CU004363,Summit Homes,Retailer,R02,SR0002,FL Heights,FL,67093,2022-04-30,250000,Active
CU004364,Metro LLC,Distributor,R05,SR0200,UT Metro,UT,49919,2023-12-12,250000,Active
CU004365,Prime Builders,Retailer,R03,SR0188,IN Heights,IN,88484,2021-09-03,250000,Active
CU004366,Cornerstone Contracting,Contractor,R01,SR0121,CT City,CT,93704,2017-03-26,500000,Active
CU004367,Metro Homes,Retailer,R05,SR0160,WA City,WA,65791,2018-08-22,1000000,Active
CU004368,Urban Construction,Retailer,R01,SR0056,NJ City,NJ,16514,2018-01-20,250000,Active
CU004369,Pioneer Homes,Retailer,R01,SR0011,PA City,PA,22476,2018-12-30,1000000,Active
CU004370,Summit Construction,Contractor,R05,SR0120,OR Heights,OR,92633,2017-05-05,250000,Active
CU004371,Cornerstone Inc,Distributor,R05,SR0185,OR Heights,OR,49455,2023-02-02,50000,Active
CU004372,Atlas Group,Builder,R04,SR0049,OK City,OK,59381,2020-10-05,1000000,Active
CU004373,Cornerstone Supply,Builder,R03,SR0023,MI Metro,MI,25793,2024-09-02,100000,Active
CU004374,Cornerstone Materials,Contractor,R03,SR0183,WI Heights,WI,18701,2017-05-11,500000,Active
CU004375,Build Construction,Contractor,R05,SR0015,OR Heights,OR,46656,2019-05-31,100000,Active
CU004376,Cornerstone Supply,Retailer,R04,SR0079,NM City,NM,36811,2017-09-14,250000,Active
CU004377,Pioneer Homes,Distributor,R03,SR0163,IN City,IN,19811,2023-10-17,500000,Active
CU004378,Prime Construction,Builder,R03,SR0198,OH Heights,OH,74882,2017-11-28,50000,Active
CU004379,Cornerstone Group,Retailer,R03,SR0108,IL Metro,IL,65290,2024-09-16,25000,Active
CU004380,Atlas Homes,Distributor,R01,SR0121,PA Heights,PA,92987,2018-12-05,25000,Active
CU004381,Build Homes,Distributor,R04,SR0114,TX Metro,TX,79637,2018-10-30,250000,Active
CU004382,Pioneer Group,Builder,R02,SR0117,SC Heights,SC,70700,2024-10-14,1000000,Active
CU004383,Cornerstone Group,Contractor,R05,SR0125,CA Metro,CA,,2017-01-06,1000000,Active
CU004384,Summit Contracting,Retailer,R02,SR0142,GA Heights,GA,50119,2019-03-14,500000,Active
CU004385,Pioneer LLC,Retailer,R01,SR0191,NJ City,NJ,15241,2021-10-02,500000,Active
CU004386,Evergreen LLC,Distributor,R03,SR0193,WI Metro,WI,94611,2024-10-25,25000,Active
CU004387,Dream Construction,Distributor,R03,SR0063,WI Heights,WI,86193,2022-08-15,1000000,Active
CU004388,Urban Materials,Retailer,R04,SR0069,TX Heights,TX,74371,2020-09-04,250000,Active
CU004389,Atlas Contracting,Contractor,R04,SR0069,OK Metro,OK,64860,2019-07-01,25000,Active
CU004390,Urban Construction,Builder,R02,SR0112,GA City,GA,28104,2024-10-06,250000,Active
CU004391,Urban Group,Distributor,R03,SR0088,IL Heights,IL,47548,2021-09-25,100000,Active
CU004392,Pioneer Homes,Contractor,R02,SR0082,GA Heights,GA,,2022-05-26,250000,Active
CU004393,Urban LLC,Contractor,R01,SR0046,NJ City,NJ,79229,2024-01-21,100000,Active
CU004394,Summit Inc,Builder,R04,SR0194,NV City,NV,42061,2025-06-23,500000,Active
CU004395,Cornerstone Supply,Distributor,R05,SR0165,WA City,WA,66304,2022-11-09,50000,Active
CU004396,Prime Group,Distributor,R05,SR0115,UT City,UT,66843,2020-11-28,500000,Active
CU004397,Pioneer Inc,Distributor,R02,SR0107,GA City,GA,92812,2019-08-12,25000,Active
CU004398,Metro Construction,Distributor,R03,SR0188,OH City,OH,77687,2017-05-05,500000,Active
CU004399,Atlas Materials,Builder,R02,SR0057,GA Metro,GA,61722,2021-07-31,500000,Active
CU004400,Pioneer Homes,Distributor,R04,SR0029,AZ Heights,AZ,68232,2021-12-21,25000,Active
CU004401,Prime Inc,Distributor,R02,SR0022,TN Metro,TN,95466,2022-08-16,500000,Active
CU004402,Urban Supply,Retailer,R05,SR0070,UT City,UT,46782,2018-07-29,25000,Active
CU004403,Dream Development,Contractor,R04,SR0079,TX City,TX,71896,2022-12-04,50000,Active
CU004404,Metro Homes,Contractor,R05,SR0040,OR Heights,OR,20624,2021-06-28,500000,Active
CU004405,Pioneer Homes,Builder,R02,SR0057,NC Metro,NC,88566,2021-06-14,100000,Active
CU004406,Dream LLC,Retailer,R05,SR0005,OR City,OR,49198,2022-11-20,250000,Active
CU004407,Metro Homes,Retailer,R01,SR0196,NJ Heights,NJ,84507,2024-03-26,500000,Active
CU004408,Atlas Construction,Distributor,R03,SR0023,IL Metro,IL,71232,2021-03-15,100000,Active
CU004409,Summit Development,Distributor,R03,SR0103,OH Metro,OH,61347,2025-02-03,50000,Active
CU004410,Dream Contracting,Contractor,R05,SR0145,UT Heights,UT,66266,2025-06-25,250000,Active
CU004411,Dream Group,Contractor,R03,SR0013,OH City,OH,,2022-05-05,25000,Active
CU004412,Atlas Supply,Retailer,R04,SR0139,NV Metro,NV,15072,2019-09-12,1000000,Active
CU004413,Build Builders,Contractor,R05,SR0195,CO Heights,CO,77596,2022-08-02,1000000,Active
CU004414,Atlas Inc,Retailer,R03,SR0008,IL City,IL,55610,2023-05-18,250000,Active
CU004415,Home Development,Builder,R02,SR0052,TN Heights,TN,67164,2018-01-28,50000,Active
CU004416,Prime Supply,Distributor,R03,SR0098,WI Heights,WI,84948,2021-07-05,100000,Active
CU004417,Skyline LLC,Contractor,R05,SR0070,UT City,UT,66878,2022-05-27,25000,Active
CU004418,Urban Builders,Distributor,R01,SR0136,PA Heights,PA,,2018-04-04,500000,Active
CU004419,Build LLC,Contractor,R01,SR0156,NY Heights,NY,18368,2024-09-14,100000,Active
CU004420,Dream Builders,Distributor,R04,SR0074,NV Heights,NV,27345,2018-07-07,500000,Active
CU004421,Dream LLC,Contractor,R05,SR0005,UT City,UT,57266,2020-08-05,1000000,Active
CU004422,Prime Inc,Retailer,R04,SR0064,TX Heights,TX,95539,2025-05-07,1000000,Active
CU004423,Atlas LLC,Builder,R05,SR0105,UT Metro,UT,45628,2023-02-05,100000,Active
CU004424,Atlas Contracting,Retailer,R04,SR0149,NM Metro,NM,94078,2019-11-05,25000,Active
CU004425,Build Materials,Contractor,R05,SR0170,CO Metro,CO,30077,2021-03-02,250000,Active
CU004426,  Evergreen Homes ,Builder,R04,SR0099,TX Heights,TX,57279,2020-10-02,100000,Active
CU004427,Summit Construction,Contractor,R01,SR0116,MA Metro,MA,57196,2022-09-26,250000,Active
CU004428,Urban Group,Builder,R03,SR0148,MI Heights,MI,85299,2023-07-19,250000,Active
CU004429,Skyline Group,Builder,R01,SR0156,CT Metro,CT,84311,2020-08-26,100000,Active
CU004430,Summit Construction,Retailer,R02,SR0182,FL Heights,FL,13526,2022-07-30,1000000,Active
CU004431,Evergreen Supply,Contractor,R01,SR0081,PA City,PA,23200,2018-06-20,1000000,Active
CU004432,Pioneer Group,Builder,R04,SR0044,OK Heights,OK,92890,2019-10-19,50000,Active
CU004433,Home Materials,Contractor,R01,SR0076,CT Heights,CT,42753,2019-04-30,25000,Active
CU004434,Dream LLC,Retailer,R03,SR0063,IN City,IN,92978,2021-07-11,1000000,Active
CU004435,Cornerstone Materials,Retailer,R05,SR0175,CO Metro,CO,15339,2024-11-05,25000,Active
CU004436,Urban Construction,Retailer,R02,SR0102,TN City,TN,51152,2022-02-03,250000,Active
CU004437,Pioneer Inc,Contractor,R05,SR0020,CA Heights,CA,45879,2020-03-01,250000,Active
CU004438,Evergreen Builders,Retailer,R05,SR0115,UT City,UT,45533,2019-11-01,1000000,Active
CU004439,Summit Materials,Retailer,R01,SR0011,MA City,MA,28546,2020-04-04,25000,Active
CU004440,Pioneer Group,Contractor,R03,SR0128,MI City,MI,57261,2018-11-22,50000,Active
CU004441,Metro Builders,Retailer,R02,SR0042,NC Metro,NC,33724,2022-09-22,50000,Active
CU004442,Evergreen Homes,Builder,R03,SR0033,WI Heights,WI,60453,2021-07-13,500000,Active
CU004443,Urban Supply,Contractor,R02,SR0017,NC Heights,NC,96279,2024-08-07,1000000,Active
CU004444,Pioneer Construction,Retailer,R02,SR0037,NC Metro,NC,76421,2022-02-12,25000,Active
CU004445,Dream Supply,Distributor,R05,SR0055,WA Metro,WA,24449,2023-04-03,1000000,Active
CU004446,Urban LLC,Retailer,R02,SR0167,GA Metro,GA,45830,2024-10-22,500000,Active
CU004447,Home Group,Distributor,R04,SR0169,NM City,NM,69195,2018-03-04,250000,Active
CU004448,Pioneer Inc,Builder,R04,SR0109,NM Metro,NM,17283,2025-04-23,250000,Active
CU004449,Prime LLC,Builder,R03,SR0108,MI City,MI,51452,2020-03-31,25000,Active
CU004450,Skyline Development,Contractor,R01,SR0161,PA City,PA,10794,2024-07-10,250000,Active
CU004451,Atlas Builders,Retailer,R04,SR0124,TX Heights,TX,52654,2019-01-05,100000,Active
CU004452,Prime Development,Retailer,R01,SR0121,NJ Metro,NJ,98235,2017-11-10,500000,Active
CU004453,Summit LLC,Distributor,R03,SR0063,IN City,IN,91145,2022-09-07,250000,Active
CU004454,Prime Inc,Retailer,R01,SR0001,NJ Heights,NJ,94194,2018-02-21,250000,Active
CU004455,Atlas Materials,Distributor,R03,SR0033,WI Metro,WI,34828,2023-02-27,100000,Active
CU004456,Summit Builders,Contractor,R01,SR0191,MA City,MA,77824,2021-04-17,250000,Active
CU004457,Cornerstone Contracting,Contractor,R05,SR0045,OR Heights,OR,95477,2022-02-10,250000,Active
CU004458,Home Materials,Contractor,R01,SR0121,PA Heights,pa,,2019-12-08,100000,Active
CU004459,Build LLC,Contractor,R03,SR0198,IL Heights,IL,77272,2018-12-28,500000,Active
CU004460,Dream Contracting,Retailer,R04,SR0044,OK City,OK,75043,2017-08-31,250000,Active
CU004461,Urban Inc,Builder,R03,SR0123,OH City,OH,70860,2018-11-04,25000,Active
CU004462,Build Materials,Retailer,R04,SR0189,NM Metro,NM,83837,2021-02-21,50000,Active
CU004463,Atlas Homes,Contractor,R01,SR0111,NY Heights,NY,65156,2025-01-07,500000,Active
CU004464,Pioneer Contracting,Builder,R01,SR0196,CT Heights,CT,11451,2018-04-14,1000000,Active
CU004465,Atlas Builders,Contractor,R04,SR0024,NM City,NM,66912,2024-03-10,500000,Active
CU004466,Build Construction,Builder,R02,SR0057,NC Metro,NC,80781,2018-11-17,250000,Active
CU004467,Pioneer Inc,Retailer,R02,SR0067,TN Metro,TN,34592,2021-02-13,100000,Active
CU004468,Prime Group,Distributor,R05,SR0050,UT City,UT,73719,2022-02-21,100000,Active
CU004469,Dream LLC,Retailer,R03,SR0103,IN Metro,IN,77251,2021-11-20,25000,Active
CU004470,Summit Homes,Contractor,R02,SR0137,TN City,TN,69515,2017-11-17,250000,Active
CU004471,Skyline LLC,Retailer,R02,SR0022,GA Heights,GA,37553,2019-01-02,50000,Active
CU004472,Urban Development,Builder,R01,SR0161,PA Metro,PA,53456,2023-12-09,50000,Active
CU004473,Dream Materials,Builder,R04,SR0179,NV City,NV,47532,2020-10-31,1000000,Active
CU004474,Prime Group,Contractor,R02,SR0022,NC City,NC,47555,2021-11-07,100000,Active
CU004475,Cornerstone Contracting,Distributor,R05,SR0185,UT Heights,UT,43522,2020-08-07,1000000,Active
CU004476,Evergreen Builders,Contractor,R04,SR0174,TX City,TX,37962,2025-01-10,25000,Active
CU004477,Prime Contracting,Builder,R02,SR0107,GA Heights,GA,64725,2018-09-20,100000,Active
CU004478,Dream Contracting,Builder,R05,SR0035,OR Metro,OR,40235,2018-04-12,100000,Active
CU004479,Prime Materials,Distributor,R03,SR0063,MI Metro,MI,44953,2022-06-24,250000,Active
CU004480,Build Builders,Builder,R05,SR0180,CO Metro,CO,93737,2019-01-02,500000,Active
CU004481,Dream Homes,Contractor,R04,SR0059,NV Metro,NV,56573,2019-05-01,50000,Active
CU004482,Skyline Builders,Builder,R02,SR0182,SC Heights,SC,54725,2018-12-22,1000000,Active
CU004483,Urban Materials,Builder,R02,SR0112,TN City,TN,83293,2024-01-25,100000,Active
CU004484,Summit Development,Distributor,R04,SR0069,TX City,TX,98592,2022-09-16,100000,Active
CU004485,Pioneer LLC,Builder,R05,SR0120,CA Heights,CA,84577,2024-06-28,25000,Active
CU004486,Atlas Development,Builder,R05,SR0040,CA Heights,CA,99389,2019-08-19,1000000,Active
CU004487,Dream Development,Retailer,R01,SR0001,CT Heights,CT,54151,2022-10-30,25000,Active
CU004488,Skyline Supply,Distributor,R04,SR0069,AZ Metro,AZ,72064,2021-07-31,100000,Active
CU004489,Metro Development,Contractor,R04,SR0174,NV Metro,NV,21651,2024-12-27,100000,Active
CU004490,Atlas Development,Retailer,R04,SR0099,NM City,NM,37098,2024-09-04,1000000,Active
CU004491,Urban Group,Contractor,R03,SR0008,OH City,OH,96902,2024-06-01,100000,Active
CU004492,Build LLC,Distributor,R02,SR0182,SC Metro,SC,81538,2023-11-03,250000,Active
CU004493,Home Supply,Retailer,R04,SR0109,NV City,NV,31116,2020-09-27,500000,Active
CU004494,Metro Homes,Contractor,R02,SR0112,FL City,FL,28212,2023-03-10,1000000,Active
CU004495,Cornerstone Inc,Contractor,R01,SR0181,PA City,PA,51545,2020-04-10,1000000,Active
CU004496,Build Builders,Builder,R01,SR0176,PA City,PA,98408,2023-09-30,100000,Active
CU004497,Dream Contracting,Retailer,R04,SR0084,AZ Metro,AZ,49742,2024-09-24,25000,Active
CU004498,Urban Supply,Retailer,R02,SR0057,TN Heights,TN,62145,2017-04-18,100000,Active
CU004499,Evergreen Development,Distributor,R05,SR0095,CA Metro,CA,98171,2022-12-03,1000000,Active
CU004500,Dream Construction,Builder,R03,SR0138,OH Metro,OH,81838,2020-06-10,500000,Active
CU004501,  Metro Construction ,Distributor,R04,SR0084,OK City,ok,73991,2023-08-02,50000,Active
CU004502,Prime Materials,Builder,R01,SR0076,CT Metro,CT,19804,2018-04-26,100000,Active
CU004503,Skyline Group,Builder,R04,SR0114,TX City,TX,10223,2022-03-31,50000,Active
CU004504,Urban Supply,Retailer,R04,SR0149,NM Heights,NM,74532,2019-08-02,50000,Active
CU004505,Dream Materials,Distributor,R02,SR0002,GA City,GA,85416,2019-10-27,50000,Active
CU004506,Urban Builders,Retailer,R01,SR0021,NY City,NY,75949,2018-10-09,25000,Active
CU004507,Prime Materials,Contractor,R02,SR0137,SC Heights,SC,37822,2019-04-26,50000,Active
CU004508,Urban Homes,Distributor,R03,SR0078,WI City,WI,35688,2022-07-26,25000,Active
CU004509,Cornerstone Supply,Builder,R01,SR0096,NY Metro,NY,49515,2019-05-21,250000,Active
CU004510,Metro Materials,Builder,R02,SR0067,NC Heights,NC,88064,2024-12-26,100000,Active
CU004511,Pioneer Materials,Distributor,R03,SR0113,WI Metro,WI,94057,2017-01-01,250000,Active
CU004512,Prime Contracting,Builder,R04,SR0139,NM City,NM,93972,2020-06-16,100000,Active
CU004513,Pioneer Materials,Contractor,R03,SR0068,IN Heights,IN,,2019-02-16,25000,Active
CU004514,Build Materials,Distributor,R03,SR0083,WI City,WI,89325,2020-05-03,25000,Active
CU004515,Summit Development,Distributor,R02,SR0022,SC City,SC,47342,2023-11-09,50000,Active
CU004516,Pioneer Contracting,Contractor,R04,SR0099,OK Heights,OK,77347,2024-10-01,250000,Active
CU004517,Atlas LLC,Distributor,R02,SR0042,GA City,GA,82109,2017-01-05,250000,Active
CU004518,Atlas Inc,Contractor,R02,SR0152,SC Heights,SC,48877,2023-01-22,25000,Active
CU004519,Summit Builders,Retailer,R03,SR0148,IL Metro,IL,15454,2024-10-01,100000,Active
CU004520,Dream Contracting,Contractor,R02,SR0132,SC City,SC,70085,2020-06-10,500000,Active
CU004521,Prime Materials,Retailer,R01,SR0121,NJ Heights,NJ,91349,2022-01-25,250000,Active
CU004522,Urban Construction,Builder,R05,SR0180,UT City,UT,11957,2020-03-15,500000,Active
CU004523,Dream Group,Retailer,R04,SR0059,TX City,TX,95193,2024-02-29,25000,Active
CU004524,Evergreen Contracting,Builder,R05,SR0035,OR Heights,OR,30192,2018-08-26,1000000,Active
CU004525,Cornerstone LLC,Retailer,R02,SR0077,FL City,FL,39400,2017-10-04,100000,Active
CU004526,Pioneer Group,Builder,R01,SR0196,NJ City,NJ,41935,2021-12-04,500000,Active
CU004527,Dream Supply,Builder,R05,SR0145,CO Metro,CO,93206,2023-08-27,500000,Active
CU004528,Home Development,Contractor,R04,SR0034,OK Metro,OK,59388,2021-07-09,100000,Active
CU004529,Home LLC,Distributor,R02,SR0167,FL Metro,FL,84190,2018-08-02,25000,Active
CU004530,  Prime Supply ,Builder,R01,SR0161,NY Heights,NY,,2023-07-25,25000,Active
CU004531,Metro Builders,Distributor,R01,SR0186,PA City,PA,19890,2019-10-18,1000000,Active
CU004532,Pioneer Development,Builder,R02,SR0107,FL Heights,FL,54533,2018-12-01,25000,Active
CU004533,Metro Construction,Retailer,R04,SR0054,TX Heights,TX,78168,2018-04-02,500000,Active
CU004534,Skyline Homes,Retailer,R04,SR0124,TX Heights,TX,45783,2018-04-15,500000,Active
CU004535,Prime Supply,Contractor,R04,SR0079,AZ City,AZ,51960,2017-06-04,500000,Active
CU004536,Summit Materials,Builder,R02,SR0052,SC Metro,SC,26013,2022-11-27,50000,Active
CU004537,Pioneer LLC,Retailer,R03,SR0073,IL Metro,IL,25547,2025-01-05,100000,Active
CU004538,Prime Supply,Contractor,R04,SR0089,OK Heights,OK,91234,2018-12-30,250000,Active
CU004539,Urban Builders,Contractor,R05,SR0170,CA Metro,CA,82209,2017-08-06,1000000,Active
CU004540,Skyline Materials,Distributor,R01,SR0011,PA Metro,PA,54282,2022-09-18,50000,Active
CU004541,Home Construction,Builder,R02,SR0002,TN Heights,TN,28426,2017-12-01,25000,Active
CU004542,Dream Group,Retailer,R04,SR0129,OK Metro,OK,83528,2022-04-04,25000,Active
CU004543,Atlas Supply,Distributor,R05,SR0175,CO City,CO,79702,2025-05-19,25000,Active
CU004544,Cornerstone Development,Builder,R01,SR0001,PA City,PA,10219,2022-10-20,1000000,Active
CU004545,Prime Development,Contractor,R02,SR0037,FL City,FL,32636,2025-04-17,1000000,Active
CU004546,Home Homes,Retailer,R03,SR0088,OH City,OH,79799,2023-04-24,100000,Active
CU004547,Build Builders,Builder,R04,SR0189,AZ Metro,AZ,65023,2019-10-08,25000,Active
CU004548,Prime Inc,Builder,R03,SR0018,MI City,MI,97375,2017-04-18,100000,Active
CU004549,Build Homes,Retailer,R04,SR0024,OK Metro,OK,23928,2021-08-22,250000,Active
CU004550,Build Inc,Contractor,R03,SR0043,WI Heights,WI,26577,2022-09-28,1000000,Active
CU004551,Atlas Contracting,Retailer,R01,SR0181,CT Metro,CT,46803,2021-02-24,250000,Active
CU004552,Dream Builders,Distributor,R04,SR0159,AZ Metro,AZ,84803,2018-09-18,250000,Active
CU004553,Evergreen Development,Builder,R01,SR0131,CT City,CT,48606,2019-03-05,25000,Active
CU004554,Build Homes,Distributor,R01,SR0021,CT City,CT,79078,2018-07-04,250000,Active
CU004555,Skyline Materials,Contractor,R01,SR0176,CT Metro,CT,42793,2020-06-02,500000,Active
CU004556,Dream Homes,Retailer,R04,SR0149,TX Metro,TX,55411,2018-02-18,25000,Active
CU004557,Pioneer Builders,Builder,R04,SR0124,NM Metro,NM,24696,2017-06-09,250000,Active
CU004558,Evergreen Construction,Retailer,R04,SR0169,TX City,TX,92051,2023-05-23,1000000,Active
CU004559,Summit Contracting,Contractor,R04,SR0189,OK Heights,OK,54442,2020-12-02,50000,Active
CU004560,Evergreen LLC,Contractor,R01,SR0111,NY City,NY,80190,2022-08-27,500000,Active
CU004561,Home Supply,Distributor,R04,SR0064,NV Heights,NV,29013,2023-01-22,25000,Active
CU004562,Cornerstone Construction,Builder,R03,SR0038,OH City,OH,41515,2017-02-09,1000000,Active
CU004563,Skyline Group,Contractor,R05,SR0005,CA Metro,CA,65098,2018-03-11,25000,Active
CU004564,Cornerstone Construction,Contractor,R03,SR0138,IL Metro,IL,56130,2023-11-07,100000,Active
CU004565,Pioneer Inc,Contractor,R03,SR0048,WI City,WI,45551,2023-09-03,1000000,Active
CU004566,Summit Development,Distributor,R05,SR0065,CA Heights,CA,80881,2017-11-22,500000,Active
CU004567,Pioneer Builders,Retailer,R04,SR0144,AZ Metro,AZ,69990,2024-07-20,1000000,Active
CU004568,Home LLC,Contractor,R02,SR0032,SC Heights,SC,70573,2024-07-13,100000,Active
CU004569,Urban Contracting,Distributor,R03,SR0043,IL Heights,IL,71907,2020-10-15,100000,Active
CU004570,Home Development,Distributor,R03,SR0138,IL Metro,IL,80028,2021-12-16,50000,Active
CU004571,Prime Supply,Distributor,R05,SR0120,UT Heights,UT,24797,2017-09-12,25000,Active
CU004572,Dream Construction,Retailer,R04,SR0029,NM Heights,NM,46239,2019-05-18,100000,Active
CU004573,Build Development,Builder,R05,SR0025,WA Heights,WA,50889,2021-01-05,100000,Active
CU004574,Dream Group,Contractor,R04,SR0134,AZ City,AZ,40487,2019-09-18,1000000,Active
CU004575,Evergreen LLC,Contractor,R03,SR0098,MI Metro,MI,42636,2025-05-20,250000,Active
CU004576,Summit LLC,Builder,R01,SR0091,CT Metro,CT,73855,2017-08-23,500000,Active
CU004577,Prime Inc,Retailer,R04,SR0184,NV City,NV,92992,2021-06-14,500000,Active
CU004578,Atlas Inc,Retailer,R04,SR0149,OK City,OK,22146,2021-07-13,25000,Active
CU004579,Prime Construction,Contractor,R02,SR0127,NC Metro,NC,92029,2020-11-20,50000,Active
CU004580,Build Construction,Distributor,R04,SR0109,NV Heights,NV,43660,2021-04-15,100000,Active
CU004581,Pioneer Materials,Retailer,R02,SR0142,FL Metro,FL,34560,2023-01-24,50000,Active
CU004582,Cornerstone Construction,Distributor,R05,SR0070,WA Heights,WA,70225,2024-12-13,500000,Active
CU004583,Build Supply,Builder,R04,SR0149,TX Heights,TX,46599,2019-07-21,50000,Active
CU004584,Pioneer Inc,Builder,R04,SR0134,OK Metro,OK,59268,2019-02-02,250000,Active
CU004585,Dream Homes,Contractor,R03,SR0163,IL Metro,IL,83603,2022-06-17,100000,Active
CU004586,Urban LLC,Retailer,R04,SR0094,NM Metro,NM,67539,2021-02-10,250000,Active
CU004587,Pioneer Inc,Retailer,R01,SR0086,CT City,CT,60583,2018-01-09,50000,Active
CU004588,Metro Group,Distributor,R04,SR0059,NM City,NM,37236,2022-05-23,1000000,Active
CU004589,Prime Development,Distributor,R05,SR0085,CO City,CO,72710,2021-07-28,1000000,Active
CU004590,Skyline Builders,Builder,R02,SR0022,TN Metro,TN,67519,2022-07-30,25000,Active
CU004591,Evergreen LLC,Retailer,R04,SR0019,NV Metro,NV,78411,2025-03-11,250000,Active
CU004592,Urban Group,Contractor,R02,SR0007,FL Metro,FL,48801,2021-07-18,1000000,Active
CU004593,Metro Homes,Contractor,R02,SR0107,NC Metro,NC,24848,2020-04-15,25000,Active
CU004594,Evergreen Inc,Distributor,R01,SR0166,NY Heights,NY,73476,2024-05-31,50000,Active
CU004595,Home Homes,Contractor,R05,SR0035,CO Metro,CO,16955,2025-04-11,1000000,Active
CU004596,Pioneer Construction,Builder,R03,SR0198,WI City,WI,53879,2021-05-07,250000,Active
CU004597,Summit Materials,Distributor,R03,SR0043,IL Heights,IL,96257,2023-04-18,100000,Active
CU004598,Metro Supply,Contractor,R04,SR0039,AZ Metro,AZ,33580,2017-12-05,250000,Active
CU004599,Dream Builders,Retailer,R02,SR0017,FL Heights,FL,88742,2021-12-19,25000,Active
CU004600,Pioneer Supply,Builder,R03,SR0143,MI Metro,MI,94566,2023-10-20,1000000,Active
CU004601,Evergreen Supply,Builder,R01,SR0021,NY City,NY,86041,2021-01-07,500000,Active
CU004602,Home Homes,Distributor,R05,SR0005,UT Heights,UT,75175,2020-07-16,500000,Active
CU004603,Pioneer Builders,Retailer,R05,SR0140,OR Metro,OR,34845,2020-05-09,50000,Active
CU004604,Atlas LLC,Contractor,R04,SR0089,NV Heights,NV,13814,2023-06-08,100000,Active
CU004605,Summit Contracting,Retailer,R03,SR0063,IN Heights,IN,65795,2022-08-19,25000,Active
CU004606,Dream Development,Builder,R05,SR0180,UT Heights,UT,49391,2017-12-03,250000,Active
CU004607,Evergreen Construction,Contractor,R02,SR0087,TN Heights,TN,32643,2023-08-10,50000,Active
CU004608,Dream Construction,Builder,R05,SR0030,CA Heights,CA,19697,2024-03-28,50000,Active
CU004609,Metro Development,Retailer,R05,SR0070,OR City,OR,48096,2018-11-08,250000,Active
CU004610,Pioneer Group,Builder,R02,SR0002,SC City,SC,20132,2018-12-22,500000,Active
CU004611,Home Group,Retailer,R02,SR0152,SC City,SC,47609,2022-12-19,50000,Active
CU004612,Build Supply,Retailer,R03,SR0073,IN Metro,IN,40402,2019-11-21,25000,Active
CU004613,Skyline Construction,Distributor,R02,SR0137,SC Heights,SC,81825,2025-05-04,250000,Active
CU004614,Metro Contracting,Contractor,R03,SR0198,MI Heights,MI,37005,2018-09-04,250000,Active
CU004615,Metro Supply,Contractor,R03,SR0163,MI Heights,MI,32072,2019-12-31,500000,Active
CU004616,Evergreen Homes,Builder,R01,SR0146,NY Metro,NY,17666,2020-05-14,25000,Active
CU004617,Evergreen Inc,Retailer,R03,SR0153,MI Metro,MI,19096,2025-06-19,100000,Active
CU004618,Evergreen Construction,Distributor,R04,SR0069,NV Metro,NV,30619,2019-08-04,25000,Active
CU004619,Urban LLC,Contractor,R05,SR0170,OR Metro,OR,23047,2019-02-27,100000,Active
CU004620,Cornerstone Group,Distributor,R03,SR0113,WI Heights,WI,34956,2020-12-04,500000,Active
CU004621,Dream Homes,Distributor,R01,SR0021,NY Metro,NY,24476,2018-10-28,500000,Active
CU004622,Summit Homes,Contractor,R05,SR0160,UT City,UT,93558,2021-04-01,50000,Active
CU004623,Cornerstone Builders,Builder,R05,SR0200,OR Heights,OR,63043,2025-05-11,25000,Active
CU004624,Atlas Materials,Contractor,R02,SR0047,NC Metro,NC,32565,2022-09-15,50000,Active
CU004625,Build LLC,Builder,R04,SR0014,TX Heights,TX,33433,2018-06-22,25000,Active
CU004626,Atlas Materials,Retailer,R02,SR0187,FL Heights,FL,16461,2021-10-06,50000,Active
CU004627,Prime Development,Retailer,R04,SR0039,TX Metro,TX,80325,2023-05-05,25000,Active
CU004628,Atlas Construction,Retailer,R05,SR0160,CA City,CA,64881,2022-03-08,50000,Active
CU004629,Prime Homes,Retailer,R04,SR0149,TX City,TX,55663,2017-03-05,50000,Active
CU004630,Cornerstone Materials,Distributor,R04,SR0149,AZ City,AZ,46095,2023-10-29,25000,Active
CU004631,Metro Homes,Retailer,R03,SR0098,MI Metro,MI,61976,2021-08-14,250000,Active
CU004632,  Metro Development ,Contractor,R05,SR0055,CA Metro,CA,,2024-10-28,1000000,Active
CU004633,Pioneer LLC,Builder,R01,SR0081,NY Metro,NY,22795,2019-02-20,50000,Active
CU004634,Skyline Supply,Builder,R02,SR0172,GA Metro,GA,31552,2025-01-30,1000000,Active
CU004635,Urban Development,Distributor,R02,SR0012,NC Metro,NC,74724,2021-11-26,25000,Active
CU004636,Build Materials,Retailer,R01,SR0016,NJ Heights,NJ,26066,2022-08-09,25000,Active
CU004637,Skyline Development,Distributor,R05,SR0070,WA Heights,WA,85746,2023-08-09,1000000,Active
CU004638,Urban Materials,Retailer,R04,SR0104,AZ City,AZ,16270,2022-08-03,1000000,Active
CU004639,Skyline Builders,Builder,R03,SR0033,IN Metro,IN,39277,2022-07-05,1000000,Active
CU004640,Summit LLC,Contractor,R01,SR0086,CT Metro,CT,51901,2019-09-29,100000,Active
CU004641,Metro Development,Retailer,R05,SR0100,OR Heights,OR,39592,2020-08-16,25000,Active
CU004642,Skyline Supply,Distributor,R04,SR0154,TX City,TX,73852,2021-01-20,250000,Active
CU004643,Cornerstone Inc,Contractor,R02,SR0112,SC City,SC,34096,2022-12-28,100000,Active
CU004644,Urban Homes,Contractor,R02,SR0152,SC City,SC,88363,2021-11-14,250000,Active
CU004645,Atlas Homes,Contractor,R01,SR0161,PA City,PA,,2017-12-14,250000,Active
CU004646,Prime Construction,Retailer,R05,SR0185,WA Heights,WA,51053,2023-04-22,50000,Active
CU004647,Skyline Supply,Builder,R02,SR0157,FL Heights,FL,35982,2022-08-17,100000,Active
CU004648,Evergreen Homes,Distributor,R05,SR0035,CO Heights,CO,72241,2019-06-12,500000,Active
CU004649,Summit Development,Builder,R03,SR0088,MI Heights,MI,32227,2020-10-17,500000,Active
CU004650,Skyline Materials,Distributor,R03,SR0018,WI City,WI,97014,2021-02-17,25000,Active
CU004651,Prime Construction,Builder,R04,SR0094,AZ Metro,AZ,55611,2017-12-16,500000,Active
CU004652,Pioneer LLC,Builder,R05,SR0055,WA Metro,WA,47821,2018-07-18,250000,Active
CU004653,Evergreen Group,Contractor,R05,SR0030,CA Heights,CA,74366,2019-07-15,250000,Active
CU004654,Skyline Homes,Retailer,R03,SR0018,IL City,IL,50750,2018-03-09,250000,Active
CU004655,Evergreen LLC,Contractor,R04,SR0164,NV City,NV,,2018-01-05,100000,Active
CU004656,Prime Development,Contractor,R02,SR0052,GA City,GA,87171,2018-01-19,1000000,Active
CU004657,Evergreen LLC,Distributor,R02,SR0032,TN City,TN,20225,2018-08-27,100000,Active
CU004658,Summit Development,Retailer,R03,SR0143,MI City,MI,19895,2021-10-13,1000000,Active
CU004659,Evergreen LLC,Retailer,R05,SR0120,UT City,UT,35698,2023-12-19,1000000,Active
CU004660,Atlas Builders,Builder,R04,SR0014,NM Metro,NM,70474,2024-10-27,1000000,Active
CU004661,Metro Contracting,Distributor,R05,SR0075,CA Heights,CA,59266,2022-12-31,50000,Active
CU004662,Summit Homes,Builder,R05,SR0025,CO Heights,CO,90867,2025-03-04,50000,Active
CU004663,Metro Homes,Retailer,R04,SR0009,OK Heights,OK,59391,2023-01-17,1000000,Active
CU004664,Evergreen Materials,Contractor,R04,SR0144,NM Heights,NM,70814,2017-06-10,250000,Active
CU004665,Dream Supply,Builder,R04,SR0134,NM City,NM,42530,2023-05-08,500000,Active
CU004666,Prime Contracting,Distributor,R02,SR0092,NC Metro,NC,83713,2017-08-02,1000000,Active
CU004667,Home Homes,Contractor,R04,SR0174,AZ Heights,AZ,,2022-02-27,100000,Active
CU004668,Build Materials,Contractor,R02,SR0077,GA City,GA,67516,2018-11-05,50000,Active
CU004669,Pioneer Homes,Builder,R02,SR0112,TN Heights,TN,38572,2022-08-03,100000,Active
CU004670,Prime Inc,Contractor,R01,SR0186,MA Heights,MA,11330,2020-11-17,1000000,Active
CU004671,Prime Inc,Retailer,R03,SR0093,OH Metro,OH,50669,2023-01-26,500000,Active
CU004672,Pioneer Contracting,Distributor,R04,SR0039,OK City,OK,79262,2019-09-09,1000000,Active
CU004673,Build Inc,Distributor,R03,SR0118,OH Metro,OH,64729,2022-02-08,1000000,Active
CU004674,Summit Contracting,Builder,R02,SR0162,NC City,NC,74550,2018-08-08,500000,Active
CU004675,Build Builders,Distributor,R01,SR0136,PA Metro,PA,91224,2018-04-01,250000,Active
CU004676,Atlas Contracting,Contractor,R01,SR0196,PA Metro,PA,15907,2018-09-06,500000,Active
CU004677,Atlas Homes,Contractor,R02,SR0032,FL City,FL,14580,2024-02-10,500000,Active
CU004678,Pioneer Development,Retailer,R01,SR0091,MA City,MA,46546,2020-05-13,25000,Active
CU004679,Urban Materials,Contractor,R03,SR0078,IL City,IL,64398,2020-11-30,50000,Active
CU004680,Skyline Homes,Distributor,R04,SR0009,OK City,OK,77178,2020-09-25,1000000,Active
CU004681,Skyline Materials,Contractor,R01,SR0091,NJ Metro,New Jersey,51559,2021-08-20,100000,Active
CU004682,Build Homes,Distributor,R03,SR0083,OH Metro,OH,90390,2022-06-12,250000,Active
CU004683,Home Materials,Contractor,R05,SR0085,CA City,CA,46105,2024-09-07,25000,Active
CU004684,Build Development,Retailer,R03,SR0008,OH Metro,OH,56027,2017-06-10,500000,Active
CU004685,Cornerstone Development,Builder,R04,SR0049,AZ Heights,AZ,62956,2018-08-17,500000,Active
CU004686,Atlas Inc,Retailer,R04,SR0014,TX City,TX,32671,2025-06-11,100000,Active
CU004687,Build Inc,Retailer,R02,SR0152,TN Metro,TN,85479,2017-07-19,1000000,Active
CU004688,Atlas Contracting,Builder,R05,SR0070,CA Metro,CA,61253,2018-07-04,50000,Active
CU004689,Prime Builders,Contractor,R05,SR0160,CO Metro,CO,89630,2018-07-28,1000000,Active
CU004690,Dream Supply,Builder,R05,SR0010,WA City,WA,24768,2020-01-04,250000,Active
CU004691,Prime Group,Contractor,R03,SR0158,IL Metro,IL,26036,2022-07-06,500000,Active
CU004692,Atlas Contracting,Builder,R05,SR0155,CA City,CA,52764,2021-01-20,50000,Active
CU004693,Summit Contracting,Retailer,R02,SR0077,FL Metro,FL,81225,2020-12-21,100000,Active
CU004694,Home Builders,Distributor,R01,SR0006,PA Heights,PA,68498,2023-03-06,500000,Active
CU004695,Dream Builders,Builder,R02,SR0197,TN Heights,TN,26853,2018-02-01,500000,Active
CU004696,Pioneer Construction,Distributor,R04,SR0044,AZ Metro,AZ,66537,2019-08-03,500000,Active
CU004697,Home Contracting,Builder,R02,SR0042,GA City,GA,36208,2021-05-28,50000,Active
CU004698,Prime Development,Retailer,R05,SR0110,CA City,CA,27874,2022-05-08,100000,Active
CU004699,Pioneer Development,Retailer,R03,SR0088,WI City,WI,68036,2017-11-16,100000,Active
CU004700,Evergreen Construction,Builder,R01,SR0186,PA Metro,PA,52171,2023-06-30,100000,Active
CU004701,Evergreen LLC,Retailer,R02,SR0097,GA Metro,GA,46406,2020-07-31,100000,Active
CU004702,Pioneer Materials,Contractor,R01,SR0191,CT Heights,CT,44581,2025-05-05,250000,Active
CU004703,Dream Materials,Builder,R03,SR0138,IN City,IN,10069,2019-02-06,250000,Active
CU004704,Prime Development,Retailer,R01,SR0141,PA City,PA,47389,2022-10-23,250000,Active
CU004705,Urban Contracting,Retailer,R03,SR0138,WI City,WI,99764,2025-06-06,25000,Active
CU004706,Build LLC,Builder,R04,SR0019,NV City,NV,72119,2018-12-02,500000,Active
CU004707,Evergreen Builders,Builder,R01,SR0111,CT City,CT,,2019-03-12,50000,Active
CU004708,Skyline Construction,Contractor,R03,SR0183,MI Metro,MI,74211,2018-11-18,25000,Active
CU004709,Dream Contracting,Retailer,R03,SR0003,IL City,IL,83587,2022-03-14,1000000,Active
CU004710,Urban Inc,Distributor,R05,SR0170,UT Heights,UT,97485,2017-05-20,50000,Active
CU004711,Metro Construction,Builder,R02,SR0097,GA City,GA,71313,2022-05-25,25000,Active
CU004712,Build Homes,Retailer,R05,SR0035,CA Metro,CA,29453,2023-06-17,100000,Active
CU004713,Urban Builders,Distributor,R02,SR0102,FL Heights,FL,28388,2017-07-06,25000,Active
CU004714,Pioneer Development,Retailer,R01,SR0196,CT Heights,CT,24364,2023-07-15,1000000,Active
CU004715,Cornerstone Group,Contractor,R01,SR0091,NY Metro,NY,26493,2025-06-19,500000,Active
CU004716,Summit LLC,Builder,R01,SR0191,NY Metro,NY,36707,2023-05-01,500000,Active
CU004717,Pioneer Builders,Retailer,R04,SR0139,NV Heights,NV,96135,2024-07-20,1000000,Active
CU004718,Atlas Development,Contractor,R05,SR0160,UT Metro,UT,95855,2023-09-25,25000,Active
CU004719,Skyline Homes,Distributor,R01,SR0116,NJ City,NJ,55787,2019-01-06,50000,Active
CU004720,Prime Materials,Builder,R02,SR0107,NC City,NC,81210,2018-03-28,1000000,Active
CU004721,Summit Builders,Contractor,R03,SR0148,OH Heights,OH,49832,2018-04-06,25000,Active
CU004722,Home Inc,Distributor,R05,SR0110,UT Heights,UT,25030,2020-08-25,500000,Active
CU004723,Skyline Homes,Builder,R05,SR0155,OR City,OR,65449,2017-12-28,50000,Active
CU004724,Build Builders,Contractor,R02,SR0007,SC Metro,SC,17614,2021-08-06,1000000,Active
CU004725,Home Supply,Retailer,R02,SR0057,TN City,TN,55525,2017-11-25,100000,Active
CU004726,Evergreen Inc,Contractor,R05,SR0165,UT Heights,UT,95711,2022-01-18,25000,Active
CU004727,Summit Inc,Retailer,R05,SR0095,CA Metro,CA,15347,2021-02-12,50000,Active
CU004728,Build Development,Contractor,R05,SR0195,OR Heights,OR,16475,2017-05-18,50000,Active
CU004729,Atlas LLC,Builder,R01,SR0101,MA Heights,MA,80226,2017-12-18,250000,Active
CU004730,Summit Development,Contractor,R04,SR0054,OK Heights,OK,41149,2020-10-11,250000,Active
CU004731,Summit Development,Contractor,R05,SR0010,UT Heights,UT,25116,2023-06-15,1000000,Active
CU004732,Prime Construction,Contractor,R01,SR0121,MA Heights,MA,52734,2023-01-23,100000,Active
CU004733,Atlas Development,Builder,R04,SR0159,NM City,NM,56841,2017-12-15,100000,Active
CU004734,Cornerstone Materials,Distributor,R05,SR0140,OR Heights,OR,84016,2022-09-21,250000,Active
CU004735,Metro Builders,Distributor,R01,SR0166,NY Metro,NY,,2024-11-27,500000,Active
CU004736,Pioneer Construction,Contractor,R02,SR0027,GA City,GA,38565,2022-03-17,500000,Active
CU004737,Urban LLC,Contractor,R04,SR0059,AZ City,AZ,21122,2018-11-09,100000,Active
CU004738,Prime LLC,Retailer,R04,SR0034,OK Metro,OK,75911,2021-05-13,100000,Active
CU004739,Home Contracting,Retailer,R04,SR0009,OK Heights,OK,55247,2022-07-29,25000,Active
CU004740,Urban LLC,Retailer,R01,SR0081,NY Metro,NY,67729,2017-12-26,100000,Active
CU004741,Atlas Construction,Retailer,R05,SR0085,CO City,CO,18744,2017-04-25,500000,Active
CU004742,Home Development,Retailer,R05,SR0100,CA Metro,CA,65414,2018-08-16,1000000,Active
CU004743,Atlas Group,Contractor,R01,SR0076,MA Metro,MA,38454,2022-02-17,500000,Active
CU004744,Urban Contracting,Builder,R04,SR0129,OK Heights,OK,94445,2018-03-02,250000,Active
CU004745,Build Homes,Builder,R03,SR0188,IN Heights,IN,55503,2020-02-11,250000,Active
CU004746,Skyline Homes,Contractor,R03,SR0143,IL Metro,IL,15586,2018-02-26,500000,Active
CU004747,Summit Homes,Distributor,R05,SR0150,WA City,WA,89593,2017-01-06,25000,Active
CU004748,Summit Materials,Distributor,R01,SR0141,MA Heights,MA,18825,2018-02-08,50000,Active
CU004749,Pioneer Construction,Builder,R02,SR0082,NC Heights,NC,82199,2024-03-21,50000,Active
CU004750,Skyline Construction,Distributor,R01,SR0101,NJ City,NJ,62305,2018-01-20,1000000,Active
CU004751,Prime Materials,Builder,R05,SR0075,OR City,OR,76465,2025-04-13,25000,Active
CU004752,Prime LLC,Builder,R05,SR0065,CO Metro,CO,41037,2018-03-30,1000000,Active
CU004753,Home Materials,Builder,R03,SR0188,OH Heights,OH,71186,2024-04-14,250000,Active
CU004754,Dream Contracting,Distributor,R05,SR0020,WA Heights,WA,82362,2017-01-13,50000,Active
CU004755,Urban Materials,Retailer,R01,SR0026,CT City,CT,98236,2018-02-16,1000000,Active
CU004756,Cornerstone Supply,Contractor,R02,SR0172,FL Heights,FL,95382,2023-08-26,50000,Active
CU004757,Urban Group,Distributor,R03,SR0108,MI Heights,MI,60884,2018-09-09,1000000,Active
CU004758,Prime Group,Retailer,R03,SR0143,OH Metro,OH,27869,2024-09-27,25000,Active
CU004759,Summit Materials,Contractor,R04,SR0144,NM City,NM,91090,2017-07-13,100000,Active
CU004760,Skyline Group,Builder,R02,SR0057,GA Metro,GA,60470,2025-04-03,50000,Active
CU004761,Pioneer Contracting,Builder,R03,SR0198,IL Heights,IL,18658,2021-12-16,500000,Active
CU004762,Cornerstone Construction,Contractor,R01,SR0186,CT Heights,CT,71755,2024-02-12,50000,Active
CU004763,Build Builders,Retailer,R01,SR0076,NJ Metro,NJ,25037,2021-05-27,25000,Active
CU004764,Build Development,Distributor,R01,SR0056,NJ Metro,NJ,60733,2024-12-18,1000000,Active
CU004765,Atlas Materials,Builder,R03,SR0063,IL City,IL,99868,2023-06-08,500000,Active
CU004766,Skyline Contracting,Contractor,R02,SR0052,TN City,TN,79311,2022-07-08,100000,Active
CU004767,Pioneer Group,Builder,R04,SR0139,NV Heights,NV,51216,2023-03-20,100000,Active
CU004768,Prime Contracting,Distributor,R05,SR0140,CA Metro,CA,48724,2019-12-08,50000,Active
CU004769,Cornerstone LLC,Builder,R05,SR0130,CA City,CA,71012,2018-08-17,25000,Active
CU004770,Home Inc,Retailer,R02,SR0087,GA Heights,GA,46495,2023-01-04,1000000,Active
CU004771,Cornerstone Development,Contractor,R03,SR0128,WI Metro,WI,53066,2024-01-22,500000,Active
CU004772,Atlas Builders,Builder,R03,SR0198,IN City,IN,59733,2019-04-12,1000000,Active
CU004773,Dream Group,Builder,R05,SR0075,CA Metro,CA,46913,2019-05-17,500000,Active
CU004774,Cornerstone Contracting,Distributor,R05,SR0085,OR Metro,OR,84855,2018-12-09,100000,Active
CU004775,Evergreen Supply,Contractor,R01,SR0141,MA Metro,MA,91291,2019-09-15,1000000,Active
CU004776,Summit LLC,Builder,R05,SR0070,UT Heights,UT,16667,2023-04-26,100000,Active
CU004777,Metro Contracting,Builder,R01,SR0186,CT City,CT,99662,2025-02-10,50000,Active
CU004778,Metro Development,Distributor,R03,SR0078,IL Metro,IL,52184,2022-09-18,500000,Active
CU004779,Summit Contracting,Distributor,R01,SR0026,PA City,PA,75827,2018-10-22,100000,Active
CU004780,Evergreen Group,Contractor,R01,SR0126,MA Heights,MA,33219,2020-06-03,50000,Active
CU004781,Cornerstone Development,Contractor,R03,SR0113,MI Metro,MI,69295,2020-04-27,25000,Active
CU004782,Metro Development,Builder,R03,SR0068,IN Heights,in,47213,2024-05-08,50000,Active
CU004783,Metro LLC,Contractor,R02,SR0197,GA City,GA,23124,2021-01-05,1000000,Active
CU004784,Metro Inc,Builder,R05,SR0180,WA City,WA,13119,2018-09-13,500000,Active
CU004785,Pioneer Homes,Distributor,R01,SR0096,NY Heights,NY,87610,2022-12-13,25000,Active
CU004786,Summit Homes,Contractor,R02,SR0177,TN City,TN,17912,2023-09-17,50000,Active
CU004787,Home Inc,Retailer,R04,SR0104,OK City,OK,34285,2023-08-19,1000000,Active
CU004788,Urban Materials,Retailer,R01,SR0026,NJ City,NJ,16789,2024-09-05,50000,Active
CU004789,Summit Inc,Distributor,R02,SR0082,SC Heights,SC,18065,2020-05-07,250000,Active
CU004790,Metro Contracting,Retailer,R03,SR0028,IL City,IL,19704,2025-06-18,100000,Active
CU004791,Urban Supply,Retailer,R04,SR0114,AZ City,AZ,61989,2020-12-11,100000,Active
CU004792,Home Materials,Distributor,R03,SR0123,IL City,IL,,2017-08-09,500000,Active
CU004793,Home Inc,Distributor,R04,SR0179,AZ City,AZ,86017,2021-05-09,500000,Active
CU004794,Build Homes,Builder,R05,SR0005,UT Heights,UT,54632,2022-12-12,25000,Active
CU004795,Urban Contracting,Contractor,R03,SR0063,MI Metro,MI,65738,2021-11-06,25000,Active
CU004796,Dream Group,Retailer,R02,SR0147,SC City,SC,28258,2017-08-05,1000000,Active
CU004797,Atlas Inc,Contractor,R02,SR0002,TN Metro,TN,88918,2017-07-13,250000,Active
CU004798,Urban Inc,Retailer,R03,SR0188,WI Metro,WI,57026,2023-03-28,25000,Active
CU004799,Prime Development,Distributor,R04,SR0014,NV Metro,NV,23691,2022-06-22,100000,Active
CU004800,Summit Inc,Builder,R05,SR0105,OR City,OR,31049,2022-02-12,1000000,Active
CU004801,Metro LLC,Distributor,R05,SR0025,CA Heights,CA,11807,2024-09-25,250000,Active
CU004802,Atlas Development,Retailer,R02,SR0197,GA City,GA,94033,2024-05-04,1000000,Active
CU004803,Pioneer Homes,Builder,R05,SR0100,WA Heights,WA,69863,2021-12-27,50000,Active
CU004804,Metro Materials,Retailer,R03,SR0123,IN Heights,IN,36997,2019-08-27,250000,Active
CU004805,Summit LLC,Contractor,R04,SR0039,TX Heights,TX,58696,2022-07-18,25000,Active
CU004806,Pioneer LLC,Builder,R01,SR0156,MA Heights,MA,63316,2018-12-11,100000,Active
CU004807,Build Contracting,Retailer,R03,SR0038,IL City,IL,82964,2023-05-31,25000,Active
CU004808,Prime Contracting,Distributor,R01,SR0016,PA City,PA,20704,2019-11-24,25000,Active
CU004809,Summit Builders,Contractor,R05,SR0155,CA Metro,CA,45925,2019-02-02,500000,Active
CU004810,Metro Contracting,Contractor,R01,SR0101,NY Metro,NY,72631,2025-05-28,1000000,Active
CU004811,Metro Materials,Retailer,R04,SR0059,TX Heights,TX,35306,2020-01-30,250000,Active
CU004812,Dream Homes,Retailer,R02,SR0147,NC Heights,NC,24165,2021-06-21,25000,Active
CU004813,Pioneer Contracting,Builder,R04,SR0044,OK Heights,OK,29546,2024-11-10,25000,Active
CU004814,Metro Homes,Retailer,R01,SR0141,CT Heights,CT,41566,2020-12-06,25000,Active
CU004815,Metro Contracting,Retailer,R02,SR0117,TN Metro,TN,95741,2021-05-14,25000,Active
CU004816,Home Development,Builder,R05,SR0045,UT City,UT,,2021-09-16,500000,Active
CU004817,Home Builders,Distributor,R02,SR0087,SC Heights,SC,98935,2023-09-22,500000,Active
CU004818,Prime Materials,Contractor,R01,SR0146,PA Metro,PA,74297,2021-11-02,100000,Active
CU004819,Metro Contracting,Builder,R01,SR0076,CT City,CT,,2023-08-31,1000000,Active
CU004820,Pioneer LLC,Builder,R04,SR0134,NV City,NV,45139,2017-01-20,1000000,Active
CU004821,Prime Contracting,Retailer,R05,SR0060,WA City,WA,23565,2023-01-07,50000,Active
CU004822,Dream Group,Distributor,R02,SR0047,GA Heights,GA,49973,2017-08-26,50000,Active
CU004823,Evergreen Builders,Builder,R05,SR0170,WA Heights,WA,81208,2024-07-09,1000000,Active
CU004824,Dream LLC,Distributor,R02,SR0062,GA Heights,GA,49465,2018-05-05,50000,Active
CU004825,Build LLC,Contractor,R05,SR0145,UT Heights,UT,76719,2019-09-10,25000,Active
CU004826,Evergreen Contracting,Retailer,R02,SR0102,SC Heights,SC,44073,2019-11-21,1000000,Active
CU004827,Cornerstone Construction,Distributor,R04,SR0154,AZ City,AZ,77623,2019-12-15,25000,Active
CU004828,Evergreen Group,Retailer,R03,SR0108,OH City,OH,38623,2024-04-07,500000,Active
CU004829,Skyline Contracting,Builder,R01,SR0141,CT City,ct,16843,2017-01-09,100000,Active
CU004830,Evergreen Homes,Distributor,R04,SR0139,OK City,OK,57635,2022-06-16,1000000,Active
CU004831,Skyline Materials,Contractor,R01,SR0071,PA Metro,PA,75737,2019-01-26,50000,Active
CU004832,Evergreen Construction,Distributor,R02,SR0187,TN Heights,TN,87875,2021-04-05,100000,Active
CU004833,Metro Builders,Distributor,R01,SR0146,CT City,CT,98674,2018-09-26,1000000,Active
CU004834,Urban Contracting,Distributor,R03,SR0183,WI City,WI,96117,2018-04-20,500000,Active
CU004835,Prime Group,Retailer,R04,SR0049,AZ Metro,AZ,12981,2020-09-25,25000,Active
CU004836,Skyline Materials,Retailer,R04,SR0094,OK Metro,OK,64871,2019-12-03,250000,Active
CU004837,Cornerstone Group,Contractor,R05,SR0185,UT Heights,UT,62240,2019-08-21,25000,Active
CU004838,Skyline Construction,Contractor,R01,SR0181,NY Metro,NY,11272,2022-12-25,50000,Active
CU004839,Build Supply,Contractor,R04,SR0104,TX Metro,TX,35443,2019-02-19,1000000,Active
CU004840,Pioneer Supply,Retailer,R03,SR0033,MI City,MI,84867,2023-03-07,50000,Active
CU004841,Pioneer Materials,Builder,R05,SR0200,UT City,UT,84198,2024-03-15,500000,Active
CU004842,Atlas Inc,Distributor,R05,SR0170,WA Metro,WA,78411,2019-05-13,25000,Active
CU004843,Dream Construction,Builder,R05,SR0015,CA Heights,CA,66212,2017-06-15,250000,Active
CU004844,Prime Inc,Distributor,R02,SR0122,TN City,TN,81477,2024-11-01,500000,Active
CU004845,Home Development,Contractor,R05,SR0135,UT Heights,UT,25728,2020-11-06,100000,Active
CU004846,Urban Group,Distributor,R03,SR0058,OH Metro,OH,23431,2018-07-10,100000,Active
CU004847,Build Contracting,Builder,R03,SR0058,WI Metro,WI,72310,2022-06-09,50000,Active
CU004848,Pioneer Contracting,Contractor,R03,SR0113,OH City,OH,25802,2025-03-02,50000,Active
CU004849,Summit Group,Distributor,R04,SR0174,OK City,OK,57892,2021-12-11,50000,Active
CU004850,Cornerstone Development,Distributor,R04,SR0184,TX Heights,TX,56207,2025-03-13,500000,Active
CU004851,Summit LLC,Distributor,R03,SR0018,IN Metro,IN,94768,2018-01-20,500000,Active
CU004852,Dream Inc,Contractor,R04,SR0054,NM Metro,NM,75208,2020-08-26,500000,Active
CU004853,Prime Construction,Builder,R02,SR0172,TN City,TN,73194,2018-04-24,25000,Active
CU004854,Pioneer Development,Builder,R05,SR0135,WA Heights,WA,80778,2019-01-22,50000,Active
CU004855,Atlas Supply,Retailer,R02,SR0162,NC City,NC,98349,2024-04-10,25000,Active
CU004856,Home Development,Builder,R03,SR0113,MI Metro,MI,31011,2020-04-03,1000000,Active
CU004857,Pioneer Development,Retailer,R03,SR0148,IN Heights,IN,61371,2018-05-30,25000,Active
CU004858,Summit Inc,Builder,R01,SR0066,MA City,MA,31666,2020-07-23,250000,Active
CU004859,Metro Group,Contractor,R05,SR0175,WA City,WA,88657,2018-12-23,250000,Active
CU004860,Cornerstone LLC,Distributor,R01,SR0066,NY Metro,NY,66928,2018-12-03,100000,Active
CU004861,Skyline Supply,Retailer,R02,SR0032,NC Heights,NC,27109,2020-04-05,500000,Active
CU004862,Dream LLC,Builder,R02,SR0057,SC Heights,SC,23016,2017-08-28,500000,Active
CU004863,Atlas Builders,Retailer,R01,SR0056,PA City,PA,75579,2022-05-27,25000,Active
CU004864,Evergreen Group,Builder,R05,SR0135,CO Heights,CO,13408,2023-09-11,250000,Active
CU004865,Pioneer Materials,Retailer,R03,SR0198,IL Heights,IL,73813,2022-12-13,50000,Active
CU004866,Atlas Homes,Retailer,R01,SR0031,PA Heights,PA,90570,2020-08-29,1000000,Active
CU004867,Cornerstone Development,Retailer,R01,SR0001,CT City,CT,65908,2018-01-09,500000,Active
CU004868,Metro Development,Builder,R05,SR0120,OR City,OR,55480,2024-10-13,250000,Active
CU004869,Urban Contracting,Retailer,R03,SR0018,IL City,IL,89740,2022-04-20,250000,Active
CU004870,Atlas Supply,Builder,R03,SR0058,IL City,IL,25420,2022-04-30,100000,Active
CU004871,  Atlas Materials ,Distributor,R02,SR0092,NC Metro,NC,91945,2023-06-20,1000000,Active
CU004872,Summit Group,Distributor,R03,SR0108,WI City,WI,29465,2022-11-01,100000,Active
CU004873,Prime Homes,Distributor,R02,SR0142,TN City,TN,10586,2023-12-21,100000,Active
CU004874,Pioneer Supply,Contractor,R03,SR0188,IL Heights,IL,27855,2022-08-09,25000,Active
CU004875,Summit Builders,Contractor,R04,SR0004,NM Heights,NM,97534,2024-08-12,50000,Active
CU004876,Summit Materials,Retailer,R02,SR0197,TN City,TN,52584,2017-10-18,100000,Active
CU004877,Skyline Materials,Builder,R03,SR0043,WI City,WI,14449,2020-12-31,500000,Active
CU004878,Metro Homes,Contractor,R01,SR0156,NJ Heights,NJ,91480,2020-12-05,100000,Active
CU004879,Build Development,Builder,R05,SR0015,OR Metro,OR,97892,2017-11-26,250000,Active
CU004880,Metro Development,Retailer,R04,SR0024,AZ Metro,AZ,36343,2022-01-05,25000,Active
CU004881,Urban Construction,Retailer,R05,SR0060,CO City,CO,89781,2022-09-03,250000,Active
CU004882,Evergreen Group,Distributor,R03,SR0188,OH Metro,OH,77040,2022-10-11,500000,Active
CU004883,Prime Inc,Retailer,R01,SR0106,CT Metro,CT,76502,2024-11-28,25000,Active
CU004884,Evergreen Group,Distributor,R04,SR0029,AZ City,AZ,52328,2024-08-24,250000,Active
CU004885,Evergreen Materials,Retailer,R04,SR0014,TX Metro,TX,82366,2023-01-23,500000,Active
CU004886,Pioneer Materials,Retailer,R03,SR0073,IN Metro,IN,19297,2018-09-08,50000,Active
CU004887,Urban Homes,Contractor,R04,SR0029,OK City,OK,62553,2023-01-21,1000000,Active
CU004888,Dream Construction,Contractor,R01,SR0141,PA City,PA,52694,2021-09-27,500000,Active
CU004889,Summit Development,Retailer,R03,SR0128,IN City,IN,36341,2020-09-09,1000000,Active
CU004890,Cornerstone Supply,Builder,R05,SR0170,WA Heights,WA,21652,2021-01-04,50000,Active
CU004891,Dream LLC,Distributor,R03,SR0183,WI Metro,wi,92598,2021-10-26,1000000,Active
CU004892,Atlas Group,Builder,R04,SR0084,NM City,NM,21490,2023-01-09,250000,Active
CU004893,Dream Homes,Distributor,R01,SR0006,NJ City,NJ,21801,2019-11-18,50000,Active
CU004894,Summit Contracting,Builder,R03,SR0188,WI Heights,WI,73735,2025-03-19,25000,Active
CU004895,Prime Contracting,Retailer,R05,SR0115,OR City,OR,85221,2019-04-11,25000,Active
CU004896,Prime Inc,Distributor,R04,SR0054,NM Heights,NM,61790,2018-11-16,250000,Active
CU004897,Metro Construction,Contractor,R03,SR0063,OH Heights,OH,97688,2018-04-19,50000,Active
CU004898,Build LLC,Contractor,R04,SR0099,OK Metro,OK,83285,2022-06-20,250000,Active
CU004899,Prime Contracting,Builder,R03,SR0178,IL Metro,IL,39180,2020-01-23,50000,Active
CU004900,Pioneer Development,Builder,R05,SR0060,CO Metro,CO,13908,2022-01-28,25000,Active
CU004901,Home LLC,Builder,R03,SR0033,IL Metro,IL,63523,2019-02-16,250000,Active
CU004902,Dream Group,Distributor,R05,SR0065,CO Heights,CO,14212,2019-06-02,1000000,Active
CU004903,Dream Builders,Retailer,R03,SR0008,MI Metro,MI,97922,2024-08-03,25000,Active
CU004904,Skyline Materials,Distributor,R05,SR0045,UT Metro,UT,41015,2021-02-03,100000,Active
CU004905,Urban Inc,Contractor,R03,SR0158,WI Heights,WI,43579,2019-12-01,25000,Active
CU004906,Build Supply,Contractor,R03,SR0003,OH City,OH,97323,2019-10-09,50000,Active
CU004907,Dream Builders,Distributor,R04,SR0044,TX Metro,TX,10806,2023-10-30,25000,Active
CU004908,Build LLC,Retailer,R04,SR0029,NM City,NM,66572,2024-12-08,25000,Active
CU004909,Dream Inc,Contractor,R04,SR0049,NV Metro,NV,94325,2022-02-28,50000,Active
CU004910,Skyline Inc,Distributor,R01,SR0121,NJ Metro,NJ,91271,2025-06-16,250000,Active
CU004911,Home LLC,Builder,R05,SR0005,CA Metro,CA,28575,2023-04-20,250000,Active
CU004912,Evergreen Contracting,Builder,R05,SR0150,OR City,OR,70901,2024-10-28,100000,Active
CU004913,Skyline Contracting,Retailer,R01,SR0041,MA Metro,MA,37954,2019-06-04,250000,Active
CU004914,Dream Materials,Builder,R05,SR0130,WA City,WA,37295,2025-05-16,50000,Active
CU004915,Summit Development,Builder,R02,SR0022,GA City,GA,57640,2022-12-12,100000,Active
CU004916,Metro Materials,Contractor,R01,SR0091,CT Metro,CT,18086,2018-05-11,25000,Active
CU004917,Build Materials,Builder,R01,SR0066,PA Metro,PA,86534,2019-11-08,50000,Active
CU004918,Cornerstone LLC,Distributor,R01,SR0006,CT Metro,CT,62976,2021-03-11,25000,Active
CU004919,Dream Materials,Distributor,R03,SR0098,WI Heights,WI,70868,2020-10-06,50000,Active
CU004920,Atlas Contracting,Builder,R03,SR0098,IN Metro,IN,54731,2021-01-12,50000,Active
CU004921,Home Contracting,Retailer,R02,SR0097,SC Metro,SC,32686,2018-12-17,500000,Active
CU004922,Metro Group,Builder,R02,SR0087,TN City,TN,47715,2024-06-14,500000,Active
CU004923,Skyline Builders,Distributor,R03,SR0143,IN Metro,IN,16648,2024-12-23,500000,Active
CU004924,Pioneer Materials,Retailer,R02,SR0072,SC City,SC,36749,2022-06-02,25000,Active
CU004925,Summit Materials,Distributor,R04,SR0019,OK City,OK,56666,2020-12-29,1000000,Active
CU004926,Urban LLC,Distributor,R03,SR0188,IN Heights,IN,38716,2025-06-13,25000,Active
CU004927,Evergreen Development,Builder,R05,SR0035,OR Heights,OR,26630,2021-07-31,100000,Active
CU004928,Build Group,Retailer,R05,SR0040,CO Metro,CO,51529,2020-12-17,500000,Active
CU004929,Atlas LLC,Distributor,R03,SR0158,IL City,IL,78313,2018-03-04,100000,Active
CU004930,Build Builders,Distributor,R01,SR0166,PA Heights,PA,75902,2017-02-02,500000,Active
CU004931,Evergreen Builders,Builder,R01,SR0161,NY Metro,NY,63209,2017-09-04,50000,Active
CU004932,Summit Inc,Retailer,R04,SR0024,TX Metro,TX,73105,2019-10-08,25000,Active
CU004933,Cornerstone Builders,Contractor,R03,SR0178,OH Metro,OH,48976,2024-10-07,50000,Active
CU004934,Prime Construction,Distributor,R02,SR0157,GA City,GA,72107,2021-02-05,1000000,Active
CU004935,Build Supply,Contractor,R05,SR0060,WA City,WA,76678,2020-08-22,50000,Active
CU004936,Dream Builders,Distributor,R04,SR0029,NM City,NM,94676,2019-05-09,250000,Active
CU004937,Pioneer Construction,Builder,R01,SR0121,NJ Heights,NJ,84233,2020-12-03,1000000,Active
CU004938,Atlas Supply,Retailer,R01,SR0091,PA Metro,PA,23972,2020-04-12,100000,Active
CU004939,Skyline Development,Contractor,R04,SR0189,TX Heights,TX,40928,2020-11-01,250000,Active
CU004940,Pioneer Builders,Retailer,R03,SR0133,IL Metro,IL,99355,2019-02-25,100000,Active
CU004941,Prime Development,Contractor,R04,SR0039,NV Heights,NV,40658,2022-04-04,50000,Active
CU004942,Cornerstone Materials,Contractor,R02,SR0172,FL Metro,FL,77899,2018-12-26,100000,Active
CU004943,Evergreen Construction,Distributor,R02,SR0152,GA Metro,GA,82614,2022-06-10,250000,Active
CU004944,Skyline Development,Contractor,R02,SR0142,NC City,NC,45521,2021-07-20,500000,Active
CU004945,Cornerstone Construction,Retailer,R04,SR0049,OK Metro,OK,82964,2020-04-24,25000,Active
CU004946,Evergreen LLC,Retailer,R02,SR0007,SC City,SC,53474,2020-01-10,1000000,Active
CU004947,Skyline Development,Distributor,R02,SR0077,GA Metro,GA,69802,2022-11-01,100000,Active
CU004948,Dream Materials,Builder,R05,SR0065,UT Heights,UT,38986,2022-01-07,50000,Active
CU004949,Atlas Construction,Builder,R04,SR0129,NM Heights,NM,77872,2022-05-08,1000000,Active
CU004950,Cornerstone Group,Builder,R01,SR0156,PA Heights,PA,28400,2025-02-11,1000000,Active
CU004951,Evergreen Contracting,Contractor,R01,SR0096,NJ Heights,NJ,46861,2019-02-08,25000,Active
CU004952,Home Materials,Contractor,R02,SR0067,TN Metro,TN,37550,2018-05-29,500000,Active
CU004953,Metro Supply,Builder,R01,SR0131,PA Heights,PA,64460,2021-07-26,50000,Active
CU004954,Atlas Builders,Contractor,R03,SR0198,WI Metro,WI,72866,2019-06-20,100000,Active
CU004955,Cornerstone Contracting,Retailer,R03,SR0103,MI Metro,MI,75273,2023-07-10,50000,Active
CU004956,Metro LLC,Distributor,R03,SR0068,OH Heights,OH,61628,2019-07-30,25000,Active
CU004957,Atlas Builders,Builder,R02,SR0162,NC City,NC,44025,2020-04-24,25000,Active
CU004958,Evergreen Development,Retailer,R05,SR0005,CO Metro,CO,24918,2017-05-10,100000,Active
CU004959,Summit Materials,Retailer,R04,SR0089,NM Heights,NM,33789,2023-09-12,250000,Active
CU004960,Prime Supply,Builder,R01,SR0071,MA Metro,MA,44170,2019-06-25,100000,Active
CU004961,Prime Materials,Builder,R03,SR0138,WI Metro,WI,30123,2017-08-04,100000,Active
CU004962,Urban Inc,Distributor,R05,SR0130,OR Metro,OR,63514,2017-12-10,25000,Active
CU004963,Skyline Supply,Distributor,R02,SR0177,NC Heights,NC,49129,2023-07-04,1000000,Active
CU004964,Atlas Contracting,Retailer,R04,SR0069,NV Heights,NV,31627,2024-03-17,500000,Active
CU004965,Evergreen Contracting,Contractor,R05,SR0070,WA Metro,WA,78058,2024-11-14,100000,Active
CU004966,Home Development,Distributor,R04,SR0144,NV Metro,NV,68722,2019-03-28,1000000,Active
CU004967,Prime Builders,Builder,R02,SR0022,FL Metro,FL,43194,2021-06-02,500000,Active
CU004968,Cornerstone Group,Distributor,R05,SR0030,CO Heights,CO,24929,2020-01-04,500000,Active
CU004969,Prime Inc,Retailer,R01,SR0021,PA Metro,PA,86783,2024-05-13,500000,Active
CU004970,Summit Builders,Retailer,R01,SR0091,NJ Metro,NJ,28593,2021-01-05,50000,Active
CU004971,Urban LLC,Contractor,R01,SR0166,NY City,NY,38660,2017-07-22,1000000,Active
CU004972,Prime LLC,Builder,R02,SR0087,NC Metro,NC,25280,2019-11-12,50000,Active
CU004973,Evergreen Materials,Distributor,R04,SR0049,TX City,TX,95822,2019-01-02,500000,Active
CU004974,Metro Builders,Contractor,R04,SR0109,AZ City,AZ,,2020-01-05,25000,Active
CU004975,Build Supply,Retailer,R02,SR0142,TN Metro,TN,97916,2018-09-06,500000,Active
CU004976,Metro Development,Contractor,R05,SR0120,WA City,WA,75893,2023-01-12,500000,Active
CU004977,Dream Builders,Builder,R04,SR0094,NM Heights,NM,46925,2022-08-09,25000,Active
CU004978,Skyline Materials,Distributor,R01,SR0146,MA City,MA,45437,2018-01-01,50000,Active
CU004979,Build Materials,Retailer,R01,SR0171,NY Heights,NY,66682,2022-07-31,250000,Active
CU004980,Cornerstone Construction,Retailer,R03,SR0158,MI Heights,MI,43419,2022-10-09,25000,Active
CU004981,Cornerstone Construction,Distributor,R02,SR0112,TN Heights,TN,65406,2022-02-05,250000,Active
CU004982,Cornerstone Contracting,Builder,R04,SR0109,NV Heights,NV,69050,2017-06-18,50000,Active
CU004983,Atlas Supply,Distributor,R02,SR0197,SC City,SC,12830,2018-04-03,500000,Active
CU004984,Cornerstone Supply,Contractor,R03,SR0093,IN Heights,IN,80131,2024-07-25,50000,Active
CU004985,Metro Homes,Distributor,R02,SR0147,SC City,SC,81368,2018-04-22,25000,Active
CU004986,Home Materials,Builder,R02,SR0132,FL Metro,FL,66898,2021-05-20,100000,Active
CU004987,Atlas Contracting,Contractor,R02,SR0037,TN Heights,TN,28420,2020-03-09,50000,Active
CU004988,Atlas Inc,Distributor,R02,SR0072,FL City,FL,34377,2023-04-25,250000,Active
CU004989,Dream Supply,Builder,R02,SR0012,SC Heights,SC,68635,2025-04-20,25000,Active
CU004990,Build Builders,Builder,R04,SR0114,OK Heights,OK,27018,2023-12-11,500000,Active
CU004991,Pioneer Construction,Contractor,R02,SR0072,FL City,FL,52087,2024-06-04,50000,Active
CU004992,Home Inc,Builder,R05,SR0155,OR City,OR,20594,2019-03-16,1000000,Active
CU004993,Skyline LLC,Contractor,R04,SR0099,NV Metro,NV,66707,2024-09-17,500000,Active
CU004994,Skyline Homes,Retailer,R01,SR0176,NY City,NY,36047,2025-01-25,50000,Active
CU004995,Atlas Development,Retailer,R01,SR0131,PA Metro,PA,65129,2023-01-05,25000,Active
CU004996,Summit Inc,Builder,R01,SR0021,CT City,CT,96699,2018-11-04,25000,Active
CU004997,Cornerstone LLC,Builder,R02,SR0197,FL Heights,FL,54950,2024-03-23,250000,Active
CU004998,Metro Inc,Builder,R02,SR0012,FL City,FL,19836,2018-08-29,1000000,Active
CU004999,Skyline Construction,Builder,R02,SR0142,SC Metro,sc,50498,2020-06-11,500000,Active
CU005000,Pioneer Development,Distributor,R03,SR0108,MI City,MI,88399,2022-08-15,50000,Active
CU005001,Pioneer Construction,Builder,R03,SR0153,WI Metro,WI,86514,2017-12-01,1000000,Active
CU005002,Prime Inc,Distributor,R01,SR0116,CT City,CT,11389,2023-06-26,250000,Active
CU005003,Evergreen Contracting,Distributor,R02,SR0027,GA Metro,GA,49428,2019-04-13,25000,Active
CU005004,Metro Development,Distributor,R01,SR0051,NJ Metro,NJ,18681,2021-11-05,250000,Active
CU005005,Pioneer Homes,Distributor,R05,SR0030,UT Metro,UT,67399,2018-05-29,1000000,Active
CU005006,Urban LLC,Retailer,R01,SR0186,PA City,PA,17608,2017-09-17,250000,Active
CU005007,Atlas Contracting,Distributor,R01,SR0046,NJ Heights,NJ,60712,2023-04-03,100000,Active
CU005008,Metro LLC,Contractor,R02,SR0102,NC City,NC,15512,2021-02-02,50000,Active
CU005009,Build LLC,Contractor,R03,SR0008,IN Heights,IN,94353,2022-04-29,100000,Active
CU005010,Pioneer Supply,Distributor,R01,SR0016,PA City,PA,78644,2020-09-19,100000,Active
CU005011,Cornerstone LLC,Builder,R02,SR0052,SC City,SC,48739,2020-08-10,50000,Active
CU005012,Skyline Group,Builder,R05,SR0025,CA City,CA,11975,2020-07-25,25000,Active
CU005013,Summit Contracting,Retailer,R05,SR0110,WA City,WA,97717,2022-04-23,25000,Active
CU005014,Metro Homes,Builder,R01,SR0061,CT Heights,CT,44585,2020-10-31,50000,Active
CU005015,Prime LLC,Distributor,R03,SR0098,OH Heights,OH,50290,2025-03-06,500000,Active
CU005016,Skyline Supply,Contractor,R03,SR0093,IN Heights,IN,17399,2024-06-22,1000000,Active
CU005017,Urban LLC,Distributor,R03,SR0163,WI City,WI,40959,2018-05-29,25000,Active
CU005018,Build Inc,Retailer,R05,SR0175,WA Metro,WA,46174,2019-09-11,1000000,Active
CU005019,Dream Inc,Retailer,R04,SR0069,AZ City,AZ,79515,2020-10-09,25000,Active
CU005020,Dream Construction,Retailer,R04,SR0019,NV Metro,NV,12364,2025-06-22,50000,Active
CU005021,Atlas Materials,Distributor,R04,SR0049,NV Heights,NV,34138,2020-08-25,250000,Active
CU005022,Prime Development,Retailer,R01,SR0116,CT City,CT,92499,2017-06-16,500000,Active
CU005023,Build Construction,Distributor,R04,SR0074,NV Heights,NV,68303,2024-01-30,100000,Active
CU005024,Cornerstone Supply,Distributor,R01,SR0006,NJ Heights,NJ,67840,2019-04-12,500000,Active
CU005025,Evergreen Supply,Contractor,R02,SR0117,FL Metro,FL,70841,2022-07-18,50000,Active
CU005026,Dream Contracting,Contractor,R03,SR0123,OH Heights,OH,13017,2017-05-15,25000,Active
CU005027,Cornerstone Materials,Contractor,R02,SR0062,NC Heights,NC,20961,2019-01-28,250000,Active
CU005028,Evergreen LLC,Retailer,R02,SR0087,TN Metro,TN,58755,2018-07-13,25000,Active
CU005029,Build Contracting,Builder,R02,SR0177,NC City,NC,50736,2022-12-22,1000000,Active
CU005030,Skyline Development,Builder,R05,SR0125,OR City,OR,74383,2022-06-10,1000000,Active
CU005031,Evergreen Contracting,Retailer,R05,SR0065,CO Heights,CO,,2025-04-23,500000,Active
CU005032,Skyline Supply,Contractor,R04,SR0114,TX Metro,TX,,2021-01-21,1000000,Active
CU005033,Summit LLC,Builder,R05,SR0050,UT Heights,UT,48157,2018-04-02,1000000,Active
CU005034,Skyline Construction,Builder,R03,SR0193,IL City,IL,23928,2023-10-24,25000,Active
CU005035,Pioneer Materials,Builder,R01,SR0096,NJ City,NJ,84849,2017-10-22,25000,Active
CU005036,Cornerstone Development,Retailer,R04,SR0164,AZ Metro,AZ,17779,2025-06-11,100000,Active
CU005037,Dream Supply,Distributor,R04,SR0009,NM Metro,NM,79237,2017-11-25,500000,Active
CU005038,Urban LLC,Builder,R02,SR0027,SC Heights,SC,13780,2022-06-08,500000,Active
CU005039,Urban Development,Distributor,R01,SR0071,PA Metro,PA,50037,2019-05-30,100000,Active
CU005040,Dream Supply,Retailer,R05,SR0020,CO City,CO,30304,2023-11-02,50000,Active
CU005041,Home Construction,Builder,R03,SR0153,OH City,OH,56211,2019-12-11,1000000,Active
CU005042,Cornerstone Supply,Retailer,R03,SR0053,WI City,WI,76548,2025-01-31,50000,Active
CU005043,Skyline LLC,Retailer,R05,SR0030,CA Metro,CA,33045,2023-06-27,100000,Active
CU005044,Home Group,Contractor,R01,SR0081,CT Heights,CT,80011,2025-02-05,1000000,Active
CU005045,Dream Builders,Retailer,R02,SR0012,GA Metro,GA,63622,2021-11-29,250000,Active
CU005046,Urban Materials,Contractor,R02,SR0017,GA Metro,GA,61214,2019-12-23,50000,Active
CU005047,Prime LLC,Builder,R01,SR0146,PA Metro,PA,68994,2025-06-06,1000000,Active
CU005048,Dream LLC,Contractor,R02,SR0132,TN Metro,TN,23773,2022-10-01,100000,Active
CU005049,Pioneer Development,Builder,R02,SR0102,SC Metro,SC,55740,2021-03-02,1000000,Active
CU005050,Pioneer Supply,Distributor,R01,SR0061,MA Metro,MA,36371,2018-04-05,50000,Active
CU005051,Build Group,Builder,R02,SR0127,FL Metro,FL,17601,2017-03-26,50000,Active
CU005052,Dream Supply,Distributor,R03,SR0128,OH Heights,OH,33215,2020-02-27,50000,Active
CU005053,Skyline Homes,Distributor,R04,SR0094,NM Heights,NM,39864,2017-03-07,500000,Active
CU005054,Metro Inc,Builder,R05,SR0015,WA Metro,WA,46614,2019-12-28,50000,Active
CU005055,Skyline Materials,Contractor,R05,SR0155,CO Metro,CO,54035,2025-04-27,500000,Active
CU005056,Summit Group,Builder,R03,SR0133,MI City,MI,78889,2021-08-05,50000,Active
CU005057,Prime Inc,Builder,R04,SR0069,TX City,TX,60780,2018-05-08,250000,Active
CU005058,Prime Development,Retailer,R04,SR0189,OK Metro,OK,72802,2020-10-31,100000,Active
CU005059,Pioneer Inc,Retailer,R02,SR0122,GA Metro,GA,67041,2019-09-30,500000,Active
CU005060,Skyline Construction,Builder,R05,SR0020,CO Heights,CO,71040,2019-05-02,250000,Active
CU005061,Metro Group,Builder,R02,SR0022,TN Heights,TN,97073,2023-12-24,250000,Active
CU005062,Metro Builders,Distributor,R02,SR0162,FL City,FL,28608,2021-11-29,250000,Active
CU005063,Urban Inc,Retailer,R02,SR0037,NC Heights,NC,49175,2017-01-09,25000,Active
CU005064,Evergreen Development,Builder,R01,SR0141,CT Metro,CT,97264,2024-04-05,500000,Active
CU005065,Cornerstone Inc,Builder,R04,SR0134,TX Metro,TX,81385,2023-05-22,50000,Active
CU005066,Summit Group,Builder,R04,SR0074,NV Metro,NV,66056,2021-03-05,1000000,Active
CU005067,Build Group,Retailer,R02,SR0127,SC City,SC,11465,2018-04-13,25000,Active
CU005068,Build Builders,Builder,R02,SR0162,TN City,TN,51599,2017-01-19,500000,Active
CU005069,Evergreen Inc,Builder,R04,SR0159,NV City,NV,80390,2021-03-11,250000,Active
CU005070,Build Contracting,Contractor,R04,SR0139,TX Metro,TX,10480,2018-08-16,100000,Active
CU005071,Summit Homes,Retailer,R02,SR0097,GA Heights,GA,64163,2023-04-20,100000,Active
CU005072,Urban Group,Builder,R04,SR0059,OK Metro,OK,49152,2019-03-19,250000,Active
CU005073,Build Inc,Contractor,R05,SR0170,WA City,WA,25519,2022-02-08,100000,Active
CU005074,Pioneer Group,Retailer,R04,SR0179,NM Heights,NM,48861,2023-05-16,100000,Active
CU005075,Cornerstone Materials,Distributor,R05,SR0150,OR City,OR,30231,2020-01-03,25000,Active
CU005076,Pioneer Inc,Contractor,R04,SR0189,NM City,NM,71777,2024-11-13,250000,Active
CU005077,Skyline Builders,Distributor,R04,SR0014,OK Heights,OK,16031,2023-05-20,250000,Active
CU005078,Build Construction,Distributor,R04,SR0124,OK Metro,OK,11799,2020-06-15,1000000,Active
CU005079,Skyline Materials,Builder,R02,SR0052,GA Heights,GA,28482,2019-12-01,50000,Active
CU005080,Cornerstone Construction,Contractor,R03,SR0033,IN City,IN,43793,2023-06-22,50000,Active
CU005081,Summit Materials,Distributor,R03,SR0063,IL City,IL,30876,2021-05-15,500000,Active
CU005082,Skyline Homes,Builder,R03,SR0198,IN Heights,IN,88901,2021-07-28,500000,Active
CU005083,Evergreen Group,Contractor,R02,SR0152,TN Heights,TN,96978,2020-03-20,100000,Active
CU005084,Skyline Contracting,Retailer,R02,SR0032,FL Metro,FL,57998,2022-01-29,100000,Active
CU005085,Summit Inc,Builder,R01,SR0186,CT Heights,CT,81718,2022-04-19,25000,Active
CU005086,Build Group,Distributor,R01,SR0096,NJ Metro,NJ,23702,2023-01-23,500000,Active
CU005087,Pioneer LLC,Distributor,R05,SR0175,CA Metro,CA,13366,2022-06-06,500000,Active
CU005088,Metro Group,Builder,R05,SR0065,CA Metro,CA,76461,2025-03-10,1000000,Active
CU005089,Build Supply,Builder,R03,SR0143,OH Heights,OH,70626,2019-08-09,1000000,Active
CU005090,Home Supply,Retailer,R05,SR0085,CA City,CA,64767,2024-02-17,25000,Active
CU005091,Skyline Contracting,Distributor,R03,SR0083,IL City,IL,14398,2021-02-01,50000,Active
CU005092,Home LLC,Builder,R05,SR0065,CO City,CO,18777,2018-01-17,50000,Active
CU005093,Pioneer Materials,Contractor,R01,SR0091,PA Metro,PA,73745,2024-12-11,250000,Active
CU005094,Pioneer Supply,Distributor,R03,SR0133,IL Metro,IL,33268,2023-06-03,25000,Active
CU005095,Pioneer Development,Contractor,R02,SR0127,NC Metro,NC,52927,2017-06-10,25000,Active
CU005096,Pioneer Contracting,Distributor,R03,SR0088,IN Heights,IN,45523,2020-09-12,25000,Active
CU005097,Skyline Construction,Retailer,R03,SR0058,IL City,IL,97555,2017-08-13,250000,Active
CU005098,Metro Supply,Builder,R05,SR0045,UT City,UT,29878,2022-03-19,500000,Active
CU005099,Build Supply,Builder,R01,SR0101,PA Heights,PA,77405,2023-12-13,1000000,Active
CU005100,Metro Group,Retailer,R03,SR0133,OH City,OH,45965,2018-04-24,50000,Active
CU005101,Cornerstone Materials,Contractor,R05,SR0050,CO Heights,CO,60284,2021-04-04,500000,Active
CU005102,Skyline Development,Retailer,R01,SR0161,NY Metro,NY,67822,2025-01-23,250000,Active
CU005103,Summit Inc,Builder,R04,SR0169,TX City,TX,55692,2018-05-27,25000,Active
CU005104,Skyline Builders,Distributor,R01,SR0191,NJ Heights,NJ,24407,2025-01-16,100000,Active
CU005105,Skyline Development,Contractor,R05,SR0145,OR Heights,OR,27094,2017-02-05,25000,Active
CU005106,Evergreen Materials,Retailer,R03,SR0178,OH City,OH,43227,2020-04-02,1000000,Active
CU005107,Home LLC,Contractor,R03,SR0103,IL Heights,IL,54027,2021-05-05,100000,Active
CU005108,Metro Group,Retailer,R05,SR0080,CA Metro,CA,80763,2023-12-21,500000,Active
CU005109,Build Contracting,Retailer,R05,SR0005,OR Metro,OR,85993,2023-09-08,250000,Active
CU005110,Atlas LLC,Distributor,R03,SR0043,IL Metro,il,12421,2022-03-20,25000,Active
CU005111,Prime Materials,Builder,R04,SR0174,AZ City,AZ,31337,2021-05-06,500000,Active
CU005112,Atlas Group,Builder,R04,SR0114,OK City,OK,56323,2024-10-22,50000,Active
CU005113,Dream Materials,Retailer,R04,SR0034,NV Heights,NV,42582,2024-03-26,50000,Active
CU005114,Pioneer Development,Contractor,R01,SR0136,PA City,PA,22738,2025-05-08,50000,Active
CU005115,Evergreen LLC,Distributor,R03,SR0088,MI Heights,MI,12016,2024-10-30,100000,Active
CU005116,Metro Builders,Distributor,R01,SR0021,NJ Heights,NJ,74848,2024-08-10,250000,Active
CU005117,Evergreen Materials,Contractor,R05,SR0005,CO City,CO,49784,2022-01-05,500000,Active
CU005118,Build Supply,Retailer,R02,SR0017,SC City,sc,98470,2017-03-25,100000,Active
CU005119,Urban Homes,Retailer,R01,SR0141,NY City,NY,93887,2019-03-31,500000,Active
CU005120,Build Builders,Builder,R04,SR0109,TX Metro,TX,12075,2022-12-07,100000,Active
CU005121,Pioneer Materials,Builder,R04,SR0139,NV Metro,NV,62347,2021-04-17,250000,Active
CU005122,Home LLC,Contractor,R02,SR0012,GA City,GA,63273,2023-07-14,500000,Active
CU005123,Build Builders,Contractor,R05,SR0170,UT City,UT,59860,2024-01-18,250000,Active
CU005124,Dream Development,Retailer,R02,SR0072,SC Heights,SC,70497,2024-09-26,500000,Active
CU005125,Metro LLC,Builder,R04,SR0109,NM City,NM,41162,2024-01-01,25000,Active
CU005126,Evergreen Group,Distributor,R04,SR0099,NV Metro,NV,74307,2018-10-05,1000000,Active
CU005127,Dream Builders,Distributor,R03,SR0053,WI Heights,wi,28119,2017-10-22,500000,Active
CU005128,Home Homes,Distributor,R05,SR0200,CO Heights,CO,61926,2019-10-31,1000000,Active
CU005129,Urban LLC,Contractor,R03,SR0133,IL Metro,IL,20940,2019-03-29,500000,Active
CU005130,Prime Contracting,Distributor,R03,SR0168,OH Heights,OH,83450,2018-11-25,1000000,Active
CU005131,Summit Construction,Contractor,R01,SR0086,CT Metro,CT,48936,2020-03-28,250000,Active
CU005132,Summit Builders,Contractor,R02,SR0122,SC Metro,SC,17183,2025-01-24,50000,Active
CU005133,Summit Homes,Builder,R01,SR0096,MA City,MA,11339,2017-10-21,250000,Active
CU005134,Skyline Group,Builder,R02,SR0152,TN Heights,TN,59315,2022-07-13,500000,Active
CU005135,Dream Development,Builder,R04,SR0099,OK City,OK,76840,2023-01-16,1000000,Active
CU005136,Metro Contracting,Distributor,R04,SR0044,OK City,OK,23842,2022-01-11,1000000,Active
CU005137,Metro Builders,Builder,R05,SR0095,UT Heights,UT,14873,2022-02-20,1000000,Active
CU005138,Build LLC,Distributor,R03,SR0003,IN City,IN,34592,2022-08-24,100000,Active
CU005139,Dream Development,Builder,R03,SR0008,WI City,WI,60748,2024-01-21,250000,Active
CU005140,Build Materials,Distributor,R05,SR0025,CO Metro,CO,56508,2022-08-15,50000,Active
CU005141,Prime Homes,Builder,R04,SR0154,NM Metro,NM,59194,2024-06-10,25000,Active
CU005142,Build Homes,Distributor,R02,SR0042,GA Metro,GA,41996,2023-01-22,250000,Active
CU005143,Urban Development,Contractor,R05,SR0045,OR Metro,OR,57896,2020-06-29,50000,Active
CU005144,Cornerstone LLC,Contractor,R03,SR0133,WI Heights,WI,89041,2020-10-22,50000,Active
CU005145,Cornerstone Construction,Retailer,R01,SR0101,NJ Metro,NJ,94230,2023-03-29,25000,Active
CU005146,Dream Development,Retailer,R05,SR0105,CA Heights,CA,93846,2022-11-27,500000,Active
CU005147,Pioneer Construction,Distributor,R05,SR0050,WA City,WA,24065,2024-06-14,100000,Active
CU005148,Cornerstone Contracting,Distributor,R01,SR0191,NY Heights,NY,22283,2020-12-04,1000000,Active
CU005149,Pioneer LLC,Builder,R04,SR0034,NV Heights,NV,57951,2021-04-22,1000000,Active
CU005150,Skyline Supply,Retailer,R01,SR0076,NJ Metro,NJ,60937,2020-03-12,500000,Active
CU005151,Home Supply,Distributor,R05,SR0150,WA Metro,WA,48594,2023-02-20,1000000,Active
CU005152,Prime Builders,Distributor,R03,SR0138,MI Metro,MI,55891,2017-01-14,1000000,Active
CU005153,Pioneer LLC,Contractor,R05,SR0020,CO Metro,CO,66073,2022-04-14,100000,Active
CU005154,Prime Development,Contractor,R05,SR0200,WA Heights,WA,71744,2018-09-05,250000,Active
CU005155,Skyline Construction,Retailer,R04,SR0044,NV Metro,NV,86993,2021-06-08,250000,Active
CU005156,Urban Homes,Retailer,R03,SR0153,OH City,OH,86287,2019-03-12,100000,Active
CU005157,Skyline LLC,Retailer,R05,SR0095,CO Heights,CO,61349,2021-03-12,100000,Active
CU005158,Cornerstone Group,Distributor,R04,SR0114,NV Metro,NV,18601,2023-06-26,1000000,Active
CU005159,Prime Materials,Builder,R05,SR0045,CO Heights,CO,20992,2018-10-23,500000,Active
CU005160,Summit Inc,Distributor,R04,SR0194,OK City,OK,88928,2021-05-30,25000,Active
CU005161,Atlas Homes,Contractor,R05,SR0125,CO Heights,CO,75472,2024-07-24,100000,Active
CU005162,Atlas Homes,Distributor,R04,SR0089,NM City,NM,93047,2024-01-28,25000,Active
CU005163,Summit Supply,Contractor,R03,SR0158,IL City,IL,47112,2018-09-17,100000,Active
CU005164,Dream Homes,Builder,R01,SR0031,NJ Heights,NJ,91348,2022-02-07,250000,Active
CU005165,Summit Supply,Builder,R05,SR0060,WA City,WA,36142,2020-06-01,50000,Active
CU005166,Dream Construction,Builder,R02,SR0162,SC Heights,SC,71961,2021-09-25,25000,Active
CU005167,Prime Development,Builder,R04,SR0139,TX Metro,TX,71431,2023-12-10,500000,Active
CU005168,Home Materials,Contractor,R05,SR0190,WA Heights,WA,60051,2020-12-09,1000000,Active
CU005169,Dream LLC,Retailer,R01,SR0126,NJ Metro,NJ,36241,2022-04-07,100000,Active
CU005170,Dream Contracting,Contractor,R05,SR0110,CO Heights,CO,26514,2021-04-26,500000,Active
CU005171,Evergreen Builders,Contractor,R03,SR0143,WI Metro,WI,27763,2019-05-14,100000,Active
CU005172,Metro Group,Retailer,R03,SR0123,OH City,OH,32672,2025-02-15,1000000,Active
CU005173,Build LLC,Contractor,R04,SR0154,OK Heights,OK,74086,2021-11-12,1000000,Active
CU005174,Home Homes,Retailer,R04,SR0079,TX City,TX,76511,2023-10-10,25000,Active
CU005175,Evergreen Homes,Distributor,R05,SR0035,UT City,UT,99630,2024-11-17,250000,Active
CU005176,Summit Builders,Retailer,R02,SR0012,GA City,GA,28268,2017-04-11,500000,Active
CU005177,Home Group,Retailer,R05,SR0195,CO City,CO,48621,2021-06-13,500000,Active
CU005178,Pioneer Development,Builder,R01,SR0081,CT City,CT,71396,2020-06-26,1000000,Active
CU005179,Summit Homes,Builder,R03,SR0148,MI City,MI,21709,2017-12-25,100000,Active
CU005180,Atlas Materials,Distributor,R02,SR0187,GA City,GA,,2021-04-25,50000,Active
CU005181,Summit Materials,Distributor,R01,SR0041,NJ City,NJ,75835,2018-09-07,25000,Active
CU005182,Urban Builders,Builder,R04,SR0014,OK Heights,OK,91263,2024-08-15,1000000,Active
CU005183,Evergreen LLC,Contractor,R01,SR0086,CT City,CT,97215,2023-09-27,100000,Active
CU005184,Prime LLC,Builder,R02,SR0042,FL Metro,FL,18050,2018-03-31,25000,Active
CU005185,Summit Group,Distributor,R01,SR0126,CT Metro,CT,34348,2020-10-05,100000,Active
CU005186,Build Builders,Builder,R01,SR0096,NY Heights,NY,84314,2018-10-16,25000,Active
CU005187,Home Development,Distributor,R02,SR0057,NC Heights,NC,44558,2017-12-18,1000000,Active
CU005188,Dream Contracting,Retailer,R03,SR0058,WI Heights,WI,87455,2023-01-23,1000000,Active
CU005189,Metro Contracting,Builder,R04,SR0064,TX Heights,TX,54231,2018-12-25,1000000,Active
CU005190,Home Materials,Builder,R01,SR0151,NJ Heights,NJ,17944,2017-08-16,50000,Active
CU005191,Pioneer LLC,Retailer,R05,SR0135,CA Heights,CA,,2019-07-07,25000,Active
CU005192,Home Contracting,Distributor,R05,SR0065,OR Metro,OR,56920,2021-01-30,50000,Active
CU005193,Pioneer Construction,Builder,R05,SR0060,OR Heights,OR,34492,2023-09-30,100000,Active
CU005194,Atlas Inc,Contractor,R01,SR0136,PA Heights,PA,19431,2025-03-03,1000000,Active
CU005195,Build Contracting,Distributor,R04,SR0074,AZ City,AZ,19349,2019-01-11,250000,Active
CU005196,Home Builders,Builder,R04,SR0049,TX City,TX,31709,2017-02-24,1000000,Active
CU005197,Prime Development,Retailer,R05,SR0010,WA City,WA,93535,2017-09-30,500000,Active
CU005198,Metro Inc,Builder,R03,SR0023,OH City,OH,17039,2023-08-06,1000000,Active
CU005199,Pioneer Contracting,Contractor,R04,SR0174,AZ Heights,AZ,70465,2020-05-24,500000,Active
CU005200,  Summit LLC ,Distributor,R02,SR0152,GA Heights,GA,87005,2024-07-23,1000000,Active
CU005201,Cornerstone Group,Retailer,R04,SR0094,NV Metro,NV,14514,2018-09-04,50000,Active
CU005202,Skyline LLC,Distributor,R03,SR0198,OH Heights,OH,50416,2024-01-13,25000,Active
CU005203,Prime Inc,Builder,R03,SR0108,MI Heights,MI,46856,2019-12-02,1000000,Active
CU005204,Metro LLC,Builder,R03,SR0118,IL City,il,53424,2024-02-08,1000000,Active
CU005205,Evergreen Group,Distributor,R01,SR0001,MA City,MA,52611,2020-03-23,500000,Active
CU005206,Dream Materials,Contractor,R04,SR0144,TX Heights,TX,74999,2025-05-09,1000000,Active
CU005207,Skyline Contracting,Contractor,R04,SR0074,OK Heights,OK,78687,2017-02-17,100000,Active
CU005208,Metro Inc,Distributor,R01,SR0036,MA City,MA,72958,2023-07-07,500000,Active
CU005209,Prime Materials,Contractor,R02,SR0177,FL Metro,FL,19604,2022-07-15,1000000,Active
CU005210,Atlas Homes,Contractor,R01,SR0106,PA Metro,PA,85487,2021-04-08,25000,Active
CU005211,Pioneer Development,Retailer,R04,SR0004,TX Heights,TX,48454,2021-08-03,25000,Active
CU005212,Summit Development,Contractor,R04,SR0069,TX Heights,TX,73911,2022-12-07,25000,Active
CU005213,Evergreen Inc,Retailer,R04,SR0109,NM City,NM,31218,2024-06-24,500000,Active
CU005214,Skyline Builders,Retailer,R05,SR0080,OR City,OR,63539,2019-03-16,50000,Active
CU005215,Atlas Supply,Builder,R02,SR0087,GA City,GA,26161,2024-05-14,250000,Active
CU005216,Home Supply,Retailer,R04,SR0054,OK Metro,OK,75235,2018-08-04,25000,Active
CU005217,Atlas Homes,Builder,R04,SR0124,TX Heights,TX,46943,2023-09-20,1000000,Active
CU005218,Home Group,Retailer,R02,SR0007,TN Metro,TN,88352,2020-06-08,50000,Active
CU005219,Atlas Development,Builder,R01,SR0166,MA Metro,MA,38412,2017-01-23,500000,Active
CU005220,Evergreen LLC,Builder,R05,SR0035,CA City,CA,24862,2025-03-05,1000000,Active
CU005221,Summit Materials,Contractor,R01,SR0006,NY City,NY,31545,2021-07-30,100000,Active
CU005222,Atlas Builders,Distributor,R01,SR0136,NJ Heights,NJ,41969,2024-08-05,25000,Active
CU005223,Urban LLC,Retailer,R03,SR0133,IL Heights,IL,57350,2017-07-10,500000,Active
CU005224,Build Supply,Distributor,R03,SR0078,IN Metro,IN,77186,2020-04-16,100000,Active
CU005225,Metro Materials,Distributor,R01,SR0056,MA City,MA,39302,2024-06-11,50000,Active
CU005226,Cornerstone Builders,Contractor,R01,SR0106,NY City,NY,85200,2018-04-28,50000,Active
CU005227,Skyline Construction,Contractor,R05,SR0185,WA Heights,WA,52275,2023-11-06,25000,Active
CU005228,Home Group,Retailer,R01,SR0166,PA Heights,PA,91943,2021-03-25,25000,Active
CU005229,Home Group,Retailer,R02,SR0012,GA City,GA,69025,2025-02-22,500000,Active
CU005230,Urban LLC,Distributor,R03,SR0123,OH Metro,OH,52493,2019-05-01,100000,Active
CU005231,Cornerstone Construction,Builder,R02,SR0012,GA City,GA,22988,2019-08-23,50000,Active
CU005232,Evergreen Construction,Contractor,R03,SR0078,OH Metro,OH,26481,2023-08-26,1000000,Active
CU005233,Dream Inc,Contractor,R03,SR0033,IL City,IL,16758,2023-01-02,25000,Active
CU005234,Urban Homes,Contractor,R04,SR0099,NM City,NM,95371,2024-02-01,250000,Active
CU005235,Pioneer Materials,Retailer,R03,SR0153,OH Heights,OH,40933,2020-12-10,50000,Active
CU005236,Dream LLC,Distributor,R03,SR0053,IN Heights,IN,49390,2017-05-26,50000,Active
CU005237,Build Inc,Builder,R01,SR0096,CT Metro,CT,21957,2021-03-10,500000,Active
CU005238,Prime LLC,Contractor,R05,SR0035,CA Metro,CA,58606,2017-08-25,100000,Active
CU005239,Summit Construction,Retailer,R03,SR0128,WI Heights,WI,60676,2023-09-14,100000,Active
CU005240,Pioneer Materials,Contractor,R03,SR0183,IN Heights,IN,18715,2017-12-02,250000,Active
CU005241,Home Construction,Retailer,R03,SR0198,OH City,OH,56833,2018-12-01,25000,Active
CU005242,Dream Contracting,Contractor,R01,SR0031,NJ City,NJ,49394,2022-10-22,250000,Active
CU005243,Evergreen Materials,Builder,R02,SR0192,NC City,NC,77118,2022-01-01,500000,Active
CU005244,Urban Group,Distributor,R02,SR0147,GA City,GA,37779,2022-03-26,50000,Active
CU005245,Urban Supply,Retailer,R03,SR0163,WI Metro,WI,99487,2022-12-26,500000,Active
CU005246,Cornerstone Inc,Retailer,R03,SR0103,OH Metro,OH,25718,2019-10-14,1000000,Active
CU005247,  Pioneer Contracting ,Retailer,R04,SR0079,TX Metro,TX,40839,2023-04-07,500000,Active
CU005248,Prime Development,Contractor,R04,SR0084,TX Metro,TX,30212,2023-05-15,1000000,Active
CU005249,Urban Group,Contractor,R04,SR0079,NV City,NV,16390,2022-12-08,250000,Active
CU005250,Urban LLC,Builder,R05,SR0065,CA Metro,CA,45592,2023-10-07,500000,Active
CU005251,Home Group,Retailer,R04,SR0154,NM City,NM,75845,2021-06-12,25000,Active
CU005252,Prime LLC,Retailer,R05,SR0020,WA Metro,WA,50366,2021-01-25,100000,Active
CU005253,Home Contracting,Builder,R03,SR0018,IN Heights,IN,87264,2021-10-19,25000,Active
CU005254,Home Construction,Retailer,R05,SR0175,WA Metro,WA,23450,2025-06-09,50000,Active
CU005255,Build Homes,Distributor,R05,SR0095,UT City,UT,50156,2021-08-10,250000,Active
CU005256,Summit Homes,Builder,R04,SR0194,AZ Metro,AZ,58993,2025-02-03,25000,Active
CU005257,Evergreen Development,Builder,R05,SR0115,CA Metro,CA,34401,2017-10-30,100000,Active
CU005258,Prime Builders,Builder,R02,SR0012,FL Heights,FL,15333,2025-02-24,500000,Active
CU005259,Pioneer LLC,Distributor,R05,SR0145,CA City,CA,77701,2023-03-11,1000000,Active
CU005260,Summit LLC,Contractor,R04,SR0134,TX Heights,TX,49105,2021-11-11,250000,Active
CU005261,Skyline LLC,Contractor,R03,SR0173,IL Heights,IL,33583,2018-03-19,50000,Active
CU005262,Atlas Supply,Distributor,R03,SR0098,IL Metro,IL,91483,2024-05-12,50000,Active
CU005263,Urban Supply,Contractor,R02,SR0077,TN Metro,TN,33322,2018-01-06,500000,Active
CU005264,Home Inc,Builder,R03,SR0118,OH Heights,OH,12321,2017-05-25,500000,Active
CU005265,Summit LLC,Builder,R02,SR0192,FL City,FL,62251,2022-09-10,50000,Active
CU005266,Urban Construction,Distributor,R03,SR0118,MI Heights,MI,92044,2024-08-02,100000,Active
CU005267,Summit Contracting,Contractor,R04,SR0054,TX Metro,TX,39702,2019-11-20,250000,Active
CU005268,Build Contracting,Builder,R01,SR0161,NJ City,NJ,61515,2020-08-10,25000,Active
CU005269,Urban Homes,Builder,R05,SR0170,CO Metro,CO,58743,2018-01-05,500000,Active
CU005270,Urban Supply,Builder,R04,SR0024,OK Heights,OK,56939,2022-07-28,25000,Active
CU005271,Metro Inc,Contractor,R02,SR0097,NC City,NC,17933,2017-04-11,500000,Active
CU005272,Dream Group,Builder,R02,SR0007,NC City,NC,13680,2021-03-09,25000,Active
CU005273,Home Development,Retailer,R05,SR0175,OR Metro,OR,26951,2018-12-17,250000,Active
CU005274,Home Contracting,Retailer,R01,SR0056,MA Heights,MA,91524,2022-04-21,250000,Active
CU005275,Summit Group,Retailer,R05,SR0030,UT Heights,UT,19187,2023-08-07,50000,Active
CU005276,Dream Homes,Retailer,R05,SR0025,UT Heights,UT,79613,2017-12-21,1000000,Active
CU005277,Atlas Group,Distributor,R03,SR0113,MI Heights,MI,37657,2017-07-10,25000,Active
CU005278,Atlas LLC,Distributor,R02,SR0087,TN City,TN,30428,2024-01-13,50000,Active
CU005279,Skyline Development,Retailer,R02,SR0097,NC Metro,NC,73039,2023-05-15,250000,Active
CU005280,Prime Materials,Contractor,R01,SR0026,NY City,NY,31680,2020-12-09,25000,Active
CU005281,Dream Supply,Builder,R05,SR0175,OR Heights,OR,83517,2019-08-10,25000,Active
CU005282,Skyline Inc,Retailer,R02,SR0032,GA Metro,GA,31633,2021-01-21,25000,Active
CU005283,Summit LLC,Builder,R04,SR0029,TX City,TX,17330,2018-10-11,250000,Active
CU005284,Build LLC,Distributor,R03,SR0153,IN City,IN,20320,2021-01-06,50000,Active
CU005285,Home Materials,Builder,R04,SR0109,NM Heights,NM,26050,2024-03-11,1000000,Active
CU005286,Cornerstone Development,Contractor,R02,SR0132,FL City,FL,69710,2021-03-02,100000,Active
CU005287,Urban Builders,Builder,R05,SR0130,CA Metro,CA,29011,2017-11-10,100000,Active
CU005288,Prime Development,Builder,R02,SR0037,SC City,SC,30990,2023-10-24,250000,Active
CU005289,Summit Materials,Contractor,R03,SR0033,MI City,MI,46968,2023-02-20,500000,Active
CU005290,Metro Materials,Retailer,R01,SR0001,PA Metro,PA,77859,2018-10-16,25000,Active
CU005291,Prime Inc,Distributor,R01,SR0126,MA Heights,MA,92502,2020-09-10,1000000,Active
CU005292,Metro Group,Contractor,R05,SR0035,CA City,CA,96971,2020-09-27,25000,Active
CU005293,Prime Homes,Distributor,R04,SR0189,NM Heights,NM,18826,2017-07-21,1000000,Active
CU005294,Metro LLC,Retailer,R05,SR0140,UT Metro,UT,65765,2018-08-21,250000,Active
CU005295,Build Builders,Contractor,R05,SR0200,OR Metro,OR,54193,2024-06-22,100000,Active
CU005296,Metro Materials,Distributor,R03,SR0163,IL Metro,IL,81200,2024-08-10,500000,Active
CU005297,Metro Construction,Distributor,R04,SR0064,NV Metro,NV,51993,2021-08-12,100000,Active
CU005298,Summit Inc,Builder,R04,SR0034,NM Metro,NM,13183,2025-03-18,1000000,Active
CU005299,Skyline Inc,Distributor,R03,SR0123,OH Heights,OH,97951,2018-01-25,500000,Active
CU005300,Build Builders,Builder,R02,SR0147,TN Metro,TN,48309,2025-03-19,25000,Active
CU005301,Pioneer LLC,Retailer,R03,SR0073,IL City,IL,34785,2025-03-12,500000,Active
CU005302,Atlas Homes,Builder,R04,SR0089,OK City,OK,34113,2018-09-09,25000,Active
CU005303,Pioneer Homes,Retailer,R03,SR0113,WI Heights,WI,10726,2019-03-28,50000,Active
CU005304,Build Homes,Contractor,R02,SR0142,SC City,SC,58313,2021-01-30,50000,Active
CU005305,Pioneer Materials,Contractor,R05,SR0010,CO City,CO,71950,2022-09-07,50000,Active
CU005306,Dream Inc,Contractor,R05,SR0130,WA City,WA,26124,2020-02-14,500000,Active
CU005307,Home Contracting,Contractor,R05,SR0050,CO Metro,CO,91278,2021-10-24,500000,Active
CU005308,Build Construction,Builder,R02,SR0197,SC Heights,SC,68643,2019-05-25,500000,Active
CU005309,Metro Group,Retailer,R05,SR0160,CO Heights,CO,19056,2024-09-11,25000,Active
CU005310,Build Contracting,Builder,R02,SR0077,NC Metro,NC,38459,2021-07-13,25000,Active
CU005311,Dream Materials,Contractor,R04,SR0014,NM City,NM,97363,2023-08-11,500000,Active
CU005312,Metro Construction,Contractor,R05,SR0165,WA City,WA,46511,2020-05-21,25000,Active
CU005313,Urban Development,Retailer,R05,SR0070,UT Heights,UT,82000,2024-09-09,25000,Active
CU005314,Urban LLC,Retailer,R05,SR0130,UT Heights,UT,74648,2021-09-02,500000,Active
CU005315,Skyline Contracting,Retailer,R04,SR0049,NM Heights,NM,62244,2017-02-04,50000,Active
CU005316,Cornerstone Group,Retailer,R03,SR0148,IN Metro,IN,60704,2017-08-07,25000,Active
CU005317,Urban Construction,Builder,R04,SR0049,OK City,OK,66749,2024-02-22,100000,Active
CU005318,Cornerstone Homes,Distributor,R03,SR0033,IL Heights,IL,62065,2023-11-06,25000,Active
CU005319,Summit LLC,Distributor,R02,SR0057,SC Heights,SC,33672,2019-03-10,25000,Active
CU005320,Dream Development,Retailer,R01,SR0011,PA City,PA,33856,2017-01-18,500000,Active
CU005321,Dream Inc,Retailer,R03,SR0123,IN Heights,IN,26175,2022-02-19,100000,Active
CU005322,Metro LLC,Retailer,R02,SR0067,SC Heights,SC,14860,2021-05-14,25000,Active
CU005323,Home Materials,Distributor,R02,SR0142,FL City,FL,85597,2019-03-31,100000,Active
CU005324,Dream Builders,Contractor,R03,SR0023,OH Heights,OH,13242,2019-08-05,100000,Active
CU005325,Atlas Construction,Retailer,R04,SR0194,OK Metro,OK,35121,2018-12-10,50000,Active
CU005326,Home Contracting,Builder,R04,SR0074,TX Heights,TX,17439,2018-06-10,1000000,Active
CU005327,Summit Development,Retailer,R02,SR0142,NC Heights,NC,13706,2018-10-30,25000,Active
CU005328,Home Materials,Distributor,R03,SR0073,IL Metro,IL,63509,2017-11-22,1000000,Active
CU005329,Build Homes,Distributor,R05,SR0045,CA City,CA,56382,2023-12-13,1000000,Active
CU005330,Pioneer Materials,Distributor,R03,SR0103,WI Metro,WI,59635,2021-12-13,250000,Active
CU005331,Home LLC,Retailer,R03,SR0028,WI Heights,WI,86574,2017-02-19,50000,Active
CU005332,Prime Homes,Builder,R02,SR0047,GA Metro,GA,43535,2024-08-15,50000,Active
CU005333,Home Homes,Retailer,R03,SR0043,MI Heights,MI,12139,2023-12-19,25000,Active
CU005334,Atlas LLC,Contractor,R01,SR0161,NJ Metro,NJ,57936,2020-08-14,25000,Active
CU005335,Summit Materials,Retailer,R05,SR0075,CA Heights,CA,69936,2022-02-23,250000,Active
CU005336,Metro Construction,Contractor,R05,SR0030,WA Metro,WA,14703,2024-05-18,25000,Active
CU005337,Skyline Homes,Retailer,R02,SR0117,NC Metro,NC,14897,2018-12-19,25000,Active
CU005338,Atlas Materials,Builder,R02,SR0177,FL Heights,FL,,2024-10-30,100000,Active
CU005339,Atlas Inc,Retailer,R01,SR0181,PA Metro,PA,58283,2017-10-15,100000,Active
CU005340,Urban Materials,Contractor,R05,SR0140,CO City,CO,38405,2018-03-24,250000,Active
CU005341,Build Supply,Contractor,R04,SR0044,TX City,TX,56548,2020-03-21,500000,Active
CU005342,Dream Builders,Contractor,R03,SR0153,WI City,WI,54293,2017-09-16,500000,Active
CU005343,Dream Homes,Contractor,R01,SR0176,PA Metro,PA,74700,2021-03-16,250000,Active
CU005344,Skyline Materials,Builder,R02,SR0112,TN Metro,TN,86551,2017-12-27,25000,Active
CU005345,Prime Contracting,Distributor,R02,SR0037,FL City,FL,43442,2018-06-09,50000,Active
CU005346,Prime Materials,Distributor,R05,SR0125,CA City,CA,46173,2017-01-10,50000,Active
CU005347,Dream Construction,Retailer,R01,SR0036,PA Metro,PA,82510,2022-01-25,1000000,Active
CU005348,Build Construction,Builder,R03,SR0063,OH Heights,OH,77596,2021-02-22,250000,Active
CU005349,Atlas Development,Contractor,R02,SR0077,GA Heights,GA,68078,2022-01-11,250000,Active
CU005350,Urban Materials,Distributor,R03,SR0173,IN Metro,IN,41294,2017-12-28,50000,Active
CU005351,Pioneer Inc,Builder,R02,SR0107,GA Heights,GA,,2017-06-21,500000,Active
CU005352,Home LLC,Builder,R05,SR0045,CA Metro,CA,42548,2018-02-05,500000,Active
CU005353,Dream LLC,Retailer,R02,SR0127,TN Heights,TN,36772,2022-06-28,1000000,Active
CU005354,Prime Development,Builder,R01,SR0026,NJ Heights,NJ,57000,2023-12-07,50000,Active
CU005355,Dream LLC,Contractor,R02,SR0052,TN Metro,TN,29542,2020-12-09,250000,Active
CU005356,Build Development,Distributor,R04,SR0199,NM Heights,NM,82779,2022-03-19,250000,Active
CU005357,Skyline Supply,Builder,R01,SR0171,MA Metro,MA,78487,2020-01-04,25000,Active
CU005358,Summit LLC,Builder,R03,SR0103,OH City,OH,38216,2024-06-22,25000,Active
CU005359,Dream Homes,Builder,R05,SR0130,CO City,CO,29348,2023-07-26,1000000,Active
CU005360,Evergreen Group,Contractor,R03,SR0163,IN Heights,IN,43610,2019-02-26,1000000,Active
CU005361,Urban Inc,Contractor,R01,SR0161,CT Metro,CT,88307,2024-01-30,250000,Active
CU005362,Urban Development,Retailer,R02,SR0132,TN Heights,TN,27033,2023-10-12,100000,Active
CU005363,Prime Supply,Contractor,R01,SR0186,NJ Heights,NJ,50660,2018-05-04,100000,Active
CU005364,Cornerstone Builders,Builder,R05,SR0100,UT Metro,ut,68613,2019-03-27,25000,Active
CU005365,Evergreen Contracting,Retailer,R01,SR0036,CT Metro,CT,81569,2024-09-17,250000,Active
CU005366,Metro Construction,Builder,R03,SR0038,OH Metro,OH,52725,2023-02-01,1000000,Active
CU005367,Prime Group,Retailer,R05,SR0040,UT Metro,UT,93678,2021-10-02,50000,Active
CU005368,Skyline Group,Distributor,R02,SR0037,SC Metro,SC,70124,2018-05-20,500000,Active
CU005369,  Dream Builders ,Retailer,R02,SR0122,NC City,NC,27996,2022-10-08,500000,Active
CU005370,Evergreen Materials,Retailer,R01,SR0141,NY Heights,NY,99405,2021-03-14,500000,Active
CU005371,Metro Inc,Contractor,R02,SR0117,NC City,NC,40535,2023-05-17,100000,Active
CU005372,Dream Contracting,Builder,R05,SR0105,UT Heights,UT,90136,2021-02-03,100000,Active
CU005373,Urban Materials,Retailer,R05,SR0115,UT Metro,UT,27832,2025-03-04,500000,Active
CU005374,Dream Inc,Builder,R05,SR0185,CO City,CO,99487,2024-04-24,25000,Active
CU005375,  Summit Supply ,Contractor,R03,SR0008,OH Metro,OH,16705,2023-10-29,1000000,Active
CU005376,Dream Inc,Distributor,R03,SR0138,MI Metro,MI,95082,2018-06-02,50000,Active
CU005377,Pioneer Development,Distributor,R01,SR0136,PA Heights,PA,59340,2017-07-28,1000000,Active
CU005378,Skyline LLC,Distributor,R02,SR0132,FL City,FL,17065,2018-04-23,250000,Active
CU005379,Urban Supply,Retailer,R04,SR0084,NM Heights,NM,18749,2023-02-16,25000,Active
CU005380,Evergreen Group,Distributor,R03,SR0163,OH City,OH,26141,2017-08-26,500000,Active
CU005381,Urban LLC,Contractor,R01,SR0026,NY Metro,NY,83007,2019-08-24,25000,Active
CU005382,Atlas Development,Contractor,R03,SR0028,IL Metro,IL,84154,2023-10-10,500000,Active
CU005383,Home Construction,Builder,R04,SR0089,TX Metro,TX,71963,2024-08-19,1000000,Active
CU005384,Prime Materials,Retailer,R03,SR0133,OH Metro,OH,53071,2024-01-23,25000,Active
CU005385,Cornerstone Contracting,Contractor,R01,SR0176,NY Metro,NY,57435,2022-10-07,1000000,Active
CU005386,Prime Homes,Contractor,R02,SR0062,TN Metro,TN,52373,2020-12-14,25000,Active
CU005387,Build LLC,Contractor,R02,SR0082,GA City,GA,13821,2025-04-27,100000,Active
CU005388,Build LLC,Retailer,R02,SR0122,SC Metro,SC,60337,2025-01-15,250000,Active
CU005389,Prime Builders,Contractor,R01,SR0006,MA Metro,MA,33330,2024-05-24,100000,Active
CU005390,Build Development,Builder,R03,SR0148,MI City,MI,77653,2020-08-08,500000,Active
CU005391,Dream Development,Builder,R02,SR0062,FL Metro,FL,55994,2020-04-04,1000000,Active
CU005392,Home LLC,Builder,R01,SR0081,NJ City,NJ,23629,2021-04-25,25000,Active
CU005393,Evergreen Contracting,Distributor,R03,SR0073,WI Heights,WI,80358,2022-08-13,100000,Active
CU005394,Summit Inc,Distributor,R05,SR0010,OR Metro,OR,63170,2017-07-31,1000000,Active
CU005395,Pioneer Inc,Builder,R05,SR0200,WA City,WA,66223,2023-09-01,100000,Active
CU005396,Atlas Supply,Retailer,R03,SR0193,MI Heights,MI,,2022-02-05,100000,Active
CU005397,Cornerstone Construction,Distributor,R05,SR0195,OR Metro,OR,32103,2022-04-27,1000000,Active
CU005398,Evergreen Construction,Contractor,R01,SR0121,PA Heights,PA,98488,2017-11-04,100000,Active
CU005399,Atlas Builders,Contractor,R01,SR0141,CT City,CT,19529,2024-10-18,250000,Active
CU005400,Prime Construction,Retailer,R02,SR0017,SC Heights,SC,10428,2024-10-29,25000,Active
CU005401,Dream Materials,Contractor,R03,SR0073,MI Metro,MI,27547,2023-04-25,1000000,Active
CU005402,Home Materials,Builder,R03,SR0003,IL City,IL,99020,2017-10-18,500000,Active
CU005403,Summit Contracting,Distributor,R04,SR0029,NM Metro,nm,11435,2024-03-15,100000,Active
CU005404,Skyline Group,Retailer,R04,SR0034,NM Heights,NM,31700,2021-10-26,100000,Active
CU005405,Skyline Materials,Distributor,R05,SR0090,WA City,WA,83209,2019-04-03,500000,Active
CU005406,Evergreen Inc,Builder,R02,SR0022,SC Metro,SC,41043,2017-12-29,500000,Active
CU005407,Skyline Group,Builder,R01,SR0101,NJ City,NJ,51733,2020-09-14,1000000,Active
CU005408,Prime Development,Distributor,R05,SR0115,OR City,OR,15154,2022-04-22,1000000,Active
CU005409,Metro LLC,Contractor,R02,SR0147,GA Heights,GA,23644,2025-06-26,500000,Active
CU005410,Evergreen Inc,Distributor,R01,SR0011,MA Metro,MA,51697,2017-07-04,100000,Active
CU005411,Pioneer Group,Retailer,R03,SR0073,OH Metro,OH,63277,2020-01-16,1000000,Active
CU005412,Build Contracting,Distributor,R05,SR0010,CO Metro,CO,71544,2018-06-05,250000,Active
CU005413,Prime Contracting,Distributor,R02,SR0117,TN City,TN,67129,2022-11-10,250000,Active
CU005414,Metro Inc,Retailer,R02,SR0082,SC City,SC,95684,2025-04-13,50000,Active
CU005415,Evergreen Homes,Builder,R03,SR0003,MI Metro,MI,79087,2018-08-20,1000000,Active
CU005416,Cornerstone Construction,Retailer,R01,SR0071,CT City,CT,48973,2019-05-12,50000,Active
CU005417,Urban Construction,Retailer,R03,SR0133,WI Metro,WI,64354,2024-09-06,100000,Active
CU005418,Summit Homes,Contractor,R03,SR0068,IL Metro,IL,47727,2017-09-13,25000,Active
CU005419,Home Group,Contractor,R02,SR0187,GA Metro,GA,26386,2021-10-10,25000,Active
CU005420,Cornerstone LLC,Builder,R04,SR0164,TX Metro,Texas,64890,2025-02-15,25000,Active
CU005421,Metro LLC,Contractor,R05,SR0160,UT City,UT,67532,2022-05-10,25000,Active
CU005422,Pioneer Group,Distributor,R03,SR0178,OH City,OH,59706,2021-12-28,1000000,Active
CU005423,Cornerstone Homes,Contractor,R02,SR0102,NC Heights,NC,21708,2022-12-08,500000,Active
CU005424,Prime Development,Builder,R03,SR0088,WI Metro,WI,55894,2018-03-29,500000,Active
CU005425,Dream Homes,Distributor,R02,SR0192,SC City,SC,26067,2022-09-01,100000,Active
CU005426,Summit Development,Builder,R02,SR0007,SC City,SC,51281,2019-06-16,25000,Active
CU005427,Atlas Homes,Contractor,R02,SR0027,NC Heights,NC,82663,2020-05-28,1000000,Active
CU005428,Summit Inc,Builder,R02,SR0117,SC City,SC,53660,2017-02-01,1000000,Active
CU005429,  Cornerstone Homes ,Distributor,R03,SR0173,WI City,WI,46979,2018-01-14,250000,Active
CU005430,Cornerstone Builders,Contractor,R01,SR0136,NJ City,NJ,76501,2022-12-08,1000000,Active
CU005431,Cornerstone LLC,Contractor,R05,SR0050,WA Heights,WA,35293,2020-05-09,500000,Active
CU005432,Prime LLC,Distributor,R03,SR0023,IL Heights,IL,57590,2020-05-17,500000,Active
CU005433,Urban Builders,Contractor,R02,SR0022,SC Heights,SC,96590,2022-11-23,50000,Active
CU005434,Urban Contracting,Builder,R05,SR0100,CA City,CA,20580,2019-05-20,25000,Active
CU005435,Evergreen Homes,Distributor,R05,SR0010,CO City,CO,40789,2023-10-03,25000,Active
CU005436,Pioneer Materials,Contractor,R03,SR0148,IN City,IN,92624,2023-03-04,1000000,Active
CU005437,Pioneer Contracting,Contractor,R05,SR0045,OR Metro,OR,54237,2019-03-02,25000,Active
CU005438,Cornerstone Builders,Retailer,R04,SR0189,OK Metro,OK,41016,2025-03-18,100000,Active
CU005439,Urban Development,Builder,R03,SR0043,MI City,MI,91481,2022-09-18,100000,Active
CU005440,Summit Supply,Contractor,R03,SR0028,IL Metro,IL,51326,2019-08-22,50000,Active
CU005441,Urban Homes,Contractor,R02,SR0067,GA Heights,GA,92396,2024-07-11,25000,Active
CU005442,Summit Group,Contractor,R02,SR0067,SC City,SC,91325,2019-05-16,1000000,Active
CU005443,Prime Builders,Builder,R03,SR0048,OH Heights,OH,86783,2024-06-07,25000,Active
CU005444,Skyline Supply,Contractor,R01,SR0186,CT Metro,CT,88784,2024-01-26,500000,Active
CU005445,Build LLC,Contractor,R05,SR0010,UT Metro,UT,83898,2023-02-13,50000,Active
CU005446,Evergreen LLC,Contractor,R01,SR0066,PA City,PA,81085,2021-01-24,100000,Active
CU005447,Atlas Homes,Contractor,R05,SR0160,UT Metro,UT,69936,2019-01-01,1000000,Active
CU005448,Dream Supply,Distributor,R03,SR0083,MI Metro,MI,85350,2020-01-19,100000,Active
CU005449,Evergreen Group,Retailer,R05,SR0190,OR City,OR,29036,2019-11-14,50000,Active
CU005450,Atlas LLC,Builder,R02,SR0082,GA Heights,GA,49475,2021-07-04,500000,Active
CU005451,Summit Materials,Contractor,R02,SR0107,TN City,TN,59176,2020-01-24,500000,Active
CU005452,Urban Development,Builder,R01,SR0171,NY Metro,NY,65231,2024-04-24,100000,Active
CU005453,Urban Group,Retailer,R02,SR0067,SC City,SC,97758,2023-08-27,100000,Active
CU005454,Evergreen Homes,Contractor,R04,SR0094,OK City,OK,78082,2022-11-19,100000,Active
CU005455,Pioneer Construction,Builder,R05,SR0040,OR Metro,OR,22571,2018-11-15,25000,Active
CU005456,Summit Materials,Retailer,R02,SR0132,NC Heights,NC,56125,2017-04-04,25000,Active
CU005457,Build Development,Distributor,R05,SR0070,OR Metro,OR,47712,2025-01-27,250000,Active
CU005458,Urban Group,Distributor,R01,SR0156,CT City,CT,67827,2024-04-22,100000,Active
CU005459,Build LLC,Contractor,R02,SR0002,SC Heights,SC,72446,2019-06-24,1000000,Active
CU005460,Pioneer Development,Contractor,R04,SR0014,NM Heights,NM,42871,2023-05-10,250000,Active
CU005461,Build Builders,Retailer,R04,SR0109,TX Metro,TX,98096,2019-07-21,100000,Active
CU005462,Pioneer Development,Retailer,R01,SR0041,MA Heights,MA,65360,2019-08-19,1000000,Active
CU005463,Evergreen Construction,Builder,R03,SR0128,IL City,IL,78252,2021-04-11,25000,Active
CU005464,Pioneer LLC,Retailer,R02,SR0027,GA City,GA,92176,2021-09-12,25000,Active
CU005465,Build Builders,Distributor,R02,SR0092,FL Metro,FL,64986,2018-11-06,50000,Active
CU005466,Prime LLC,Distributor,R04,SR0099,AZ Heights,AZ,47068,2025-02-09,25000,Active
CU005467,Cornerstone Contracting,Contractor,R03,SR0023,IL Heights,IL,94768,2019-03-04,500000,Active
CU005468,Cornerstone LLC,Retailer,R01,SR0166,CT Metro,CT,28376,2019-05-10,50000,Active
CU005469,Pioneer Builders,Builder,R05,SR0075,OR Metro,OR,79294,2020-07-23,100000,Active
CU005470,Urban Group,Distributor,R03,SR0148,IN City,IN,68609,2023-09-06,100000,Active
CU005471,Build Group,Contractor,R02,SR0192,FL Heights,FL,42475,2024-09-01,500000,Active
CU005472,Dream Supply,Contractor,R02,SR0112,FL Metro,FL,87215,2020-01-16,100000,Active
CU005473,Metro Homes,Retailer,R01,SR0106,PA Heights,PA,61747,2023-04-28,500000,Active
CU005474,Pioneer Group,Retailer,R01,SR0041,MA City,MA,54471,2017-06-03,500000,Active
CU005475,Evergreen Inc,Distributor,R01,SR0021,PA City,PA,87416,2021-07-27,25000,Active
CU005476,Cornerstone Homes,Builder,R01,SR0181,NJ Heights,NJ,61170,2022-07-15,250000,Active
CU005477,Pioneer Inc,Builder,R05,SR0015,WA Metro,WA,15444,2017-03-09,1000000,Active
CU005478,Skyline LLC,Distributor,R04,SR0079,NV Heights,NV,11726,2018-06-18,1000000,Active
CU005479,Atlas Materials,Retailer,R03,SR0063,IL Heights,IL,29647,2021-06-07,25000,Active
CU005480,Cornerstone Supply,Retailer,R04,SR0104,NM Metro,NM,33336,2017-04-03,250000,Active
CU005481,Cornerstone LLC,Contractor,R03,SR0123,MI Heights,MI,96583,2025-06-08,250000,Active
CU005482,Home Contracting,Builder,R03,SR0083,WI Metro,WI,,2019-07-09,250000,Active
CU005483,Home Contracting,Contractor,R03,SR0143,OH Heights,OH,47260,2018-05-18,25000,Active
CU005484,Dream LLC,Distributor,R02,SR0087,SC City,SC,48832,2023-10-22,500000,Active
CU005485,Evergreen Materials,Builder,R04,SR0074,NM Metro,NM,71002,2018-09-11,500000,Active
CU005486,Atlas LLC,Builder,R01,SR0026,MA City,ma,16250,2018-09-07,100000,Active
CU005487,Dream Builders,Contractor,R03,SR0013,IN Heights,IN,35002,2017-09-01,50000,Active
CU005488,Evergreen Homes,Retailer,R04,SR0004,NV Metro,NV,29453,2020-08-30,500000,Active
CU005489,Dream Construction,Retailer,R03,SR0188,IL Metro,IL,79498,2020-01-01,50000,Active
CU005490,Summit Builders,Distributor,R05,SR0015,CA City,CA,,2017-08-13,1000000,Active
CU005491,Home Construction,Contractor,R03,SR0063,IL Heights,IL,60083,2018-05-23,250000,Active
CU005492,Prime Supply,Contractor,R05,SR0055,WA City,WA,31635,2017-11-16,100000,Active
CU005493,Cornerstone Contracting,Builder,R01,SR0056,NY City,NY,25869,2025-01-14,50000,Active
CU005494,Dream Group,Retailer,R05,SR0040,OR Heights,OR,14747,2023-12-05,100000,Active
CU005495,Prime Inc,Contractor,R01,SR0016,MA City,MA,86117,2017-01-01,1000000,Active
CU005496,Home Contracting,Builder,R03,SR0163,WI Metro,WI,96772,2024-02-18,1000000,Active
CU005497,Home Builders,Contractor,R03,SR0198,IL Heights,IL,84844,2022-06-12,1000000,Active
CU005498,Evergreen Builders,Contractor,R04,SR0034,AZ City,AZ,46222,2021-11-17,500000,Active
CU005499,Build Development,Distributor,R04,SR0094,TX City,TX,83378,2019-12-11,25000,Active
CU005500,Build Inc,Distributor,R03,SR0008,IN City,IN,92821,2021-02-16,1000000,Active
CU005501,Dream Materials,Retailer,R02,SR0197,TN City,TN,26550,2021-04-01,250000,Active
CU005502,Cornerstone Builders,Builder,R03,SR0148,IN Heights,IN,65789,2022-03-16,500000,Active
CU005503,Skyline Construction,Builder,R05,SR0010,OR Metro,OR,85566,2019-10-14,25000,Active
CU005504,Build Group,Distributor,R02,SR0187,NC Heights,NC,12142,2023-03-08,250000,Active
CU005505,Cornerstone Contracting,Contractor,R04,SR0059,TX Heights,TX,28478,2020-01-04,25000,Active
CU005506,Summit LLC,Distributor,R01,SR0026,NY Metro,NY,51902,2025-05-24,250000,Active
CU005507,Metro Builders,Builder,R02,SR0172,GA Metro,GA,12342,2024-12-03,100000,Active
CU005508,Build Materials,Contractor,R04,SR0094,NV City,NV,66952,2022-06-05,250000,Active
CU005509,Atlas LLC,Retailer,R02,SR0052,TN City,TN,41958,2019-07-12,250000,Active
CU005510,Atlas Contracting,Builder,R02,SR0067,TN Metro,TN,69468,2018-04-28,25000,Active
CU005511,Cornerstone Contracting,Contractor,R01,SR0161,NY City,NY,57608,2019-02-14,100000,Active
CU005512,Urban Homes,Distributor,R03,SR0108,MI City,MI,90754,2025-05-18,500000,Active
CU005513,Home Development,Builder,R03,SR0113,OH Heights,OH,97619,2025-06-20,25000,Active
CU005514,Urban Development,Contractor,R01,SR0086,CT Metro,CT,21385,2018-02-05,100000,Active
CU005515,Home Contracting,Retailer,R04,SR0189,NV Metro,NV,77326,2024-06-25,100000,Active
CU005516,Atlas Homes,Retailer,R05,SR0050,CO Metro,CO,10460,2024-04-02,250000,Active
CU005517,Metro Homes,Builder,R03,SR0098,IL Heights,IL,18801,2022-09-05,250000,Active
CU005518,Atlas Contracting,Retailer,R01,SR0106,NJ Heights,NJ,31515,2021-04-11,1000000,Active
CU005519,Summit Materials,Distributor,R02,SR0027,GA City,GA,58344,2019-07-01,250000,Active
CU005520,Skyline Supply,Retailer,R01,SR0091,NJ Heights,NJ,15313,2017-02-22,1000000,Active
CU005521,Home Builders,Builder,R04,SR0129,NM Metro,NM,61104,2020-10-25,500000,Active
CU005522,Cornerstone Inc,Distributor,R05,SR0165,WA Heights,WA,29485,2019-12-10,50000,Active
CU005523,Summit Homes,Builder,R01,SR0136,MA City,MA,70691,2019-09-25,100000,Active
CU005524,Prime Group,Distributor,R04,SR0164,NM Metro,NM,17297,2023-05-27,250000,Active
CU005525,Home Inc,Distributor,R04,SR0199,NV City,NV,30226,2023-09-27,50000,Active
CU005526,Summit Contracting,Retailer,R02,SR0027,TN Metro,TN,37027,2021-12-24,100000,Active
CU005527,Skyline Supply,Contractor,R04,SR0159,NM City,NM,64356,2022-04-09,1000000,Active
CU005528,Build Materials,Contractor,R05,SR0125,CO Metro,CO,53881,2021-10-20,1000000,Active
CU005529,Evergreen Construction,Distributor,R03,SR0173,MI Heights,MI,61480,2020-05-20,1000000,Active
CU005530,Evergreen Materials,Contractor,R05,SR0005,CO Metro,CO,61280,2019-04-15,500000,Active
CU005531,Dream LLC,Builder,R04,SR0054,AZ Heights,AZ,63050,2017-12-24,100000,Active
CU005532,Urban Homes,Contractor,R04,SR0124,AZ Metro,AZ,40364,2022-06-25,1000000,Active
CU005533,Evergreen Supply,Distributor,R02,SR0157,SC Heights,SC,68495,2024-10-31,50000,Active
CU005534,Prime Homes,Builder,R04,SR0154,OK Metro,OK,30502,2019-03-13,1000000,Active
CU005535,Cornerstone Group,Distributor,R03,SR0083,WI Heights,WI,44414,2020-01-15,100000,Active
CU005536,Metro Builders,Distributor,R05,SR0035,WA Metro,WA,88046,2022-10-02,100000,Active
CU005537,Evergreen Construction,Contractor,R01,SR0066,CT City,CT,11645,2020-12-07,500000,Active
CU005538,Skyline Supply,Contractor,R04,SR0004,OK Metro,OK,97752,2023-09-22,100000,Active
CU005539,Summit Inc,Retailer,R05,SR0125,WA Heights,WA,33954,2021-09-03,25000,Active
CU005540,Build LLC,Distributor,R05,SR0015,CA City,CA,87110,2019-05-23,50000,Active
CU005541,Home Builders,Contractor,R05,SR0020,CA Metro,CA,19748,2019-04-05,100000,Active
CU005542,Metro Materials,Contractor,R01,SR0101,MA City,MA,64966,2020-04-05,100000,Active
CU005543,Urban Group,Distributor,R05,SR0180,CA Heights,CA,99121,2021-01-15,25000,Active
CU005544,Home Inc,Builder,R05,SR0020,OR Heights,OR,70267,2022-02-21,50000,Active
CU005545,Evergreen Development,Contractor,R05,SR0095,WA Metro,WA,80965,2020-11-01,100000,Active
CU005546,Atlas Inc,Retailer,R04,SR0019,AZ Heights,AZ,61879,2024-08-15,25000,Active
CU005547,Cornerstone Homes,Builder,R04,SR0094,NV City,NV,66958,2022-10-19,100000,Active
CU005548,Atlas Homes,Builder,R01,SR0141,MA City,MA,21699,2023-04-13,500000,Active
CU005549,Atlas Materials,Retailer,R03,SR0078,IN Heights,IN,92932,2024-08-03,250000,Active
CU005550,Summit Contracting,Contractor,R01,SR0066,NY Metro,NY,36366,2019-09-05,25000,Active
CU005551,Prime Contracting,Contractor,R03,SR0118,OH City,OH,52296,2019-06-17,250000,Active
CU005552,Dream LLC,Distributor,R05,SR0125,CO City,CO,27447,2017-05-17,500000,Active
CU005553,Cornerstone Materials,Contractor,R02,SR0127,NC Metro,NC,40574,2022-04-11,100000,Active
CU005554,Build Construction,Distributor,R04,SR0019,NV Heights,NV,98278,2022-03-20,250000,Active
CU005555,Skyline Development,Distributor,R03,SR0103,MI City,MI,95882,2024-11-11,500000,Active
CU005556,Skyline Homes,Contractor,R01,SR0136,PA Heights,PA,98984,2019-09-21,50000,Active
CU005557,Build Supply,Distributor,R02,SR0057,GA City,GA,75143,2019-07-27,50000,Active
CU005558,Build Supply,Builder,R01,SR0131,CT City,CT,37165,2017-06-29,500000,Active
CU005559,Cornerstone LLC,Retailer,R04,SR0199,AZ Heights,AZ,45986,2018-02-13,100000,Active
CU005560,Skyline Inc,Distributor,R01,SR0176,MA Heights,MA,18545,2022-07-23,1000000,Active
CU005561,Skyline Development,Builder,R05,SR0145,OR Heights,OR,73238,2023-11-28,50000,Active
CU005562,Pioneer Construction,Retailer,R02,SR0157,FL City,FL,76200,2021-11-07,50000,Active
CU005563,Metro LLC,Retailer,R03,SR0108,OH Heights,OH,58761,2025-03-30,25000,Active
CU005564,Skyline Materials,Builder,R03,SR0053,MI Metro,MI,80692,2018-02-04,500000,Active
CU005565,Build Materials,Retailer,R01,SR0071,CT Metro,CT,99920,2025-05-10,500000,Active
CU005566,Prime LLC,Contractor,R05,SR0075,UT Heights,UT,65780,2025-01-09,25000,Active
CU005567,Skyline Inc,Distributor,R04,SR0074,NM Heights,NM,57276,2017-02-06,500000,Active
CU005568,Atlas LLC,Retailer,R01,SR0151,PA City,PA,63896,2024-02-02,25000,Active
CU005569,Urban Supply,Contractor,R02,SR0002,GA Heights,GA,63869,2024-09-22,1000000,Active
CU005570,Pioneer LLC,Retailer,R04,SR0014,OK Heights,OK,92600,2020-11-26,100000,Active
CU005571,Dream Development,Retailer,R02,SR0117,TN City,TN,47618,2020-08-29,500000,Active
CU005572,Skyline Builders,Distributor,R05,SR0165,WA City,WA,15207,2022-11-03,500000,Active
CU005573,Prime LLC,Contractor,R04,SR0084,NV Heights,NV,20848,2019-12-02,250000,Active
CU005574,Evergreen Builders,Distributor,R01,SR0141,MA Heights,MA,62580,2019-01-01,100000,Active
CU005575,Urban Group,Distributor,R03,SR0013,IN City,IN,64334,2023-03-10,50000,Active
CU005576,Summit Construction,Builder,R04,SR0149,OK Metro,OK,29032,2020-02-10,50000,Active
CU005577,Home Group,Retailer,R03,SR0028,WI Metro,WI,76477,2024-09-24,100000,Active
CU005578,Atlas Inc,Distributor,R01,SR0111,CT Heights,CT,36665,2018-08-02,25000,Active
CU005579,Dream Supply,Builder,R05,SR0020,UT Heights,UT,13622,2019-03-20,500000,Active
CU005580,Pioneer Supply,Retailer,R02,SR0007,TN Heights,TN,74321,2019-02-18,100000,Active
CU005581,Summit Contracting,Distributor,R04,SR0034,NM Heights,NM,61190,2017-09-22,25000,Active
CU005582,Evergreen Group,Retailer,R05,SR0040,OR City,OR,25624,2023-11-26,100000,Active
CU005583,Dream Group,Contractor,R02,SR0192,TN City,TN,61698,2023-05-08,250000,Active
CU005584,Evergreen Development,Contractor,R02,SR0087,TN City,TN,27118,2024-06-29,1000000,Active
CU005585,Metro Inc,Retailer,R05,SR0180,WA Metro,WA,93121,2017-09-06,1000000,Active
CU005586,Build Development,Builder,R05,SR0095,OR Heights,OR,57500,2022-08-26,50000,Active
CU005587,Pioneer Materials,Contractor,R04,SR0109,OK Metro,OK,78253,2020-07-01,250000,Active
CU005588,Home Builders,Builder,R03,SR0043,OH Heights,OH,36201,2019-02-10,1000000,Active
CU005589,Metro Builders,Contractor,R02,SR0097,SC Heights,SC,49219,2018-08-21,25000,Active
CU005590,Skyline Materials,Retailer,R01,SR0041,CT Metro,CT,24306,2022-05-06,250000,Active
CU005591,Metro Contracting,Retailer,R05,SR0090,CO Metro,CO,66782,2018-08-31,1000000,Active
CU005592,Atlas Construction,Builder,R05,SR0015,CO City,CO,47482,2017-09-27,25000,Active
CU005593,Home Development,Builder,R02,SR0127,GA Metro,GA,64374,2025-02-10,50000,Active
CU005594,Urban Homes,Builder,R01,SR0111,MA Metro,MA,93539,2021-12-09,100000,Active
CU005595,Atlas Materials,Builder,R01,SR0021,MA City,MA,57850,2022-09-11,25000,Active
CU005596,Home Supply,Retailer,R05,SR0145,WA Metro,WA,23477,2024-10-24,500000,Active
CU005597,Cornerstone Group,Retailer,R04,SR0024,NV City,NV,81629,2022-08-31,1000000,Active
CU005598,Metro Homes,Contractor,R01,SR0186,PA Heights,PA,88908,2022-08-25,25000,Active
CU005599,Prime Materials,Contractor,R04,SR0119,TX Heights,Texas,33176,2017-03-18,250000,Active
CU005600,Home Construction,Contractor,R03,SR0023,IN Heights,IN,53059,2017-08-14,500000,Active
CU005601,Prime Development,Distributor,R02,SR0172,SC City,SC,36903,2024-02-08,250000,Active
CU005602,Skyline Group,Retailer,R03,SR0153,OH City,OH,65515,2022-04-17,500000,Active
CU005603,Build Materials,Distributor,R01,SR0126,NJ City,NJ,30565,2023-08-06,1000000,Active
CU005604,Prime Supply,Distributor,R02,SR0042,GA Metro,GA,23333,2021-11-26,25000,Active
CU005605,Summit Contracting,Contractor,R02,SR0187,FL City,FL,24361,2023-08-06,500000,Active
CU005606,Urban Inc,Distributor,R04,SR0109,NV Heights,NV,55763,2019-10-20,50000,Active
CU005607,Cornerstone LLC,Contractor,R04,SR0169,NM Metro,NM,48930,2023-10-26,500000,Active
CU005608,Skyline Supply,Builder,R05,SR0040,CO Heights,CO,74432,2024-03-19,1000000,Active
CU005609,Home Builders,Retailer,R02,SR0147,TN City,TN,79449,2020-03-15,100000,Active
CU005610,Urban Materials,Distributor,R03,SR0098,IL Metro,IL,48660,2023-12-13,250000,Active
CU005611,Evergreen Development,Distributor,R01,SR0051,MA City,MA,25373,2018-02-06,1000000,Active
CU005612,Summit Group,Contractor,R04,SR0164,NV Metro,NV,36702,2020-02-05,500000,Active
CU005613,Home Contracting,Builder,R03,SR0158,MI Metro,MI,58461,2018-11-12,500000,Active
CU005614,Dream Development,Contractor,R04,SR0064,NV Metro,NV,84633,2018-11-01,250000,Active
CU005615,Home Supply,Contractor,R02,SR0102,SC Heights,SC,31259,2018-08-12,25000,Active
CU005616,Cornerstone Construction,Retailer,R03,SR0078,WI Metro,WI,73500,2019-08-25,100000,Active
CU005617,Evergreen Development,Distributor,R05,SR0010,UT Metro,UT,36911,2022-08-10,250000,Active
CU005618,Summit Inc,Builder,R05,SR0075,WA Metro,WA,62126,2018-04-03,250000,Active
CU005619,Atlas Development,Retailer,R05,SR0100,CA Metro,CA,52938,2018-02-28,250000,Active
CU005620,Summit Construction,Builder,R03,SR0193,WI Metro,WI,53266,2022-03-05,25000,Active
CU005621,Urban Construction,Retailer,R01,SR0006,MA City,MA,88539,2019-09-30,1000000,Active
CU005622,Pioneer Development,Distributor,R04,SR0034,AZ Heights,AZ,,2023-06-24,250000,Active
CU005623,Evergreen Builders,Contractor,R04,SR0069,NM Heights,NM,48070,2021-09-21,25000,Active
CU005624,Evergreen Inc,Distributor,R03,SR0078,OH Heights,OH,78097,2017-01-07,1000000,Active
CU005625,Metro LLC,Distributor,R01,SR0081,CT Metro,CT,27996,2025-03-11,25000,Active
CU005626,Metro LLC,Contractor,R03,SR0188,IN City,IN,34524,2024-09-14,1000000,Active
CU005627,Metro Homes,Retailer,R04,SR0114,NM Heights,NM,22337,2018-02-15,250000,Active
CU005628,Dream Contracting,Distributor,R02,SR0197,FL City,FL,48312,2022-06-23,50000,Active
CU005629,Prime Inc,Builder,R02,SR0077,TN Heights,TN,20797,2023-09-11,250000,Active
CU005630,Build Contracting,Contractor,R04,SR0164,AZ Heights,AZ,88157,2019-08-04,1000000,Active
CU005631,Cornerstone Homes,Distributor,R01,SR0051,PA City,PA,78968,2018-12-17,50000,Active
CU005632,Skyline Homes,Contractor,R05,SR0150,WA Metro,WA,64446,2020-08-25,500000,Active
CU005633,Build Construction,Builder,R02,SR0042,GA Metro,GA,21621,2019-09-29,250000,Active
CU005634,Metro Construction,Builder,R01,SR0166,MA City,MA,20021,2019-12-17,500000,Active
CU005635,Build Builders,Contractor,R02,SR0042,SC Metro,SC,93719,2025-02-19,25000,Active
CU005636,Prime Builders,Retailer,R03,SR0188,IL City,IL,70490,2024-01-16,500000,Active
CU005637,Build Development,Contractor,R01,SR0021,NJ Heights,NJ,31181,2018-04-11,100000,Active
CU005638,Metro Contracting,Distributor,R02,SR0107,TN Metro,TN,15445,2019-10-06,25000,Active
CU005639,Prime Development,Contractor,R05,SR0200,CA Metro,CA,41537,2023-09-25,500000,Active
CU005640,Home Builders,Distributor,R01,SR0116,NJ Metro,NJ,80526,2020-07-26,25000,Active
CU005641,Metro Supply,Contractor,R04,SR0184,TX City,TX,48777,2018-10-15,100000,Active
CU005642,Dream Development,Contractor,R04,SR0134,NM City,NM,71997,2020-12-20,1000000,Active
CU005643,Evergreen Development,Contractor,R02,SR0062,GA Heights,GA,11770,2022-06-06,1000000,Active
CU005644,Evergreen Homes,Retailer,R05,SR0135,WA Metro,WA,45407,2022-12-01,50000,Active
CU005645,Metro Materials,Distributor,R03,SR0023,WI Heights,WI,72279,2022-01-23,25000,Active
CU005646,Pioneer Builders,Builder,R03,SR0138,IN Metro,IN,61110,2017-05-16,50000,Active
CU005647,Cornerstone Materials,Contractor,R02,SR0067,FL Metro,FL,61186,2020-08-11,1000000,Active
CU005648,Cornerstone Group,Contractor,R05,SR0010,CO Heights,CO,95435,2021-10-23,25000,Active
CU005649,Skyline Development,Retailer,R05,SR0170,CA City,CA,52895,2022-11-20,100000,Active
CU005650,Atlas Development,Distributor,R01,SR0096,PA Metro,PA,88927,2019-06-07,50000,Active
CU005651,Metro Builders,Builder,R05,SR0190,OR City,OR,39916,2020-02-19,1000000,Active
CU005652,Dream Inc,Distributor,R05,SR0105,OR City,OR,90897,2017-12-31,100000,Active
CU005653,Evergreen Homes,Contractor,R02,SR0197,NC Heights,NC,61416,2018-04-23,500000,Active
CU005654,Metro Group,Builder,R02,SR0142,SC Heights,SC,70452,2023-05-31,25000,Active
CU005655,Pioneer Contracting,Contractor,R02,SR0017,FL Heights,FL,82642,2023-10-19,250000,Active
CU005656,Atlas Development,Contractor,R01,SR0106,MA City,ma,60355,2021-09-02,25000,Active
CU005657,Cornerstone Materials,Distributor,R05,SR0060,UT City,UT,76262,2019-03-21,100000,Active
CU005658,Evergreen Construction,Retailer,R04,SR0009,NV Metro,NV,25078,2018-05-10,250000,Active
CU005659,Skyline Group,Contractor,R04,SR0144,TX Metro,TX,67726,2020-09-08,50000,Active
CU005660,Atlas Contracting,Contractor,R02,SR0037,GA City,GA,79056,2019-11-25,1000000,Active
CU005661,Dream Supply,Retailer,R05,SR0105,OR Heights,OR,68956,2024-12-15,25000,Active
CU005662,Urban Construction,Contractor,R03,SR0113,IN City,IN,72052,2017-02-13,250000,Active
CU005663,Metro Contracting,Contractor,R04,SR0164,NM Heights,NM,28970,2018-08-15,50000,Active
CU005664,Build Group,Retailer,R01,SR0126,PA City,PA,99074,2024-12-27,50000,Active
CU005665,Cornerstone LLC,Retailer,R04,SR0149,NM Heights,NM,88612,2017-03-06,25000,Active
CU005666,Summit Materials,Retailer,R01,SR0146,MA Heights,MA,77463,2023-08-12,50000,Active
CU005667,Prime Construction,Builder,R02,SR0112,GA City,GA,92944,2017-11-17,25000,Active
CU005668,Build Inc,Distributor,R02,SR0022,NC Metro,NC,63719,2021-01-16,500000,Active
CU005669,Skyline Group,Distributor,R05,SR0170,UT City,UT,12816,2017-11-13,500000,Active
CU005670,Urban LLC,Distributor,R02,SR0017,NC Metro,NC,35653,2023-01-03,250000,Active
CU005671,Skyline Development,Builder,R02,SR0017,SC Metro,SC,45808,2022-10-21,500000,Active
CU005672,Atlas Builders,Distributor,R05,SR0105,OR Heights,OR,69861,2021-03-28,500000,Active
CU005673,Skyline LLC,Contractor,R02,SR0187,NC Metro,NC,65588,2017-02-09,25000,Active
CU005674,Home Supply,Builder,R04,SR0129,AZ Heights,AZ,23834,2022-11-21,100000,Active
CU005675,Home Inc,Builder,R05,SR0045,CO Heights,CO,63409,2020-06-24,50000,Active
CU005676,Prime Supply,Retailer,R05,SR0125,CO Metro,CO,91915,2021-01-29,25000,Active
CU005677,Prime LLC,Distributor,R02,SR0102,FL City,FL,61186,2018-04-24,250000,Active
CU005678,Summit Homes,Retailer,R01,SR0081,MA Heights,MA,64716,2019-01-23,250000,Active
CU005679,Pioneer Development,Distributor,R05,SR0020,CA Heights,CA,69144,2022-07-24,50000,Active
CU005680,Atlas LLC,Contractor,R01,SR0051,NY City,NY,68424,2020-08-09,100000,Active
CU005681,Evergreen Supply,Builder,R03,SR0043,IN Heights,IN,18566,2023-07-15,25000,Active
CU005682,Build Contracting,Distributor,R04,SR0189,NV City,NV,75758,2025-02-17,1000000,Active
CU005683,Evergreen Builders,Builder,R02,SR0157,GA City,GA,57965,2019-02-13,25000,Active
CU005684,Atlas Development,Distributor,R04,SR0189,OK Heights,OK,74825,2020-02-18,100000,Active
CU005685,Urban Group,Retailer,R03,SR0053,IN City,IN,85011,2020-01-17,100000,Active
CU005686,Dream Group,Builder,R05,SR0085,CO Heights,CO,15567,2023-02-04,250000,Active
CU005687,Prime Homes,Retailer,R01,SR0036,MA Metro,MA,87332,2020-06-23,250000,Active
CU005688,Skyline Contracting,Retailer,R02,SR0187,TN City,TN,15257,2020-08-12,250000,Active
CU005689,Build Group,Contractor,R03,SR0053,IN City,IN,21559,2021-04-09,25000,Active
CU005690,Atlas Inc,Retailer,R05,SR0050,WA Metro,WA,67390,2019-03-23,50000,Active
CU005691,Skyline Inc,Contractor,R02,SR0182,TN Heights,TN,72969,2021-01-25,500000,Active
CU005692,Evergreen Development,Contractor,R05,SR0040,UT Metro,UT,46131,2017-10-01,500000,Active
CU005693,Home Homes,Builder,R05,SR0075,UT City,UT,12357,2023-01-21,1000000,Active
CU005694,Build Homes,Contractor,R03,SR0163,IN City,IN,10590,2023-04-22,25000,Active
CU005695,Summit Builders,Retailer,R03,SR0043,IL Heights,IL,50201,2023-11-11,50000,Active
CU005696,Pioneer Materials,Contractor,R05,SR0010,OR Heights,OR,50548,2022-02-04,25000,Active
CU005697,Evergreen Supply,Distributor,R03,SR0093,MI City,MI,81853,2022-06-12,500000,Active
CU005698,Skyline LLC,Builder,R01,SR0116,NJ Heights,NJ,27715,2023-08-31,50000,Active
CU005699,Prime Builders,Contractor,R01,SR0161,NY City,NY,74267,2017-08-15,1000000,Active
CU005700,Dream LLC,Builder,R04,SR0049,NM City,NM,92601,2024-05-29,250000,Active
CU005701,Summit Group,Retailer,R04,SR0069,OK City,OK,87702,2022-05-26,100000,Active
CU005702,Pioneer Contracting,Builder,R02,SR0137,GA City,GA,42431,2018-10-12,100000,Active
CU005703,Dream Contracting,Retailer,R04,SR0069,TX Heights,TX,53295,2022-12-02,50000,Active
CU005704,Prime Group,Contractor,R02,SR0087,NC Heights,NC,91679,2025-03-13,1000000,Active
CU005705,Dream Development,Builder,R05,SR0185,CA Heights,CA,96445,2023-09-22,1000000,Active
CU005706,Urban Contracting,Builder,R04,SR0194,AZ Metro,AZ,76621,2023-08-09,250000,Active
CU005707,Build Inc,Retailer,R04,SR0179,NM Heights,NM,40212,2017-12-06,25000,Active
CU005708,Atlas Development,Distributor,R03,SR0088,MI Metro,MI,50096,2019-07-01,1000000,Active
CU005709,Dream Supply,Retailer,R04,SR0179,AZ Metro,AZ,43257,2021-03-04,50000,Active
CU005710,Prime Supply,Distributor,R04,SR0174,AZ Metro,AZ,35676,2020-09-13,100000,Active
CU005711,Urban Homes,Distributor,R02,SR0132,FL City,FL,90659,2017-05-24,100000,Active
CU005712,Urban Inc,Builder,R03,SR0153,IN City,IN,95488,2019-08-10,25000,Active
CU005713,Build Builders,Contractor,R03,SR0118,IN City,IN,82226,2024-12-05,100000,Active
CU005714,Pioneer Supply,Builder,R02,SR0022,NC City,NC,28202,2018-06-26,50000,Active
CU005715,Dream Contracting,Distributor,R01,SR0071,NJ Metro,NJ,15152,2024-01-23,500000,Active
CU005716,Pioneer Construction,Distributor,R05,SR0075,CO Metro,CO,64152,2019-07-25,25000,Active
CU005717,Summit LLC,Retailer,R05,SR0145,UT Heights,UT,85519,2023-06-10,100000,Active
CU005718,Metro Development,Contractor,R01,SR0041,NJ City,NJ,37209,2023-05-18,500000,Active
CU005719,Dream Inc,Distributor,R02,SR0117,GA Metro,GA,89508,2019-02-22,50000,Active
CU005720,Cornerstone Construction,Builder,R02,SR0027,FL Heights,FL,52326,2023-09-26,50000,Active
CU005721,Metro Homes,Retailer,R04,SR0034,NV City,NV,99468,2018-01-17,1000000,Active
CU005722,Urban Inc,Distributor,R04,SR0084,NM Heights,NM,35149,2023-04-19,250000,Active
CU005723,Metro Construction,Builder,R02,SR0007,SC Heights,SC,,2021-09-01,25000,Active
CU005724,Home Supply,Distributor,R01,SR0161,NJ Heights,NJ,20599,2019-10-02,500000,Active
CU005725,Metro LLC,Contractor,R01,SR0066,NJ Metro,NJ,88703,2020-06-27,500000,Active
CU005726,Cornerstone Homes,Distributor,R03,SR0048,OH Heights,OH,14359,2018-08-31,50000,Active
CU005727,Metro Contracting,Retailer,R05,SR0070,UT Heights,UT,93891,2025-06-28,1000000,Active
CU005728,Atlas Group,Retailer,R01,SR0016,NJ Metro,NJ,49646,2024-07-24,1000000,Active
CU005729,Pioneer Homes,Contractor,R02,SR0142,FL Heights,FL,65932,2017-07-26,1000000,Active
CU005730,Atlas Development,Builder,R05,SR0065,OR Metro,OR,38142,2018-11-05,25000,Active
CU005731,Dream Materials,Builder,R04,SR0154,TX Metro,TX,,2019-07-24,1000000,Active
CU005732,Evergreen Development,Retailer,R02,SR0012,SC Metro,SC,44011,2025-05-18,500000,Active
CU005733,Summit Builders,Distributor,R05,SR0005,WA Metro,WA,77168,2019-07-05,25000,Active
CU005734,Dream Materials,Builder,R01,SR0146,MA City,MA,81466,2023-09-23,50000,Active
CU005735,  Metro Inc ,Distributor,R01,SR0031,MA City,MA,23352,2023-03-25,50000,Active
CU005736,Evergreen Materials,Builder,R05,SR0070,WA City,WA,27862,2024-05-13,50000,Active
CU005737,Summit Development,Builder,R02,SR0042,GA Metro,GA,25939,2019-02-27,50000,Active
CU005738,Pioneer Group,Retailer,R01,SR0121,PA Metro,PA,62931,2018-05-24,100000,Active
CU005739,Prime Construction,Builder,R04,SR0099,NM City,NM,40736,2024-10-30,50000,Active
CU005740,Atlas Homes,Builder,R05,SR0035,CA City,CA,66615,2021-05-27,250000,Active
CU005741,Prime Builders,Distributor,R05,SR0180,CO Metro,CO,65598,2018-04-15,100000,Active
CU005742,Metro Materials,Distributor,R02,SR0122,NC Metro,NC,86772,2023-04-28,1000000,Active
CU005743,Evergreen Construction,Retailer,R02,SR0192,SC Metro,SC,30978,2021-08-09,1000000,Active
CU005744,Urban Development,Distributor,R05,SR0175,OR Heights,OR,71317,2024-06-29,50000,Active
CU005745,Skyline Group,Builder,R05,SR0020,WA City,WA,77071,2025-03-08,25000,Active
CU005746,Evergreen Development,Retailer,R05,SR0160,CA City,CA,16060,2019-07-21,50000,Active
CU005747,Build Materials,Distributor,R03,SR0158,OH City,OH,72294,2023-06-03,1000000,Active
CU005748,Cornerstone Construction,Distributor,R05,SR0020,WA City,WA,45188,2022-03-15,50000,Active
CU005749,Prime Contracting,Retailer,R05,SR0010,CA Heights,CA,57235,2017-09-13,1000000,Active
CU005750,Build Homes,Distributor,R05,SR0120,UT Metro,UT,73639,2019-03-30,100000,Active
CU005751,Home LLC,Retailer,R01,SR0116,CT Heights,CT,60985,2024-12-01,100000,Active
CU005752,Build Homes,Distributor,R04,SR0199,AZ Heights,AZ,62301,2020-07-31,1000000,Active
CU005753,Home Contracting,Builder,R03,SR0153,IN City,IN,18472,2019-08-23,25000,Active
CU005754,Build Construction,Retailer,R05,SR0170,CO Metro,CO,,2017-08-18,250000,Active
CU005755,Pioneer Homes,Builder,R04,SR0109,NV City,NV,37126,2019-03-07,1000000,Active
CU005756,Skyline Homes,Distributor,R03,SR0063,MI Heights,MI,61486,2017-08-18,1000000,Active
CU005757,Pioneer Supply,Builder,R02,SR0157,FL Heights,FL,61852,2018-01-06,25000,Active
CU005758,Build Group,Distributor,R04,SR0144,NV Heights,NV,11849,2017-03-31,250000,Active
CU005759,Cornerstone Builders,Retailer,R01,SR0186,PA Metro,PA,46511,2020-01-04,50000,Active
CU005760,Urban Inc,Builder,R05,SR0125,UT City,UT,83324,2021-09-03,25000,Active
CU005761,Pioneer Development,Retailer,R02,SR0107,GA Metro,GA,24064,2024-02-07,100000,Active
CU005762,Summit Homes,Contractor,R01,SR0196,CT Heights,CT,64471,2024-12-16,25000,Active
CU005763,Prime Supply,Retailer,R04,SR0184,TX Metro,TX,35908,2018-12-08,50000,Active
CU005764,Dream Homes,Contractor,R05,SR0075,CA Metro,CA,44979,2021-07-18,50000,Active
CU005765,Urban Contracting,Contractor,R03,SR0133,WI Metro,WI,63753,2021-01-21,25000,Active
CU005766,Pioneer Inc,Contractor,R04,SR0009,OK Metro,OK,22516,2021-10-02,1000000,Active
CU005767,Pioneer Construction,Builder,R01,SR0041,CT City,CT,30356,2018-08-29,100000,Active
CU005768,Home Group,Retailer,R03,SR0143,WI Heights,WI,63705,2017-05-15,25000,Active
CU005769,Atlas Group,Contractor,R01,SR0036,NJ City,NJ,65237,2024-04-22,1000000,Active
CU005770,Summit Materials,Retailer,R03,SR0008,WI Metro,WI,28573,2021-08-16,25000,Active
CU005771,Prime Homes,Builder,R05,SR0050,OR City,OR,27758,2021-04-14,100000,Active
CU005772,Evergreen Development,Contractor,R01,SR0046,PA City,PA,60401,2019-05-13,500000,Active
CU005773,Metro Construction,Retailer,R04,SR0194,NV City,NV,44940,2024-09-09,100000,Active
CU005774,Dream Inc,Contractor,R05,SR0045,CA City,CA,23342,2019-01-10,250000,Active
CU005775,Cornerstone LLC,Builder,R05,SR0170,CA Metro,CA,86478,2021-03-17,500000,Active
CU005776,Home Homes,Retailer,R02,SR0097,FL City,FL,77126,2018-06-09,500000,Active
CU005777,Urban Contracting,Retailer,R01,SR0076,CT Heights,CT,90654,2019-01-29,500000,Active
CU005778,Pioneer Inc,Retailer,R02,SR0117,FL City,FL,92563,2023-12-31,100000,Active
CU005779,Skyline Builders,Retailer,R05,SR0165,UT Heights,UT,32798,2019-08-01,1000000,Active
CU005780,Dream LLC,Builder,R05,SR0080,OR Metro,OR,94457,2023-01-04,1000000,Active
CU005781,Prime Construction,Distributor,R04,SR0089,NV Heights,NV,84960,2021-08-26,50000,Active
CU005782,Build Inc,Contractor,R03,SR0068,OH Metro,OH,23286,2021-09-10,25000,Active
CU005783,Dream Development,Contractor,R05,SR0050,UT City,UT,25083,2017-12-26,500000,Active
CU005784,Dream LLC,Contractor,R04,SR0149,NV City,NV,85265,2022-02-06,50000,Active
CU005785,Atlas Construction,Distributor,R04,SR0164,AZ City,AZ,55902,2021-01-21,500000,Active
CU005786,Dream Homes,Builder,R03,SR0008,OH Metro,OH,74631,2022-02-17,25000,Active
CU005787,Urban Development,Distributor,R04,SR0199,NM City,NM,99011,2018-01-20,500000,Active
CU005788,Prime Development,Retailer,R01,SR0186,CT Metro,CT,32567,2023-06-20,500000,Active
CU005789,Home Development,Distributor,R02,SR0017,TN City,TN,30548,2021-07-01,25000,Active
CU005790,Metro Materials,Builder,R01,SR0036,MA Metro,MA,16481,2017-09-03,25000,Active
CU005791,Summit Homes,Contractor,R04,SR0179,AZ Metro,AZ,97614,2023-10-29,1000000,Active
CU005792,Build Supply,Retailer,R03,SR0053,MI Metro,MI,95609,2017-10-22,500000,Active
CU005793,Pioneer Contracting,Contractor,R04,SR0074,OK Metro,OK,32323,2021-06-20,1000000,Active
CU005794,Dream Builders,Contractor,R02,SR0072,NC Heights,NC,19737,2018-12-17,25000,Active
CU005795,Home LLC,Contractor,R05,SR0060,UT Heights,UT,66693,2017-01-01,1000000,Active
CU005796,Pioneer Builders,Retailer,R02,SR0007,NC Heights,NC,87326,2025-01-19,250000,Active
CU005797,Atlas Materials,Retailer,R03,SR0163,WI City,WI,59363,2019-10-21,250000,Active
CU005798,Atlas Homes,Contractor,R03,SR0173,MI Metro,MI,35189,2017-02-07,25000,Active
CU005799,Pioneer Materials,Contractor,R02,SR0127,SC City,SC,14694,2025-03-13,50000,Active
CU005800,Summit LLC,Retailer,R04,SR0074,OK Heights,OK,18362,2021-06-13,50000,Active
CU005801,Skyline Builders,Distributor,R03,SR0143,MI Metro,MI,15756,2023-04-08,100000,Active
CU005802,Urban Group,Builder,R05,SR0060,CO Metro,CO,45837,2021-03-08,250000,Active
CU005803,Summit Materials,Retailer,R03,SR0033,OH Heights,OH,89820,2022-01-24,1000000,Active
CU005804,Evergreen Homes,Builder,R03,SR0108,IL City,IL,64667,2021-12-27,500000,Active
CU005805,Metro Supply,Builder,R02,SR0107,NC Metro,NC,29529,2019-02-11,50000,Active
CU005806,Prime Contracting,Contractor,R01,SR0186,CT Heights,CT,86089,2025-05-18,1000000,Active
CU005807,Evergreen Supply,Contractor,R03,SR0018,IL City,IL,25223,2017-09-10,50000,Active
CU005808,Pioneer Development,Builder,R05,SR0040,OR City,OR,22792,2018-07-30,250000,Active
CU005809,Build Inc,Retailer,R03,SR0033,WI Metro,WI,69171,2023-12-27,25000,Active
CU005810,Skyline Development,Distributor,R01,SR0181,NJ Metro,NJ,94356,2018-08-09,500000,Active
CU005811,Atlas Supply,Distributor,R05,SR0125,CO Metro,CO,70530,2023-03-22,250000,Active
CU005812,Evergreen Contracting,Retailer,R02,SR0187,FL Heights,FL,13661,2021-05-31,1000000,Active
CU005813,Home Materials,Distributor,R03,SR0158,OH Heights,OH,60729,2019-03-02,50000,Active
CU005814,Home Inc,Distributor,R01,SR0066,NJ City,NJ,83615,2020-04-06,100000,Active
CU005815,Metro Builders,Distributor,R03,SR0068,OH City,OH,58960,2022-08-11,50000,Active
CU005816,  Cornerstone Construction ,Retailer,R02,SR0047,GA City,GA,66436,2021-05-01,500000,Active
CU005817,Home LLC,Distributor,R04,SR0154,NM City,NM,16011,2024-01-01,50000,Active
CU005818,Atlas Construction,Builder,R05,SR0035,UT Metro,UT,43301,2022-07-01,250000,Active
CU005819,Dream Group,Builder,R04,SR0114,TX City,TX,11844,2021-10-10,1000000,Active
CU005820,Build Homes,Builder,R01,SR0011,NY City,NY,31343,2024-03-17,100000,Active
CU005821,Atlas Inc,Builder,R05,SR0190,CA Heights,CA,20429,2017-04-18,250000,Active
CU005822,Atlas Homes,Distributor,R04,SR0124,AZ Metro,AZ,24375,2023-08-30,25000,Active
CU005823,Summit Homes,Builder,R04,SR0124,NV City,NV,45499,2021-07-26,50000,Active
CU005824,Pioneer Supply,Contractor,R03,SR0013,WI Metro,WI,24547,2024-06-28,25000,Active
CU005825,Pioneer Construction,Contractor,R02,SR0037,FL Metro,FL,62835,2021-10-23,500000,Active
CU005826,Dream LLC,Contractor,R04,SR0184,AZ Metro,AZ,28943,2022-01-07,500000,Active
CU005827,Metro Materials,Contractor,R05,SR0105,OR City,OR,95239,2018-06-03,100000,Active
CU005828,Build Builders,Distributor,R04,SR0079,NV Metro,NV,91082,2022-06-06,250000,Active
CU005829,Dream Group,Retailer,R01,SR0191,PA Heights,PA,22857,2023-09-07,1000000,Active
CU005830,Atlas Builders,Distributor,R05,SR0185,WA City,WA,97217,2019-12-26,1000000,Active
CU005831,Cornerstone Contracting,Contractor,R02,SR0022,FL Metro,fl,61227,2025-02-12,25000,Active
CU005832,Pioneer Materials,Builder,R02,SR0047,TN Heights,TN,56058,2022-07-04,250000,Active
CU005833,Home Contracting,Contractor,R04,SR0054,OK City,OK,64409,2017-12-23,250000,Active
CU005834,Dream Group,Distributor,R03,SR0108,OH City,OH,98331,2017-10-24,1000000,Active
CU005835,Summit Development,Retailer,R04,SR0159,AZ Heights,AZ,50315,2021-04-22,250000,Active
CU005836,Build Homes,Distributor,R03,SR0028,IL City,IL,15814,2018-08-11,1000000,Active
CU005837,Cornerstone Materials,Retailer,R05,SR0040,OR Metro,OR,10839,2022-11-02,50000,Active
CU005838,Summit Materials,Distributor,R01,SR0021,MA Heights,MA,57770,2019-06-10,25000,Active
CU005839,Urban Construction,Builder,R02,SR0072,SC City,SC,92791,2025-01-28,250000,Active
CU005840,Home Homes,Builder,R04,SR0154,TX City,TX,33897,2022-01-26,500000,Active
CU005841,Urban LLC,Contractor,R03,SR0083,WI Heights,WI,17129,2022-04-14,1000000,Active
CU005842,Home Construction,Retailer,R01,SR0106,NJ Heights,NJ,64082,2022-11-20,250000,Active
CU005843,Dream Development,Contractor,R04,SR0104,OK Heights,OK,92981,2020-07-18,1000000,Active
CU005844,Summit Development,Builder,R03,SR0108,IL Metro,IL,59310,2018-01-28,250000,Active
CU005845,Home Contracting,Distributor,R03,SR0183,WI City,WI,18093,2021-02-07,250000,Active
CU005846,Cornerstone Homes,Distributor,R03,SR0188,MI City,MI,93961,2024-08-22,25000,Active
CU005847,Dream Homes,Contractor,R03,SR0193,IN Metro,IN,49627,2022-03-14,500000,Active
CU005848,Cornerstone Construction,Distributor,R05,SR0170,CA Metro,CA,61020,2018-02-28,1000000,Active
CU005849,Prime Builders,Distributor,R03,SR0048,IN Heights,IN,39140,2025-06-02,1000000,Active
CU005850,  Dream LLC ,Retailer,R03,SR0028,IN Metro,IN,73658,2022-04-27,50000,Active
CU005851,Evergreen Builders,Contractor,R01,SR0181,CT Metro,CT,89007,2022-09-10,100000,Active
CU005852,Skyline Materials,Builder,R04,SR0169,AZ Heights,AZ,52936,2022-03-28,1000000,Active
CU005853,Prime Contracting,Retailer,R01,SR0026,CT City,CT,18370,2019-07-28,500000,Active
CU005854,Home Builders,Contractor,R03,SR0043,OH Heights,OH,65581,2021-10-10,1000000,Active
CU005855,Atlas Construction,Contractor,R05,SR0135,OR Metro,OR,77505,2017-10-14,25000,Active
CU005856,Prime Materials,Retailer,R01,SR0041,NJ Heights,NJ,59260,2021-02-22,25000,Active
CU005857,Prime Development,Distributor,R03,SR0143,OH Metro,OH,16788,2021-07-23,1000000,Active
CU005858,Atlas Construction,Builder,R03,SR0163,IN Heights,IN,43060,2021-04-09,25000,Active
CU005859,Cornerstone LLC,Contractor,R01,SR0031,PA Heights,PA,48435,2019-04-08,1000000,Active
CU005860,Dream Contracting,Builder,R04,SR0034,AZ Heights,AZ,49707,2021-08-29,25000,Active
CU005861,Urban Materials,Distributor,R04,SR0059,NV City,NV,81385,2020-09-10,500000,Active
CU005862,Build Materials,Builder,R02,SR0157,SC Metro,SC,78653,2018-08-22,25000,Active
CU005863,Cornerstone Builders,Builder,R05,SR0175,CA Heights,CA,88039,2023-05-05,25000,Active
CU005864,Prime Materials,Distributor,R03,SR0063,IN City,in,11105,2019-11-23,250000,Active
CU005865,Atlas Homes,Distributor,R05,SR0050,WA City,WA,77185,2022-03-27,25000,Active
CU005866,Urban Homes,Distributor,R03,SR0118,IN City,IN,34696,2020-06-18,100000,Active
CU005867,Pioneer LLC,Contractor,R04,SR0094,NV City,NV,91184,2023-07-02,100000,Active
CU005868,Atlas Materials,Builder,R03,SR0178,IL Heights,IL,18010,2018-06-09,25000,Active
CU005869,Prime Construction,Distributor,R04,SR0109,OK City,OK,57737,2017-05-18,1000000,Active
CU005870,Summit Group,Distributor,R02,SR0052,GA City,GA,64907,2025-03-17,100000,Active
CU005871,Metro Construction,Distributor,R01,SR0026,MA Metro,MA,91631,2024-05-10,25000,Active
CU005872,Dream Contracting,Distributor,R02,SR0137,TN Heights,TN,79099,2017-05-28,250000,Active
CU005873,Prime Group,Retailer,R02,SR0092,NC City,NC,20054,2022-07-10,500000,Active
CU005874,Skyline Development,Distributor,R01,SR0071,PA Heights,PA,46812,2021-03-16,1000000,Active
CU005875,Urban Supply,Distributor,R01,SR0126,MA City,MA,34127,2023-07-14,500000,Active
CU005876,Urban Contracting,Retailer,R02,SR0027,NC Heights,NC,45260,2017-07-21,25000,Active
CU005877,Urban Development,Retailer,R04,SR0074,NM City,NM,62960,2022-09-26,25000,Active
CU005878,Dream Materials,Contractor,R02,SR0057,SC Heights,SC,42305,2023-07-09,250000,Active
CU005879,Pioneer Group,Distributor,R02,SR0022,GA Metro,GA,56132,2019-09-19,25000,Active
CU005880,Prime Materials,Distributor,R01,SR0051,MA Metro,MA,86056,2025-05-13,25000,Active
CU005881,Atlas Group,Retailer,R05,SR0005,WA Metro,WA,34927,2018-02-15,500000,Active
CU005882,Atlas LLC,Builder,R02,SR0077,FL City,FL,80936,2020-09-25,1000000,Active
CU005883,Build Group,Builder,R05,SR0050,OR City,OR,59653,2022-03-22,50000,Active
CU005884,Dream Contracting,Distributor,R04,SR0129,TX Heights,TX,37314,2017-04-27,100000,Active
CU005885,Prime Development,Retailer,R02,SR0022,FL City,FL,35144,2020-02-04,500000,Active
CU005886,Home Builders,Retailer,R01,SR0151,NY City,NY,66773,2023-05-17,1000000,Active
CU005887,Dream Construction,Distributor,R02,SR0022,GA Metro,GA,46022,2018-11-02,500000,Active
CU005888,Evergreen LLC,Builder,R05,SR0065,CO Heights,CO,52353,2023-06-02,50000,Active
CU005889,Cornerstone Construction,Builder,R01,SR0016,MA Metro,MA,13589,2025-03-29,100000,Active
CU005890,Prime Group,Retailer,R04,SR0144,NV Heights,NV,58180,2024-04-01,25000,Active
CU005891,Build Materials,Builder,R04,SR0014,NM Metro,NM,42750,2018-06-05,25000,Active
CU005892,Skyline Contracting,Retailer,R02,SR0187,SC Metro,SC,48937,2017-05-21,50000,Active
CU005893,Pioneer Homes,Builder,R02,SR0067,TN Heights,TN,91515,2018-09-12,100000,Active
CU005894,Evergreen Development,Contractor,R03,SR0153,OH Heights,OH,30665,2021-04-07,250000,Active
CU005895,Prime Development,Distributor,R03,SR0078,WI Metro,WI,47559,2017-06-13,100000,Active
CU005896,Urban Materials,Contractor,R03,SR0163,MI City,MI,54322,2019-06-20,100000,Active
CU005897,Cornerstone Inc,Contractor,R03,SR0083,IN Metro,IN,82727,2018-05-22,100000,Active
CU005898,Dream Builders,Contractor,R01,SR0171,NY City,NY,23721,2024-04-08,50000,Active
CU005899,Atlas Group,Builder,R04,SR0114,OK City,OK,98980,2019-06-14,25000,Active
CU005900,Evergreen LLC,Distributor,R01,SR0101,NY Metro,NY,17240,2017-11-06,50000,Active
CU005901,Build Development,Distributor,R01,SR0166,PA Metro,PA,82892,2021-08-03,100000,Active
CU005902,Skyline Inc,Builder,R04,SR0024,NM Heights,NM,59548,2019-09-14,100000,Active
CU005903,Atlas Materials,Builder,R05,SR0090,WA Metro,WA,99117,2017-03-03,250000,Active
CU005904,Urban Construction,Contractor,R03,SR0178,MI Heights,MI,37835,2021-08-02,500000,Active
CU005905,Pioneer Contracting,Builder,R02,SR0017,TN Heights,TN,26860,2017-06-12,250000,Active
CU005906,Dream Group,Contractor,R05,SR0130,UT Heights,UT,27476,2017-10-12,250000,Active
CU005907,Build Group,Distributor,R02,SR0177,FL City,FL,78011,2018-06-05,100000,Active
CU005908,Skyline Builders,Distributor,R03,SR0188,WI Metro,WI,53825,2019-04-21,500000,Active
CU005909,Summit Group,Builder,R03,SR0073,IL Metro,IL,62987,2022-05-24,500000,Active
CU005910,Dream LLC,Retailer,R02,SR0127,SC Heights,SC,36594,2024-09-04,250000,Active
CU005911,Skyline Materials,Retailer,R04,SR0029,NM City,NM,29089,2023-11-11,50000,Active
CU005912,Build Homes,Distributor,R04,SR0074,TX Heights,TX,28451,2020-07-03,100000,Active
CU005913,Pioneer Group,Retailer,R03,SR0173,IL Metro,IL,48442,2018-05-13,250000,Active
CU005914,Cornerstone Construction,Contractor,R05,SR0125,UT City,UT,78924,2023-07-29,500000,Active
CU005915,Summit Development,Retailer,R02,SR0142,GA City,GA,79046,2020-12-24,500000,Active
CU005916,Prime Contracting,Contractor,R02,SR0072,NC Heights,NC,56046,2017-04-23,500000,Active
CU005917,Pioneer Supply,Builder,R02,SR0182,FL Heights,FL,72337,2022-04-11,1000000,Active
CU005918,Dream Builders,Builder,R05,SR0065,CO City,CO,54398,2024-01-22,50000,Active
CU005919,Atlas Contracting,Distributor,R04,SR0064,AZ City,AZ,55203,2020-01-17,1000000,Active
CU005920,Evergreen Inc,Contractor,R02,SR0092,SC City,SC,40761,2021-12-03,500000,Active
CU005921,Atlas Development,Contractor,R03,SR0013,IL Metro,IL,70912,2024-07-25,1000000,Active
CU005922,Skyline Builders,Builder,R04,SR0114,NV Heights,NV,46111,2017-03-05,25000,Active
CU005923,Summit Supply,Contractor,R04,SR0179,NM Metro,NM,59478,2025-05-12,1000000,Active
CU005924,Pioneer Group,Retailer,R04,SR0034,NV Heights,NV,43691,2020-08-03,50000,Active
CU005925,Skyline Inc,Contractor,R05,SR0165,UT Heights,UT,29003,2020-03-12,50000,Active
CU005926,Skyline Supply,Contractor,R01,SR0131,CT Metro,CT,79715,2021-07-03,50000,Active
CU005927,Skyline Group,Contractor,R04,SR0019,AZ Heights,AZ,99123,2025-04-16,25000,Active
CU005928,Prime Supply,Contractor,R05,SR0200,OR City,OR,48992,2024-02-14,100000,Active
CU005929,Evergreen Construction,Builder,R01,SR0196,NY Metro,NY,72675,2023-07-10,50000,Active
CU005930,Build Supply,Distributor,R02,SR0077,GA Metro,GA,76169,2017-09-29,1000000,Active
CU005931,Cornerstone Homes,Distributor,R04,SR0194,NM City,NM,92672,2023-11-04,100000,Active
CU005932,Skyline Builders,Builder,R05,SR0055,CA Heights,CA,13802,2024-08-12,50000,Active
CU005933,Home Construction,Contractor,R03,SR0028,IN City,IN,22353,2020-03-04,25000,Active
CU005934,Pioneer Group,Builder,R01,SR0131,NY Metro,NY,23284,2019-10-03,25000,Active
CU005935,Dream Contracting,Distributor,R02,SR0117,GA Metro,GA,36941,2024-08-18,100000,Active
CU005936,Prime Development,Retailer,R04,SR0124,NV City,NV,72275,2021-11-29,50000,Active
CU005937,Cornerstone Development,Builder,R01,SR0046,MA Metro,MA,63563,2017-09-20,25000,Active
CU005938,Evergreen Builders,Distributor,R03,SR0008,OH City,OH,44540,2020-03-05,250000,Active
CU005939,Build Inc,Retailer,R03,SR0058,MI Heights,MI,18430,2021-01-11,25000,Active
CU005940,  Summit Materials ,Distributor,R01,SR0191,MA City,MA,70912,2023-10-27,100000,Active
CU005941,Cornerstone Supply,Retailer,R05,SR0075,WA City,WA,67808,2019-04-15,50000,Active
CU005942,Build Builders,Builder,R03,SR0023,OH Metro,OH,51523,2018-05-10,250000,Active
CU005943,Metro Inc,Contractor,R03,SR0043,MI Metro,MI,10190,2019-04-16,100000,Active
CU005944,Metro Construction,Contractor,R01,SR0026,NJ Metro,NJ,19014,2024-05-29,500000,Active
CU005945,Evergreen Construction,Distributor,R02,SR0017,SC City,SC,25517,2022-04-16,500000,Active
CU005946,Pioneer LLC,Distributor,R03,SR0193,IN Heights,IN,47248,2019-08-12,250000,Active
CU005947,Skyline Materials,Distributor,R05,SR0100,WA Heights,WA,50893,2020-05-12,500000,Active
CU005948,Urban Materials,Builder,R04,SR0144,TX Metro,TX,78375,2018-09-17,25000,Active
CU005949,Skyline Builders,Distributor,R02,SR0187,NC Metro,NC,93144,2017-01-08,250000,Active
CU005950,Skyline Development,Retailer,R05,SR0055,UT City,UT,88524,2022-09-30,250000,Active
CU005951,Dream Builders,Distributor,R02,SR0037,NC City,NC,37178,2019-09-04,100000,Active
CU005952,Urban Contracting,Distributor,R02,SR0152,GA Metro,GA,86735,2022-05-02,25000,Active
CU005953,Summit Inc,Retailer,R02,SR0062,TN City,TN,33107,2024-03-24,25000,Active
CU005954,Home Supply,Retailer,R05,SR0150,OR City,OR,12676,2024-01-16,50000,Active
CU005955,Metro Homes,Distributor,R04,SR0129,AZ Metro,AZ,54526,2017-09-06,500000,Active
CU005956,Evergreen Contracting,Retailer,R01,SR0091,PA Heights,PA,92341,2021-03-13,50000,Active
CU005957,Build Materials,Contractor,R04,SR0054,OK Heights,OK,64396,2023-03-20,25000,Active
CU005958,Cornerstone Supply,Distributor,R05,SR0075,CO Metro,CO,33099,2021-08-19,100000,Active
CU005959,Evergreen Development,Contractor,R04,SR0184,TX City,TX,19090,2018-09-06,100000,Active
CU005960,Summit Contracting,Builder,R04,SR0064,TX Metro,TX,63664,2022-07-28,250000,Active
CU005961,Atlas Inc,Distributor,R02,SR0147,NC Metro,NC,66220,2017-09-23,25000,Active
CU005962,Urban Contracting,Distributor,R04,SR0189,AZ City,AZ,55518,2020-10-19,50000,Active
CU005963,Prime Contracting,Retailer,R04,SR0164,OK Heights,OK,11016,2024-09-12,25000,Active
CU005964,Evergreen Development,Builder,R03,SR0018,MI City,MI,46457,2022-12-15,1000000,Active
CU005965,Pioneer Materials,Builder,R04,SR0144,AZ Heights,AZ,38128,2020-03-17,25000,Active
CU005966,Metro Contracting,Distributor,R02,SR0097,GA Heights,GA,29712,2017-09-14,100000,Active
CU005967,Prime Builders,Builder,R01,SR0156,MA City,MA,78440,2023-07-21,500000,Active
CU005968,Urban Group,Contractor,R03,SR0088,MI City,MI,20196,2019-06-13,1000000,Active
CU005969,Metro Group,Contractor,R05,SR0120,OR City,OR,42985,2023-05-14,500000,Active
CU005970,Dream Supply,Contractor,R02,SR0147,FL Heights,FL,52816,2023-11-26,50000,Active
CU005971,Home Construction,Builder,R04,SR0079,AZ City,AZ,84255,2023-03-15,100000,Active
CU005972,Skyline Group,Retailer,R05,SR0080,UT City,UT,73786,2025-05-12,50000,Active
CU005973,Atlas Inc,Contractor,R05,SR0180,CA Metro,CA,88943,2020-03-05,50000,Active
CU005974,Urban Builders,Builder,R05,SR0105,UT City,UT,63809,2019-01-20,500000,Active
CU005975,Skyline Homes,Contractor,R04,SR0014,AZ City,AZ,15001,2020-04-18,250000,Active
CU005976,Evergreen LLC,Retailer,R02,SR0012,TN Heights,TN,89879,2024-01-23,100000,Active
CU005977,Evergreen Group,Contractor,R03,SR0068,IN Metro,IN,88961,2019-11-08,50000,Active
CU005978,Skyline Group,Contractor,R04,SR0079,TX City,TX,11432,2025-04-09,25000,Active
CU005979,Urban Group,Contractor,R04,SR0149,NV Heights,NV,98396,2025-03-16,25000,Active
CU005980,Summit Contracting,Retailer,R02,SR0022,SC Heights,SC,33863,2017-10-22,50000,Active
CU005981,Dream Builders,Contractor,R05,SR0050,CA City,CA,76433,2023-03-23,50000,Active
CU005982,Atlas Development,Builder,R04,SR0154,OK City,OK,86241,2019-11-02,25000,Active
CU005983,Metro Development,Contractor,R01,SR0106,MA Heights,MA,37345,2024-01-08,1000000,Active
CU005984,Urban Supply,Builder,R01,SR0096,PA City,PA,47473,2017-06-20,25000,Active
CU005985,Atlas Inc,Contractor,R05,SR0155,CA City,CA,40451,2019-07-09,1000000,Active
CU005986,Pioneer Development,Distributor,R05,SR0055,CA Metro,CA,52251,2018-06-24,250000,Active
CU005987,Pioneer LLC,Contractor,R03,SR0183,WI Heights,WI,95633,2020-07-23,25000,Active
CU005988,Cornerstone Contracting,Distributor,R02,SR0077,GA Metro,GA,64211,2018-04-03,250000,Active
CU005989,Skyline LLC,Contractor,R04,SR0179,TX Metro,TX,54462,2017-04-30,25000,Active
CU005990,Skyline Materials,Builder,R03,SR0103,OH Metro,OH,94320,2017-10-20,25000,Active
CU005991,Atlas Homes,Distributor,R01,SR0106,NY Heights,NY,44319,2023-07-22,250000,Active
CU005992,Skyline Builders,Contractor,R05,SR0180,CO Heights,CO,32465,2018-03-28,100000,Active
CU005993,  Urban Construction ,Contractor,R01,SR0136,MA Metro,MA,41023,2017-04-15,100000,Active
CU005994,Evergreen Contracting,Retailer,R04,SR0129,NV Heights,NV,16612,2018-10-17,100000,Active
CU005995,Dream LLC,Contractor,R02,SR0002,NC Metro,NC,48813,2019-04-04,100000,Active
CU005996,Build LLC,Retailer,R04,SR0094,OK City,OK,28453,2025-04-26,100000,Active
CU005997,Atlas Supply,Retailer,R05,SR0050,CO Metro,CO,89424,2019-06-19,25000,Active
CU005998,Cornerstone Contracting,Builder,R01,SR0186,NJ City,NJ,74143,2024-01-26,25000,Active
CU005999,Summit Contracting,Distributor,R03,SR0153,IN City,IN,,2023-11-29,500000,Active
CU006000,Atlas Development,Contractor,R02,SR0067,NC Heights,NC,74537,2018-05-04,50000,Active
CU006001,Pioneer Materials,Distributor,R04,SR0034,NM City,NM,55584,2024-02-05,250000,Active
CU006002,Summit Homes,Distributor,R05,SR0150,CA Metro,CA,11837,2023-04-14,50000,Active
CU006003,Skyline Inc,Distributor,R01,SR0006,NJ City,NJ,79480,2025-03-07,25000,Active
CU006004,Atlas Materials,Retailer,R01,SR0126,PA Metro,PA,47857,2017-02-14,100000,Active
CU006005,Skyline Construction,Retailer,R02,SR0022,SC City,SC,22041,2023-04-03,500000,Active
CU006006,Cornerstone Development,Builder,R02,SR0007,TN Metro,TN,17306,2023-03-05,1000000,Active
CU006007,Urban Homes,Distributor,R03,SR0053,OH City,OH,48871,2021-09-20,25000,Active
CU006008,Skyline LLC,Builder,R05,SR0115,WA Heights,WA,46917,2024-03-25,50000,Active
CU006009,Urban Materials,Retailer,R05,SR0105,UT Metro,UT,79367,2024-10-16,250000,Active
CU006010,Pioneer Development,Builder,R03,SR0183,IL City,IL,42553,2024-09-27,25000,Active
CU006011,Dream Supply,Builder,R01,SR0056,NY City,ny,69352,2018-10-02,25000,Active
CU006012,Cornerstone Group,Distributor,R02,SR0172,TN Heights,TN,98880,2017-05-05,500000,Active
CU006013,Prime Construction,Distributor,R01,SR0016,PA City,PA,78714,2023-07-18,250000,Active
CU006014,Skyline Contracting,Distributor,R04,SR0149,OK Heights,OK,61492,2019-04-22,100000,Active
CU006015,Metro Materials,Contractor,R04,SR0039,NM City,NM,96621,2025-02-10,250000,Active
CU006016,Pioneer Development,Contractor,R03,SR0193,OH Metro,OH,34536,2024-04-12,25000,Active
CU006017,Prime LLC,Retailer,R05,SR0030,CO Heights,CO,80635,2020-09-10,500000,Active
CU006018,Build Construction,Builder,R02,SR0062,SC Metro,SC,24531,2019-06-17,250000,Active
CU006019,Prime Builders,Contractor,R04,SR0124,AZ Heights,AZ,89160,2019-09-27,100000,Active
CU006020,Skyline Homes,Retailer,R05,SR0025,UT City,UT,86273,2022-01-20,1000000,Active
CU006021,Pioneer Contracting,Contractor,R01,SR0166,MA Heights,MA,39036,2017-12-08,500000,Active
CU006022,Urban Group,Builder,R05,SR0090,OR Metro,OR,47548,2023-03-25,25000,Active
CU006023,Pioneer Development,Builder,R01,SR0151,MA City,MA,12920,2019-09-26,100000,Active
CU006024,Pioneer Supply,Distributor,R02,SR0062,TN Metro,TN,36056,2021-07-02,50000,Active
CU006025,Summit Homes,Retailer,R02,SR0147,FL Heights,FL,89082,2022-08-13,50000,Active
CU006026,Summit Contracting,Retailer,R03,SR0033,OH Heights,OH,88842,2024-08-15,500000,Active
CU006027,Home Supply,Builder,R05,SR0060,CO Metro,CO,86743,2019-11-07,50000,Active
CU006028,Skyline Development,Contractor,R02,SR0052,SC Heights,SC,83532,2021-02-26,250000,Active
CU006029,Summit Construction,Builder,R03,SR0168,MI Heights,MI,39550,2023-03-08,500000,Active
CU006030,Cornerstone LLC,Distributor,R04,SR0139,OK Metro,OK,74407,2018-05-25,250000,Active
CU006031,Build Homes,Retailer,R01,SR0146,MA City,MA,52428,2022-05-06,500000,Active
CU006032,Summit Development,Distributor,R02,SR0022,GA City,GA,16045,2021-01-07,100000,Active
CU006033,Urban LLC,Retailer,R04,SR0129,NV Metro,NV,37084,2022-03-14,250000,Active
CU006034,Summit Inc,Distributor,R04,SR0054,OK Heights,OK,98232,2018-05-06,50000,Active
CU006035,Pioneer Group,Retailer,R02,SR0112,FL Metro,FL,73166,2017-08-22,500000,Active
CU006036,Evergreen Inc,Contractor,R03,SR0008,WI Metro,WI,21151,2017-12-22,250000,Active
CU006037,Atlas Contracting,Builder,R03,SR0108,MI Metro,MI,82763,2019-11-25,50000,Active
CU006038,Pioneer Group,Retailer,R05,SR0090,CA Heights,CA,38674,2025-03-10,250000,Active
CU006039,Summit Contracting,Contractor,R01,SR0146,NY Heights,NY,60501,2019-12-19,500000,Active
CU006040,Cornerstone Inc,Builder,R01,SR0011,NY Metro,NY,51077,2017-03-06,50000,Active
CU006041,Pioneer Group,Builder,R01,SR0006,NJ Heights,NJ,64758,2022-02-06,250000,Active
CU006042,Urban Materials,Distributor,R03,SR0038,IN Metro,IN,47096,2019-02-21,25000,Active
CU006043,Prime Builders,Retailer,R05,SR0005,OR City,OR,56723,2017-03-27,500000,Active
CU006044,Metro Homes,Distributor,R04,SR0134,OK Heights,OK,23293,2020-04-01,250000,Active
CU006045,Pioneer Supply,Retailer,R03,SR0168,OH City,OH,15990,2021-11-29,50000,Active
CU006046,Pioneer Group,Distributor,R04,SR0029,TX City,TX,94569,2019-12-17,25000,Active
CU006047,Pioneer Materials,Distributor,R01,SR0026,PA Metro,PA,84554,2025-06-14,50000,Active
CU006048,Skyline Materials,Distributor,R02,SR0192,FL Heights,fl,57748,2021-01-07,1000000,Active
CU006049,Cornerstone Construction,Distributor,R03,SR0128,MI Heights,MI,,2017-06-27,250000,Active
CU006050,Metro Group,Contractor,R01,SR0166,NY Heights,NY,45949,2021-05-25,25000,Active
CU006051,Prime Construction,Builder,R02,SR0022,TN Metro,TN,17031,2022-01-13,25000,Active
CU006052,Build LLC,Retailer,R05,SR0105,CA City,CA,35259,2017-12-17,250000,Active
CU006053,Prime Inc,Retailer,R05,SR0175,CO City,CO,67482,2022-07-23,100000,Active
CU006054,Cornerstone Builders,Retailer,R05,SR0055,WA City,WA,35921,2019-03-16,1000000,Active
CU006055,Summit Contracting,Distributor,R05,SR0065,UT City,UT,24752,2019-08-20,100000,Active
CU006056,Pioneer LLC,Distributor,R01,SR0186,CT Heights,CT,83309,2025-02-07,50000,Active
CU006057,Skyline Group,Contractor,R05,SR0150,CO Heights,CO,90350,2025-03-12,1000000,Active
CU006058,Summit Homes,Builder,R05,SR0195,OR Heights,OR,25525,2024-09-19,1000000,Active
CU006059,Cornerstone Development,Contractor,R03,SR0178,WI Metro,WI,78334,2024-04-15,250000,Active
CU006060,Cornerstone Homes,Contractor,R01,SR0041,CT Metro,CT,26209,2021-02-06,1000000,Active
CU006061,Evergreen Group,Retailer,R05,SR0190,WA Metro,WA,78581,2018-07-04,100000,Active
CU006062,Evergreen LLC,Distributor,R04,SR0144,AZ Heights,AZ,61963,2017-05-28,50000,Active
CU006063,Prime Group,Contractor,R04,SR0004,AZ Metro,AZ,90767,2018-01-21,500000,Active
CU006064,Urban Homes,Builder,R05,SR0020,UT Heights,UT,59319,2019-10-01,500000,Active
CU006065,Skyline Homes,Contractor,R02,SR0157,GA Metro,GA,43499,2025-06-04,1000000,Active
CU006066,Prime Contracting,Contractor,R05,SR0040,CO City,CO,28575,2021-06-04,25000,Active
CU006067,Evergreen Builders,Distributor,R02,SR0092,FL Metro,FL,39187,2019-09-21,1000000,Active
CU006068,Urban LLC,Builder,R02,SR0192,NC City,NC,51971,2018-07-25,1000000,Active
CU006069,Atlas Inc,Builder,R04,SR0084,OK City,OK,65663,2023-08-18,50000,Active
CU006070,Summit Homes,Builder,R01,SR0041,MA Metro,MA,75770,2018-08-30,1000000,Active
CU006071,Evergreen Group,Builder,R05,SR0060,CA City,CA,98954,2017-10-20,50000,Active
CU006072,Skyline Homes,Contractor,R03,SR0078,IL Metro,IL,40700,2023-02-23,1000000,Active
CU006073,Evergreen Inc,Retailer,R05,SR0090,OR Metro,OR,56042,2018-10-09,1000000,Active
CU006074,Atlas Group,Distributor,R02,SR0107,TN Heights,TN,12759,2022-02-15,500000,Active
CU006075,Skyline Group,Contractor,R01,SR0041,NY City,NY,12110,2019-09-10,1000000,Active
CU006076,Atlas Construction,Retailer,R03,SR0093,IN Metro,IN,53126,2023-04-15,50000,Active
CU006077,Summit Materials,Contractor,R02,SR0042,GA Heights,GA,90391,2022-09-01,1000000,Active
CU006078,Summit Development,Contractor,R03,SR0073,WI Heights,WI,18173,2017-08-23,1000000,Active
CU006079,Evergreen Supply,Contractor,R04,SR0189,OK Heights,OK,83261,2021-04-22,25000,Active
CU006080,Evergreen Group,Builder,R03,SR0048,IN City,IN,71858,2019-05-18,25000,Active
CU006081,Cornerstone Group,Builder,R03,SR0173,IL Metro,IL,73098,2023-02-23,500000,Active
CU006082,Pioneer Construction,Builder,R04,SR0194,OK Heights,OK,37282,2018-02-23,1000000,Active
CU006083,Evergreen Supply,Builder,R05,SR0165,CA Heights,CA,89311,2025-01-30,500000,Active
CU006084,Cornerstone Development,Distributor,R04,SR0119,NV Heights,NV,93228,2022-08-21,50000,Active
CU006085,Summit Group,Contractor,R01,SR0111,MA City,MA,60922,2021-03-13,50000,Active
CU006086,Build Construction,Contractor,R02,SR0127,FL City,FL,92170,2025-03-23,25000,Active
CU006087,Atlas Inc,Distributor,R03,SR0008,IL City,IL,16092,2018-11-26,25000,Active
CU006088,Prime Homes,Retailer,R04,SR0049,NM Metro,NM,56007,2023-06-08,250000,Active
CU006089,Pioneer Contracting,Distributor,R02,SR0027,NC Metro,NC,74998,2020-03-05,100000,Active
CU006090,Atlas Inc,Retailer,R02,SR0187,NC Heights,NC,90549,2021-10-22,25000,Active
CU006091,Summit Materials,Builder,R03,SR0173,IL Heights,IL,24434,2019-01-27,100000,Active
CU006092,Evergreen LLC,Retailer,R05,SR0190,UT Heights,UT,73372,2018-03-07,100000,Active
CU006093,Cornerstone Materials,Contractor,R04,SR0074,AZ Metro,AZ,82193,2024-08-13,1000000,Active
CU006094,Skyline Construction,Builder,R05,SR0035,WA City,WA,29934,2023-06-14,100000,Active
CU006095,Evergreen Homes,Builder,R05,SR0095,UT City,UT,81743,2020-07-18,50000,Active
CU006096,Build Inc,Retailer,R02,SR0157,NC Metro,NC,68138,2024-04-17,1000000,Active
CU006097,Skyline Builders,Contractor,R01,SR0121,MA City,MA,25874,2021-11-15,25000,Active
CU006098,Metro Group,Builder,R02,SR0127,SC Metro,SC,28344,2022-12-12,500000,Active
CU006099,Prime Group,Distributor,R03,SR0128,MI Metro,MI,51540,2017-10-03,25000,Active
CU006100,Home Development,Contractor,R01,SR0091,MA City,MA,19319,2019-11-22,500000,Active
CU006101,Prime Supply,Distributor,R03,SR0173,IL Heights,IL,99789,2017-06-12,50000,Active
CU006102,Prime Construction,Distributor,R03,SR0118,WI City,WI,73777,2022-10-01,250000,Active
CU006103,Build Homes,Retailer,R03,SR0093,IL Metro,IL,16748,2020-04-20,1000000,Active
CU006104,Dream Group,Contractor,R03,SR0043,IL Heights,IL,28366,2018-03-28,500000,Active
CU006105,Dream Development,Retailer,R04,SR0194,OK Metro,OK,42294,2022-07-22,250000,Active
CU006106,Skyline Supply,Builder,R03,SR0198,WI Metro,WI,56097,2019-11-14,25000,Active
CU006107,Metro Builders,Distributor,R03,SR0068,WI City,WI,24652,2020-11-12,500000,Active
CU006108,Evergreen Contracting,Builder,R04,SR0044,NV Heights,NV,69792,2020-09-12,500000,Active
CU006109,Prime Supply,Distributor,R04,SR0114,NV Metro,NV,46511,2018-09-12,1000000,Active
CU006110,Summit Contracting,Builder,R01,SR0136,NY Heights,NY,87345,2022-08-05,25000,Active
CU006111,Pioneer Homes,Retailer,R02,SR0102,NC Metro,NC,86579,2017-10-03,1000000,Active
CU006112,Skyline Supply,Distributor,R01,SR0166,CT Metro,CT,62098,2017-05-04,500000,Active
CU006113,Urban Inc,Retailer,R01,SR0156,PA Metro,PA,70083,2024-01-22,25000,Active
CU006114,Atlas Homes,Distributor,R03,SR0118,MI Heights,MI,15065,2022-02-02,1000000,Active
CU006115,Dream Homes,Retailer,R03,SR0093,IL Heights,IL,13782,2018-07-08,25000,Active
CU006116,Summit Inc,Distributor,R05,SR0045,WA City,WA,34966,2019-01-10,250000,Active
CU006117,Evergreen Supply,Contractor,R01,SR0086,CT Metro,CT,67083,2022-04-04,100000,Active
CU006118,Cornerstone Inc,Contractor,R03,SR0073,WI Heights,WI,94230,2022-10-20,1000000,Active
CU006119,Build Construction,Distributor,R01,SR0081,PA Metro,PA,64526,2019-08-28,250000,Active
CU006120,Dream Construction,Distributor,R01,SR0131,NY Heights,NY,63541,2019-11-27,1000000,Active
CU006121,Metro Contracting,Builder,R01,SR0131,CT Metro,CT,96540,2025-06-27,50000,Active
CU006122,Atlas Homes,Retailer,R04,SR0009,AZ City,AZ,69733,2017-07-10,1000000,Active
CU006123,Metro Builders,Contractor,R04,SR0084,OK Heights,OK,64455,2020-02-17,500000,Active
CU006124,Pioneer Group,Builder,R02,SR0027,GA Heights,GA,69676,2024-08-08,50000,Active
CU006125,Pioneer LLC,Retailer,R04,SR0084,NV Heights,NV,71658,2022-08-15,50000,Active
CU006126,Build Materials,Distributor,R01,SR0121,PA City,PA,84928,2020-05-04,100000,Active
CU006127,Home LLC,Contractor,R04,SR0199,TX Metro,TX,71105,2022-06-02,1000000,Active
CU006128,Summit LLC,Contractor,R02,SR0092,GA Heights,GA,85228,2024-02-24,100000,Active
CU006129,Dream LLC,Distributor,R04,SR0179,TX City,TX,45116,2022-02-17,50000,Active
CU006130,Pioneer LLC,Retailer,R03,SR0068,WI City,WI,77387,2023-07-09,250000,Active
CU006131,Metro Builders,Builder,R01,SR0156,CT Metro,CT,98573,2024-09-28,1000000,Active
CU006132,Pioneer Homes,Builder,R01,SR0131,NJ Heights,NJ,69244,2019-09-25,1000000,Active
CU006133,Metro Contracting,Distributor,R03,SR0078,IN Metro,in,31683,2024-08-11,500000,Active
CU006134,Skyline Construction,Retailer,R05,SR0150,CO Metro,CO,50928,2017-09-05,250000,Active
CU006135,Summit LLC,Distributor,R04,SR0044,OK City,OK,17005,2019-08-06,50000,Active
CU006136,Urban Development,Contractor,R04,SR0009,AZ City,AZ,27121,2025-03-25,25000,Active
CU006137,Pioneer Supply,Retailer,R02,SR0132,GA Heights,GA,87323,2023-06-10,1000000,Active
CU006138,Prime Builders,Builder,R02,SR0102,SC Heights,SC,76051,2024-04-13,1000000,Active
CU006139,Evergreen LLC,Retailer,R02,SR0052,FL Metro,FL,,2023-11-10,25000,Active
CU006140,Home Supply,Contractor,R02,SR0177,FL City,FL,87950,2021-08-06,1000000,Active
CU006141,Metro Construction,Distributor,R03,SR0153,IN City,IN,54341,2019-03-07,50000,Active
CU006142,Build Materials,Contractor,R02,SR0092,NC Metro,NC,10099,2025-06-10,1000000,Active
CU006143,Metro Materials,Distributor,R03,SR0003,MI Heights,MI,22642,2018-06-17,500000,Active
CU006144,Evergreen Development,Retailer,R02,SR0072,TN City,TN,64016,2021-09-04,1000000,Active
CU006145,Home Supply,Distributor,R01,SR0041,MA City,MA,68196,2022-01-02,250000,Active
CU006146,Metro Development,Distributor,R03,SR0033,IL City,IL,97641,2023-07-28,1000000,Active
CU006147,Summit Construction,Contractor,R05,SR0115,OR City,OR,21465,2023-03-03,500000,Active
CU006148,Dream Construction,Retailer,R03,SR0113,IN Metro,IN,55494,2022-02-03,1000000,Active
CU006149,Metro LLC,Builder,R01,SR0061,CT City,CT,92423,2022-02-12,1000000,Active
CU006150,Metro Contracting,Contractor,R01,SR0101,NJ Metro,NJ,87564,2025-02-28,1000000,Active
CU006151,Atlas Group,Contractor,R04,SR0149,NM City,NM,28994,2021-08-18,1000000,Active
CU006152,  Prime LLC ,Distributor,R04,SR0099,OK Metro,OK,36220,2019-04-11,500000,Active
CU006153,Skyline Supply,Builder,R04,SR0044,NV Metro,NV,81711,2020-07-21,250000,Active
CU006154,Pioneer Contracting,Retailer,R03,SR0138,WI Heights,WI,82088,2024-07-24,100000,Active
CU006155,Evergreen Supply,Contractor,R01,SR0121,PA Metro,PA,30684,2023-09-01,50000,Active
CU006156,Pioneer Group,Contractor,R03,SR0178,IN City,IN,63357,2019-12-13,250000,Active
CU006157,Prime Contracting,Builder,R04,SR0184,TX Metro,TX,39124,2018-08-26,500000,Active
CU006158,Pioneer Inc,Builder,R05,SR0055,CA Heights,CA,10597,2020-05-02,500000,Active
CU006159,Summit Group,Distributor,R04,SR0014,AZ Heights,AZ,80545,2020-11-13,500000,Active
CU006160,Pioneer Homes,Builder,R01,SR0116,CT Metro,CT,13296,2022-05-25,50000,Active
CU006161,Skyline LLC,Retailer,R03,SR0028,WI Heights,WI,67988,2019-06-19,100000,Active
CU006162,Summit Construction,Distributor,R01,SR0061,CT Heights,CT,48405,2018-04-04,50000,Active
CU006163,Metro LLC,Builder,R03,SR0173,IL City,IL,34119,2025-04-25,1000000,Active
CU006164,Prime Supply,Retailer,R02,SR0162,NC Heights,NC,50070,2021-02-21,500000,Active
CU006165,Home Construction,Retailer,R04,SR0079,OK Metro,OK,84847,2024-12-13,500000,Active
CU006166,Atlas Development,Distributor,R05,SR0145,WA Metro,WA,69212,2024-07-08,100000,Active
CU006167,Evergreen Homes,Distributor,R01,SR0046,NJ Heights,NJ,90251,2019-04-22,100000,Active
CU006168,Skyline Materials,Contractor,R02,SR0022,SC City,SC,70790,2021-09-02,500000,Active
CU006169,Build Supply,Builder,R03,SR0038,IL Heights,IL,67595,2020-03-25,250000,Active
CU006170,Home Materials,Builder,R02,SR0137,TN City,TN,81284,2024-02-17,500000,Active
CU006171,Pioneer Materials,Builder,R04,SR0089,AZ Metro,AZ,91245,2024-05-30,1000000,Active
CU006172,Atlas Contracting,Builder,R01,SR0166,NJ Metro,NJ,73335,2021-02-12,50000,Active
CU006173,Evergreen Materials,Contractor,R05,SR0175,UT Metro,UT,,2021-07-05,250000,Active
CU006174,Prime Builders,Contractor,R03,SR0128,MI Heights,MI,13817,2023-02-06,100000,Active
CU006175,Build Materials,Builder,R01,SR0126,NJ Metro,NJ,99645,2024-03-04,1000000,Active
CU006176,Metro Development,Distributor,R01,SR0006,NY Metro,NY,38026,2019-10-04,25000,Active
CU006177,Dream Supply,Distributor,R05,SR0160,UT City,UT,24950,2024-06-06,500000,Active
CU006178,Prime Homes,Contractor,R05,SR0025,CO City,CO,10869,2021-11-05,500000,Active
CU006179,Build Development,Distributor,R03,SR0173,IL Metro,IL,34128,2024-06-20,25000,Active
CU006180,Metro Group,Contractor,R01,SR0066,NJ Heights,NJ,73544,2017-08-04,100000,Active
CU006181,Evergreen Builders,Contractor,R03,SR0118,MI Heights,MI,69128,2024-04-26,25000,Active
CU006182,Dream Supply,Builder,R03,SR0193,OH Heights,OH,55373,2024-04-01,100000,Active
CU006183,Skyline Contracting,Builder,R02,SR0052,NC Heights,NC,20979,2017-01-30,1000000,Active
CU006184,Cornerstone Construction,Distributor,R02,SR0062,NC Heights,NC,92441,2021-09-27,50000,Active
CU006185,Home Development,Contractor,R05,SR0155,CA Metro,CA,95782,2018-05-11,1000000,Active
CU006186,Cornerstone LLC,Builder,R01,SR0176,MA Heights,MA,59919,2019-03-23,25000,Active
CU006187,Evergreen Group,Contractor,R03,SR0078,OH Heights,OH,38718,2022-09-10,100000,Active
CU006188,Skyline Homes,Contractor,R01,SR0126,NY City,NY,52752,2019-06-23,25000,Active
CU006189,Skyline Group,Distributor,R02,SR0037,NC City,NC,47701,2024-01-05,250000,Active
CU006190,Build Supply,Contractor,R02,SR0112,SC City,SC,95222,2018-11-23,50000,Active
CU006191,Atlas Inc,Contractor,R04,SR0044,AZ City,AZ,69020,2018-06-17,250000,Active
CU006192,  Atlas Group ,Builder,R02,SR0002,TN Metro,TN,19141,2023-10-16,25000,Active
CU006193,Urban Homes,Distributor,R03,SR0183,IL Heights,IL,83085,2020-01-30,250000,Active
CU006194,Prime Group,Builder,R03,SR0168,WI Heights,WI,14942,2023-04-17,1000000,Active
CU006195,Skyline LLC,Builder,R03,SR0053,MI City,MI,36724,2019-08-02,25000,Active
CU006196,  Cornerstone Contracting ,Builder,R01,SR0016,NJ Heights,NJ,59201,2023-09-09,100000,Active
CU006197,Pioneer Contracting,Contractor,R02,SR0107,FL Heights,FL,13134,2017-03-23,500000,Active
CU006198,  Skyline Builders ,Builder,R02,SR0127,NC Metro,NC,66661,2024-02-26,500000,Active
CU006199,  Home Development ,Retailer,R01,SR0166,PA City,PA,42189,2023-11-28,250000,Active
CU006200,Build Construction,Builder,R04,SR0134,AZ Metro,AZ,74245,2020-08-25,50000,Active
CU006201,Pioneer Homes,Contractor,R02,SR0077,SC Heights,SC,43916,2020-01-29,500000,Active
CU006202,Summit Inc,Retailer,R02,SR0157,FL City,FL,18207,2017-04-29,100000,Active
CU006203,Pioneer LLC,Builder,R01,SR0166,NY Heights,NY,90254,2025-01-30,500000,Active
CU006204,Dream LLC,Retailer,R04,SR0189,TX Heights,TX,11558,2021-08-13,100000,Active
CU006205,Metro Materials,Retailer,R02,SR0057,TN City,TN,29919,2024-03-13,1000000,Active
CU006206,Urban Builders,Retailer,R01,SR0176,MA Metro,MA,58220,2023-01-23,1000000,Active
CU006207,Metro Group,Retailer,R04,SR0044,TX City,TX,,2018-11-06,25000,Active
CU006208,Dream Builders,Contractor,R02,SR0082,NC Heights,NC,80864,2019-07-21,25000,Active
CU006209,Dream Development,Retailer,R03,SR0123,IN City,IN,66719,2021-01-30,50000,Active
CU006210,Pioneer Contracting,Contractor,R04,SR0159,TX Metro,TX,40016,2022-05-20,1000000,Active
CU006211,Pioneer Inc,Retailer,R02,SR0177,SC Metro,SC,71234,2020-02-14,100000,Active
CU006212,Skyline Homes,Contractor,R04,SR0074,TX Metro,TX,75584,2021-09-26,100000,Active
CU006213,Prime Contracting,Contractor,R04,SR0194,NM City,NM,30117,2017-04-06,1000000,Active
CU006214,Home LLC,Retailer,R04,SR0009,TX City,TX,28980,2024-07-20,250000,Active
CU006215,Metro Construction,Contractor,R05,SR0200,CO Heights,CO,81090,2020-03-11,1000000,Active
CU006216,Summit Materials,Builder,R05,SR0195,OR Heights,OR,18926,2018-08-15,100000,Active
CU006217,Prime Supply,Builder,R05,SR0140,CO City,CO,33750,2025-04-27,500000,Active
CU006218,Summit Homes,Distributor,R05,SR0025,OR City,OR,28812,2022-06-02,500000,Active
CU006219,Cornerstone Materials,Distributor,R03,SR0148,IN Heights,IN,99766,2023-04-01,250000,Active
CU006220,Cornerstone Group,Distributor,R04,SR0109,NV Metro,NV,20559,2024-10-18,500000,Active
CU006221,Metro Group,Distributor,R02,SR0167,NC Heights,NC,66815,2019-12-08,25000,Active
CU006222,Cornerstone Supply,Distributor,R04,SR0134,AZ Heights,AZ,60515,2017-09-26,250000,Active
CU006223,Build Group,Builder,R03,SR0128,WI City,WI,27484,2024-07-17,100000,Active
CU006224,Home Inc,Retailer,R05,SR0010,WA Heights,WA,52193,2017-12-31,250000,Active
CU006225,Cornerstone Builders,Contractor,R02,SR0107,GA Metro,GA,41475,2020-01-10,500000,Active
CU006226,Urban Development,Contractor,R02,SR0167,FL Metro,FL,54807,2019-10-26,50000,Active
CU006227,Urban Construction,Builder,R02,SR0172,NC City,NC,60104,2017-05-27,50000,Active
CU006228,Cornerstone Builders,Builder,R03,SR0063,IL City,IL,49766,2025-01-20,100000,Active
CU006229,Dream LLC,Distributor,R05,SR0190,WA Metro,WA,27754,2022-05-30,100000,Active
CU006230,Home Contracting,Contractor,R01,SR0151,PA Heights,PA,90374,2019-08-19,250000,Active
CU006231,Home Builders,Builder,R02,SR0057,NC City,NC,95737,2024-09-25,50000,Active
CU006232,Urban Contracting,Contractor,R01,SR0016,NJ Metro,NJ,91482,2018-10-15,25000,Active
CU006233,Atlas LLC,Retailer,R04,SR0054,TX Metro,TX,12119,2019-03-16,25000,Active
CU006234,Atlas Inc,Distributor,R01,SR0036,PA City,PA,26080,2025-02-01,25000,Active
CU006235,Prime Materials,Retailer,R02,SR0127,NC Heights,NC,65410,2024-07-03,1000000,Active
CU006236,Urban Homes,Builder,R04,SR0009,NM Heights,NM,10689,2022-10-22,100000,Active
CU006237,Atlas Contracting,Distributor,R03,SR0158,OH Metro,OH,18800,2017-11-09,100000,Active
CU006238,Urban Development,Contractor,R01,SR0131,NY Heights,NY,25366,2024-10-16,50000,Active
CU006239,Cornerstone Development,Builder,R02,SR0017,SC Heights,SC,72929,2023-05-29,250000,Active
CU006240,Atlas Builders,Distributor,R05,SR0190,CA Metro,CA,15237,2023-08-05,250000,Active
CU006241,Urban Construction,Distributor,R05,SR0025,CA Metro,CA,70663,2019-11-21,500000,Active
CU006242,Cornerstone Materials,Retailer,R03,SR0068,IL Heights,IL,65794,2017-02-20,25000,Active
CU006243,Build Construction,Distributor,R04,SR0049,NV Heights,NV,30269,2020-02-25,250000,Active
CU006244,Pioneer Development,Builder,R01,SR0106,CT Heights,CT,48022,2020-07-18,25000,Active
CU006245,Urban Materials,Contractor,R05,SR0080,WA Heights,WA,39893,2021-04-20,1000000,Active
CU006246,Metro Inc,Contractor,R01,SR0196,MA Metro,MA,37374,2017-02-12,500000,Active
CU006247,Atlas Materials,Retailer,R04,SR0004,AZ City,az,62807,2022-10-09,100000,Active
CU006248,Summit Inc,Builder,R04,SR0039,NV Metro,NV,41644,2018-03-14,1000000,Active
CU006249,Atlas Builders,Contractor,R01,SR0016,CT City,CT,89026,2024-09-11,25000,Active
CU006250,Metro Inc,Builder,R04,SR0009,NV Metro,NV,91537,2024-07-14,500000,Active
CU006251,Evergreen Homes,Builder,R04,SR0194,NM Metro,NM,11831,2022-10-31,25000,Active
CU006252,Evergreen Contracting,Distributor,R02,SR0067,GA Heights,GA,59021,2018-07-11,500000,Active
CU006253,Evergreen Materials,Distributor,R04,SR0199,TX Metro,TX,18473,2018-09-14,50000,Active
CU006254,Pioneer Group,Distributor,R01,SR0126,MA Heights,MA,70974,2018-05-19,100000,Active
CU006255,Skyline Inc,Distributor,R02,SR0082,FL Heights,FL,10198,2019-05-22,500000,Active
CU006256,Atlas LLC,Builder,R02,SR0137,TN Metro,TN,56371,2021-06-30,500000,Active
CU006257,  Cornerstone Group ,Retailer,R04,SR0024,TX Metro,TX,11077,2024-04-08,500000,Active
CU006258,Build Builders,Contractor,R01,SR0176,PA City,PA,36806,2017-02-12,500000,Active
CU006259,Skyline Development,Builder,R03,SR0118,WI City,WI,52049,2020-09-15,1000000,Active
CU006260,Cornerstone Group,Distributor,R03,SR0088,IN City,IN,49533,2021-05-17,25000,Active
CU006261,Urban Group,Distributor,R01,SR0061,NJ Heights,NJ,77042,2023-09-09,50000,Active
CU006262,Home Homes,Contractor,R03,SR0118,OH Heights,OH,87754,2019-12-03,50000,Active
CU006263,Home Construction,Contractor,R02,SR0187,NC Heights,NC,41692,2024-12-05,25000,Active
CU006264,Home Materials,Builder,R05,SR0060,OR City,OR,50716,2020-07-14,100000,Active
CU006265,Dream LLC,Builder,R05,SR0025,OR Heights,OR,86377,2025-04-12,50000,Active
CU006266,Dream LLC,Contractor,R05,SR0020,WA City,WA,55387,2024-11-21,250000,Active
CU006267,Prime Supply,Contractor,R04,SR0194,AZ Metro,AZ,93809,2024-03-31,25000,Active
CU006268,Dream Contracting,Retailer,R03,SR0083,MI City,MI,37450,2023-11-22,500000,Active
CU006269,Urban Group,Distributor,R03,SR0178,WI Heights,WI,38852,2017-01-31,100000,Active
CU006270,Evergreen Homes,Contractor,R05,SR0015,OR Metro,OR,59114,2019-12-25,50000,Active
CU006271,Atlas Materials,Contractor,R02,SR0182,NC City,NC,25945,2022-04-15,100000,Active
CU006272,Metro LLC,Contractor,R01,SR0156,NY Metro,NY,36667,2018-01-30,500000,Active
CU006273,Pioneer Development,Distributor,R03,SR0153,OH Metro,OH,22192,2022-12-27,50000,Active
CU006274,Prime LLC,Builder,R05,SR0050,CA Metro,CA,47935,2020-11-02,500000,Active
CU006275,Urban Group,Builder,R03,SR0163,WI Metro,WI,24337,2017-05-08,50000,Active
CU006276,Build Materials,Contractor,R02,SR0112,SC City,SC,36344,2018-01-28,100000,Active
CU006277,Cornerstone Materials,Builder,R04,SR0149,NM Heights,NM,64571,2019-03-22,500000,Active
CU006278,Urban LLC,Contractor,R04,SR0174,TX Heights,TX,19299,2025-03-22,250000,Active
CU006279,Prime Inc,Builder,R03,SR0083,IN Metro,IN,97483,2017-04-01,500000,Active
CU006280,Urban Construction,Distributor,R04,SR0054,TX Metro,TX,20358,2023-04-30,1000000,Active
CU006281,Cornerstone Construction,Retailer,R03,SR0148,IL Metro,IL,,2017-06-30,1000000,Active
CU006282,Prime Group,Builder,R01,SR0106,MA Metro,MA,81619,2019-03-27,500000,Active
CU006283,Home Development,Contractor,R05,SR0010,WA Metro,WA,70826,2021-09-15,1000000,Active
CU006284,Atlas Homes,Builder,R04,SR0114,TX Heights,TX,26776,2017-10-17,250000,Active
CU006285,Metro Contracting,Distributor,R01,SR0101,NY Heights,NY,21215,2017-02-04,500000,Active
CU006286,Home Development,Builder,R01,SR0091,MA City,MA,61876,2022-06-24,1000000,Active
CU006287,Evergreen Development,Contractor,R01,SR0006,NY Metro,NY,78272,2018-07-23,500000,Active
CU006288,Atlas Builders,Retailer,R04,SR0184,NM City,NM,23267,2020-07-14,50000,Active
CU006289,Dream Construction,Distributor,R05,SR0010,OR Heights,OR,51446,2023-11-18,250000,Active
CU006290,Pioneer Contracting,Builder,R03,SR0128,WI Heights,WI,87998,2017-03-30,25000,Active
CU006291,Dream Construction,Contractor,R02,SR0177,FL Metro,FL,76874,2019-04-27,50000,Active
CU006292,Pioneer Materials,Contractor,R03,SR0163,WI Metro,WI,39285,2019-05-10,100000,Active
CU006293,Summit Contracting,Builder,R05,SR0040,WA City,WA,,2021-03-04,500000,Active
CU006294,Evergreen Inc,Distributor,R03,SR0018,IL City,IL,32609,2020-04-05,500000,Active
CU006295,Build Supply,Retailer,R05,SR0010,CO Metro,CO,59526,2018-07-14,250000,Active
CU006296,Atlas Builders,Retailer,R04,SR0039,NM City,NM,56758,2018-04-15,250000,Active
CU006297,Atlas Construction,Builder,R05,SR0105,CA Metro,CA,49463,2023-10-31,100000,Active
CU006298,Metro Homes,Contractor,R02,SR0197,NC City,NC,62845,2022-12-04,500000,Active
CU006299,Atlas LLC,Contractor,R04,SR0144,TX City,TX,11662,2018-09-19,100000,Active
CU006300,Summit Group,Distributor,R01,SR0116,NY City,NY,51546,2019-03-12,100000,Active
CU006301,Home Development,Distributor,R03,SR0083,WI City,WI,56577,2020-08-16,1000000,Active
CU006302,Prime Materials,Distributor,R03,SR0163,IN Heights,IN,91723,2022-07-05,500000,Active
CU006303,Cornerstone LLC,Contractor,R03,SR0043,IL Metro,IL,48767,2019-02-26,100000,Active
CU006304,Prime Development,Contractor,R04,SR0004,AZ Metro,AZ,41715,2020-03-26,25000,Active
CU006305,Atlas Supply,Contractor,R02,SR0032,FL Metro,FL,52995,2022-06-04,250000,Active
CU006306,Build Inc,Contractor,R01,SR0131,CT Metro,CT,53302,2024-05-03,250000,Active
CU006307,Atlas Supply,Distributor,R02,SR0032,GA City,GA,14669,2018-08-31,50000,Active
CU006308,Urban Homes,Distributor,R01,SR0026,MA City,MA,64072,2021-01-10,25000,Active
CU006309,Prime Homes,Builder,R05,SR0075,WA Metro,WA,76043,2022-11-16,25000,Active
CU006310,Skyline Development,Retailer,R04,SR0054,NV Metro,NV,,2021-03-06,250000,Active
CU006311,Metro Supply,Contractor,R01,SR0126,PA Heights,PA,30527,2024-11-16,500000,Active
CU006312,Build Inc,Contractor,R05,SR0165,CA City,CA,83869,2017-11-25,1000000,Active
CU006313,Evergreen Builders,Distributor,R05,SR0160,UT City,UT,54046,2021-06-14,250000,Active
CU006314,Pioneer Group,Contractor,R04,SR0029,TX City,TX,47075,2020-11-16,1000000,Active
CU006315,Pioneer Materials,Contractor,R04,SR0094,NM Metro,NM,88644,2019-06-03,50000,Active
CU006316,Prime Contracting,Retailer,R02,SR0162,TN City,TN,57981,2020-07-21,25000,Active
CU006317,Home Construction,Contractor,R04,SR0054,AZ Metro,AZ,24168,2019-03-21,250000,Active
CU006318,Urban Contracting,Distributor,R01,SR0136,NJ Metro,NJ,17258,2019-10-27,1000000,Active
CU006319,Dream Inc,Contractor,R03,SR0023,MI City,MI,79224,2018-09-20,1000000,Active
CU006320,Atlas Contracting,Contractor,R05,SR0060,OR Metro,OR,39372,2023-09-20,500000,Active
CU006321,Atlas Builders,Distributor,R03,SR0068,IL City,IL,34181,2018-02-09,1000000,Active
CU006322,Cornerstone Builders,Retailer,R03,SR0048,WI Metro,WI,80952,2019-01-13,100000,Active
CU006323,Metro Supply,Distributor,R02,SR0177,GA City,GA,38440,2017-04-18,100000,Active
CU006324,Prime LLC,Distributor,R02,SR0197,NC City,NC,80099,2018-08-18,250000,Active
CU006325,Pioneer Supply,Distributor,R04,SR0034,NM Heights,NM,82551,2021-11-05,500000,Active
CU006326,Summit LLC,Retailer,R03,SR0083,OH Heights,OH,87429,2024-09-11,1000000,Active
CU006327,Cornerstone Development,Builder,R05,SR0050,CO Heights,CO,90221,2023-12-15,250000,Active
CU006328,Metro Builders,Retailer,R01,SR0011,MA City,MA,23907,2017-03-25,50000,Active
CU006329,Pioneer Development,Distributor,R03,SR0153,IN Heights,IN,58972,2025-03-02,50000,Active
CU006330,Atlas Group,Builder,R01,SR0156,NY City,NY,17362,2018-05-26,50000,Active
CU006331,Prime Construction,Distributor,R04,SR0104,AZ Heights,AZ,69174,2021-11-14,500000,Active
CU006332,Build Homes,Retailer,R04,SR0129,NM City,NM,54339,2024-01-31,250000,Active
CU006333,Urban Construction,Retailer,R03,SR0043,MI Heights,MI,90820,2020-12-21,100000,Active
CU006334,Home Materials,Distributor,R02,SR0177,TN Metro,TN,64640,2021-09-23,1000000,Active
CU006335,Dream Materials,Builder,R04,SR0109,AZ City,AZ,22035,2019-01-18,100000,Active
CU006336,Prime LLC,Builder,R01,SR0121,NJ City,NJ,58524,2020-05-06,500000,Active
CU006337,Cornerstone Inc,Distributor,R03,SR0108,WI Heights,WI,73547,2022-08-30,250000,Active
CU006338,Dream Development,Distributor,R05,SR0080,WA Metro,WA,57128,2017-02-17,100000,Active
CU006339,Skyline Homes,Distributor,R01,SR0111,PA City,PA,33056,2018-04-26,25000,Active
CU006340,Home Construction,Distributor,R05,SR0025,WA City,WA,45815,2019-11-26,1000000,Active
CU006341,Home Group,Builder,R02,SR0112,SC City,SC,32335,2022-04-19,1000000,Active
CU006342,Cornerstone Contracting,Builder,R03,SR0063,IN Heights,IN,13215,2021-11-16,50000,Active
CU006343,  Cornerstone Group ,Builder,R05,SR0050,UT Metro,UT,80728,2019-08-05,500000,Active
CU006344,Evergreen Development,Builder,R03,SR0103,OH City,OH,88312,2024-06-20,500000,Active
CU006345,Home Inc,Contractor,R05,SR0020,OR Metro,OR,61524,2020-07-21,250000,Active
CU006346,Atlas Homes,Retailer,R03,SR0033,MI Metro,MI,16732,2018-04-22,50000,Active
CU006347,Urban LLC,Builder,R01,SR0086,PA City,PA,59057,2019-03-31,50000,Active
CU006348,Summit LLC,Retailer,R02,SR0027,NC Metro,NC,57204,2023-08-15,250000,Active
CU006349,Home Group,Builder,R05,SR0170,OR City,OR,29354,2022-09-25,1000000,Active
CU006350,Cornerstone Builders,Distributor,R01,SR0156,CT City,CT,13192,2019-11-17,250000,Active
CU006351,Prime Group,Retailer,R01,SR0191,CT Metro,CT,24406,2022-01-18,500000,Active
CU006352,Prime Homes,Contractor,R03,SR0118,OH Metro,OH,31611,2018-03-31,50000,Active
CU006353,Evergreen Inc,Builder,R05,SR0055,CA Heights,CA,92629,2017-12-10,1000000,Active
CU006354,Home Homes,Distributor,R01,SR0116,NY City,NY,42410,2023-05-21,500000,Active
CU006355,Atlas Construction,Contractor,R05,SR0145,OR City,OR,71234,2024-09-29,250000,Active
CU006356,Evergreen Builders,Distributor,R03,SR0148,OH City,OH,40960,2025-03-28,25000,Active
CU006357,Home Homes,Retailer,R03,SR0068,IL Metro,IL,59942,2020-07-02,250000,Active
CU006358,Atlas Contracting,Retailer,R03,SR0188,OH City,OH,26292,2017-02-16,25000,Active
CU006359,Evergreen Supply,Retailer,R03,SR0018,IN Metro,IN,13542,2021-09-18,500000,Active
CU006360,Pioneer Development,Retailer,R01,SR0156,NJ Heights,NJ,71760,2021-04-14,500000,Active
CU006361,Urban Inc,Retailer,R03,SR0048,MI Heights,MI,43210,2020-06-16,100000,Active
CU006362,Dream Construction,Builder,R04,SR0004,NV City,NV,68099,2017-10-10,50000,Active
CU006363,Atlas Homes,Builder,R04,SR0199,NM Heights,NM,97950,2019-08-08,100000,Active
CU006364,Skyline Development,Builder,R03,SR0173,IL City,IL,41228,2022-03-05,1000000,Active
CU006365,Metro Materials,Contractor,R03,SR0198,OH Metro,OH,39898,2019-02-13,250000,Active
CU006366,Skyline Supply,Distributor,R05,SR0180,OR Metro,OR,61296,2019-06-11,500000,Active
CU006367,Prime Group,Retailer,R05,SR0170,UT Metro,UT,29499,2022-05-24,25000,Active
CU006368,Dream Development,Contractor,R03,SR0113,WI City,WI,16796,2024-01-08,50000,Active
CU006369,  Home Contracting ,Builder,R05,SR0110,CA Heights,CA,61319,2023-11-05,100000,Active
CU006370,Atlas Development,Distributor,R04,SR0159,TX City,TX,38127,2018-02-06,500000,Active
CU006371,Dream Construction,Distributor,R04,SR0069,OK City,OK,19486,2020-10-22,500000,Active
CU006372,Build Supply,Distributor,R04,SR0179,NV Metro,nv,28005,2019-06-30,25000,Active
CU006373,Cornerstone Materials,Retailer,R02,SR0102,TN City,TN,50406,2024-02-11,500000,Active
CU006374,Build Inc,Retailer,R04,SR0004,OK Metro,OK,49416,2017-10-14,1000000,Active
CU006375,Cornerstone Supply,Builder,R01,SR0166,CT Metro,CT,16591,2019-12-19,250000,Active
CU006376,Build Materials,Distributor,R01,SR0061,PA City,PA,40540,2023-05-05,25000,Active
CU006377,Prime Homes,Distributor,R01,SR0071,CT City,CT,64866,2025-03-29,50000,Active
CU006378,Home LLC,Builder,R05,SR0150,CA Heights,CA,47642,2019-06-19,100000,Active
CU006379,Summit Construction,Distributor,R03,SR0033,OH Heights,OH,97995,2020-06-09,100000,Active
CU006380,Pioneer Builders,Contractor,R04,SR0184,NV Metro,NV,56443,2019-05-05,50000,Active
CU006381,Metro Construction,Distributor,R03,SR0193,WI Metro,WI,76350,2022-09-29,250000,Active
CU006382,Skyline Homes,Retailer,R04,SR0074,OK Heights,OK,84849,2022-07-08,500000,Active
CU006383,Urban Contracting,Contractor,R02,SR0017,FL City,FL,49626,2019-11-29,50000,Active
CU006384,Metro Inc,Distributor,R04,SR0029,NV Heights,NV,39771,2019-03-26,50000,Active
CU006385,Cornerstone Contracting,Contractor,R03,SR0068,WI City,WI,89590,2017-07-01,100000,Active
CU006386,Metro Materials,Contractor,R03,SR0128,IL Metro,IL,23788,2017-10-17,50000,Active
CU006387,Skyline Inc,Contractor,R04,SR0089,NM City,NM,96173,2021-11-24,25000,Active
CU006388,Atlas Builders,Contractor,R05,SR0080,CA Metro,CA,94770,2018-11-26,500000,Active
CU006389,Prime LLC,Distributor,R01,SR0081,MA City,MA,12736,2025-03-16,100000,Active
CU006390,Atlas Materials,Contractor,R03,SR0008,IL Metro,IL,53269,2024-04-05,500000,Active
CU006391,Skyline Contracting,Builder,R02,SR0022,NC City,NC,22293,2025-03-31,100000,Active
CU006392,Cornerstone Inc,Builder,R05,SR0070,WA City,WA,41746,2021-10-24,100000,Active
CU006393,Cornerstone Supply,Distributor,R02,SR0032,NC Metro,NC,65130,2024-07-23,500000,Active
CU006394,Cornerstone Contracting,Contractor,R04,SR0174,AZ City,AZ,11330,2017-02-20,250000,Active
CU006395,Summit Development,Distributor,R02,SR0092,NC Heights,NC,92414,2021-09-27,25000,Active
CU006396,Cornerstone Group,Contractor,R03,SR0048,IL Metro,IL,51078,2018-06-24,250000,Active
CU006397,Home Development,Retailer,R02,SR0107,SC Metro,SC,86887,2023-12-02,250000,Active
CU006398,Build Supply,Builder,R01,SR0056,NY Heights,NY,31517,2020-06-21,100000,Active
CU006399,Summit Homes,Contractor,R02,SR0097,SC Metro,SC,87788,2021-04-01,100000,Active
CU006400,Cornerstone Development,Distributor,R04,SR0179,NV Metro,NV,45488,2020-05-19,25000,Active
CU006401,Pioneer Builders,Contractor,R03,SR0023,IN Metro,IN,85710,2017-02-21,100000,Active
CU006402,Atlas Contracting,Contractor,R02,SR0062,TN Heights,TN,44973,2022-05-01,100000,Active
CU006403,Metro Construction,Retailer,R03,SR0163,OH Heights,OH,73946,2017-05-04,50000,Active
CU006404,Summit LLC,Contractor,R01,SR0001,NJ City,NJ,85636,2019-07-08,100000,Active
CU006405,Home Contracting,Distributor,R04,SR0124,NM Heights,NM,30037,2023-07-14,100000,Active
CU006406,Metro Homes,Builder,R04,SR0054,NV Heights,NV,86475,2020-04-16,1000000,Active
CU006407,Urban Group,Builder,R05,SR0140,OR Heights,OR,97284,2024-07-15,50000,Active
CU006408,Home LLC,Contractor,R04,SR0149,TX Metro,TX,69930,2017-05-27,500000,Active
CU006409,Urban Builders,Retailer,R01,SR0096,PA Metro,PA,58657,2022-09-25,250000,Active
CU006410,Skyline Contracting,Contractor,R01,SR0001,NJ City,NJ,77961,2021-12-15,1000000,Active
CU006411,Metro Supply,Contractor,R05,SR0025,UT Metro,UT,96900,2023-09-17,250000,Active
CU006412,Skyline Contracting,Distributor,R01,SR0116,PA Heights,PA,29068,2017-06-01,250000,Active
CU006413,Summit Inc,Builder,R01,SR0091,MA Metro,MA,79579,2017-09-05,50000,Active
CU006414,Home Contracting,Contractor,R05,SR0030,UT Heights,UT,82395,2025-01-24,50000,Active
CU006415,Urban Homes,Distributor,R04,SR0169,TX Heights,TX,73412,2019-03-18,100000,Active
CU006416,Cornerstone Inc,Contractor,R01,SR0066,NY Heights,NY,83084,2020-01-06,1000000,Active
CU006417,Atlas Construction,Contractor,R04,SR0069,OK City,OK,26005,2022-11-09,1000000,Active
CU006418,Skyline Builders,Retailer,R02,SR0082,GA Metro,GA,47881,2019-09-18,25000,Active
CU006419,Urban Group,Retailer,R03,SR0168,IL Heights,IL,98519,2017-12-07,25000,Active
CU006420,Summit Development,Retailer,R03,SR0033,IL City,IL,89715,2018-04-25,500000,Active
CU006421,Metro Homes,Retailer,R03,SR0133,IL Metro,IL,95742,2017-02-02,50000,Active
CU006422,Skyline Materials,Distributor,R02,SR0047,FL City,FL,87328,2019-01-12,100000,Active
CU006423,Evergreen Homes,Builder,R01,SR0006,PA Metro,pa,48512,2018-08-06,25000,Active
CU006424,Summit Group,Contractor,R03,SR0078,WI Metro,WI,68424,2017-06-24,500000,Active
CU006425,Skyline Construction,Builder,R04,SR0029,TX City,TX,31261,2020-12-24,1000000,Active
CU006426,Home Materials,Contractor,R03,SR0158,OH City,OH,66322,2018-07-18,1000000,Active
CU006427,Dream Builders,Retailer,R04,SR0099,OK Heights,OK,38899,2023-07-20,25000,Active
CU006428,Evergreen Group,Distributor,R04,SR0074,AZ City,AZ,80443,2025-02-11,500000,Active
CU006429,Build Group,Contractor,R01,SR0121,CT Heights,ct,86089,2020-12-17,1000000,Active
CU006430,Prime Homes,Retailer,R01,SR0016,MA City,MA,58544,2025-03-14,500000,Active
CU006431,Dream Construction,Builder,R01,SR0061,PA Heights,PA,32367,2020-01-20,1000000,Active
CU006432,Build Builders,Contractor,R02,SR0192,NC Heights,NC,32333,2017-08-05,100000,Active
CU006433,Evergreen Materials,Builder,R04,SR0134,NM Heights,NM,69857,2020-01-04,25000,Active
CU006434,Home Inc,Distributor,R04,SR0129,NV Heights,NV,78586,2022-09-16,1000000,Active
CU006435,Atlas Inc,Distributor,R01,SR0131,NJ City,NJ,17099,2020-02-20,250000,Active
CU006436,Dream LLC,Builder,R02,SR0087,NC Heights,NC,80795,2018-09-26,100000,Active
CU006437,Summit Inc,Builder,R03,SR0053,MI City,MI,94972,2023-10-17,250000,Active
CU006438,Atlas Construction,Distributor,R04,SR0079,AZ City,AZ,66106,2019-07-27,250000,Active
CU006439,Cornerstone Contracting,Builder,R01,SR0016,MA Metro,MA,17812,2020-07-02,25000,Active
CU006440,Evergreen Inc,Builder,R01,SR0001,MA Metro,MA,36277,2022-10-30,1000000,Active
CU006441,Build Development,Distributor,R04,SR0084,NM City,NM,29849,2021-07-14,250000,Active
CU006442,Skyline Materials,Contractor,R03,SR0168,IN Heights,IN,99931,2018-09-01,250000,Active
CU006443,Urban Supply,Distributor,R02,SR0097,SC Heights,SC,42952,2017-02-22,25000,Active
CU006444,Dream Builders,Builder,R03,SR0178,IL Heights,IL,28185,2018-12-12,50000,Active
CU006445,Evergreen Construction,Builder,R02,SR0167,NC City,NC,75271,2019-12-22,100000,Active
CU006446,Urban Contracting,Builder,R01,SR0076,MA City,MA,46214,2023-05-22,50000,Active
CU006447,Pioneer Homes,Contractor,R01,SR0041,NY City,NY,37131,2023-04-24,50000,Active
CU006448,Summit Development,Contractor,R01,SR0161,MA Metro,MA,92006,2018-07-23,25000,Active
CU006449,Cornerstone Supply,Builder,R05,SR0140,UT Heights,UT,77742,2017-02-04,250000,Active
CU006450,Evergreen Development,Distributor,R05,SR0190,CO Metro,CO,36230,2019-08-11,25000,Active
CU006451,Skyline Group,Retailer,R01,SR0106,CT Heights,CT,41450,2024-02-23,500000,Active
CU006452,Dream Development,Retailer,R01,SR0076,CT Metro,CT,42472,2017-03-20,50000,Active
CU006453,Skyline Supply,Retailer,R04,SR0094,NV Heights,NV,91156,2022-08-06,100000,Active
CU006454,Summit Homes,Distributor,R01,SR0171,NY Metro,NY,50534,2022-06-01,25000,Active
CU006455,Summit LLC,Contractor,R05,SR0195,CO Heights,CO,51420,2025-04-19,50000,Active
CU006456,Build Homes,Distributor,R01,SR0066,NJ Heights,NJ,39671,2017-02-19,250000,Active
CU006457,Cornerstone Materials,Builder,R03,SR0113,MI Metro,MI,45770,2019-06-23,250000,Active
CU006458,Build Inc,Builder,R05,SR0100,CO City,CO,39459,2020-12-24,100000,Active
CU006459,Evergreen Construction,Contractor,R05,SR0015,CA Metro,CA,97988,2024-06-12,25000,Active
CU006460,Metro Builders,Contractor,R03,SR0053,MI Heights,MI,51582,2024-04-11,1000000,Active
CU006461,Skyline Materials,Builder,R05,SR0130,CA City,CA,85886,2020-04-09,1000000,Active
CU006462,Metro Contracting,Retailer,R03,SR0133,MI Metro,MI,64745,2022-12-30,100000,Active
CU006463,Dream Construction,Contractor,R03,SR0158,MI Heights,MI,25868,2018-07-28,50000,Active
CU006464,Pioneer Group,Contractor,R04,SR0189,NV Metro,NV,66752,2018-06-28,250000,Active
CU006465,Pioneer Materials,Retailer,R05,SR0080,CO Metro,CO,57353,2025-02-11,250000,Active
CU006466,Summit Homes,Retailer,R02,SR0192,FL Heights,FL,22079,2019-04-11,50000,Active
CU006467,Metro Homes,Builder,R03,SR0193,OH City,OH,85289,2024-05-21,50000,Active
CU006468,Pioneer Contracting,Retailer,R04,SR0079,NM Heights,NM,22947,2022-11-01,1000000,Active
CU006469,Skyline LLC,Retailer,R04,SR0154,AZ City,AZ,43018,2020-05-11,25000,Active
CU006470,Skyline Inc,Distributor,R01,SR0081,MA Heights,MA,21108,2020-05-12,100000,Active
CU006471,Build Homes,Contractor,R04,SR0174,AZ Heights,AZ,69803,2021-06-16,100000,Active
CU006472,Urban Materials,Distributor,R03,SR0003,IN Metro,IN,39319,2017-01-01,1000000,Active
CU006473,Pioneer LLC,Builder,R03,SR0013,MI Metro,MI,97571,2022-05-19,100000,Active
CU006474,Pioneer Homes,Distributor,R02,SR0077,TN Metro,TN,77977,2020-11-24,100000,Active
CU006475,Atlas Materials,Retailer,R02,SR0187,TN Heights,TN,20698,2025-03-10,25000,Active
CU006476,Home Development,Retailer,R01,SR0136,MA Heights,MA,91200,2018-02-27,250000,Active
CU006477,Home Development,Retailer,R04,SR0179,TX City,TX,57673,2025-01-28,25000,Active
CU006478,Pioneer Construction,Retailer,R01,SR0131,NJ City,NJ,68527,2021-02-09,1000000,Active
CU006479,Skyline Development,Builder,R02,SR0147,FL City,FL,30315,2025-04-21,1000000,Active
CU006480,Skyline Construction,Contractor,R01,SR0036,NY Heights,NY,48788,2018-05-06,50000,Active
CU006481,Urban Supply,Distributor,R05,SR0160,CA Heights,CA,48965,2017-03-14,1000000,Active
CU006482,Urban LLC,Retailer,R01,SR0141,NY Metro,NY,78434,2018-06-20,100000,Active
CU006483,Metro Group,Builder,R01,SR0091,MA City,MA,97540,2020-11-29,500000,Active
CU006484,Dream Construction,Builder,R02,SR0102,SC Metro,SC,80553,2017-02-03,50000,Active
CU006485,Prime Homes,Distributor,R02,SR0112,NC City,NC,18225,2022-02-16,250000,Active
CU006486,Home Development,Contractor,R02,SR0002,GA Heights,GA,58114,2019-04-30,1000000,Active
CU006487,Home Homes,Retailer,R05,SR0115,WA Heights,WA,48090,2023-01-08,25000,Active
CU006488,Dream Construction,Retailer,R05,SR0150,OR Metro,OR,84361,2022-09-22,250000,Active
CU006489,Evergreen Contracting,Distributor,R04,SR0149,OK City,OK,88220,2019-11-30,25000,Active
CU006490,Prime Group,Retailer,R02,SR0097,GA Metro,GA,98118,2020-12-02,1000000,Active
CU006491,Metro Contracting,Contractor,R05,SR0010,UT Metro,UT,84741,2018-03-23,25000,Active
CU006492,Evergreen Construction,Contractor,R01,SR0076,NY Metro,NY,,2022-01-10,500000,Active
CU006493,Skyline Development,Contractor,R02,SR0177,TN Metro,TN,,2022-01-28,500000,Active
CU006494,Atlas Group,Builder,R04,SR0149,TX Heights,TX,44054,2024-06-17,50000,Active
CU006495,Evergreen Inc,Distributor,R01,SR0081,NY Metro,NY,37199,2020-04-04,250000,Active
CU006496,Atlas LLC,Retailer,R02,SR0157,GA Metro,GA,50543,2020-08-08,250000,Active
CU006497,Dream Builders,Distributor,R02,SR0062,TN City,TN,14779,2024-02-21,50000,Active
CU006498,Dream Supply,Builder,R05,SR0130,WA City,WA,23162,2021-08-09,250000,Active
CU006499,Dream Inc,Builder,R01,SR0101,PA Metro,PA,81187,2017-10-17,250000,Active
CU006500,Summit Inc,Builder,R05,SR0100,OR Metro,OR,77442,2020-03-12,1000000,Active
CU006501,Metro Construction,Distributor,R04,SR0179,TX Metro,TX,71876,2023-08-31,1000000,Active
CU006502,Urban Construction,Contractor,R04,SR0014,NM Metro,NM,35863,2020-05-08,250000,Active
CU006503,Dream Builders,Contractor,R01,SR0036,MA Metro,MA,12962,2019-02-23,100000,Active
CU006504,Home Inc,Contractor,R04,SR0074,TX Heights,TX,86205,2017-08-29,1000000,Active
CU006505,Urban LLC,Contractor,R05,SR0145,CA Metro,CA,52401,2024-08-10,500000,Active
CU006506,Evergreen Contracting,Distributor,R05,SR0190,WA Heights,WA,70562,2017-08-26,1000000,Active
CU006507,Metro Homes,Distributor,R02,SR0082,TN City,TN,45968,2018-05-03,250000,Active
CU006508,Build Materials,Contractor,R03,SR0173,IL City,IL,,2024-05-09,250000,Active
CU006509,Cornerstone Development,Retailer,R04,SR0024,NV Metro,NV,70803,2024-05-12,25000,Active
CU006510,Summit Supply,Distributor,R04,SR0164,TX City,TX,49341,2018-09-14,50000,Active
CU006511,Pioneer Homes,Builder,R02,SR0142,NC City,NC,83860,2025-04-15,100000,Active
CU006512,Skyline Construction,Contractor,R05,SR0105,WA Heights,WA,76457,2021-12-14,500000,Active
CU006513,Pioneer Materials,Contractor,R01,SR0041,CT Heights,CT,70009,2019-02-27,100000,Active
CU006514,Evergreen Homes,Contractor,R03,SR0148,OH Heights,OH,24847,2022-03-21,100000,Active
CU006515,Atlas Builders,Retailer,R04,SR0059,OK City,OK,64332,2021-06-30,250000,Active
CU006516,Skyline Development,Retailer,R05,SR0075,CA City,CA,17578,2019-05-11,500000,Active
CU006517,Cornerstone Contracting,Contractor,R05,SR0155,WA City,WA,66803,2017-12-14,100000,Active
CU006518,Summit Group,Distributor,R03,SR0028,IN Heights,IN,78451,2023-10-22,50000,Active
CU006519,Atlas Homes,Builder,R02,SR0122,TN City,TN,27504,2023-11-17,50000,Active
CU006520,Evergreen Materials,Builder,R04,SR0024,TX City,TX,32089,2020-02-16,25000,Active
CU006521,Prime LLC,Builder,R02,SR0037,FL Heights,FL,33983,2023-08-03,50000,Active
CU006522,Build Materials,Contractor,R01,SR0096,PA Metro,PA,47010,2018-09-23,250000,Active
CU006523,Home Supply,Builder,R03,SR0113,WI Heights,WI,46193,2018-12-14,1000000,Active
CU006524,Urban Construction,Retailer,R01,SR0036,MA Heights,MA,86505,2025-03-14,25000,Active
CU006525,Evergreen Group,Contractor,R01,SR0026,CT Heights,CT,38037,2025-04-11,250000,Active
CU006526,Prime Materials,Distributor,R01,SR0161,MA City,MA,38615,2022-05-10,100000,Active
CU006527,Evergreen Construction,Retailer,R05,SR0115,OR City,OR,49537,2020-07-31,100000,Active
CU006528,Prime LLC,Contractor,R04,SR0179,AZ Metro,AZ,22750,2017-01-22,25000,Active
CU006529,Summit Builders,Builder,R04,SR0014,AZ Metro,AZ,94603,2021-03-25,500000,Active
CU006530,Prime Materials,Builder,R02,SR0037,GA Metro,GA,71177,2019-04-06,500000,Active
CU006531,Build Group,Distributor,R04,SR0164,NV Heights,NV,13854,2021-03-13,100000,Active
CU006532,Skyline Materials,Contractor,R03,SR0003,OH City,OH,12617,2017-07-26,50000,Active
CU006533,Atlas Supply,Builder,R01,SR0051,NJ Heights,NJ,92569,2018-07-24,100000,Active
CU006534,Prime Construction,Retailer,R01,SR0116,NY City,NY,10035,2017-07-21,25000,Active
CU006535,Skyline Materials,Contractor,R04,SR0194,OK Metro,OK,22306,2023-02-25,1000000,Active
CU006536,Evergreen LLC,Contractor,R01,SR0111,PA Heights,PA,62750,2022-06-04,50000,Active
CU006537,Home Inc,Retailer,R03,SR0008,MI Metro,MI,53529,2024-05-30,250000,Active
CU006538,Skyline Inc,Retailer,R05,SR0145,UT Heights,UT,13903,2017-12-04,250000,Active
CU006539,Build Builders,Distributor,R04,SR0179,NM Heights,NM,91330,2019-09-30,250000,Active
CU006540,Metro Materials,Retailer,R03,SR0138,MI City,MI,46272,2024-03-25,250000,Active
CU006541,Evergreen Homes,Builder,R05,SR0025,UT Heights,UT,27821,2019-03-26,500000,Active
CU006542,Prime Contracting,Contractor,R03,SR0113,IL Heights,IL,44059,2021-04-20,25000,Active
CU006543,Urban Contracting,Contractor,R02,SR0197,SC Heights,SC,13235,2020-09-28,500000,Active
CU006544,Evergreen Builders,Builder,R05,SR0065,UT Heights,UT,45694,2024-01-29,50000,Active
CU006545,Build Contracting,Distributor,R05,SR0135,WA Metro,WA,68175,2025-01-06,500000,Active
CU006546,Atlas Builders,Retailer,R04,SR0074,NV City,NV,94806,2017-05-14,500000,Active
CU006547,Summit Materials,Builder,R02,SR0187,TN Heights,TN,12344,2017-09-21,50000,Active
CU006548,Metro LLC,Contractor,R05,SR0105,CA Heights,CA,78652,2022-09-30,250000,Active
CU006549,Pioneer Development,Distributor,R04,SR0019,NM City,NM,61029,2019-08-10,250000,Active
CU006550,Evergreen Homes,Distributor,R04,SR0029,NV City,NV,16960,2019-09-23,1000000,Active
CU006551,Pioneer Inc,Contractor,R02,SR0117,TN Metro,TN,44961,2022-11-10,250000,Active
CU006552,Prime Inc,Contractor,R03,SR0168,OH City,OH,67562,2021-03-26,250000,Active
CU006553,Cornerstone Inc,Retailer,R03,SR0163,IN Metro,IN,67186,2018-03-05,50000,Active
CU006554,Build Development,Builder,R05,SR0130,CO Heights,CO,80647,2020-09-02,500000,Active
CU006555,Dream Development,Retailer,R05,SR0145,UT Metro,UT,89391,2022-04-21,1000000,Active
CU006556,Atlas Homes,Builder,R01,SR0051,MA Metro,MA,33031,2021-01-13,250000,Active
CU006557,Prime Development,Contractor,R04,SR0109,OK Metro,OK,57313,2020-01-06,100000,Active
CU006558,Skyline Contracting,Retailer,R02,SR0192,FL Heights,FL,85559,2024-09-12,100000,Active
CU006559,Summit Materials,Contractor,R02,SR0162,FL Metro,FL,37356,2021-10-08,1000000,Active
CU006560,Home Contracting,Distributor,R04,SR0034,TX Heights,TX,20799,2025-05-11,250000,Active
CU006561,Pioneer Materials,Contractor,R03,SR0153,IN Metro,IN,26411,2023-11-18,25000,Active
CU006562,Skyline Inc,Retailer,R04,SR0124,NM Heights,NM,71669,2017-06-24,25000,Active
CU006563,Urban Construction,Contractor,R01,SR0021,PA Metro,PA,,2022-08-05,500000,Active
CU006564,Skyline Development,Distributor,R05,SR0080,UT Metro,UT,20818,2023-10-03,250000,Active
CU006565,Summit Inc,Builder,R02,SR0082,NC City,NC,42515,2022-04-29,500000,Active
CU006566,Skyline Supply,Builder,R01,SR0151,MA Heights,MA,21459,2021-05-07,25000,Active
CU006567,Metro Contracting,Distributor,R01,SR0011,MA Heights,MA,20597,2020-01-25,250000,Active
CU006568,Home Contracting,Contractor,R04,SR0109,OK City,OK,,2017-02-07,250000,Active
CU006569,Build Homes,Distributor,R01,SR0046,NJ Heights,NJ,25452,2023-01-05,250000,Active
CU006570,Atlas Construction,Distributor,R05,SR0195,CO City,CO,31395,2019-07-05,25000,Active
CU006571,Build Development,Builder,R03,SR0098,MI Metro,MI,72746,2024-03-23,100000,Active
CU006572,Dream Builders,Builder,R03,SR0043,WI City,WI,91900,2017-04-17,25000,Active
CU006573,Atlas Supply,Builder,R04,SR0079,OK Metro,OK,65066,2024-09-21,100000,Active
CU006574,Pioneer Development,Builder,R04,SR0109,TX City,TX,93745,2018-04-25,250000,Active
CU006575,Home LLC,Contractor,R03,SR0183,MI Heights,MI,92096,2021-10-13,500000,Active
CU006576,Evergreen Materials,Contractor,R05,SR0035,WA Metro,WA,32375,2019-11-24,250000,Active
CU006577,Evergreen Development,Contractor,R01,SR0006,PA Metro,PA,69670,2018-01-20,25000,Active
CU006578,Urban Inc,Distributor,R04,SR0074,AZ Heights,AZ,23527,2024-11-04,250000,Active
CU006579,Skyline Inc,Contractor,R01,SR0166,NY City,NY,68643,2021-10-16,500000,Active
CU006580,Home Contracting,Retailer,R01,SR0116,CT Heights,CT,42719,2019-08-29,500000,Active
CU006581,Build Homes,Retailer,R04,SR0099,TX Heights,TX,86733,2020-01-31,50000,Active
CU006582,Urban LLC,Contractor,R01,SR0186,CT City,CT,95796,2024-03-25,500000,Active
CU006583,Build LLC,Retailer,R03,SR0138,MI Heights,MI,72746,2018-04-10,50000,Active
CU006584,Evergreen Inc,Contractor,R05,SR0065,UT City,UT,49566,2019-01-01,500000,Active
CU006585,Summit Development,Distributor,R04,SR0174,AZ Heights,AZ,58254,2017-02-19,1000000,Active
CU006586,Skyline LLC,Retailer,R04,SR0094,NM Metro,NM,32323,2017-05-04,100000,Active
CU006587,Cornerstone Inc,Builder,R05,SR0015,CA Metro,CA,73604,2022-11-26,500000,Active
CU006588,Metro Contracting,Distributor,R02,SR0167,SC Metro,SC,86094,2022-11-19,50000,Active
CU006589,Build Materials,Builder,R01,SR0176,MA Heights,MA,40282,2023-07-09,25000,Active
CU006590,Cornerstone Supply,Builder,R05,SR0165,WA City,WA,76102,2024-05-01,250000,Active
CU006591,Cornerstone LLC,Contractor,R04,SR0109,AZ Heights,AZ,94691,2024-03-05,1000000,Active
CU006592,Cornerstone Group,Contractor,R03,SR0118,MI Metro,MI,79694,2021-02-12,500000,Active
CU006593,Prime Materials,Distributor,R01,SR0101,MA Metro,MA,70629,2025-05-21,25000,Active
CU006594,Skyline Construction,Distributor,R01,SR0011,NJ Heights,NJ,42164,2020-08-22,25000,Active
CU006595,Summit Supply,Distributor,R01,SR0056,MA Heights,MA,91841,2024-10-27,500000,Active
CU006596,Evergreen Construction,Retailer,R05,SR0015,WA Metro,WA,89650,2024-03-28,1000000,Active
CU006597,Home Homes,Distributor,R03,SR0163,WI City,WI,71024,2017-05-08,25000,Active
CU006598,Metro LLC,Builder,R01,SR0036,CT Heights,CT,26405,2021-07-08,50000,Active
CU006599,Metro LLC,Retailer,R01,SR0121,MA Heights,MA,45824,2023-11-03,250000,Active
CU006600,Dream Contracting,Contractor,R02,SR0062,FL Metro,FL,33032,2022-03-14,50000,Active
CU006601,Metro Materials,Distributor,R02,SR0067,SC Metro,SC,37712,2025-05-04,100000,Active
CU006602,Urban Construction,Retailer,R03,SR0043,OH Metro,OH,17256,2017-06-18,25000,Active
CU006603,Build Supply,Builder,R05,SR0095,WA Heights,WA,69220,2024-04-25,100000,Active
CU006604,Evergreen Contracting,Retailer,R04,SR0109,NV City,NV,71828,2017-12-22,1000000,Active
CU006605,Dream LLC,Distributor,R05,SR0045,UT Heights,UT,17218,2025-06-01,1000000,Active
CU006606,Dream Supply,Distributor,R01,SR0186,NY Heights,NY,38354,2025-01-11,500000,Active
CU006607,  Dream Group ,Distributor,R03,SR0033,MI Metro,MI,96432,2022-12-29,50000,Active
CU006608,Summit Development,Distributor,R04,SR0144,OK City,ok,97741,2017-06-03,1000000,Active
CU006609,Urban Inc,Retailer,R04,SR0074,OK City,OK,40760,2018-04-24,1000000,Active
CU006610,Evergreen Construction,Contractor,R01,SR0136,CT Heights,CT,26701,2024-05-06,1000000,Active
CU006611,Home LLC,Retailer,R02,SR0112,SC City,SC,46805,2021-05-02,250000,Active
CU006612,Urban Builders,Builder,R03,SR0118,MI City,MI,40430,2024-02-10,250000,Active
CU006613,Prime Builders,Retailer,R03,SR0118,IL Heights,IL,84856,2025-05-15,1000000,Active
CU006614,Home Contracting,Contractor,R01,SR0116,PA Metro,PA,95759,2024-05-03,50000,Active
CU006615,Atlas Group,Retailer,R02,SR0002,GA Metro,GA,47929,2022-02-12,50000,Active
CU006616,Evergreen Supply,Distributor,R05,SR0180,CO Heights,CO,55169,2021-06-05,250000,Active
CU006617,Summit Supply,Distributor,R01,SR0191,NJ City,NJ,31434,2021-10-06,250000,Active
CU006618,Metro Inc,Contractor,R03,SR0178,OH Metro,OH,56428,2024-05-18,25000,Active
CU006619,Summit LLC,Retailer,R04,SR0084,AZ City,AZ,93356,2020-11-13,500000,Active
CU006620,Atlas Supply,Contractor,R01,SR0006,PA City,PA,62972,2019-12-01,1000000,Active
CU006621,Cornerstone Group,Distributor,R05,SR0030,CA Heights,CA,26820,2017-02-27,50000,Active
CU006622,Summit Homes,Contractor,R01,SR0026,NJ City,NJ,92793,2017-04-18,100000,Active
CU006623,Pioneer Inc,Builder,R05,SR0120,OR Heights,OR,35215,2022-10-22,100000,Active
CU006624,Home Group,Retailer,R01,SR0006,NY Metro,NY,86360,2021-11-02,25000,Active
CU006625,Prime Development,Contractor,R01,SR0031,PA Heights,PA,85239,2022-02-10,25000,Active
CU006626,Prime Builders,Builder,R02,SR0062,FL Metro,fl,68361,2017-10-26,1000000,Active
CU006627,Skyline Materials,Contractor,R01,SR0031,MA Heights,MA,97115,2022-05-14,250000,Active
CU006628,Summit Development,Retailer,R04,SR0039,OK City,OK,20345,2023-04-29,250000,Active
CU006629,Pioneer Inc,Contractor,R03,SR0118,OH Metro,OH,28248,2022-08-18,100000,Active
CU006630,Atlas Materials,Builder,R05,SR0050,WA Metro,WA,66236,2022-07-26,100000,Active
CU006631,Prime Construction,Builder,R03,SR0098,IL City,IL,32164,2021-06-15,500000,Active
CU006632,Prime Construction,Distributor,R03,SR0153,IN Metro,IN,28353,2020-11-13,250000,Active
CU006633,Pioneer LLC,Contractor,R03,SR0098,OH Metro,OH,17339,2022-07-01,250000,Active
CU006634,Atlas Supply,Retailer,R03,SR0183,WI Metro,WI,78420,2022-01-08,1000000,Active
CU006635,Urban Inc,Builder,R05,SR0130,CA Heights,CA,47136,2019-01-03,250000,Active
CU006636,Metro Inc,Builder,R02,SR0082,FL City,FL,43467,2024-08-17,1000000,Active
CU006637,Atlas Homes,Distributor,R03,SR0033,WI Heights,WI,53351,2019-06-08,100000,Active
CU006638,Summit LLC,Retailer,R04,SR0084,AZ City,AZ,36255,2018-05-04,25000,Active
CU006639,Atlas Construction,Distributor,R05,SR0095,OR City,OR,,2021-06-22,500000,Active
CU006640,Metro Supply,Builder,R02,SR0162,NC City,NC,38257,2022-04-05,50000,Active
CU006641,Metro Inc,Distributor,R02,SR0102,GA Heights,GA,51536,2024-08-07,50000,Active
CU006642,Urban Group,Builder,R04,SR0174,AZ City,AZ,19876,2025-02-11,50000,Active
CU006643,Skyline Inc,Distributor,R01,SR0076,MA Metro,MA,60139,2018-04-23,250000,Active
CU006644,Summit LLC,Builder,R05,SR0200,OR City,OR,86669,2021-08-14,1000000,Active
CU006645,  Prime Group ,Contractor,R05,SR0110,CA Heights,CA,37215,2024-01-21,250000,Active
CU006646,Urban LLC,Retailer,R03,SR0083,IN Metro,IN,81877,2022-11-05,25000,Active
CU006647,Metro Supply,Builder,R02,SR0102,TN Metro,TN,99557,2024-07-11,1000000,Active
CU006648,Urban Group,Contractor,R05,SR0045,CA Heights,CA,93505,2022-12-29,25000,Active
CU006649,Dream Contracting,Contractor,R02,SR0122,SC City,SC,87281,2017-09-20,1000000,Active
CU006650,Home LLC,Distributor,R01,SR0041,CT Heights,CT,63270,2018-12-08,25000,Active
CU006651,Evergreen Construction,Distributor,R05,SR0120,UT Heights,UT,81257,2022-04-20,250000,Active
CU006652,Evergreen Homes,Distributor,R01,SR0111,CT Metro,CT,11217,2023-11-22,50000,Active
CU006653,Evergreen Group,Distributor,R05,SR0045,CA City,CA,37417,2021-11-15,1000000,Active
CU006654,Prime Supply,Builder,R04,SR0009,AZ Heights,AZ,46933,2025-01-27,500000,Active
CU006655,Evergreen Homes,Builder,R05,SR0145,CA Heights,CA,54419,2024-10-12,100000,Active
CU006656,Prime Inc,Retailer,R01,SR0071,PA Metro,PA,85460,2022-09-20,25000,Active
CU006657,Skyline Supply,Contractor,R05,SR0035,WA Metro,WA,71248,2024-03-28,500000,Active
CU006658,Pioneer Supply,Builder,R05,SR0090,CA City,CA,28313,2017-07-23,1000000,Active
CU006659,Build Inc,Distributor,R05,SR0175,UT Metro,UT,23803,2020-03-07,1000000,Active
CU006660,Dream Construction,Distributor,R05,SR0135,UT Heights,UT,80306,2020-01-31,50000,Active
CU006661,Urban Contracting,Contractor,R02,SR0087,TN Heights,TN,87147,2018-07-08,25000,Active
CU006662,Summit Materials,Distributor,R05,SR0130,CA City,CA,57555,2025-06-23,1000000,Active
CU006663,Evergreen Homes,Retailer,R02,SR0092,GA Heights,GA,64877,2024-02-05,50000,Active
CU006664,Skyline Materials,Contractor,R04,SR0004,NM Heights,NM,60182,2020-08-06,50000,Active
CU006665,Atlas Homes,Retailer,R02,SR0112,SC Metro,SC,14842,2021-08-01,25000,Active
CU006666,Summit Supply,Contractor,R05,SR0200,WA Heights,WA,27335,2023-10-27,1000000,Active
CU006667,Skyline Development,Contractor,R03,SR0158,MI Heights,MI,42475,2018-12-14,250000,Active
CU006668,Prime Inc,Distributor,R02,SR0012,SC City,SC,68310,2024-03-28,250000,Active
CU006669,Pioneer LLC,Contractor,R01,SR0196,MA City,MA,93980,2021-08-13,500000,Active
CU006670,Evergreen Builders,Builder,R04,SR0064,NV Heights,NV,54649,2019-12-18,100000,Active
CU006671,Evergreen Group,Distributor,R02,SR0042,SC Metro,SC,77199,2018-05-01,25000,Active
CU006672,Summit Development,Contractor,R04,SR0144,TX City,TX,64862,2019-12-16,100000,Active
CU006673,Skyline Homes,Contractor,R02,SR0172,SC Metro,SC,70425,2022-08-13,500000,Active
CU006674,Dream Materials,Contractor,R05,SR0005,CO Heights,CO,79191,2021-06-04,25000,Active
CU006675,Home Development,Contractor,R01,SR0076,NY Metro,NY,24998,2017-10-29,50000,Active
CU006676,Build Inc,Builder,R02,SR0022,TN City,TN,29499,2022-02-22,250000,Active
CU006677,Dream Homes,Builder,R01,SR0196,CT Heights,CT,29466,2024-06-16,250000,Active
CU006678,Metro Materials,Builder,R01,SR0066,NJ City,NJ,28540,2018-06-19,50000,Active
CU006679,Metro Homes,Builder,R03,SR0098,IL Metro,IL,62559,2019-10-24,1000000,Active
CU006680,Dream Inc,Contractor,R04,SR0009,OK Heights,OK,32923,2020-01-04,1000000,Active
CU006681,Build Contracting,Builder,R03,SR0178,IL Heights,IL,66705,2022-02-16,50000,Active
CU006682,Dream Materials,Retailer,R05,SR0200,WA Heights,WA,78921,2020-07-19,250000,Active
CU006683,Cornerstone Contracting,Retailer,R02,SR0017,SC Metro,SC,44950,2021-09-02,25000,Active
CU006684,Urban Inc,Builder,R03,SR0003,OH City,OH,39699,2022-12-19,250000,Active
CU006685,Evergreen Materials,Retailer,R02,SR0017,SC Heights,SC,49883,2020-01-22,250000,Active
CU006686,Summit Builders,Contractor,R01,SR0071,NY City,NY,58210,2023-09-13,250000,Active
CU006687,Evergreen Development,Retailer,R04,SR0064,AZ Heights,AZ,53666,2018-08-29,1000000,Active
CU006688,Dream Homes,Contractor,R03,SR0018,OH Heights,OH,36443,2024-03-26,100000,Active
CU006689,Prime LLC,Retailer,R04,SR0039,OK Heights,OK,60300,2020-04-04,50000,Active
CU006690,Cornerstone Contracting,Distributor,R01,SR0041,NJ City,NJ,66921,2023-07-25,25000,Active
CU006691,Build Materials,Builder,R03,SR0153,IL City,IL,30945,2022-10-29,1000000,Active
CU006692,Build Supply,Contractor,R02,SR0002,FL City,FL,21700,2023-05-13,1000000,Active
CU006693,Skyline LLC,Contractor,R02,SR0037,TN City,TN,79446,2020-04-04,25000,Active
CU006694,Summit Materials,Distributor,R01,SR0186,MA Heights,MA,17239,2018-12-23,50000,Active
CU006695,Urban Materials,Contractor,R03,SR0113,OH Heights,OH,76864,2020-07-23,1000000,Active
CU006696,Metro Supply,Retailer,R03,SR0018,OH City,OH,78179,2022-12-12,100000,Active
CU006697,Summit Supply,Distributor,R04,SR0084,NM Metro,NM,29731,2021-07-17,500000,Active
CU006698,Home LLC,Contractor,R01,SR0056,PA Metro,PA,34083,2017-03-01,500000,Active
CU006699,Prime Homes,Distributor,R01,SR0031,PA City,PA,89101,2022-02-24,25000,Active
CU006700,Dream Development,Contractor,R01,SR0076,PA Heights,PA,90740,2021-02-28,25000,Active
CU006701,Pioneer Development,Contractor,R03,SR0073,OH City,OH,25855,2025-05-31,100000,Active
CU006702,Metro Builders,Builder,R02,SR0172,NC City,NC,96260,2023-05-13,1000000,Active
CU006703,Atlas Inc,Distributor,R05,SR0075,CA Metro,CA,55310,2018-09-05,250000,Active
CU006704,Evergreen Builders,Builder,R05,SR0180,CO Metro,CO,23412,2021-05-08,100000,Active
CU006705,Skyline Development,Builder,R01,SR0046,NY Metro,NY,85398,2024-11-17,100000,Active
CU006706,Atlas Materials,Retailer,R05,SR0075,OR Heights,OR,44910,2025-03-03,50000,Active
CU006707,Evergreen Contracting,Distributor,R03,SR0123,MI Heights,mi,33873,2025-05-04,50000,Active
CU006708,Build LLC,Contractor,R02,SR0132,SC Heights,SC,49231,2024-03-04,25000,Active
CU006709,Metro Inc,Retailer,R04,SR0164,OK Heights,OK,30610,2019-06-13,500000,Active
CU006710,Metro Inc,Builder,R02,SR0197,GA Heights,GA,78246,2020-08-04,1000000,Active
CU006711,Evergreen Homes,Retailer,R05,SR0100,UT City,UT,56683,2023-04-01,500000,Active
CU006712,Skyline Inc,Contractor,R01,SR0036,NY Heights,NY,38219,2019-05-19,100000,Active
CU006713,Metro Materials,Contractor,R03,SR0098,OH City,OH,54397,2023-10-21,1000000,Active
CU006714,Pioneer Supply,Retailer,R02,SR0027,SC City,SC,57629,2020-05-20,500000,Active
CU006715,Summit Construction,Retailer,R02,SR0137,NC Heights,NC,84720,2021-07-01,1000000,Active
CU006716,Prime Construction,Retailer,R01,SR0001,NJ Metro,NJ,97405,2024-03-03,500000,Active
CU006717,Metro Materials,Contractor,R05,SR0110,CO City,CO,22108,2019-03-09,25000,Active
CU006718,Home Group,Contractor,R01,SR0036,MA Heights,MA,51845,2019-10-13,100000,Active
CU006719,Atlas Development,Distributor,R04,SR0039,TX City,TX,69765,2021-04-28,25000,Active
CU006720,Metro Group,Retailer,R04,SR0069,TX Metro,TX,83077,2024-12-27,50000,Active
CU006721,Atlas Materials,Contractor,R03,SR0018,IN Heights,IN,95150,2020-09-15,250000,Active
CU006722,Urban Construction,Retailer,R02,SR0152,NC City,NC,23334,2019-03-19,1000000,Active
CU006723,Summit Contracting,Retailer,R04,SR0074,NM Metro,nm,13420,2024-07-24,25000,Active
CU006724,Skyline Materials,Builder,R03,SR0168,OH City,OH,,2017-10-01,50000,Active
CU006725,Cornerstone LLC,Retailer,R01,SR0126,PA Heights,PA,63450,2020-01-29,50000,Active
CU006726,Pioneer Construction,Retailer,R01,SR0191,NY City,NY,28894,2018-06-02,25000,Active
CU006727,Build Supply,Retailer,R04,SR0049,TX City,TX,12824,2020-06-21,25000,Active
CU006728,Dream LLC,Builder,R02,SR0097,NC Heights,NC,86687,2018-04-17,1000000,Active
CU006729,Prime Contracting,Builder,R01,SR0156,PA Heights,PA,98442,2021-06-13,25000,Active
CU006730,Skyline Contracting,Builder,R01,SR0131,NY Metro,NY,88203,2025-03-07,250000,Active
CU006731,Home Construction,Distributor,R02,SR0102,FL Heights,FL,46653,2023-06-05,100000,Active
CU006732,Build Homes,Builder,R01,SR0016,PA Heights,PA,58778,2017-03-22,50000,Active
CU006733,Evergreen Group,Distributor,R01,SR0076,CT City,CT,53426,2021-04-24,500000,Active
CU006734,Dream Supply,Contractor,R01,SR0056,NY Metro,NY,45856,2024-10-15,500000,Active
CU006735,Pioneer Contracting,Builder,R03,SR0098,IN City,IN,11503,2023-10-08,50000,Active
CU006736,Prime Homes,Retailer,R03,SR0093,MI City,MI,94392,2018-08-26,500000,Active
CU006737,Summit Contracting,Distributor,R03,SR0028,IN Heights,IN,27637,2018-08-07,500000,Active
CU006738,Dream Group,Retailer,R03,SR0148,IL City,IL,97571,2023-09-27,250000,Active
CU006739,Prime Construction,Builder,R01,SR0166,CT Metro,CT,44863,2017-08-24,50000,Active
CU006740,Cornerstone Contracting,Contractor,R04,SR0164,NM Heights,NM,72180,2018-08-18,1000000,Active
CU006741,Atlas Construction,Retailer,R04,SR0169,NV Heights,NV,18887,2017-12-28,1000000,Active
CU006742,Home Development,Builder,R05,SR0055,CA Metro,CA,58531,2017-06-03,500000,Active
CU006743,Metro Group,Retailer,R04,SR0034,NM Metro,NM,37190,2022-09-04,50000,Active
CU006744,Summit Construction,Retailer,R01,SR0021,CT City,CT,50437,2025-01-09,50000,Active
CU006745,Home LLC,Contractor,R02,SR0057,FL Metro,FL,22999,2020-04-20,100000,Active
CU006746,Dream Inc,Retailer,R03,SR0188,IN Metro,IN,56699,2022-05-01,50000,Active
CU006747,Pioneer Homes,Retailer,R01,SR0046,MA Heights,MA,93476,2024-01-02,25000,Active
CU006748,Home Supply,Retailer,R01,SR0011,PA City,PA,21336,2017-08-19,100000,Active
CU006749,Atlas Construction,Retailer,R04,SR0199,AZ Heights,AZ,10195,2017-09-10,100000,Active
CU006750,Skyline Materials,Builder,R04,SR0184,AZ City,az,13226,2024-06-15,250000,Active
CU006751,Metro Supply,Retailer,R02,SR0132,FL Heights,FL,78627,2024-10-02,1000000,Active
CU006752,Cornerstone Homes,Contractor,R04,SR0129,NV City,NV,18781,2023-07-15,250000,Active
CU006753,Skyline Contracting,Retailer,R01,SR0001,CT Heights,CT,78036,2018-05-23,250000,Active
CU006754,Skyline Development,Contractor,R03,SR0158,IL Heights,IL,78891,2022-02-06,1000000,Active
CU006755,Pioneer Materials,Contractor,R04,SR0119,NM Metro,NM,61841,2020-04-22,25000,Active
CU006756,Cornerstone Construction,Retailer,R04,SR0184,OK Heights,OK,92577,2023-06-19,25000,Active
CU006757,Prime Supply,Retailer,R04,SR0024,NV Metro,NV,18421,2023-07-08,500000,Active
CU006758,Prime Development,Builder,R03,SR0188,IN Metro,IN,72149,2022-09-20,250000,Active
CU006759,Metro Builders,Retailer,R05,SR0195,WA Metro,WA,42420,2025-04-10,100000,Active
CU006760,Cornerstone Development,Retailer,R03,SR0008,IL Heights,IL,13632,2025-01-29,100000,Active
CU006761,Summit Materials,Retailer,R02,SR0132,FL Heights,FL,87807,2017-04-11,1000000,Active
CU006762,Dream Inc,Builder,R02,SR0082,SC Heights,SC,21817,2019-05-20,25000,Active
CU006763,Build Supply,Distributor,R02,SR0037,SC City,SC,80751,2018-06-15,25000,Active
CU006764,Urban Contracting,Builder,R05,SR0120,CA Metro,CA,79357,2019-05-26,25000,Active
CU006765,Cornerstone Homes,Builder,R01,SR0146,CT City,CT,73079,2017-07-25,50000,Active
CU006766,Metro Contracting,Builder,R03,SR0108,MI City,MI,95011,2022-06-06,250000,Active
CU006767,Atlas Inc,Contractor,R05,SR0185,UT Heights,UT,92505,2024-12-31,100000,Active
CU006768,Summit Homes,Distributor,R05,SR0185,UT Heights,UT,85513,2022-01-17,50000,Active
CU006769,Summit Construction,Retailer,R03,SR0133,IL Heights,IL,31612,2025-06-22,100000,Active
CU006770,Skyline Materials,Contractor,R04,SR0099,TX City,TX,37798,2022-05-22,500000,Active
CU006771,Atlas Inc,Contractor,R05,SR0130,UT Metro,UT,64907,2023-09-23,250000,Active
CU006772,Home Homes,Distributor,R03,SR0188,OH City,OH,42073,2019-11-21,500000,Active
CU006773,Evergreen Supply,Contractor,R01,SR0136,PA Metro,PA,48989,2017-12-26,50000,Active
CU006774,Prime Development,Contractor,R02,SR0057,TN City,TN,85403,2021-12-23,500000,Active
CU006775,Urban Inc,Builder,R03,SR0023,WI City,WI,17424,2022-02-08,100000,Active
CU006776,Metro Construction,Distributor,R01,SR0131,CT City,CT,14661,2022-02-17,1000000,Active
CU006777,Metro LLC,Builder,R01,SR0066,CT City,CT,,2019-03-24,500000,Active
CU006778,Evergreen Inc,Distributor,R05,SR0155,WA Heights,WA,91392,2018-09-11,500000,Active
CU006779,Metro Builders,Builder,R02,SR0177,NC City,NC,22553,2022-09-03,1000000,Active
CU006780,Dream Supply,Contractor,R04,SR0009,TX Heights,TX,85784,2020-01-07,25000,Active
CU006781,Cornerstone Materials,Builder,R02,SR0092,FL City,FL,36988,2019-01-01,100000,Active
CU006782,Cornerstone Builders,Contractor,R05,SR0145,UT Heights,UT,70755,2018-04-19,1000000,Active
CU006783,Prime Homes,Contractor,R01,SR0196,CT City,CT,99770,2025-01-10,500000,Active
CU006784,Pioneer Builders,Contractor,R01,SR0036,NY Heights,NY,82320,2018-01-05,100000,Active
CU006785,Urban Inc,Distributor,R03,SR0063,MI City,MI,86480,2017-06-10,50000,Active
CU006786,Summit Contracting,Distributor,R03,SR0008,MI City,MI,68561,2023-01-04,500000,Active
CU006787,Summit Contracting,Builder,R02,SR0142,FL City,FL,90135,2025-01-14,250000,Active
CU006788,Atlas Materials,Builder,R04,SR0079,NM Metro,NM,62616,2021-06-11,250000,Active
CU006789,Build Development,Builder,R01,SR0046,MA Heights,MA,90894,2017-06-21,500000,Active
CU006790,Skyline Group,Retailer,R02,SR0017,GA Metro,GA,15120,2020-09-04,25000,Active
CU006791,Pioneer Builders,Distributor,R01,SR0086,NY Heights,NY,,2019-03-04,1000000,Active
CU006792,Dream Supply,Contractor,R01,SR0136,MA City,MA,17625,2023-12-28,250000,Active
CU006793,Evergreen Builders,Builder,R03,SR0148,MI Heights,MI,24293,2017-04-03,100000,Active
CU006794,Metro Builders,Builder,R05,SR0065,CA Metro,CA,54442,2020-09-15,100000,Active
CU006795,Atlas Materials,Contractor,R04,SR0139,OK City,OK,50545,2024-11-08,25000,Active
CU006796,Urban LLC,Builder,R02,SR0112,SC City,SC,48022,2018-08-08,500000,Active
CU006797,Summit Contracting,Contractor,R05,SR0110,CA Heights,CA,37677,2021-08-06,250000,Active
CU006798,Dream Development,Retailer,R01,SR0106,NY Heights,NY,96852,2020-07-24,25000,Active
CU006799,Cornerstone Construction,Retailer,R02,SR0162,NC Metro,NC,15278,2022-05-19,250000,Active
CU006800,Dream Construction,Builder,R02,SR0192,TN Heights,TN,49994,2023-02-18,500000,Active
CU006801,Prime Homes,Retailer,R02,SR0057,TN City,TN,40399,2024-03-18,250000,Active
CU006802,Home Builders,Builder,R05,SR0135,CA City,CA,19994,2024-01-22,500000,Active
CU006803,Dream Materials,Builder,R01,SR0046,NJ City,NJ,50360,2019-08-27,25000,Active
CU006804,Metro Inc,Contractor,R05,SR0165,CO Metro,CO,39791,2024-11-18,100000,Active
CU006805,Prime Supply,Contractor,R02,SR0012,GA Metro,GA,71226,2019-06-01,500000,Active
CU006806,Prime Materials,Contractor,R04,SR0034,NM City,NM,12979,2017-09-07,100000,Active
CU006807,Metro Inc,Retailer,R03,SR0108,IN City,IN,62998,2020-04-04,500000,Active
CU006808,Home Inc,Contractor,R04,SR0034,OK Heights,OK,36161,2019-08-05,1000000,Active
CU006809,Evergreen Materials,Retailer,R04,SR0194,NV City,NV,51247,2018-11-20,100000,Active
CU006810,Pioneer Contracting,Retailer,R02,SR0162,NC Metro,NC,51388,2018-08-26,500000,Active
CU006811,Pioneer Builders,Builder,R03,SR0003,IL City,IL,11365,2018-12-08,500000,Active
CU006812,Dream Inc,Builder,R05,SR0135,WA Metro,WA,58052,2020-12-16,250000,Active
CU006813,Urban Group,Retailer,R03,SR0193,MI Heights,MI,37141,2024-05-29,500000,Active
CU006814,Build Inc,Distributor,R01,SR0076,NJ City,NJ,70502,2024-09-03,1000000,Active
CU006815,Summit Builders,Contractor,R04,SR0174,NV City,NV,27929,2020-01-07,250000,Active
CU006816,Evergreen Development,Builder,R01,SR0016,MA City,MA,38702,2019-08-15,500000,Active
CU006817,Cornerstone Builders,Builder,R01,SR0061,NJ Heights,NJ,42015,2023-09-15,25000,Active
CU006818,Atlas Homes,Retailer,R05,SR0165,UT Metro,UT,79544,2025-03-31,100000,Active
CU006819,Prime Contracting,Distributor,R05,SR0080,CA Metro,CA,20731,2017-05-13,500000,Active
CU006820,Skyline Homes,Distributor,R03,SR0018,IN Heights,IN,49731,2025-06-11,100000,Active
CU006821,Prime Builders,Contractor,R05,SR0045,OR Metro,OR,,2021-01-14,1000000,Active
CU006822,Evergreen Builders,Contractor,R02,SR0052,FL City,FL,22307,2017-05-16,250000,Active
CU006823,Summit Development,Builder,R03,SR0098,IL Heights,IL,62522,2018-08-01,100000,Active
CU006824,Cornerstone Development,Contractor,R05,SR0025,OR City,OR,90754,2024-10-23,100000,Active
CU006825,Metro Construction,Builder,R03,SR0073,IN Heights,IN,45285,2021-12-22,100000,Active
CU006826,Evergreen Inc,Contractor,R03,SR0133,IL City,IL,30793,2024-08-27,1000000,Active
CU006827,Pioneer Development,Distributor,R01,SR0131,PA City,PA,92239,2023-11-21,1000000,Active
CU006828,Evergreen Supply,Retailer,R05,SR0065,UT City,UT,41553,2024-03-10,1000000,Active
CU006829,Prime Contracting,Retailer,R05,SR0005,CA City,CA,13018,2023-08-09,1000000,Active
CU006830,Skyline Development,Contractor,R03,SR0173,IN City,IN,34182,2021-05-10,25000,Active
CU006831,Skyline Homes,Distributor,R05,SR0175,CA Heights,CA,17479,2023-08-09,100000,Active
CU006832,Cornerstone LLC,Distributor,R04,SR0059,OK City,OK,26947,2019-09-21,100000,Active
CU006833,Evergreen Group,Builder,R02,SR0102,SC Heights,SC,19286,2022-08-21,1000000,Active
CU006834,Cornerstone LLC,Retailer,R05,SR0135,OR City,OR,40633,2021-03-02,1000000,Active
CU006835,Cornerstone Group,Retailer,R02,SR0147,NC Metro,nc,89991,2018-05-18,250000,Active
CU006836,Prime Builders,Retailer,R01,SR0121,MA Heights,MA,37181,2018-08-16,500000,Active
CU006837,Summit Inc,Distributor,R03,SR0193,OH Metro,OH,84733,2023-11-26,500000,Active
CU006838,Dream LLC,Retailer,R05,SR0150,CA City,CA,25615,2018-04-14,500000,Active
CU006839,Evergreen Construction,Contractor,R02,SR0137,SC Heights,SC,84135,2019-05-14,100000,Active
CU006840,Skyline Builders,Distributor,R05,SR0035,WA Metro,WA,19523,2017-08-11,25000,Active
CU006841,Evergreen Group,Retailer,R01,SR0001,CT City,CT,90273,2020-11-19,1000000,Active
CU006842,Skyline Contracting,Builder,R04,SR0199,TX Heights,TX,35793,2019-03-17,100000,Active
CU006843,Build Supply,Retailer,R05,SR0115,WA Heights,WA,20727,2019-10-29,100000,Active
CU006844,Prime Contracting,Retailer,R04,SR0149,AZ Heights,AZ,88093,2024-03-08,500000,Active
CU006845,Evergreen Development,Contractor,R04,SR0029,AZ Metro,AZ,59815,2022-01-08,100000,Active
CU006846,Dream Development,Builder,R04,SR0159,OK Metro,OK,63070,2019-12-12,25000,Active
CU006847,Urban Builders,Contractor,R05,SR0190,OR Metro,OR,74133,2020-07-08,250000,Active
CU006848,Atlas Group,Builder,R05,SR0140,WA City,WA,63094,2025-04-24,1000000,Active
CU006849,Evergreen Contracting,Builder,R01,SR0191,NJ Metro,NJ,21862,2022-08-08,500000,Active
CU006850,Metro Materials,Retailer,R05,SR0075,WA Heights,WA,59196,2020-07-27,50000,Active
CU006851,Build Homes,Builder,R01,SR0021,NJ Metro,NJ,51106,2018-12-02,1000000,Active
CU006852,Summit Materials,Distributor,R02,SR0197,SC City,SC,40073,2017-07-14,50000,Active
CU006853,Metro Contracting,Contractor,R03,SR0098,OH City,OH,29068,2025-04-08,500000,Active
CU006854,Urban LLC,Distributor,R02,SR0117,TN Heights,TN,47361,2017-11-13,25000,Active
CU006855,Prime Group,Retailer,R05,SR0195,UT City,UT,75123,2019-11-08,500000,Active
CU006856,Evergreen Homes,Contractor,R03,SR0003,WI Heights,WI,78218,2019-05-31,1000000,Active
CU006857,Build Builders,Builder,R04,SR0049,NM City,NM,57321,2021-07-17,50000,Active
CU006858,Metro Materials,Builder,R03,SR0108,IN City,IN,45393,2018-06-16,500000,Active
CU006859,Urban Development,Retailer,R05,SR0105,UT Heights,UT,44210,2019-01-02,50000,Active
CU006860,Dream Materials,Retailer,R04,SR0129,OK City,OK,23983,2024-04-04,50000,Active
CU006861,Urban Supply,Retailer,R02,SR0007,FL Heights,FL,14792,2022-01-12,100000,Active
CU006862,Atlas Builders,Retailer,R03,SR0153,MI Heights,MI,38821,2021-08-18,250000,Active
CU006863,Home Group,Builder,R05,SR0050,CA Metro,CA,28862,2022-06-27,500000,Active
CU006864,Cornerstone Group,Contractor,R02,SR0192,NC City,NC,36362,2021-10-01,500000,Active
CU006865,Summit Builders,Builder,R03,SR0198,MI Heights,MI,54935,2018-06-13,250000,Active
CU006866,Pioneer Group,Contractor,R04,SR0034,NV Metro,NV,13615,2023-03-08,1000000,Active
CU006867,Dream Inc,Builder,R03,SR0023,MI Heights,MI,81753,2024-11-25,250000,Active
CU006868,Summit LLC,Retailer,R01,SR0161,NJ Heights,NJ,49625,2024-03-16,500000,Active
CU006869,Evergreen Materials,Contractor,R04,SR0124,NM City,NM,37297,2017-07-22,25000,Active
CU006870,Atlas Builders,Contractor,R05,SR0110,UT Heights,UT,99642,2021-10-31,25000,Active
CU006871,Metro Contracting,Distributor,R02,SR0047,SC City,SC,31188,2020-08-02,500000,Active
CU006872,Metro Development,Retailer,R02,SR0062,FL City,FL,44806,2018-01-18,100000,Active
CU006873,Cornerstone Contracting,Retailer,R05,SR0090,OR Metro,OR,15793,2020-10-12,250000,Active
CU006874,Skyline Builders,Contractor,R04,SR0059,NV Metro,NV,97693,2018-03-17,250000,Active
CU006875,Atlas Supply,Retailer,R05,SR0055,CA Heights,CA,81133,2024-03-27,1000000,Active
CU006876,Dream Builders,Retailer,R04,SR0014,AZ Heights,AZ,53809,2021-02-08,50000,Active
CU006877,Summit Builders,Distributor,R04,SR0064,OK City,OK,28071,2025-03-02,250000,Active
CU006878,Skyline Contracting,Contractor,R04,SR0194,NM Heights,NM,13524,2020-12-02,250000,Active
CU006879,Atlas Contracting,Builder,R01,SR0026,NY Heights,NY,58477,2021-06-12,25000,Active
CU006880,Build Contracting,Retailer,R05,SR0025,WA Metro,WA,95219,2024-04-12,250000,Active
CU006881,Atlas Supply,Builder,R02,SR0082,SC Metro,SC,49811,2023-03-07,250000,Active
CU006882,Build Contracting,Retailer,R02,SR0022,SC City,SC,37530,2020-05-25,50000,Active
CU006883,Home Materials,Builder,R05,SR0010,OR City,OR,47857,2018-11-25,25000,Active
CU006884,Pioneer Contracting,Distributor,R04,SR0164,NV City,NV,46181,2022-01-10,25000,Active
CU006885,Home Development,Builder,R02,SR0172,FL Metro,FL,74093,2024-02-27,1000000,Active
CU006886,Atlas Development,Distributor,R05,SR0120,WA Metro,WA,47781,2020-12-01,500000,Active
CU006887,Metro Group,Retailer,R05,SR0120,CO Metro,CO,92754,2018-03-12,500000,Active
CU006888,Pioneer Builders,Contractor,R02,SR0162,FL City,FL,29241,2021-06-03,1000000,Active
CU006889,Evergreen Development,Retailer,R05,SR0165,WA City,WA,46250,2023-07-07,50000,Active
CU006890,  Evergreen Materials ,Distributor,R03,SR0123,IN Heights,IN,64348,2021-10-13,1000000,Active
CU006891,Skyline Construction,Builder,R02,SR0102,NC Heights,NC,24662,2020-04-13,25000,Active
CU006892,Home Inc,Distributor,R05,SR0195,OR Metro,OR,82975,2020-08-05,1000000,Active
CU006893,Pioneer Construction,Retailer,R03,SR0103,WI Heights,WI,56061,2022-09-30,50000,Active
CU006894,Urban Construction,Retailer,R04,SR0194,NM Metro,NM,30568,2024-06-05,25000,Active
CU006895,Prime Builders,Contractor,R05,SR0125,UT Metro,UT,51356,2020-06-24,500000,Active
CU006896,Atlas Inc,Contractor,R05,SR0145,CA Heights,CA,58650,2017-09-03,250000,Active
CU006897,Build LLC,Builder,R03,SR0138,WI Heights,WI,30334,2018-10-22,500000,Active
CU006898,Home Contracting,Retailer,R03,SR0193,WI City,WI,75507,2022-02-16,50000,Active
CU006899,Urban Materials,Builder,R03,SR0163,OH City,OH,63230,2025-04-18,25000,Active
CU006900,Cornerstone Contracting,Retailer,R04,SR0194,AZ Heights,AZ,37079,2018-07-25,100000,Active
CU006901,Atlas Inc,Retailer,R04,SR0159,AZ Heights,AZ,72876,2021-05-19,100000,Active
CU006902,Summit Construction,Distributor,R05,SR0110,OR Heights,OR,96274,2021-01-29,250000,Active
CU006903,Skyline Inc,Contractor,R05,SR0120,UT Metro,UT,84569,2023-12-22,1000000,Active
CU006904,Home Homes,Builder,R03,SR0088,IL Metro,IL,32614,2021-01-18,500000,Active
CU006905,Build Group,Retailer,R05,SR0175,CA Metro,CA,81401,2019-10-26,50000,Active
CU006906,Home Contracting,Retailer,R02,SR0047,SC City,SC,22204,2023-11-22,100000,Active
CU006907,Skyline Homes,Contractor,R04,SR0144,AZ Heights,AZ,50434,2017-09-30,100000,Active
CU006908,Urban Materials,Contractor,R02,SR0057,NC City,NC,46244,2021-03-02,50000,Active
CU006909,Build LLC,Contractor,R04,SR0139,TX City,TX,14310,2017-07-29,50000,Active
CU006910,Metro Homes,Builder,R03,SR0118,IL City,IL,48264,2024-03-17,500000,Active
CU006911,Evergreen Construction,Builder,R02,SR0197,NC City,NC,90729,2021-06-05,50000,Active
CU006912,Dream Group,Builder,R01,SR0166,MA City,MA,59382,2021-12-08,1000000,Active
CU006913,Build Contracting,Contractor,R05,SR0005,CO Metro,CO,79850,2018-04-23,100000,Active
CU006914,Urban Contracting,Builder,R01,SR0086,NJ Heights,New Jersey,44197,2021-02-01,500000,Active
CU006915,Home Materials,Distributor,R01,SR0196,CT Heights,CT,47197,2023-12-19,50000,Active
CU006916,Prime Builders,Distributor,R02,SR0187,SC Heights,SC,20407,2021-04-14,1000000,Active
CU006917,Skyline Builders,Distributor,R04,SR0139,AZ City,AZ,27779,2021-04-15,250000,Active
CU006918,Evergreen Development,Builder,R05,SR0120,WA Metro,WA,51771,2021-10-12,500000,Active
CU006919,Cornerstone LLC,Retailer,R02,SR0102,NC Metro,NC,53263,2019-12-25,100000,Active
CU006920,Prime Development,Builder,R01,SR0061,MA Heights,MA,97746,2024-05-11,50000,Active
CU006921,Pioneer Construction,Distributor,R02,SR0062,TN City,tn,53526,2020-04-26,50000,Active
CU006922,Build Materials,Distributor,R01,SR0071,NY Metro,NY,92694,2023-11-02,50000,Active
CU006923,Evergreen Homes,Builder,R01,SR0046,PA Heights,PA,42070,2020-06-10,250000,Active
CU006924,Evergreen Contracting,Contractor,R05,SR0175,OR City,or,51224,2018-09-05,100000,Active
CU006925,Pioneer Inc,Distributor,R01,SR0051,NJ City,NJ,54340,2020-08-12,1000000,Active
CU006926,Pioneer LLC,Contractor,R02,SR0027,FL Heights,FL,11474,2020-08-04,250000,Active
CU006927,Build Homes,Contractor,R05,SR0010,WA Heights,WA,26101,2018-11-07,50000,Active
CU006928,Atlas Construction,Contractor,R01,SR0056,PA Heights,PA,77264,2017-03-22,1000000,Active
CU006929,Evergreen Construction,Builder,R04,SR0044,OK Heights,OK,15942,2017-08-20,100000,Active
CU006930,Metro Contracting,Retailer,R04,SR0089,TX Heights,TX,21881,2018-01-04,50000,Active
CU006931,Home Contracting,Distributor,R01,SR0046,CT Metro,CT,89414,2020-11-11,250000,Active
CU006932,Prime Builders,Retailer,R04,SR0139,TX City,TX,59907,2020-05-30,50000,Active
CU006933,Build LLC,Contractor,R05,SR0150,CA Heights,CA,54833,2025-05-27,500000,Active
CU006934,Summit Development,Builder,R04,SR0074,AZ Metro,AZ,32637,2017-08-09,25000,Active
CU006935,Prime Contracting,Builder,R03,SR0148,MI Heights,MI,82835,2022-04-29,100000,Active
CU006936,Dream Materials,Builder,R04,SR0109,NV City,NV,20880,2022-07-14,100000,Active
CU006937,Cornerstone Group,Builder,R04,SR0034,OK City,OK,83714,2023-01-21,1000000,Active
CU006938,Build Construction,Builder,R04,SR0124,NV City,NV,36809,2021-03-09,100000,Active
CU006939,Summit Contracting,Builder,R03,SR0073,WI Heights,WI,90962,2018-08-26,250000,Active
CU006940,Dream Builders,Builder,R02,SR0062,TN Metro,TN,84636,2018-03-09,25000,Active
CU006941,Urban Builders,Distributor,R03,SR0028,WI Heights,WI,53928,2018-05-28,25000,Active
CU006942,Metro Inc,Retailer,R02,SR0017,TN City,TN,76170,2017-07-18,1000000,Active
CU006943,Evergreen Inc,Distributor,R01,SR0166,NJ City,NJ,39003,2017-03-31,500000,Active
CU006944,Pioneer Development,Distributor,R05,SR0065,CO City,CO,62506,2023-07-11,50000,Active
CU006945,Pioneer Inc,Distributor,R01,SR0161,MA City,MA,47587,2023-10-17,25000,Active
CU006946,Build Contracting,Contractor,R04,SR0189,NV City,NV,85706,2020-01-14,25000,Active
CU006947,Atlas Builders,Builder,R03,SR0003,IN City,IN,43099,2017-09-04,250000,Active
CU006948,Atlas Inc,Contractor,R02,SR0017,SC City,SC,14461,2020-05-02,100000,Active
CU006949,Prime Homes,Contractor,R03,SR0033,OH City,OH,55244,2017-08-23,25000,Active
CU006950,Urban Development,Builder,R04,SR0104,NM City,NM,31983,2022-05-16,50000,Active
CU006951,Prime Contracting,Builder,R03,SR0083,MI Heights,MI,33500,2020-06-04,500000,Active
CU006952,Atlas Homes,Retailer,R05,SR0170,CA Metro,CA,90670,2019-11-08,100000,Active
CU006953,Skyline Construction,Distributor,R04,SR0179,AZ Heights,AZ,65824,2023-10-23,500000,Active
CU006954,Metro Builders,Contractor,R02,SR0122,NC City,NC,52015,2021-09-17,50000,Active
CU006955,Prime Group,Retailer,R05,SR0070,UT City,UT,46578,2019-05-08,50000,Active
CU006956,Urban Materials,Contractor,R01,SR0156,NJ Metro,NJ,14783,2018-08-22,25000,Active
CU006957,Atlas Builders,Contractor,R04,SR0199,OK Metro,OK,26647,2020-02-23,1000000,Active
CU006958,Dream Construction,Retailer,R02,SR0042,TN City,TN,53349,2018-06-02,100000,Active
CU006959,Summit Development,Contractor,R05,SR0135,CO Heights,CO,42659,2019-04-09,250000,Active
CU006960,Dream Group,Contractor,R02,SR0057,NC Metro,NC,50710,2021-11-13,25000,Active
CU006961,Atlas Builders,Builder,R02,SR0147,TN Metro,TN,98200,2020-02-17,50000,Active
CU006962,Summit Development,Contractor,R05,SR0150,CO City,CO,92004,2022-04-20,100000,Active
CU006963,Pioneer Materials,Distributor,R05,SR0050,OR Heights,OR,44844,2020-02-01,25000,Active
CU006964,Urban Supply,Contractor,R05,SR0150,WA Heights,WA,35251,2022-06-18,25000,Active
CU006965,Home Supply,Distributor,R03,SR0133,WI City,WI,29108,2018-09-15,250000,Active
CU006966,Home Group,Retailer,R03,SR0148,WI Metro,WI,35003,2024-10-25,50000,Active
CU006967,Cornerstone Materials,Contractor,R01,SR0081,MA Heights,MA,13048,2020-09-15,250000,Active
CU006968,Pioneer Inc,Builder,R04,SR0034,NM Metro,NM,96829,2019-08-04,100000,Active
CU006969,Build Inc,Builder,R03,SR0178,OH Heights,OH,75898,2019-10-16,50000,Active
CU006970,Prime Supply,Distributor,R03,SR0058,OH Metro,OH,30432,2024-10-11,50000,Active
CU006971,Atlas LLC,Builder,R05,SR0055,CO City,CO,60857,2023-09-15,100000,Active
CU006972,Atlas LLC,Contractor,R03,SR0173,IN Metro,IN,42077,2018-02-12,100000,Active
CU006973,Home Materials,Distributor,R05,SR0005,OR Heights,OR,69484,2017-11-01,500000,Active
CU006974,Atlas Materials,Builder,R03,SR0188,MI Heights,MI,42740,2019-09-06,100000,Active
CU006975,Dream Homes,Retailer,R04,SR0134,TX Metro,TX,47166,2023-05-24,500000,Active
CU006976,Prime Materials,Distributor,R04,SR0119,NM Metro,NM,29199,2025-01-17,50000,Active
CU006977,Skyline Inc,Builder,R04,SR0139,NM Metro,NM,83996,2017-01-17,100000,Active
CU006978,Summit Homes,Distributor,R04,SR0089,TX City,TX,57414,2025-03-28,250000,Active
CU006979,Skyline Construction,Contractor,R01,SR0156,NY Metro,NY,10496,2023-12-14,25000,Active
CU006980,Summit Inc,Contractor,R01,SR0001,MA Heights,MA,48900,2018-10-24,250000,Active
CU006981,Prime Materials,Builder,R01,SR0006,NJ Metro,NJ,80005,2022-11-13,500000,Active
CU006982,Build Development,Builder,R02,SR0187,GA Heights,GA,77821,2019-01-26,250000,Active
CU006983,Prime Inc,Distributor,R04,SR0069,OK City,OK,76107,2020-10-30,250000,Active
CU006984,Pioneer Materials,Distributor,R02,SR0137,NC Metro,NC,33702,2024-12-16,500000,Active
CU006985,Urban Development,Contractor,R05,SR0110,CO Heights,CO,70345,2021-08-29,50000,Active
CU006986,Urban Inc,Retailer,R05,SR0195,OR Heights,OR,32416,2024-10-09,1000000,Active
CU006987,Build Materials,Retailer,R05,SR0105,OR Heights,OR,70926,2023-04-25,500000,Active
CU006988,Urban Builders,Contractor,R05,SR0195,CA Metro,CA,43454,2023-03-13,1000000,Active
CU006989,Atlas Construction,Builder,R05,SR0055,UT Metro,UT,90931,2022-07-15,250000,Active
CU006990,Summit Homes,Contractor,R02,SR0122,TN City,TN,59017,2024-04-14,1000000,Active
CU006991,Atlas Development,Builder,R05,SR0005,WA Metro,WA,38995,2025-06-06,50000,Active
CU006992,Pioneer Materials,Distributor,R03,SR0158,MI Heights,MI,84102,2020-06-22,25000,Active
CU006993,Pioneer Development,Builder,R01,SR0171,NJ City,NJ,64421,2018-01-05,250000,Active
CU006994,Pioneer LLC,Contractor,R05,SR0015,UT Metro,UT,54359,2019-01-29,100000,Active
CU006995,Dream LLC,Distributor,R05,SR0020,WA Metro,WA,69238,2024-02-29,500000,Active
CU006996,Build LLC,Contractor,R03,SR0098,IL Metro,IL,14414,2024-03-28,250000,Active
CU006997,Dream Group,Retailer,R04,SR0064,TX Metro,TX,57547,2019-02-23,25000,Active
CU006998,Build Inc,Distributor,R02,SR0012,FL Metro,FL,44970,2025-05-07,25000,Active
CU006999,Home Contracting,Retailer,R01,SR0086,MA Metro,ma,37784,2019-02-28,100000,Active
CU007000,Summit Inc,Retailer,R03,SR0188,IN City,IN,38673,2018-06-16,1000000,Active
CU007001,Prime Group,Contractor,R05,SR0185,UT Metro,UT,76651,2023-04-12,250000,Active
CU007002,Evergreen Construction,Retailer,R05,SR0090,WA Metro,WA,87286,2020-06-12,500000,Active
CU007003,Skyline Construction,Retailer,R04,SR0139,AZ Metro,AZ,49650,2017-01-18,50000,Active
CU007004,Atlas Development,Retailer,R05,SR0015,OR City,OR,67089,2022-07-13,500000,Active
CU007005,Atlas Inc,Contractor,R01,SR0151,PA Metro,PA,39477,2021-11-24,25000,Active
CU007006,Prime Supply,Distributor,R05,SR0020,OR Metro,OR,75909,2022-12-16,250000,Active
CU007007,Home Development,Retailer,R03,SR0043,OH Metro,OH,64590,2024-12-20,1000000,Active
CU007008,Prime LLC,Contractor,R01,SR0146,MA City,MA,28741,2021-12-23,25000,Active
CU007009,Dream LLC,Retailer,R02,SR0022,GA Metro,GA,14962,2023-10-27,50000,Active
CU007010,Atlas Materials,Retailer,R03,SR0153,IL Heights,IL,36666,2022-02-22,100000,Active
CU007011,Home Construction,Builder,R04,SR0089,AZ Metro,AZ,34014,2025-05-07,25000,Active
CU007012,Cornerstone Homes,Builder,R01,SR0161,CT Metro,CT,83063,2019-06-10,100000,Active
CU007013,Pioneer Group,Contractor,R05,SR0095,UT Heights,UT,23611,2023-03-23,50000,Active
CU007014,Evergreen Supply,Contractor,R03,SR0153,IL Heights,IL,91420,2019-11-26,100000,Active
CU007015,Dream Construction,Builder,R05,SR0035,CO Heights,CO,19287,2020-09-14,500000,Active
CU007016,Skyline Contracting,Retailer,R01,SR0176,MA Heights,MA,43503,2024-05-30,1000000,Active
CU007017,Prime Development,Contractor,R04,SR0139,NV Heights,NV,82713,2020-02-05,50000,Active
CU007018,Cornerstone Homes,Contractor,R01,SR0036,NJ Metro,NJ,51113,2023-01-02,250000,Active
CU007019,Summit Development,Contractor,R01,SR0041,NJ Heights,NJ,96412,2022-08-08,100000,Active
CU007020,Atlas LLC,Builder,R01,SR0076,MA Metro,MA,91091,2022-11-27,25000,Active
CU007021,Prime Materials,Retailer,R02,SR0002,FL Heights,FL,35679,2018-05-16,50000,Active
CU007022,Dream Materials,Retailer,R04,SR0079,TX Heights,TX,21862,2017-06-24,50000,Active
CU007023,Cornerstone Group,Distributor,R04,SR0194,NM City,NM,13160,2018-04-25,250000,Active
CU007024,Build Supply,Retailer,R03,SR0168,WI Heights,WI,79385,2022-04-26,250000,Active
CU007025,Cornerstone Development,Builder,R04,SR0069,OK Metro,OK,37343,2023-12-04,25000,Active
CU007026,Skyline Inc,Contractor,R05,SR0060,WA City,WA,74516,2017-07-22,1000000,Active
CU007027,Urban Homes,Distributor,R03,SR0143,IL Metro,IL,37541,2022-10-21,25000,Active
CU007028,Evergreen Inc,Builder,R05,SR0015,CA City,CA,88426,2023-12-12,500000,Active
CU007029,Pioneer Supply,Retailer,R01,SR0001,PA Metro,PA,63595,2021-08-30,100000,Active
CU007030,Dream Contracting,Contractor,R02,SR0187,NC Heights,NC,36720,2020-01-09,250000,Active
CU007031,Home Materials,Distributor,R03,SR0173,OH Heights,OH,37687,2017-01-30,500000,Active
CU007032,Prime Supply,Builder,R03,SR0013,WI Metro,WI,74851,2023-09-06,500000,Active
CU007033,Home Materials,Builder,R02,SR0112,TN Metro,TN,99881,2020-05-23,25000,Active
CU007034,Dream Materials,Builder,R05,SR0165,OR Heights,OR,91740,2023-10-05,25000,Active
CU007035,Metro Inc,Retailer,R04,SR0034,AZ Metro,AZ,48964,2024-09-07,25000,Active
CU007036,Evergreen Materials,Builder,R03,SR0183,IL Heights,IL,46742,2019-04-30,100000,Active
CU007037,Summit Builders,Retailer,R05,SR0040,OR City,OR,20483,2023-09-03,100000,Active
CU007038,Dream Supply,Distributor,R04,SR0089,NV Heights,NV,23670,2024-10-01,50000,Active
CU007039,Cornerstone Supply,Retailer,R02,SR0172,TN Heights,TN,25074,2021-01-03,500000,Active
CU007040,Summit Builders,Retailer,R04,SR0114,TX City,TX,35313,2017-09-21,250000,Active
CU007041,Build Group,Contractor,R04,SR0109,OK Heights,OK,87897,2017-07-24,250000,Active
CU007042,Summit Homes,Distributor,R02,SR0162,GA Metro,GA,14072,2017-04-23,1000000,Active
CU007043,Cornerstone Group,Builder,R05,SR0140,CA City,CA,72126,2022-04-14,250000,Active
CU007044,Dream Group,Builder,R05,SR0070,CO City,CO,56341,2018-08-21,25000,Active
CU007045,Pioneer Supply,Distributor,R04,SR0029,NV City,NV,42186,2020-05-07,500000,Active
CU007046,Build Contracting,Contractor,R02,SR0127,FL Heights,FL,24526,2021-07-14,25000,Active
CU007047,Summit LLC,Builder,R03,SR0148,MI Heights,MI,43546,2024-02-06,500000,Active
CU007048,Cornerstone Development,Builder,R01,SR0081,MA Heights,MA,71685,2017-02-23,500000,Active
CU007049,Home LLC,Distributor,R02,SR0147,FL Metro,FL,78527,2020-05-31,100000,Active
CU007050,Summit Homes,Retailer,R04,SR0079,AZ Heights,AZ,73977,2020-02-25,1000000,Active
CU007051,Home Group,Distributor,R05,SR0115,UT Heights,UT,58115,2020-07-18,250000,Active
CU007052,Atlas Contracting,Retailer,R03,SR0003,MI Metro,MI,77858,2018-03-17,100000,Active
CU007053,Evergreen Construction,Builder,R04,SR0074,NV City,NV,39581,2023-09-01,1000000,Active
CU007054,Home Builders,Contractor,R02,SR0012,TN Metro,TN,53049,2021-05-21,50000,Active
CU007055,Dream Materials,Distributor,R04,SR0029,TX Metro,TX,82036,2017-06-08,100000,Active
CU007056,Skyline Contracting,Contractor,R01,SR0161,CT Metro,CT,20408,2023-01-01,25000,Active
CU007057,Home Construction,Retailer,R02,SR0172,SC Heights,SC,75720,2023-10-03,1000000,Active
CU007058,Atlas LLC,Builder,R05,SR0115,UT Metro,UT,79970,2024-07-15,1000000,Active
CU007059,Home Materials,Distributor,R01,SR0166,CT Metro,CT,11891,2019-08-28,50000,Active
CU007060,Urban Inc,Retailer,R01,SR0076,MA Heights,MA,80735,2017-10-24,50000,Active
CU007061,Pioneer Homes,Builder,R02,SR0112,GA Heights,GA,77619,2024-07-15,50000,Active
CU007062,Build Group,Retailer,R03,SR0088,IL City,IL,94715,2021-09-12,50000,Active
CU007063,Cornerstone Construction,Distributor,R02,SR0032,GA Heights,GA,71952,2024-03-21,500000,Active
CU007064,Dream Contracting,Distributor,R03,SR0068,MI Heights,MI,35695,2020-06-20,1000000,Active
CU007065,Skyline Builders,Contractor,R02,SR0177,GA City,GA,15136,2021-09-14,500000,Active
CU007066,Skyline Group,Contractor,R05,SR0015,OR Metro,OR,96878,2025-04-12,250000,Active
CU007067,Dream Development,Distributor,R03,SR0178,WI City,WI,42190,2023-09-24,50000,Active
CU007068,Prime Group,Builder,R04,SR0194,TX Metro,TX,58157,2019-06-06,500000,Active
CU007069,Prime Builders,Retailer,R01,SR0116,CT City,CT,14046,2023-03-11,1000000,Active
CU007070,Home Development,Builder,R05,SR0040,UT Heights,UT,49222,2019-10-26,25000,Active
CU007071,Summit Builders,Distributor,R05,SR0110,OR City,OR,57357,2019-03-18,1000000,Active
CU007072,Pioneer Materials,Contractor,R05,SR0065,CA Metro,CA,98646,2018-01-17,500000,Active
CU007073,Home Construction,Contractor,R02,SR0182,TN Metro,TN,72763,2023-11-18,25000,Active
CU007074,Metro Group,Retailer,R04,SR0049,NM City,NM,82569,2023-12-01,500000,Active
CU007075,Urban Group,Builder,R05,SR0060,OR Metro,OR,69112,2018-11-20,250000,Active
CU007076,Skyline Supply,Builder,R01,SR0121,CT Heights,CT,29449,2022-01-24,250000,Active
CU007077,Prime Homes,Retailer,R02,SR0092,FL City,FL,56726,2017-10-11,100000,Active
CU007078,Skyline Supply,Builder,R04,SR0049,NV Heights,NV,54447,2018-02-13,250000,Active
CU007079,Metro Inc,Builder,R04,SR0199,AZ City,AZ,27055,2018-09-15,500000,Active
CU007080,Home Development,Distributor,R03,SR0048,OH Heights,OH,28675,2018-05-10,50000,Active
CU007081,Dream Materials,Distributor,R02,SR0077,GA Heights,GA,11566,2018-09-17,25000,Active
CU007082,Home Development,Builder,R02,SR0172,GA Metro,GA,46453,2024-06-05,1000000,Active
CU007083,Pioneer Construction,Contractor,R04,SR0174,NM Heights,NM,43418,2021-01-04,500000,Active
CU007084,Evergreen Development,Builder,R04,SR0049,AZ Metro,AZ,40120,2019-03-27,500000,Active
CU007085,Evergreen Contracting,Builder,R02,SR0112,GA City,GA,33980,2017-07-19,50000,Active
CU007086,Dream Homes,Contractor,R01,SR0031,CT Metro,CT,56018,2022-02-18,250000,Active
CU007087,Skyline LLC,Contractor,R05,SR0030,CO City,CO,73737,2019-01-16,25000,Active
CU007088,Build Construction,Retailer,R02,SR0197,SC Metro,SC,40022,2021-02-16,50000,Active
CU007089,Urban Group,Builder,R02,SR0072,SC Heights,SC,40890,2023-03-27,25000,Active
CU007090,Evergreen Homes,Distributor,R05,SR0145,OR Metro,OR,,2017-04-21,50000,Active
CU007091,Evergreen Inc,Builder,R04,SR0184,AZ Metro,AZ,60183,2019-06-23,500000,Active
CU007092,Prime Construction,Builder,R01,SR0011,MA Metro,MA,53313,2018-06-09,500000,Active
CU007093,Prime Builders,Retailer,R05,SR0045,CO Metro,CO,79177,2022-04-29,50000,Active
CU007094,Metro Builders,Distributor,R01,SR0086,NY City,NY,22976,2017-07-28,25000,Active
CU007095,Cornerstone Builders,Retailer,R04,SR0069,AZ Metro,AZ,96939,2022-10-07,250000,Active
CU007096,Pioneer Builders,Builder,R04,SR0159,NV Metro,NV,86197,2019-03-25,250000,Active
CU007097,Urban Group,Builder,R02,SR0127,FL Metro,FL,60596,2023-03-19,50000,Active
CU007098,Atlas Builders,Contractor,R03,SR0028,WI Heights,WI,95832,2017-03-11,250000,Active
CU007099,Urban LLC,Builder,R01,SR0136,NY Metro,NY,81079,2022-06-29,250000,Active
CU007100,Evergreen Inc,Builder,R04,SR0144,NV Heights,NV,36777,2021-07-21,1000000,Active
CU007101,Metro Homes,Builder,R03,SR0168,IN Metro,IN,80880,2021-02-05,100000,Active
CU007102,Metro Group,Contractor,R04,SR0074,NM Metro,NM,30306,2019-11-04,50000,Active
CU007103,Evergreen Builders,Distributor,R02,SR0182,TN City,TN,65229,2019-02-03,500000,Active
CU007104,Atlas Homes,Distributor,R01,SR0156,NJ City,NJ,80737,2022-07-27,100000,Active
CU007105,Metro Development,Retailer,R05,SR0055,CO Heights,CO,20645,2024-07-18,50000,Active
CU007106,Cornerstone Construction,Contractor,R03,SR0018,WI City,WI,39537,2019-01-06,25000,Active
CU007107,Home Homes,Builder,R01,SR0081,CT City,CT,36112,2023-06-02,1000000,Active
CU007108,Cornerstone Contracting,Builder,R05,SR0185,OR Heights,OR,49958,2017-10-24,1000000,Active
CU007109,Evergreen Construction,Contractor,R02,SR0067,GA Heights,GA,79684,2025-05-31,500000,Active
CU007110,Atlas Supply,Retailer,R03,SR0123,IL Metro,IL,41002,2023-05-23,50000,Active
CU007111,Skyline Construction,Retailer,R02,SR0022,FL Heights,FL,50614,2024-11-12,50000,Active
CU007112,Skyline Contracting,Retailer,R01,SR0051,CT Heights,CT,60360,2024-11-17,100000,Active
CU007113,Urban Homes,Retailer,R05,SR0095,OR Metro,OR,10904,2020-02-20,100000,Active
CU007114,Home Supply,Builder,R03,SR0108,OH City,OH,87533,2018-09-26,250000,Active
CU007115,Atlas Inc,Contractor,R04,SR0049,AZ City,AZ,17178,2024-04-07,500000,Active
CU007116,Pioneer Construction,Retailer,R04,SR0049,TX City,TX,37946,2017-04-16,25000,Active
CU007117,Dream Development,Contractor,R05,SR0065,OR City,OR,95150,2023-11-18,250000,Active
CU007118,Atlas LLC,Distributor,R04,SR0154,NV City,NV,73008,2020-03-22,250000,Active
CU007119,Skyline Group,Distributor,R02,SR0157,FL Heights,FL,19528,2022-07-04,100000,Active
CU007120,Build LLC,Distributor,R05,SR0120,OR City,OR,54498,2017-11-11,25000,Active
CU007121,Evergreen Group,Contractor,R01,SR0151,CT Metro,CT,69514,2021-04-18,100000,Active
CU007122,Summit Homes,Contractor,R02,SR0152,SC Heights,SC,90736,2020-10-12,25000,Active
CU007123,Atlas Contracting,Distributor,R03,SR0048,IL City,IL,29626,2021-08-09,500000,Active
CU007124,Metro Inc,Retailer,R04,SR0004,NV Heights,NV,23214,2020-01-22,50000,Active
CU007125,Urban Inc,Builder,R03,SR0158,IL City,IL,38394,2018-01-18,100000,Active
CU007126,Evergreen Homes,Distributor,R03,SR0188,IN City,IN,28108,2021-12-05,100000,Active
CU007127,Urban Development,Retailer,R02,SR0162,GA City,GA,48613,2020-02-24,100000,Active
CU007128,Atlas Construction,Distributor,R05,SR0100,WA Metro,WA,76208,2023-01-25,250000,Active
CU007129,Prime Homes,Distributor,R05,SR0090,WA Heights,WA,25828,2025-05-10,500000,Active
CU007130,Build Homes,Contractor,R02,SR0097,TN Heights,TN,38332,2022-11-22,500000,Active
CU007131,Pioneer Group,Distributor,R04,SR0129,AZ Heights,AZ,81971,2022-02-09,100000,Active
CU007132,Dream Construction,Contractor,R04,SR0149,OK City,OK,13105,2023-12-05,250000,Active
CU007133,Build Builders,Distributor,R02,SR0052,TN City,TN,46484,2018-07-09,25000,Active
CU007134,Atlas Construction,Builder,R03,SR0003,MI Metro,MI,26763,2020-05-24,25000,Active
CU007135,Summit Inc,Contractor,R02,SR0017,NC City,NC,99857,2023-04-19,100000,Active
CU007136,Pioneer Inc,Retailer,R02,SR0007,GA City,GA,99349,2020-10-10,250000,Active
CU007137,Summit Construction,Distributor,R03,SR0058,IN Metro,IN,97656,2021-02-28,50000,Active
CU007138,Evergreen Builders,Retailer,R05,SR0005,CO Heights,CO,10539,2022-02-16,25000,Active
CU007139,Prime Materials,Retailer,R05,SR0015,OR Heights,OR,77769,2022-09-06,100000,Active
CU007140,Evergreen Contracting,Contractor,R01,SR0016,NY Heights,NY,31461,2024-03-22,1000000,Active
CU007141,Atlas Materials,Builder,R01,SR0136,PA City,PA,62859,2018-03-18,500000,Active
CU007142,Urban Materials,Distributor,R02,SR0107,GA Heights,GA,71003,2021-08-12,25000,Active
CU007143,Dream Supply,Distributor,R04,SR0194,OK City,OK,59643,2022-12-13,25000,Active
CU007144,Build Group,Retailer,R01,SR0181,CT Heights,CT,50533,2018-06-29,250000,Active
CU007145,Urban Construction,Distributor,R05,SR0160,CA Heights,CA,40157,2025-01-07,250000,Active
CU007146,Cornerstone Supply,Distributor,R04,SR0179,NV Heights,NV,31712,2024-07-12,100000,Active
CU007147,Metro Inc,Retailer,R01,SR0126,PA City,PA,74701,2019-07-20,250000,Active
CU007148,Prime Homes,Distributor,R03,SR0043,IN Metro,IN,43668,2019-09-21,50000,Active
CU007149,Evergreen LLC,Contractor,R03,SR0028,IN Heights,IN,51864,2021-12-30,25000,Active
CU007150,Dream Development,Builder,R05,SR0175,CO City,CO,72908,2021-04-29,25000,Active
CU007151,Skyline Group,Contractor,R05,SR0090,WA Heights,WA,21455,2024-03-20,500000,Active
CU007152,Prime Inc,Distributor,R03,SR0068,IL Heights,il,69084,2020-04-13,100000,Active
CU007153,Skyline Development,Retailer,R04,SR0089,NM City,NM,96049,2017-03-10,500000,Active
CU007154,Home Inc,Retailer,R04,SR0074,NM Metro,NM,52961,2017-02-22,50000,Active
CU007155,Metro Homes,Retailer,R01,SR0106,NY Heights,NY,44435,2022-11-04,500000,Active
CU007156,Dream Contracting,Builder,R01,SR0111,CT Heights,CT,31718,2018-08-06,1000000,Active
CU007157,Evergreen Contracting,Contractor,R02,SR0197,SC City,SC,91767,2020-02-05,500000,Active
CU007158,Build Construction,Contractor,R01,SR0086,MA Heights,MA,88307,2023-06-05,25000,Active
CU007159,Prime Builders,Builder,R05,SR0015,CA City,CA,67062,2022-11-09,1000000,Active
CU007160,Cornerstone Homes,Builder,R02,SR0112,FL Heights,FL,87837,2023-07-12,100000,Active
CU007161,Cornerstone Construction,Retailer,R04,SR0199,TX Heights,TX,90166,2021-08-18,250000,Active
CU007162,Evergreen Inc,Retailer,R01,SR0191,NY City,NY,55717,2022-06-08,1000000,Active
CU007163,Urban Inc,Distributor,R01,SR0171,MA Heights,MA,87620,2018-06-08,50000,Active
CU007164,Build LLC,Retailer,R03,SR0038,IL City,IL,92270,2017-01-23,50000,Active
CU007165,Prime Inc,Retailer,R05,SR0155,UT City,UT,10497,2021-12-29,25000,Active
CU007166,Prime Materials,Builder,R01,SR0086,MA City,MA,40172,2025-02-04,100000,Active
CU007167,Prime Contracting,Contractor,R03,SR0138,IL City,il,79093,2022-07-04,25000,Active
CU007168,Dream Homes,Distributor,R04,SR0084,TX City,TX,52362,2023-08-18,25000,Active
CU007169,Prime Construction,Contractor,R03,SR0183,MI City,MI,62609,2021-10-02,500000,Active
CU007170,Skyline Contracting,Retailer,R05,SR0015,CO Metro,CO,81164,2017-01-28,500000,Active
CU007171,Build Builders,Contractor,R05,SR0095,WA Heights,WA,16130,2017-02-19,25000,Active
CU007172,Summit Construction,Retailer,R02,SR0122,TN City,TN,63693,2019-03-09,25000,Active
CU007173,Summit LLC,Distributor,R02,SR0182,SC Metro,SC,84684,2019-07-16,100000,Active
CU007174,Home Homes,Distributor,R03,SR0143,IN City,IN,53440,2022-11-30,50000,Active
CU007175,Urban Construction,Contractor,R04,SR0109,AZ City,AZ,28352,2022-11-11,1000000,Active
CU007176,Atlas Builders,Distributor,R02,SR0062,NC City,NC,89209,2018-07-21,50000,Active
CU007177,Metro Group,Builder,R04,SR0009,OK Heights,OK,81890,2023-01-17,50000,Active
CU007178,Evergreen Inc,Builder,R02,SR0062,GA City,GA,84365,2019-09-12,25000,Active
CU007179,Urban Supply,Distributor,R01,SR0111,MA Heights,MA,23791,2024-10-20,1000000,Active
CU007180,Summit Group,Retailer,R03,SR0098,IN Heights,IN,89044,2019-07-18,1000000,Active
CU007181,Evergreen Group,Distributor,R05,SR0135,OR City,OR,10581,2022-01-19,25000,Active
CU007182,Cornerstone Supply,Retailer,R02,SR0072,GA City,GA,47169,2021-10-26,50000,Active
CU007183,Prime Builders,Builder,R03,SR0123,WI Heights,WI,87479,2024-11-11,250000,Active
CU007184,Summit Construction,Distributor,R01,SR0081,NY City,NY,60663,2017-05-18,25000,Active
CU007185,Dream Group,Distributor,R05,SR0025,OR City,OR,94115,2019-08-19,100000,Active
CU007186,Build Builders,Retailer,R03,SR0108,MI City,MI,42544,2023-09-25,250000,Active
CU007187,Urban Group,Contractor,R02,SR0087,TN Heights,TN,86392,2020-04-09,1000000,Active
CU007188,Home Homes,Builder,R05,SR0110,UT City,UT,62522,2022-07-09,25000,Active
CU007189,Metro Materials,Distributor,R01,SR0031,PA Metro,PA,11960,2024-07-24,25000,Active
CU007190,Prime Contracting,Retailer,R04,SR0034,TX City,TX,82918,2021-09-08,50000,Active
CU007191,Cornerstone Homes,Contractor,R04,SR0104,NV City,NV,34935,2017-11-16,25000,Active
CU007192,Atlas Supply,Retailer,R05,SR0070,WA Metro,WA,15076,2022-11-02,50000,Active
CU007193,Build Inc,Contractor,R02,SR0072,GA Heights,GA,60599,2023-03-17,25000,Active
CU007194,Evergreen Homes,Contractor,R04,SR0104,NV Metro,NV,21438,2019-12-27,500000,Active
CU007195,Atlas Inc,Builder,R05,SR0180,CA Heights,CA,26580,2025-05-04,500000,Active
CU007196,Pioneer Supply,Distributor,R01,SR0056,CT Heights,CT,66314,2020-10-17,1000000,Active
CU007197,Atlas Homes,Retailer,R04,SR0119,OK Heights,OK,43726,2023-03-20,250000,Active
CU007198,Evergreen Development,Distributor,R02,SR0102,GA Metro,GA,52092,2017-05-18,25000,Active
CU007199,Metro LLC,Contractor,R01,SR0191,MA City,MA,56765,2021-07-19,500000,Active
CU007200,Home Development,Retailer,R03,SR0188,WI Metro,WI,78993,2019-01-13,25000,Active
CU007201,  Atlas LLC ,Builder,R03,SR0088,IN City,IN,54338,2022-08-27,500000,Active
CU007202,Atlas Construction,Retailer,R05,SR0090,WA Metro,WA,,2018-10-03,1000000,Active
CU007203,Cornerstone Contracting,Distributor,R02,SR0097,FL Heights,FL,10561,2020-03-25,50000,Active
CU007204,Build Group,Retailer,R03,SR0003,OH Metro,OH,84623,2022-07-13,25000,Active
CU007205,Dream LLC,Retailer,R02,SR0147,NC Heights,NC,49603,2021-09-01,1000000,Active
CU007206,Prime Homes,Retailer,R03,SR0043,WI City,WI,87699,2019-01-24,100000,Active
CU007207,Pioneer Contracting,Retailer,R04,SR0164,TX City,TX,89556,2022-10-20,500000,Active
CU007208,Summit Homes,Retailer,R04,SR0019,NV Heights,NV,29281,2019-07-04,250000,Active
CU007209,Summit Group,Contractor,R01,SR0136,NY Metro,NY,43190,2017-08-01,500000,Active
CU007210,Evergreen Homes,Distributor,R05,SR0125,OR City,OR,75333,2022-08-29,100000,Active
CU007211,Metro Development,Builder,R04,SR0044,OK City,OK,50829,2021-09-17,500000,Active
CU007212,Build LLC,Distributor,R01,SR0136,NY Heights,NY,72910,2022-12-18,500000,Active
CU007213,Home Homes,Builder,R04,SR0189,AZ Metro,AZ,45439,2020-12-08,100000,Active
CU007214,Summit Homes,Distributor,R04,SR0049,NM Metro,NM,74246,2020-08-17,25000,Active
CU007215,Build Construction,Distributor,R03,SR0183,OH Heights,OH,75378,2021-06-01,500000,Active
CU007216,Summit Supply,Retailer,R04,SR0039,OK Heights,OK,93077,2023-06-07,100000,Active
CU007217,Pioneer Homes,Contractor,R02,SR0197,NC Metro,NC,83498,2018-11-28,250000,Active
CU007218,Dream Homes,Retailer,R04,SR0079,AZ City,AZ,19224,2023-04-17,250000,Active
CU007219,Urban Contracting,Contractor,R03,SR0188,IN Heights,IN,92464,2018-05-09,50000,Active
CU007220,Skyline Homes,Retailer,R05,SR0130,UT City,UT,67574,2022-02-07,100000,Active
CU007221,Build Materials,Builder,R04,SR0054,NM Heights,NM,23468,2021-03-26,1000000,Active
CU007222,Prime Homes,Contractor,R05,SR0195,WA City,WA,72827,2017-05-02,1000000,Active
CU007223,Pioneer Inc,Builder,R05,SR0185,CO Metro,CO,82237,2023-08-12,100000,Active
CU007224,Pioneer LLC,Distributor,R02,SR0032,SC Heights,SC,56577,2023-06-16,1000000,Active
CU007225,Urban Builders,Contractor,R01,SR0006,NY City,NY,67910,2025-04-08,100000,Active
CU007226,Skyline Group,Contractor,R04,SR0124,OK City,OK,15044,2018-02-04,25000,Active
CU007227,Dream Group,Contractor,R01,SR0111,MA City,MA,58145,2017-01-11,100000,Active
CU007228,Metro Supply,Distributor,R03,SR0163,OH Heights,OH,90546,2023-02-13,1000000,Active
CU007229,Pioneer Inc,Retailer,R05,SR0115,OR City,OR,99728,2022-03-23,250000,Active
CU007230,Summit Group,Contractor,R04,SR0184,AZ Metro,AZ,42581,2024-10-08,500000,Active
CU007231,Pioneer Builders,Distributor,R04,SR0034,NV Heights,NV,98986,2022-12-29,250000,Active
CU007232,Atlas Development,Builder,R04,SR0039,NM City,NM,71710,2022-11-28,500000,Active
CU007233,Pioneer LLC,Distributor,R05,SR0085,CO Heights,CO,42469,2018-01-06,500000,Active
CU007234,Skyline Builders,Retailer,R04,SR0114,NV Metro,NV,92992,2018-06-08,25000,Active
CU007235,Home Supply,Contractor,R05,SR0195,CA Metro,CA,93862,2024-12-21,25000,Active
CU007236,Atlas Development,Contractor,R03,SR0123,IL Heights,IL,99009,2019-03-05,50000,Active
CU007237,Cornerstone Group,Retailer,R01,SR0166,CT Heights,CT,23201,2023-10-24,25000,Active
CU007238,Cornerstone Supply,Distributor,R05,SR0085,CO City,CO,16985,2020-04-30,500000,Active
CU007239,Skyline Inc,Distributor,R01,SR0036,MA Metro,MA,90155,2023-11-13,50000,Active
CU007240,Atlas Inc,Distributor,R04,SR0154,NV Heights,NV,33203,2018-05-28,500000,Active
CU007241,Dream Supply,Distributor,R03,SR0148,OH Metro,OH,58125,2018-02-16,100000,Active
CU007242,Skyline Supply,Contractor,R01,SR0181,CT Heights,CT,64675,2022-12-21,250000,Active
CU007243,Atlas Materials,Distributor,R03,SR0158,OH Metro,OH,55938,2022-01-17,25000,Active
CU007244,Summit Supply,Retailer,R02,SR0147,FL Heights,FL,94728,2022-10-04,25000,Active
CU007245,Prime Supply,Retailer,R02,SR0152,TN Heights,TN,26014,2021-07-27,100000,Active
CU007246,Metro Supply,Distributor,R05,SR0185,WA Heights,WA,16523,2018-05-05,250000,Active
CU007247,Skyline Supply,Distributor,R01,SR0071,NJ City,NJ,20602,2024-03-29,500000,Active
CU007248,Evergreen Homes,Retailer,R03,SR0058,MI Metro,MI,64086,2018-09-07,250000,Active
CU007249,Summit Supply,Contractor,R05,SR0160,WA City,WA,81092,2021-10-23,250000,Active
CU007250,Skyline Group,Builder,R04,SR0049,OK City,OK,82641,2019-04-03,1000000,Active
CU007251,Cornerstone Development,Builder,R05,SR0140,WA Heights,WA,56686,2021-12-23,1000000,Active
CU007252,Evergreen Builders,Distributor,R02,SR0082,TN Metro,TN,22325,2024-10-22,500000,Active
CU007253,Atlas Homes,Retailer,R01,SR0051,NJ Heights,NJ,93814,2023-09-13,1000000,Active
CU007254,Prime Materials,Retailer,R01,SR0151,CT Metro,CT,55077,2018-08-29,50000,Active
CU007255,Urban LLC,Contractor,R03,SR0163,WI Heights,WI,18392,2018-08-10,500000,Active
CU007256,Evergreen Development,Contractor,R02,SR0082,TN City,TN,16182,2019-07-21,25000,Active
CU007257,  Urban Homes ,Retailer,R02,SR0047,FL Heights,FL,82458,2022-08-20,1000000,Active
CU007258,Home Materials,Contractor,R05,SR0110,WA Metro,WA,97664,2025-01-20,500000,Active
CU007259,Skyline Inc,Retailer,R04,SR0164,AZ Metro,AZ,79312,2024-10-12,100000,Active
CU007260,Home Inc,Contractor,R04,SR0089,AZ Metro,az,62885,2017-03-10,25000,Active
CU007261,Dream Builders,Distributor,R01,SR0006,NY Heights,NY,84447,2021-05-27,25000,Active
CU007262,Prime Construction,Builder,R05,SR0005,CA City,CA,88828,2018-03-03,100000,Active
CU007263,Urban Contracting,Contractor,R02,SR0177,NC City,NC,13437,2019-06-06,100000,Active
CU007264,Metro LLC,Distributor,R03,SR0078,OH Heights,OH,54183,2023-04-20,50000,Active
CU007265,Skyline Construction,Distributor,R04,SR0124,OK Heights,OK,40205,2017-01-07,1000000,Active
CU007266,Evergreen Homes,Retailer,R01,SR0006,NJ City,NJ,36532,2018-01-24,100000,Active
CU007267,Dream Supply,Contractor,R03,SR0133,IL Metro,IL,51482,2021-09-13,100000,Active
CU007268,Metro Construction,Builder,R03,SR0043,IL Heights,IL,55627,2022-01-10,500000,Active
CU007269,Pioneer Development,Distributor,R01,SR0046,NJ Heights,NJ,,2024-03-07,1000000,Active
CU007270,Atlas Materials,Builder,R04,SR0044,OK Metro,OK,74455,2018-07-17,100000,Active
CU007271,Prime Supply,Distributor,R03,SR0048,IN Heights,IN,55389,2021-07-16,50000,Active
CU007272,Build Homes,Contractor,R01,SR0041,NY Heights,NY,39478,2018-08-25,250000,Active
CU007273,Atlas Contracting,Contractor,R01,SR0066,NJ City,NJ,21799,2018-09-28,250000,Active
CU007274,Cornerstone Materials,Retailer,R02,SR0062,TN Heights,TN,70876,2018-05-19,1000000,Active
CU007275,Metro Development,Builder,R02,SR0087,NC City,NC,79167,2019-09-09,50000,Active
CU007276,Evergreen Contracting,Retailer,R03,SR0113,IL City,IL,11144,2018-11-09,500000,Active
CU007277,Home Development,Contractor,R05,SR0060,OR Heights,OR,39952,2017-11-03,50000,Active
CU007278,Prime Builders,Distributor,R01,SR0151,CT Metro,CT,29397,2019-07-02,25000,Active
CU007279,Evergreen Builders,Builder,R01,SR0006,CT Heights,CT,93596,2019-08-19,1000000,Active
CU007280,Pioneer Builders,Distributor,R04,SR0114,NV Metro,NV,95422,2022-08-02,250000,Active
CU007281,Dream Construction,Distributor,R03,SR0048,OH City,OH,62925,2019-08-16,25000,Active
CU007282,Metro Supply,Distributor,R05,SR0200,OR Heights,OR,78172,2020-01-14,100000,Active
CU007283,Build Materials,Builder,R01,SR0131,NY Metro,NY,76298,2022-11-19,50000,Active
CU007284,Pioneer Group,Builder,R02,SR0022,GA City,GA,66633,2019-05-12,250000,Active
CU007285,Pioneer Materials,Distributor,R03,SR0178,MI Metro,MI,54815,2024-04-15,25000,Active
CU007286,Evergreen Homes,Retailer,R05,SR0125,CA Metro,CA,16989,2017-04-16,500000,Active
CU007287,Metro Homes,Contractor,R04,SR0134,NM Metro,NM,39640,2017-07-05,50000,Active
CU007288,Build Development,Builder,R01,SR0111,MA Heights,MA,58462,2020-07-18,500000,Active
CU007289,Dream Materials,Distributor,R04,SR0179,AZ City,AZ,58731,2023-08-21,25000,Active
CU007290,Atlas Materials,Distributor,R03,SR0048,IN City,IN,46595,2017-08-13,1000000,Active
CU007291,Evergreen Builders,Retailer,R02,SR0117,GA Metro,GA,15321,2024-02-24,250000,Active
CU007292,Prime Homes,Retailer,R04,SR0099,AZ Heights,AZ,95291,2022-12-13,1000000,Active
CU007293,Atlas Homes,Contractor,R05,SR0180,UT Metro,UT,44813,2022-10-03,50000,Active
CU007294,Home LLC,Distributor,R02,SR0172,FL City,FL,14168,2023-06-30,25000,Active
CU007295,Home Construction,Builder,R05,SR0085,CO City,CO,14876,2020-06-25,1000000,Active
CU007296,Atlas Group,Contractor,R04,SR0049,NV City,NV,36886,2022-01-02,50000,Active
CU007297,Atlas Supply,Contractor,R05,SR0060,WA Heights,WA,98615,2025-05-13,1000000,Active
CU007298,Pioneer Group,Contractor,R05,SR0075,OR Metro,OR,72093,2019-05-11,50000,Active
CU007299,Evergreen Inc,Distributor,R04,SR0024,TX Heights,TX,50333,2024-08-24,1000000,Active
CU007300,Home Inc,Retailer,R03,SR0108,WI City,WI,56605,2017-11-11,50000,Active
CU007301,Metro Development,Distributor,R01,SR0111,NJ Heights,NJ,55691,2018-07-12,500000,Active
CU007302,Prime Development,Distributor,R02,SR0147,GA City,GA,98565,2019-11-20,500000,Active
CU007303,Summit Builders,Builder,R02,SR0152,NC Heights,NC,28945,2022-08-10,25000,Active
CU007304,Urban Materials,Distributor,R02,SR0182,FL City,FL,66950,2017-12-26,100000,Active
CU007305,Skyline Inc,Builder,R03,SR0098,OH Metro,OH,69265,2017-07-26,500000,Active
CU007306,Dream Homes,Retailer,R05,SR0025,UT Metro,UT,46997,2018-01-15,1000000,Active
CU007307,Home Contracting,Builder,R04,SR0044,AZ Metro,AZ,76445,2020-09-28,50000,Active
CU007308,Summit Supply,Distributor,R04,SR0084,NM Heights,NM,63361,2020-01-26,250000,Active
CU007309,Pioneer Supply,Contractor,R02,SR0087,NC Heights,NC,84464,2020-12-03,50000,Active
CU007310,Evergreen Inc,Builder,R05,SR0085,CA Heights,CA,74353,2022-06-03,500000,Active
CU007311,Metro LLC,Builder,R02,SR0042,TN Metro,TN,51904,2018-04-04,100000,Active
CU007312,Urban Supply,Distributor,R04,SR0074,NV City,NV,20782,2023-09-30,250000,Active
CU007313,Metro LLC,Contractor,R05,SR0155,OR City,OR,99771,2023-10-08,250000,Active
CU007314,Urban Development,Builder,R03,SR0053,IL City,IL,12689,2017-12-25,500000,Active
CU007315,Atlas Contracting,Builder,R05,SR0100,WA Metro,WA,85093,2017-12-31,500000,Active
CU007316,Urban Inc,Builder,R04,SR0199,NM Metro,NM,61917,2025-04-20,100000,Active
CU007317,Summit Builders,Contractor,R01,SR0036,NJ City,NJ,34555,2017-09-02,500000,Active
CU007318,Pioneer Builders,Contractor,R01,SR0191,NJ City,NJ,27470,2023-07-05,50000,Active
CU007319,Build Group,Builder,R03,SR0158,MI Metro,MI,45202,2024-07-25,100000,Active
CU007320,Prime Builders,Distributor,R02,SR0032,NC Metro,NC,36843,2024-12-31,100000,Active
CU007321,Summit Builders,Contractor,R03,SR0128,MI City,MI,63140,2022-02-05,250000,Active
CU007322,Atlas Supply,Builder,R04,SR0184,OK Heights,OK,24731,2024-09-29,250000,Active
CU007323,Urban Contracting,Contractor,R05,SR0065,CO Heights,CO,63696,2025-01-03,500000,Active
CU007324,Home Development,Distributor,R03,SR0083,MI City,MI,44692,2019-09-04,250000,Active
CU007325,Prime Supply,Contractor,R05,SR0005,CA Heights,CA,51592,2024-01-17,250000,Active
CU007326,Urban Materials,Retailer,R01,SR0166,MA City,MA,67172,2022-04-03,50000,Active
CU007327,Evergreen Contracting,Contractor,R01,SR0191,NJ Metro,NJ,57038,2022-02-02,1000000,Active
CU007328,Cornerstone Materials,Builder,R02,SR0082,NC Heights,NC,10998,2024-09-17,1000000,Active
CU007329,Summit Contracting,Builder,R05,SR0100,WA City,WA,91422,2024-09-18,250000,Active
CU007330,Prime Construction,Contractor,R03,SR0003,OH Heights,OH,77139,2021-12-23,50000,Active
CU007331,Atlas Inc,Retailer,R03,SR0133,WI City,WI,92785,2023-04-14,100000,Active
CU007332,Metro Inc,Distributor,R05,SR0040,WA Heights,WA,69534,2018-04-05,500000,Active
CU007333,Prime Development,Contractor,R05,SR0165,OR City,OR,55566,2021-01-30,1000000,Active
CU007334,Skyline Inc,Contractor,R04,SR0139,NV City,NV,94095,2017-10-31,50000,Active
CU007335,Skyline LLC,Builder,R05,SR0090,CO City,CO,22486,2025-02-03,1000000,Active
CU007336,Build Homes,Retailer,R05,SR0015,CO Metro,CO,59673,2022-07-26,50000,Active
CU007337,Dream Supply,Contractor,R03,SR0083,IL Heights,IL,93580,2017-02-27,1000000,Active
CU007338,Dream Contracting,Builder,R04,SR0079,OK Metro,ok,24366,2018-09-08,1000000,Active
CU007339,Evergreen Inc,Retailer,R02,SR0157,SC Heights,SC,17606,2018-11-14,500000,Active
CU007340,Evergreen Homes,Contractor,R02,SR0182,GA Metro,GA,90990,2021-01-20,500000,Active
CU007341,Pioneer Materials,Builder,R05,SR0055,OR Heights,OR,25685,2024-07-26,250000,Active
CU007342,Dream Inc,Builder,R04,SR0184,AZ City,AZ,49170,2021-11-24,250000,Active
CU007343,Summit Supply,Distributor,R05,SR0040,CA Heights,CA,52157,2024-04-17,100000,Active
CU007344,Build Group,Contractor,R04,SR0104,OK Heights,OK,41707,2020-10-03,100000,Active
CU007345,Pioneer Contracting,Builder,R04,SR0074,TX City,TX,51763,2024-01-29,50000,Active
CU007346,Cornerstone Builders,Distributor,R03,SR0068,IN Heights,IN,59755,2020-08-27,50000,Active
CU007347,Skyline Contracting,Builder,R03,SR0033,OH City,OH,,2022-04-02,50000,Active
CU007348,Cornerstone Construction,Distributor,R01,SR0011,CT Metro,CT,24637,2022-07-26,50000,Active
CU007349,Summit Development,Builder,R01,SR0016,CT City,CT,15568,2018-04-03,25000,Active
CU007350,Urban Group,Builder,R05,SR0045,WA Metro,WA,57636,2022-06-28,250000,Active
CU007351,Build Contracting,Retailer,R04,SR0069,OK City,ok,84421,2023-01-25,1000000,Active
CU007352,Summit Construction,Contractor,R03,SR0028,IL Heights,IL,78029,2021-11-13,25000,Active
CU007353,Dream Group,Retailer,R03,SR0058,WI Metro,WI,19286,2018-12-20,25000,Active
CU007354,Prime Group,Contractor,R03,SR0113,MI Heights,MI,65945,2020-12-06,50000,Active
CU007355,Dream Construction,Retailer,R03,SR0028,IN Metro,IN,44121,2018-04-12,500000,Active
CU007356,Home Supply,Distributor,R04,SR0114,TX Heights,TX,59454,2024-11-15,100000,Active
CU007357,Skyline Development,Distributor,R05,SR0105,WA City,WA,35661,2025-01-24,50000,Active
CU007358,Prime Inc,Contractor,R02,SR0192,SC Heights,SC,25885,2020-09-26,100000,Active
CU007359,Metro Materials,Distributor,R05,SR0160,OR City,OR,44389,2021-06-15,100000,Active
CU007360,Atlas Supply,Builder,R03,SR0063,OH City,OH,88770,2017-04-09,250000,Active
CU007361,Dream Materials,Contractor,R01,SR0196,CT City,CT,75138,2020-09-12,25000,Active
CU007362,Metro Construction,Distributor,R04,SR0074,OK Heights,OK,53497,2017-03-16,50000,Active
CU007363,Urban Supply,Distributor,R03,SR0093,MI City,MI,54498,2017-12-01,50000,Active
CU007364,  Urban Materials ,Builder,R03,SR0088,OH Heights,OH,45574,2022-05-24,1000000,Active
CU007365,Pioneer Inc,Contractor,R01,SR0161,NJ City,NJ,69374,2019-12-13,50000,Active
CU007366,Pioneer Supply,Retailer,R01,SR0116,CT Metro,CT,57684,2024-06-20,250000,Active
CU007367,Evergreen Contracting,Retailer,R05,SR0010,UT City,UT,41735,2019-06-12,25000,Active
CU007368,  Skyline Homes ,Retailer,R02,SR0192,FL Metro,FL,48384,2020-11-26,250000,Active
CU007369,Atlas Development,Contractor,R01,SR0186,MA City,MA,51681,2020-09-10,100000,Active
CU007370,Build Builders,Builder,R02,SR0192,GA Heights,GA,14239,2021-12-06,250000,Active
CU007371,Urban LLC,Retailer,R03,SR0183,OH Metro,OH,56649,2024-02-29,1000000,Active
CU007372,Urban Construction,Contractor,R02,SR0052,SC City,SC,47913,2022-08-10,50000,Active
CU007373,Pioneer Builders,Retailer,R02,SR0127,GA City,GA,48763,2025-05-25,100000,Active
CU007374,Dream Homes,Retailer,R04,SR0164,OK Metro,OK,70498,2019-07-19,100000,Active
CU007375,Prime Builders,Contractor,R04,SR0024,AZ City,AZ,43608,2023-03-31,250000,Active
CU007376,Cornerstone Supply,Contractor,R02,SR0122,SC City,SC,62381,2022-01-30,25000,Active
CU007377,Summit Group,Builder,R05,SR0060,UT City,UT,87556,2021-11-19,50000,Active
CU007378,Cornerstone Group,Retailer,R05,SR0195,UT Metro,UT,14744,2020-09-25,25000,Active
CU007379,Dream Contracting,Builder,R02,SR0167,TN Heights,TN,91453,2022-09-17,50000,Active
CU007380,Skyline Construction,Contractor,R02,SR0127,GA City,GA,85075,2017-03-06,100000,Active
CU007381,Build Contracting,Contractor,R02,SR0017,FL Heights,FL,42513,2020-06-10,100000,Active
CU007382,Atlas Materials,Distributor,R03,SR0183,IN Heights,IN,93046,2024-10-23,250000,Active
CU007383,Dream Builders,Retailer,R04,SR0114,NM Metro,nm,99614,2023-07-04,100000,Active
CU007384,Skyline Development,Retailer,R03,SR0168,MI Metro,MI,18263,2017-05-23,250000,Active
CU007385,Atlas Inc,Distributor,R04,SR0034,TX Heights,TX,52725,2021-08-25,25000,Active
CU007386,Metro Construction,Retailer,R01,SR0171,CT Heights,CT,30312,2017-11-18,1000000,Active
CU007387,Urban Construction,Retailer,R05,SR0090,OR City,OR,77104,2023-02-07,50000,Active
CU007388,Skyline Builders,Builder,R03,SR0128,OH Heights,OH,87531,2020-02-18,500000,Active
CU007389,Pioneer Group,Distributor,R04,SR0044,AZ Metro,AZ,67338,2017-10-06,100000,Active
CU007390,Skyline Development,Distributor,R05,SR0020,CA Heights,CA,54905,2021-12-03,250000,Active
CU007391,Pioneer Homes,Builder,R02,SR0107,SC City,SC,84373,2020-02-18,1000000,Active
CU007392,Home Materials,Distributor,R05,SR0180,UT City,UT,57504,2018-12-05,50000,Active
CU007393,Dream Inc,Retailer,R03,SR0018,OH City,OH,64181,2018-10-01,500000,Active
CU007394,Cornerstone Group,Builder,R05,SR0015,CA Metro,CA,78646,2018-08-29,250000,Active
CU007395,Summit Contracting,Retailer,R04,SR0069,NV Heights,NV,56923,2019-02-24,100000,Active
CU007396,Build Inc,Contractor,R03,SR0133,WI Heights,WI,74322,2024-07-01,250000,Active
CU007397,Build Builders,Contractor,R01,SR0026,NY Heights,NY,14206,2021-01-22,25000,Active
CU007398,Pioneer Contracting,Retailer,R02,SR0062,FL Metro,FL,45694,2024-11-23,100000,Active
CU007399,Pioneer Group,Builder,R05,SR0060,UT City,UT,69928,2024-05-10,25000,Active
CU007400,Atlas Builders,Distributor,R02,SR0082,SC Metro,SC,33653,2020-08-28,50000,Active
CU007401,Evergreen LLC,Retailer,R01,SR0041,CT Heights,CT,11033,2023-09-15,1000000,Active
CU007402,Pioneer LLC,Distributor,R03,SR0168,WI City,WI,29813,2018-03-07,500000,Active
CU007403,Prime Homes,Retailer,R05,SR0155,CO Heights,CO,68438,2025-03-02,1000000,Active
CU007404,Pioneer Homes,Retailer,R01,SR0091,NJ Heights,NJ,68017,2024-01-04,1000000,Active
CU007405,Prime Group,Distributor,R04,SR0129,NV City,NV,10016,2024-03-30,1000000,Active
CU007406,Evergreen Materials,Contractor,R02,SR0017,FL Heights,FL,11331,2023-08-10,25000,Active
CU007407,Pioneer Materials,Distributor,R01,SR0066,NY Metro,NY,73475,2021-04-04,1000000,Active
CU007408,Metro Homes,Distributor,R03,SR0018,MI City,MI,47363,2017-05-29,500000,Active
CU007409,Home Development,Contractor,R04,SR0164,AZ City,AZ,31348,2023-08-09,25000,Active
CU007410,Home Supply,Retailer,R01,SR0151,NJ Metro,NJ,21735,2022-10-01,100000,Active
CU007411,Urban LLC,Contractor,R02,SR0137,NC City,NC,85788,2024-08-24,500000,Active
CU007412,Dream Development,Distributor,R02,SR0082,NC City,NC,15349,2017-08-26,250000,Active
CU007413,Skyline Homes,Contractor,R02,SR0172,NC City,NC,86110,2017-03-11,1000000,Active
CU007414,Metro Inc,Retailer,R05,SR0045,UT City,UT,57763,2017-09-15,25000,Active
CU007415,Urban Materials,Distributor,R04,SR0034,NM Heights,NM,32194,2017-02-08,100000,Active
CU007416,Atlas Materials,Distributor,R03,SR0033,WI Heights,WI,64003,2020-07-19,25000,Active
CU007417,Atlas Builders,Distributor,R02,SR0082,NC City,NC,56799,2022-12-27,100000,Active
CU007418,Skyline Builders,Builder,R03,SR0088,WI Metro,WI,58938,2023-06-21,50000,Active
CU007419,Build LLC,Contractor,R02,SR0157,FL Heights,FL,88716,2021-11-04,250000,Active
CU007420,Atlas LLC,Retailer,R02,SR0122,NC City,NC,21951,2024-09-29,25000,Active
CU007421,Skyline LLC,Builder,R03,SR0018,WI City,WI,65474,2023-01-04,1000000,Active
CU007422,Build Group,Contractor,R01,SR0166,NY City,NY,74852,2020-04-11,100000,Active
CU007423,Home Supply,Distributor,R05,SR0180,CA Metro,California,26380,2025-05-03,50000,Active
CU007424,Skyline Homes,Builder,R02,SR0117,FL City,FL,60113,2024-07-18,500000,Active
CU007425,Metro Supply,Distributor,R03,SR0068,IL Metro,IL,66918,2020-03-20,1000000,Active
CU007426,Summit Group,Retailer,R05,SR0170,OR City,OR,87902,2019-04-29,250000,Active
CU007427,Home Group,Distributor,R02,SR0052,FL Heights,FL,59883,2023-12-05,100000,Active
CU007428,Home Builders,Contractor,R02,SR0052,SC Metro,SC,91957,2025-03-16,50000,Active
CU007429,Metro Materials,Builder,R01,SR0006,NY Metro,NY,38159,2020-08-28,250000,Active
CU007430,Cornerstone Contracting,Distributor,R01,SR0136,NY City,NY,97833,2022-12-07,250000,Active
CU007431,Pioneer Homes,Distributor,R01,SR0191,PA Metro,PA,49133,2020-06-12,250000,Active
CU007432,Evergreen LLC,Builder,R05,SR0170,UT Metro,UT,73136,2022-09-06,1000000,Active
CU007433,Urban Group,Retailer,R01,SR0086,NY Heights,NY,96588,2023-08-17,250000,Active
CU007434,Build Contracting,Distributor,R01,SR0131,NY Metro,NY,96702,2021-10-10,500000,Active
CU007435,Metro Inc,Builder,R03,SR0158,IL City,IL,87816,2017-04-08,100000,Active
CU007436,Skyline Contracting,Distributor,R02,SR0162,TN Metro,TN,65869,2024-11-23,50000,Active
CU007437,Build Supply,Contractor,R01,SR0151,PA Metro,PA,27406,2024-09-13,1000000,Active
CU007438,Cornerstone Materials,Builder,R02,SR0087,GA City,GA,55315,2025-01-12,250000,Active
CU007439,Dream Builders,Contractor,R05,SR0060,CO City,CO,17561,2021-12-16,50000,Active
CU007440,Home Group,Builder,R03,SR0178,IN Heights,IN,94318,2021-03-27,25000,Active
CU007441,Atlas Group,Distributor,R03,SR0168,OH Heights,OH,40919,2021-08-25,250000,Active
CU007442,Metro Homes,Distributor,R04,SR0039,NV City,NV,81265,2018-07-19,250000,Active
CU007443,Evergreen Builders,Distributor,R02,SR0082,GA City,GA,85438,2020-11-26,250000,Active
CU007444,Pioneer Supply,Retailer,R02,SR0127,GA City,GA,52330,2020-12-25,250000,Active
CU007445,Home Contracting,Retailer,R04,SR0044,NV Heights,NV,73488,2024-04-20,100000,Active
CU007446,Pioneer Group,Retailer,R03,SR0173,IL Metro,IL,18339,2021-01-04,1000000,Active
CU007447,Build Supply,Retailer,R04,SR0169,NM Heights,NM,67383,2021-09-03,1000000,Active
CU007448,Skyline Development,Distributor,R03,SR0173,IL Metro,IL,33623,2018-04-16,250000,Active
CU007449,Home Supply,Distributor,R05,SR0080,CA Metro,CA,14583,2022-09-21,25000,Active
CU007450,Prime Contracting,Builder,R01,SR0136,CT City,CT,91776,2022-07-13,500000,Active
CU007451,Dream Development,Builder,R02,SR0157,TN Heights,TN,14162,2018-09-27,1000000,Active
CU007452,Home Inc,Contractor,R03,SR0013,IL Metro,IL,42689,2024-03-14,1000000,Active
CU007453,Pioneer Contracting,Distributor,R05,SR0155,CA City,CA,92194,2019-11-09,500000,Active
CU007454,Home LLC,Builder,R02,SR0132,GA Heights,GA,24819,2017-09-17,100000,Active
CU007455,Build Group,Distributor,R01,SR0061,NY Heights,NY,44654,2019-10-11,100000,Active
CU007456,Home LLC,Retailer,R02,SR0182,SC Metro,SC,57803,2023-12-07,50000,Active
CU007457,Summit Supply,Retailer,R04,SR0189,NV Metro,NV,40779,2018-12-06,500000,Active
CU007458,Dream Contracting,Retailer,R05,SR0085,CO Heights,CO,21746,2019-04-29,1000000,Active
CU007459,Skyline Homes,Builder,R05,SR0150,CO Metro,CO,28150,2022-06-10,100000,Active
CU007460,Pioneer Inc,Distributor,R02,SR0022,NC Heights,NC,48452,2024-01-14,25000,Active
CU007461,Dream Builders,Contractor,R01,SR0151,MA Heights,MA,43992,2017-11-25,25000,Active
CU007462,Home Group,Retailer,R03,SR0043,WI Heights,WI,83925,2024-06-20,50000,Active
CU007463,Pioneer Construction,Distributor,R04,SR0064,NM Metro,NM,74917,2022-06-11,25000,Active
CU007464,Summit LLC,Builder,R04,SR0129,TX Heights,TX,69649,2022-10-18,500000,Active
CU007465,Dream Materials,Contractor,R04,SR0019,AZ Heights,AZ,39029,2017-03-18,500000,Active
CU007466,Evergreen Group,Builder,R03,SR0023,MI City,MI,10965,2018-11-12,250000,Active
CU007467,Cornerstone Homes,Retailer,R02,SR0137,NC City,NC,63072,2021-04-19,250000,Active
CU007468,  Summit Homes ,Builder,R02,SR0177,SC Heights,SC,11436,2022-04-16,1000000,Active
CU007469,Build Group,Builder,R03,SR0148,WI Heights,WI,68269,2018-03-27,500000,Active
CU007470,Metro Materials,Builder,R02,SR0187,FL City,FL,29968,2023-08-10,250000,Active
CU007471,Cornerstone Builders,Retailer,R05,SR0135,UT Heights,UT,87203,2017-08-22,25000,Active
CU007472,Evergreen Contracting,Contractor,R03,SR0028,MI Heights,MI,57125,2022-07-23,250000,Active
CU007473,Evergreen Contracting,Builder,R05,SR0160,CO Heights,CO,79920,2021-11-05,250000,Active
CU007474,Evergreen Supply,Retailer,R01,SR0021,PA City,PA,37767,2018-07-01,25000,Active
CU007475,Atlas Homes,Distributor,R03,SR0018,WI City,WI,78974,2019-09-23,25000,Active
CU007476,Atlas Supply,Contractor,R02,SR0122,FL Metro,FL,38589,2017-05-14,100000,Active
CU007477,Prime Inc,Builder,R02,SR0002,TN City,tn,99291,2020-05-11,250000,Active
CU007478,Skyline Development,Contractor,R03,SR0198,IL Heights,IL,29925,2020-11-28,50000,Active
CU007479,Evergreen Contracting,Retailer,R03,SR0028,IL Metro,IL,57236,2023-12-03,100000,Active
CU007480,Atlas Homes,Contractor,R05,SR0030,CO Heights,CO,89779,2019-06-16,25000,Active
CU007481,Evergreen Builders,Distributor,R05,SR0130,CO Heights,CO,81187,2020-08-05,25000,Active
CU007482,Atlas Construction,Distributor,R02,SR0032,SC Heights,SC,47614,2020-03-12,50000,Active
CU007483,Summit Development,Contractor,R04,SR0169,TX Heights,TX,37051,2017-05-17,25000,Active
CU007484,Atlas Builders,Contractor,R05,SR0060,CA Metro,CA,39659,2024-03-27,500000,Active
CU007485,Prime Development,Contractor,R03,SR0073,IL Metro,IL,61702,2021-07-21,50000,Active
CU007486,Prime Materials,Distributor,R03,SR0198,IN City,IN,56606,2022-03-23,1000000,Active
CU007487,Atlas Development,Distributor,R03,SR0023,IN City,IN,30381,2018-06-10,1000000,Active
CU007488,Prime Homes,Contractor,R01,SR0061,CT City,CT,45215,2024-04-03,250000,Active
CU007489,Evergreen Homes,Distributor,R02,SR0052,SC City,SC,72704,2019-04-20,1000000,Active
CU007490,Summit Supply,Builder,R03,SR0123,MI Heights,MI,92220,2020-09-24,50000,Active
CU007491,Metro Construction,Contractor,R02,SR0147,GA Metro,GA,61862,2023-05-09,100000,Active
CU007492,Cornerstone Inc,Retailer,R04,SR0114,NM Metro,NM,92041,2025-04-12,1000000,Active
CU007493,Home Inc,Distributor,R01,SR0096,MA Metro,MA,72957,2021-09-14,50000,Active
CU007494,Home LLC,Contractor,R01,SR0101,NJ City,NJ,72076,2023-03-17,500000,Active
CU007495,Atlas Group,Builder,R04,SR0029,TX City,TX,76845,2017-01-04,1000000,Active
CU007496,Summit Construction,Builder,R05,SR0130,WA City,WA,27000,2021-08-03,100000,Active
CU007497,  Build Builders ,Builder,R05,SR0175,OR Metro,OR,78553,2025-06-03,250000,Active
CU007498,Metro Homes,Retailer,R05,SR0030,UT Heights,UT,64733,2020-05-12,1000000,Active
CU007499,Build Group,Contractor,R04,SR0069,NM Heights,NM,16146,2019-02-07,1000000,Active
CU007500,Skyline Inc,Retailer,R05,SR0150,WA Heights,WA,85825,2019-07-13,1000000,Active
CU007501,Summit Inc,Retailer,R04,SR0144,OK Metro,OK,47793,2017-10-22,1000000,Active
CU007502,Metro Development,Retailer,R01,SR0066,PA Heights,PA,77214,2020-05-10,250000,Active
CU007503,Summit LLC,Distributor,R02,SR0167,NC City,NC,99471,2022-09-20,500000,Active
CU007504,Urban Construction,Contractor,R05,SR0190,OR City,OR,89462,2020-03-31,500000,Active
CU007505,Build Contracting,Distributor,R05,SR0070,UT Heights,UT,56326,2023-06-02,100000,Active
CU007506,Build Group,Contractor,R01,SR0141,PA Heights,PA,73922,2019-09-30,50000,Active
CU007507,Prime Construction,Distributor,R01,SR0106,PA Metro,PA,,2018-10-02,100000,Active
CU007508,Metro Builders,Retailer,R01,SR0056,NY Heights,NY,21084,2019-05-20,50000,Active
CU007509,Atlas Contracting,Retailer,R02,SR0052,TN Metro,TN,50204,2019-04-24,1000000,Active
CU007510,Home Group,Retailer,R02,SR0117,TN Metro,TN,89612,2018-03-14,50000,Active
CU007511,Prime LLC,Builder,R05,SR0110,CO City,CO,33623,2018-07-23,250000,Active
CU007512,Dream Builders,Distributor,R02,SR0112,FL Heights,FL,53208,2023-01-27,25000,Active
CU007513,Home Homes,Distributor,R05,SR0170,CO City,CO,44507,2018-03-22,250000,Active
CU007514,Evergreen Supply,Contractor,R03,SR0123,OH Metro,OH,13275,2018-03-25,1000000,Active
CU007515,Home LLC,Distributor,R01,SR0166,PA City,PA,21774,2019-06-11,50000,Active
CU007516,Metro Development,Distributor,R03,SR0153,MI Metro,MI,46967,2020-03-18,500000,Active
CU007517,Pioneer LLC,Contractor,R04,SR0114,AZ Metro,AZ,51861,2021-05-02,500000,Active
CU007518,Atlas LLC,Distributor,R02,SR0157,NC Metro,NC,36167,2020-11-15,250000,Active
CU007519,Cornerstone Development,Distributor,R04,SR0019,NM City,NM,36229,2020-01-14,1000000,Active
CU007520,Skyline Inc,Builder,R04,SR0024,TX City,TX,29776,2022-11-26,100000,Active
CU007521,Skyline Construction,Distributor,R02,SR0192,SC Heights,SC,58605,2025-02-12,1000000,Active
CU007522,Evergreen Builders,Contractor,R01,SR0141,CT Heights,CT,26294,2018-02-04,100000,Active
CU007523,Skyline Builders,Contractor,R01,SR0111,PA Heights,PA,58700,2023-09-07,500000,Active
CU007524,Home Group,Builder,R04,SR0129,NM City,NM,81712,2023-11-14,100000,Active
CU007525,Cornerstone Construction,Retailer,R04,SR0029,OK City,OK,73982,2025-04-06,1000000,Active
CU007526,Home LLC,Retailer,R03,SR0163,OH City,OH,40680,2018-03-21,1000000,Active
CU007527,Prime LLC,Distributor,R05,SR0160,CA Metro,CA,72236,2018-12-20,250000,Active
CU007528,Dream Development,Contractor,R04,SR0199,AZ City,AZ,56606,2017-12-08,1000000,Active
CU007529,Skyline Homes,Retailer,R04,SR0149,NM Heights,NM,26808,2018-04-29,25000,Active
CU007530,Prime Homes,Distributor,R05,SR0010,UT Metro,UT,72920,2024-02-23,500000,Active
CU007531,Atlas Supply,Builder,R05,SR0035,CO Metro,CO,94524,2021-01-25,250000,Active
CU007532,Home Homes,Distributor,R02,SR0142,SC Metro,SC,21883,2022-02-18,25000,Active
CU007533,  Pioneer Contracting ,Contractor,R01,SR0171,PA Metro,pa,40405,2023-11-20,1000000,Active
CU007534,Dream Inc,Builder,R02,SR0062,FL Heights,FL,59072,2018-11-30,500000,Active
CU007535,Pioneer Construction,Retailer,R03,SR0178,WI Metro,WI,28030,2019-11-14,500000,Active
CU007536,Evergreen Homes,Retailer,R04,SR0139,NM City,NM,95959,2022-09-05,25000,Active
CU007537,Skyline Inc,Retailer,R02,SR0087,FL Metro,FL,25414,2024-10-19,25000,Active
CU007538,Home Supply,Distributor,R02,SR0187,GA Heights,GA,73445,2018-02-03,250000,Active
CU007539,Summit Construction,Contractor,R01,SR0076,MA City,MA,35450,2021-11-17,500000,Active
CU007540,Home Builders,Builder,R04,SR0044,AZ Heights,AZ,59932,2022-09-12,1000000,Active
CU007541,Summit Builders,Retailer,R04,SR0004,NV Heights,NV,,2021-09-12,100000,Active
CU007542,Skyline LLC,Distributor,R02,SR0047,SC Heights,SC,42295,2025-03-04,50000,Active
CU007543,Skyline Group,Contractor,R04,SR0159,OK Metro,OK,80422,2024-06-17,1000000,Active
CU007544,Home LLC,Contractor,R05,SR0070,OR Heights,OR,58310,2019-05-11,500000,Active
CU007545,Home Inc,Contractor,R02,SR0022,GA Heights,GA,35557,2019-02-08,50000,Active
CU007546,Home Development,Retailer,R02,SR0132,NC City,NC,78565,2022-08-29,25000,Active
CU007547,Pioneer LLC,Retailer,R05,SR0060,OR Heights,OR,38892,2024-11-04,250000,Active
CU007548,Summit Supply,Distributor,R04,SR0019,OK Metro,OK,79484,2023-01-06,100000,Active
CU007549,Cornerstone Builders,Distributor,R01,SR0126,CT Metro,CT,93961,2021-08-17,50000,Active
CU007550,Cornerstone Construction,Retailer,R04,SR0124,NM Metro,NM,54091,2020-01-24,50000,Active
CU007551,Urban Materials,Distributor,R04,SR0174,NV Metro,NV,43485,2018-09-13,500000,Active
CU007552,Atlas Group,Distributor,R04,SR0144,AZ Metro,AZ,93866,2023-04-17,500000,Active
CU007553,Metro Builders,Distributor,R05,SR0185,UT City,UT,,2024-05-19,50000,Active
CU007554,Urban LLC,Distributor,R05,SR0115,WA City,WA,82128,2019-07-25,250000,Active
CU007555,Prime Builders,Distributor,R03,SR0088,IN City,IN,61776,2021-11-07,1000000,Active
CU007556,Skyline Materials,Distributor,R02,SR0032,SC City,SC,83509,2017-03-07,500000,Active
CU007557,Urban Construction,Distributor,R05,SR0025,CO City,co,57121,2023-05-05,100000,Active
CU007558,Dream Homes,Retailer,R03,SR0118,IN Metro,IN,67169,2021-01-11,100000,Active
CU007559,Atlas Construction,Retailer,R04,SR0199,TX Heights,TX,70089,2020-11-21,25000,Active
CU007560,Metro Builders,Contractor,R01,SR0066,MA Metro,MA,14005,2023-08-25,500000,Active
CU007561,Home Materials,Distributor,R03,SR0183,IN City,IN,95575,2024-06-03,100000,Active
CU007562,Evergreen Homes,Retailer,R05,SR0110,OR City,OR,22411,2023-05-22,25000,Active
CU007563,Cornerstone Development,Builder,R04,SR0069,AZ City,AZ,96100,2018-03-12,250000,Active
CU007564,Skyline Inc,Distributor,R05,SR0085,CO Metro,CO,40209,2024-10-23,25000,Active
CU007565,Home Materials,Distributor,R03,SR0048,IL Metro,IL,78331,2024-08-24,25000,Active
CU007566,Summit Contracting,Builder,R03,SR0013,MI City,MI,59842,2017-10-25,500000,Active
CU007567,Metro LLC,Retailer,R04,SR0019,TX City,TX,45911,2022-01-19,25000,Active
CU007568,Evergreen Construction,Contractor,R05,SR0025,CO City,CO,93938,2018-12-03,500000,Active
CU007569,Metro Homes,Retailer,R01,SR0131,CT Heights,CT,66119,2017-01-16,50000,Active
CU007570,Pioneer Construction,Distributor,R05,SR0160,UT Heights,UT,83412,2018-12-20,100000,Active
CU007571,Metro Builders,Contractor,R01,SR0141,PA City,PA,51496,2023-01-17,500000,Active
CU007572,Cornerstone Materials,Contractor,R05,SR0105,WA Metro,WA,96173,2021-12-24,50000,Active
CU007573,Home Development,Retailer,R05,SR0185,WA City,WA,79495,2022-12-14,1000000,Active
CU007574,Pioneer Builders,Builder,R04,SR0004,AZ Metro,AZ,78628,2023-08-11,100000,Active
CU007575,Prime Materials,Contractor,R03,SR0093,IN City,IN,81914,2024-03-14,50000,Active
CU007576,Prime Homes,Distributor,R02,SR0042,TN Heights,TN,31992,2025-03-14,100000,Active
CU007577,Home Builders,Retailer,R02,SR0122,SC Heights,SC,16516,2020-01-18,250000,Active
CU007578,Skyline Builders,Contractor,R05,SR0160,WA City,WA,76722,2025-04-09,1000000,Active
CU007579,Pioneer Group,Contractor,R05,SR0110,UT City,UT,85536,2023-11-05,50000,Active
CU007580,Home Materials,Distributor,R04,SR0174,NM City,NM,17986,2022-04-03,100000,Active
CU007581,Atlas Construction,Contractor,R04,SR0154,NV Heights,NV,38808,2023-06-27,500000,Active
CU007582,Urban Inc,Retailer,R03,SR0003,IL City,IL,60817,2020-01-02,25000,Active
CU007583,Dream Construction,Distributor,R01,SR0181,CT Heights,CT,83086,2020-08-17,50000,Active
CU007584,Summit Homes,Distributor,R05,SR0055,OR Metro,OR,44001,2017-10-30,50000,Active
CU007585,Atlas Supply,Builder,R03,SR0173,IN Heights,IN,16018,2021-05-21,500000,Active
CU007586,Dream Inc,Retailer,R02,SR0162,FL Metro,FL,98254,2020-06-17,500000,Active
CU007587,Pioneer Homes,Distributor,R05,SR0195,CO Heights,CO,41429,2019-01-17,100000,Active
CU007588,Build Inc,Contractor,R04,SR0094,TX Metro,TX,98349,2019-07-28,500000,Active
CU007589,Build Contracting,Retailer,R05,SR0180,CA Heights,CA,40827,2023-03-15,500000,Active
CU007590,Home Development,Builder,R03,SR0033,IN Heights,IN,73346,2021-11-08,50000,Active
CU007591,Cornerstone Construction,Contractor,R05,SR0105,OR Metro,OR,27504,2020-05-12,100000,Active
CU007592,Home Homes,Retailer,R03,SR0098,OH Heights,OH,57164,2023-04-16,50000,Active
CU007593,Evergreen LLC,Builder,R01,SR0076,PA City,PA,41820,2024-02-28,25000,Active
CU007594,Urban LLC,Retailer,R04,SR0184,AZ Metro,AZ,97490,2019-01-31,100000,Active
CU007595,Cornerstone Inc,Builder,R01,SR0111,PA Heights,PA,61523,2020-03-06,250000,Active
CU007596,Skyline Contracting,Contractor,R03,SR0033,IL City,IL,51625,2019-07-06,100000,Active
CU007597,Metro Group,Contractor,R04,SR0159,AZ City,AZ,48946,2021-02-08,500000,Active
CU007598,Summit Construction,Builder,R04,SR0044,NV Heights,NV,72321,2023-05-11,500000,Active
CU007599,Home Contracting,Retailer,R05,SR0120,CO Metro,CO,80982,2022-06-23,100000,Active
CU007600,Pioneer Contracting,Retailer,R02,SR0172,FL Heights,FL,58067,2022-09-05,25000,Active
CU007601,Urban Inc,Contractor,R05,SR0100,WA Heights,WA,40054,2024-07-25,50000,Active
CU007602,Urban Builders,Distributor,R01,SR0076,NY City,NY,72113,2021-11-01,500000,Active
CU007603,Urban Development,Builder,R02,SR0057,GA City,GA,50060,2024-03-14,25000,Active
CU007604,Skyline Group,Contractor,R03,SR0173,IN Metro,IN,26441,2021-04-05,100000,Active
CU007605,Pioneer Materials,Retailer,R02,SR0047,FL Heights,FL,82941,2018-09-05,50000,Active
CU007606,Evergreen Builders,Builder,R02,SR0112,FL Metro,FL,31148,2022-05-19,1000000,Active
CU007607,Summit Development,Distributor,R01,SR0186,NJ Heights,NJ,31982,2023-01-17,500000,Active
CU007608,Prime Contracting,Builder,R05,SR0025,CA Heights,CA,87466,2021-10-21,25000,Active
CU007609,Pioneer Contracting,Builder,R05,SR0025,OR City,OR,43278,2022-11-04,25000,Active
CU007610,Prime Group,Distributor,R01,SR0036,CT City,CT,72704,2019-05-05,50000,Active
CU007611,Atlas Contracting,Distributor,R01,SR0081,NY Heights,NY,85001,2024-02-03,250000,Active
CU007612,Summit Construction,Contractor,R01,SR0161,MA City,MA,71751,2021-02-03,100000,Active
CU007613,Cornerstone Group,Builder,R02,SR0032,GA City,GA,98359,2017-11-12,25000,Active
CU007614,Metro LLC,Contractor,R01,SR0026,MA City,MA,24743,2019-10-29,50000,Active
CU007615,Cornerstone Construction,Builder,R05,SR0135,CO City,CO,75659,2018-02-06,100000,Active
CU007616,Build Inc,Retailer,R01,SR0001,CT Metro,CT,62979,2025-02-18,500000,Active
CU007617,Home Materials,Contractor,R01,SR0126,CT Metro,CT,54123,2024-08-25,50000,Active
CU007618,Atlas LLC,Builder,R01,SR0086,CT City,CT,51358,2022-04-23,50000,Active
CU007619,Home Materials,Builder,R05,SR0160,CO City,co,20529,2019-03-01,100000,Active
CU007620,Dream Group,Builder,R03,SR0188,MI Heights,MI,62624,2024-06-28,500000,Active
CU007621,Urban Materials,Distributor,R01,SR0151,MA Heights,ma,68504,2023-03-16,500000,Active
CU007622,Atlas Construction,Builder,R05,SR0125,CA Metro,CA,61193,2018-01-23,50000,Active
CU007623,Metro Construction,Distributor,R05,SR0120,OR Heights,OR,53811,2019-08-08,1000000,Active
CU007624,Prime LLC,Builder,R01,SR0156,CT Heights,CT,88114,2019-02-21,1000000,Active
CU007625,Build Inc,Contractor,R03,SR0138,IL Heights,IL,60907,2020-09-29,1000000,Active
CU007626,Pioneer Inc,Retailer,R03,SR0098,WI City,WI,23633,2022-05-09,1000000,Active
CU007627,Prime Materials,Builder,R03,SR0013,OH Heights,OH,77439,2022-12-01,500000,Active
CU007628,Prime Builders,Builder,R05,SR0020,CA Heights,CA,16077,2023-08-04,100000,Active
CU007629,Home Construction,Builder,R02,SR0102,SC City,SC,12303,2021-12-07,500000,Active
CU007630,Cornerstone Construction,Builder,R02,SR0012,GA Metro,GA,80207,2023-01-05,500000,Active
CU007631,Summit Materials,Builder,R05,SR0110,OR Metro,OR,79520,2024-10-11,250000,Active
CU007632,Metro Construction,Contractor,R04,SR0194,AZ Metro,AZ,,2021-07-24,100000,Active
CU007633,Summit Materials,Builder,R05,SR0100,OR Heights,OR,95406,2023-12-20,25000,Active
CU007634,Skyline Supply,Builder,R05,SR0185,WA City,WA,96310,2023-12-30,250000,Active
CU007635,Dream Materials,Builder,R04,SR0019,OK Metro,OK,95704,2023-07-21,100000,Active
CU007636,Urban Homes,Contractor,R01,SR0131,NY City,NY,58324,2020-07-03,500000,Active
CU007637,Summit Materials,Retailer,R03,SR0158,IL Heights,IL,58948,2019-09-04,50000,Active
CU007638,Dream Builders,Distributor,R03,SR0058,MI Heights,MI,83004,2019-06-13,25000,Active
CU007639,Build Contracting,Retailer,R02,SR0057,TN City,TN,71251,2018-05-19,500000,Active
CU007640,Pioneer LLC,Distributor,R01,SR0141,MA City,MA,78304,2024-04-15,25000,Active
CU007641,Skyline Supply,Distributor,R02,SR0152,TN Metro,TN,24476,2017-10-04,100000,Active
CU007642,Cornerstone Group,Contractor,R01,SR0136,PA City,PA,34910,2023-12-06,25000,Active
CU007643,Skyline Supply,Distributor,R01,SR0016,MA Metro,MA,84408,2017-01-25,100000,Active
CU007644,Urban Inc,Builder,R03,SR0173,IN City,IN,37920,2017-07-06,25000,Active
CU007645,Build Homes,Contractor,R01,SR0131,NJ Heights,NJ,60373,2024-06-09,1000000,Active
CU007646,Summit Supply,Builder,R02,SR0157,NC Heights,NC,24911,2025-01-25,1000000,Active
CU007647,Summit Construction,Retailer,R01,SR0026,CT City,CT,71087,2017-12-07,1000000,Active
CU007648,Metro Materials,Builder,R05,SR0140,CO Heights,CO,47466,2024-08-13,50000,Active
CU007649,Skyline Materials,Retailer,R04,SR0114,OK Heights,OK,77222,2019-06-14,25000,Active
CU007650,Urban Inc,Distributor,R02,SR0107,GA Metro,GA,97075,2021-05-27,250000,Active
CU007651,Dream Construction,Contractor,R05,SR0100,CO City,CO,46774,2018-12-03,50000,Active
CU007652,Build Contracting,Distributor,R02,SR0042,SC City,SC,94935,2023-06-07,100000,Active
CU007653,Dream LLC,Distributor,R05,SR0105,CO Heights,CO,99956,2024-09-05,500000,Active
CU007654,Atlas Homes,Retailer,R01,SR0026,PA Heights,PA,12004,2018-02-16,250000,Active
CU007655,Home Contracting,Contractor,R01,SR0031,NJ Heights,NJ,34204,2022-06-11,500000,Active
CU007656,Prime Inc,Contractor,R05,SR0185,OR Heights,OR,72203,2020-02-28,50000,Active
CU007657,Urban Inc,Distributor,R04,SR0194,AZ City,AZ,68246,2020-06-27,250000,Active
CU007658,Skyline Contracting,Retailer,R01,SR0041,NJ Metro,NJ,30007,2022-01-03,25000,Active
CU007659,Evergreen Inc,Retailer,R02,SR0162,TN City,TN,28475,2021-03-03,100000,Active
CU007660,Build Development,Retailer,R01,SR0126,PA Heights,PA,81486,2017-04-09,500000,Active
CU007661,Cornerstone Inc,Distributor,R05,SR0035,OR City,OR,19361,2023-10-05,250000,Active
CU007662,Atlas Supply,Distributor,R04,SR0154,OK City,OK,98698,2022-08-01,100000,Active
CU007663,Urban Builders,Builder,R05,SR0100,UT Metro,UT,94377,2017-09-08,100000,Active
CU007664,Skyline Supply,Retailer,R02,SR0162,SC Heights,SC,19960,2019-04-13,250000,Active
CU007665,Home LLC,Distributor,R01,SR0021,NJ City,NJ,47402,2020-01-21,50000,Active
CU007666,Home Builders,Contractor,R05,SR0105,UT City,UT,87238,2017-04-11,50000,Active
CU007667,Home Development,Distributor,R03,SR0003,WI Heights,WI,17225,2021-09-28,250000,Active
CU007668,Dream LLC,Retailer,R02,SR0162,SC Heights,SC,30481,2018-07-16,250000,Active
CU007669,Atlas Inc,Builder,R03,SR0113,IL Metro,IL,92218,2017-02-01,50000,Active
CU007670,Skyline LLC,Retailer,R01,SR0006,PA Heights,PA,64585,2021-12-13,250000,Active
CU007671,Summit Materials,Builder,R03,SR0028,WI Metro,WI,59589,2020-08-29,500000,Active
CU007672,Build Materials,Distributor,R03,SR0128,MI City,MI,34075,2020-04-29,25000,Active
CU007673,Dream Builders,Builder,R05,SR0160,CO Heights,CO,,2021-02-19,25000,Active
CU007674,Metro Supply,Contractor,R04,SR0189,OK City,OK,21107,2022-11-01,250000,Active
CU007675,Build Group,Builder,R02,SR0152,NC Metro,NC,17625,2024-07-18,50000,Active
CU007676,Skyline LLC,Distributor,R05,SR0145,CO Metro,CO,98354,2025-05-13,1000000,Active
CU007677,Cornerstone Homes,Distributor,R02,SR0012,FL Metro,FL,81610,2018-08-13,100000,Active
CU007678,Cornerstone Development,Retailer,R04,SR0024,TX City,TX,40060,2019-10-02,50000,Active
CU007679,Metro Materials,Builder,R04,SR0184,AZ City,AZ,67559,2020-12-02,250000,Active
CU007680,Dream Construction,Builder,R03,SR0198,MI Heights,MI,70779,2019-03-13,1000000,Active
CU007681,Cornerstone Inc,Builder,R03,SR0138,MI City,MI,52622,2024-02-04,100000,Active
CU007682,Prime Development,Retailer,R05,SR0170,OR Metro,OR,38018,2021-02-24,100000,Active
CU007683,Home Supply,Contractor,R01,SR0071,NY City,NY,63571,2019-03-08,500000,Active
CU007684,Home Materials,Builder,R03,SR0173,WI Heights,WI,71082,2024-01-24,500000,Active
CU007685,Metro Inc,Contractor,R05,SR0200,CO Metro,CO,,2023-01-07,500000,Active
CU007686,Dream LLC,Contractor,R01,SR0006,CT Metro,CT,83263,2022-12-31,100000,Active
CU007687,Prime Construction,Contractor,R02,SR0142,FL City,FL,72713,2023-04-15,500000,Active
CU007688,Home Group,Builder,R04,SR0134,NM Metro,NM,41245,2017-09-07,50000,Active
CU007689,Skyline Supply,Builder,R01,SR0011,CT City,CT,92349,2018-08-24,250000,Active
CU007690,Prime Group,Contractor,R04,SR0049,NM Heights,NM,97257,2017-08-24,1000000,Active
CU007691,Evergreen LLC,Builder,R03,SR0028,IL Heights,IL,32146,2017-11-30,1000000,Active
CU007692,Skyline Supply,Builder,R02,SR0017,TN City,TN,35444,2018-12-09,500000,Active
CU007693,Build Builders,Contractor,R04,SR0084,NM City,NM,46577,2020-02-28,25000,Active
CU007694,Skyline Supply,Contractor,R03,SR0178,IN City,IN,15256,2024-08-25,50000,Active
CU007695,Urban Contracting,Retailer,R05,SR0135,UT Metro,UT,50527,2022-08-02,25000,Active
CU007696,Pioneer Materials,Distributor,R04,SR0014,TX City,TX,83127,2024-07-30,50000,Active
CU007697,Home Inc,Distributor,R04,SR0039,NV City,NV,50015,2021-04-03,250000,Active
CU007698,Pioneer Homes,Builder,R03,SR0128,OH Heights,OH,68512,2022-03-22,1000000,Active
CU007699,Metro Contracting,Contractor,R03,SR0068,IN Heights,IN,91045,2019-07-07,25000,Active
CU007700,Atlas Contracting,Builder,R02,SR0017,TN Metro,TN,73955,2018-10-14,250000,Active
CU007701,Summit Supply,Builder,R02,SR0087,GA Metro,GA,96088,2021-04-03,100000,Active
CU007702,  Summit Inc ,Contractor,R04,SR0194,NV City,NV,35723,2020-07-10,250000,Active
CU007703,Summit Group,Retailer,R05,SR0090,UT Metro,UT,43767,2022-01-27,500000,Active
CU007704,Summit Inc,Builder,R01,SR0116,MA Metro,MA,76892,2025-03-03,1000000,Active
CU007705,Build LLC,Retailer,R01,SR0161,CT Heights,CT,51838,2017-08-30,500000,Active
CU007706,Summit Contracting,Retailer,R02,SR0112,GA Heights,GA,46929,2024-11-18,1000000,Active
CU007707,Atlas Materials,Distributor,R05,SR0030,OR Metro,OR,93825,2017-05-22,100000,Active
CU007708,Dream Homes,Contractor,R03,SR0013,WI Metro,WI,64585,2023-09-08,100000,Active
CU007709,Home LLC,Retailer,R04,SR0074,OK Metro,OK,44705,2021-10-11,25000,Active
CU007710,Dream Construction,Builder,R01,SR0006,PA Heights,PA,54087,2017-04-13,1000000,Active
CU007711,Atlas Construction,Distributor,R02,SR0037,NC Heights,NC,59501,2019-10-14,1000000,Active
CU007712,Build Materials,Distributor,R05,SR0140,OR Heights,OR,59498,2021-02-23,500000,Active
CU007713,Prime Builders,Contractor,R03,SR0188,WI City,WI,72042,2018-03-15,25000,Active
CU007714,Cornerstone Inc,Retailer,R04,SR0079,OK Metro,OK,14271,2022-03-18,1000000,Active
CU007715,Atlas Group,Distributor,R03,SR0023,IL Metro,IL,31894,2018-03-15,50000,Active
CU007716,Pioneer Materials,Contractor,R02,SR0057,GA Heights,GA,29744,2017-04-04,500000,Active
CU007717,Metro Contracting,Contractor,R03,SR0098,IN Metro,IN,49219,2020-02-15,25000,Active
CU007718,Pioneer Supply,Retailer,R03,SR0183,WI City,WI,15845,2024-08-07,25000,Active
CU007719,Build Development,Retailer,R04,SR0184,NV Metro,NV,51414,2019-04-21,250000,Active
CU007720,Summit LLC,Distributor,R02,SR0192,FL Metro,FL,33946,2019-10-18,250000,Active
CU007721,Skyline Development,Contractor,R05,SR0015,WA Metro,WA,64801,2024-03-01,250000,Active
CU007722,Atlas Supply,Contractor,R01,SR0081,CT Metro,CT,68626,2024-12-29,500000,Active
CU007723,Prime Homes,Retailer,R05,SR0065,OR Metro,OR,55625,2020-01-13,1000000,Active
CU007724,Prime Builders,Contractor,R05,SR0140,OR Metro,OR,70434,2019-01-22,1000000,Active
CU007725,Prime Supply,Builder,R03,SR0183,WI City,WI,33963,2025-02-20,500000,Active
CU007726,Summit Contracting,Builder,R03,SR0053,IN Metro,IN,48728,2025-01-09,50000,Active
CU007727,Prime Group,Retailer,R02,SR0012,TN City,TN,80220,2020-12-01,25000,Active
CU007728,Evergreen Builders,Contractor,R01,SR0081,CT Metro,CT,47989,2024-09-18,500000,Active
CU007729,Prime Development,Builder,R01,SR0126,NJ Metro,NJ,70517,2022-10-02,50000,Active
CU007730,Home Development,Contractor,R05,SR0005,WA Heights,WA,51789,2017-08-02,1000000,Active
CU007731,Build Group,Builder,R01,SR0186,MA Heights,MA,56033,2023-12-21,50000,Active
CU007732,Evergreen Materials,Retailer,R04,SR0074,NM City,NM,69140,2021-05-17,50000,Active
CU007733,Cornerstone Development,Builder,R01,SR0161,NJ City,NJ,87369,2019-07-17,500000,Active
CU007734,Dream Homes,Builder,R05,SR0160,UT Metro,UT,72774,2022-02-22,1000000,Active
CU007735,Skyline Supply,Retailer,R05,SR0160,CA Heights,CA,20969,2017-09-02,50000,Active
CU007736,Summit Materials,Builder,R04,SR0164,NV City,NV,83411,2020-09-05,500000,Active
CU007737,Urban Contracting,Builder,R03,SR0128,IN Heights,IN,84385,2025-01-21,1000000,Active
CU007738,Metro Homes,Retailer,R02,SR0127,TN Heights,TN,16147,2021-06-19,500000,Active
CU007739,Cornerstone Group,Contractor,R05,SR0200,UT City,UT,84898,2020-03-06,500000,Active
CU007740,Summit Supply,Contractor,R04,SR0174,NV Heights,NV,71171,2020-09-06,500000,Active
CU007741,  Skyline Development ,Builder,R03,SR0173,MI City,MI,46109,2023-03-18,1000000,Active
CU007742,Home Development,Contractor,R05,SR0105,UT Metro,UT,26419,2023-06-24,100000,Active
CU007743,Prime Contracting,Retailer,R02,SR0182,SC Heights,SC,23144,2019-06-16,500000,Active
CU007744,Urban Group,Contractor,R02,SR0052,TN Heights,TN,60675,2023-09-26,500000,Active
CU007745,Build LLC,Contractor,R03,SR0128,OH Metro,OH,,2017-04-14,50000,Active
CU007746,Evergreen Construction,Contractor,R04,SR0059,NM City,NM,,2018-07-23,250000,Active
CU007747,Cornerstone Inc,Distributor,R05,SR0050,CA Metro,CA,49787,2019-11-10,500000,Active
CU007748,Summit Development,Builder,R04,SR0129,AZ City,AZ,60551,2024-01-23,500000,Active
CU007749,Urban Materials,Contractor,R01,SR0071,CT Metro,CT,49723,2024-02-02,100000,Active
CU007750,Build Group,Distributor,R04,SR0119,NV City,NV,32095,2023-05-10,100000,Active
CU007751,Summit Contracting,Builder,R01,SR0156,NJ City,NJ,53973,2017-12-07,1000000,Active
CU007752,Skyline Supply,Retailer,R03,SR0013,MI Heights,MI,27657,2019-03-17,1000000,Active
CU007753,Evergreen Builders,Retailer,R02,SR0177,GA City,GA,75199,2023-10-20,1000000,Active
CU007754,Build Construction,Retailer,R05,SR0030,WA Heights,WA,22687,2025-06-10,500000,Active
CU007755,Skyline Development,Retailer,R01,SR0156,NJ Heights,NJ,44141,2018-11-02,50000,Active
CU007756,Dream Homes,Retailer,R04,SR0014,NV Heights,NV,77042,2018-09-15,500000,Active
CU007757,Atlas Homes,Contractor,R02,SR0187,TN City,TN,76645,2023-09-07,25000,Active
CU007758,Build Builders,Distributor,R05,SR0005,CA Metro,CA,59050,2022-01-09,1000000,Active
CU007759,Evergreen Development,Builder,R01,SR0086,MA Metro,MA,92286,2017-12-21,50000,Active
CU007760,Home Materials,Builder,R04,SR0184,AZ Heights,AZ,56275,2017-03-09,25000,Active
CU007761,Dream LLC,Retailer,R02,SR0132,NC Metro,NC,54905,2018-11-09,100000,Active
CU007762,Build Inc,Retailer,R05,SR0045,WA Metro,WA,,2019-08-13,1000000,Active
CU007763,Cornerstone Group,Retailer,R02,SR0027,TN Heights,TN,14924,2019-10-24,50000,Active
CU007764,Dream Group,Contractor,R01,SR0071,PA Metro,PA,47118,2020-09-01,50000,Active
CU007765,Pioneer Materials,Builder,R01,SR0186,MA Heights,MA,51466,2020-01-22,500000,Active
CU007766,Pioneer Homes,Distributor,R05,SR0185,WA Metro,WA,12561,2023-06-06,500000,Active
CU007767,Prime Homes,Distributor,R04,SR0199,NM Metro,NM,97193,2017-02-09,25000,Active
CU007768,Prime Construction,Retailer,R01,SR0106,PA City,PA,24469,2022-04-09,100000,Active
CU007769,Urban LLC,Contractor,R05,SR0050,CO City,CO,69266,2023-07-23,50000,Active
CU007770,Dream Supply,Distributor,R01,SR0136,NJ Heights,NJ,30781,2019-05-21,50000,Active
CU007771,Evergreen Supply,Distributor,R01,SR0036,MA City,MA,26252,2025-05-24,1000000,Active
CU007772,Build Supply,Retailer,R05,SR0145,UT Heights,UT,27573,2022-12-28,500000,Active
CU007773,Build Materials,Distributor,R04,SR0024,NM Heights,NM,11978,2018-01-21,250000,Active
CU007774,Atlas Inc,Contractor,R03,SR0038,IN City,IN,72067,2024-01-19,25000,Active
CU007775,Skyline Construction,Contractor,R01,SR0151,NY Heights,NY,37754,2021-02-22,1000000,Active
CU007776,  Home Homes ,Distributor,R01,SR0171,CT Metro,CT,24936,2019-12-14,25000,Active
CU007777,Home Contracting,Retailer,R02,SR0067,GA Metro,GA,80556,2019-02-07,25000,Active
CU007778,Metro Development,Retailer,R05,SR0120,OR City,OR,33138,2019-01-23,50000,Active
CU007779,Urban Development,Contractor,R04,SR0129,TX Heights,TX,38303,2023-12-26,250000,Active
CU007780,Build Builders,Retailer,R04,SR0154,AZ Metro,AZ,44621,2018-06-20,100000,Active
CU007781,Cornerstone Construction,Retailer,R02,SR0062,FL Metro,FL,60849,2017-05-03,50000,Active
CU007782,Pioneer Supply,Builder,R03,SR0043,IN Heights,IN,55278,2025-03-25,250000,Active
CU007783,Cornerstone Homes,Builder,R03,SR0103,IN Heights,IN,95535,2020-10-17,50000,Active
CU007784,Pioneer Supply,Retailer,R01,SR0036,CT Heights,CT,66480,2023-09-11,250000,Active
CU007785,Urban Group,Retailer,R02,SR0052,SC Metro,SC,44656,2019-05-11,100000,Active
CU007786,Summit Construction,Contractor,R05,SR0015,CO Metro,CO,76917,2023-04-11,500000,Active
CU007787,Metro Group,Retailer,R03,SR0188,IL Metro,IL,61578,2020-07-20,250000,Active
CU007788,Prime Supply,Distributor,R04,SR0194,TX Heights,TX,35907,2021-02-19,1000000,Active
CU007789,Prime Construction,Retailer,R03,SR0068,IL Heights,IL,79388,2021-03-30,1000000,Active
CU007790,Cornerstone Homes,Contractor,R02,SR0152,SC Heights,SC,73600,2018-01-31,50000,Active
CU007791,Prime Development,Builder,R05,SR0060,CO City,CO,23493,2020-09-15,50000,Active
CU007792,Home Development,Contractor,R02,SR0087,NC City,NC,,2017-10-26,100000,Active
CU007793,Summit Group,Builder,R01,SR0186,NY Metro,NY,56265,2025-01-06,250000,Active
CU007794,Skyline Homes,Distributor,R03,SR0023,OH City,OH,38414,2025-06-05,500000,Active
CU007795,Pioneer Group,Distributor,R03,SR0163,IN Metro,IN,60632,2021-01-15,500000,Active
CU007796,Home Builders,Contractor,R01,SR0191,PA Heights,PA,,2017-03-21,50000,Active
CU007797,Skyline Homes,Distributor,R03,SR0023,IL Heights,IL,28889,2017-12-23,1000000,Active
CU007798,Cornerstone Group,Builder,R01,SR0026,NY City,NY,24855,2019-12-17,25000,Active
CU007799,Prime Builders,Retailer,R04,SR0024,OK City,OK,63213,2023-07-22,25000,Active
CU007800,Prime Contracting,Retailer,R04,SR0014,AZ Metro,AZ,52940,2017-09-20,250000,Active
CU007801,Summit Materials,Contractor,R02,SR0042,GA City,GA,80899,2024-01-09,250000,Active
CU007802,Cornerstone Construction,Retailer,R03,SR0093,IN Heights,IN,67975,2022-07-08,500000,Active
CU007803,Prime Contracting,Contractor,R01,SR0066,PA Heights,PA,,2020-07-17,100000,Active
CU007804,Skyline Homes,Distributor,R05,SR0180,WA Heights,WA,76419,2023-12-13,100000,Active
CU007805,Dream Group,Retailer,R04,SR0074,NM Metro,NM,22721,2020-09-23,25000,Active
CU007806,Prime Contracting,Retailer,R04,SR0169,TX Heights,TX,44336,2020-12-04,100000,Active
CU007807,Home Builders,Contractor,R04,SR0044,OK Heights,OK,32146,2022-05-11,100000,Active
CU007808,Home Supply,Distributor,R04,SR0179,NV City,NV,39635,2025-03-27,1000000,Active
CU007809,Build Materials,Retailer,R05,SR0135,OR Metro,OR,59252,2019-05-26,100000,Active
CU007810,Metro Contracting,Retailer,R01,SR0131,NY Heights,NY,33332,2025-02-27,250000,Active
CU007811,Urban Builders,Builder,R02,SR0092,GA Metro,GA,19404,2018-10-03,25000,Active
CU007812,Skyline LLC,Builder,R02,SR0137,TN City,TN,33880,2023-02-16,25000,Active
CU007813,Build Supply,Retailer,R04,SR0094,AZ Heights,AZ,73379,2018-09-12,1000000,Active
CU007814,Dream Homes,Contractor,R02,SR0192,NC City,NC,53320,2022-10-29,50000,Active
CU007815,Urban Inc,Builder,R02,SR0007,SC Heights,SC,77393,2017-11-05,250000,Active
CU007816,Dream Development,Builder,R01,SR0026,MA City,MA,11874,2021-09-16,1000000,Active
CU007817,Prime Materials,Retailer,R01,SR0151,CT City,CT,68215,2023-07-20,500000,Active
CU007818,Dream LLC,Builder,R05,SR0115,CO Metro,CO,15872,2018-03-21,1000000,Active
CU007819,Atlas Homes,Builder,R05,SR0075,UT Heights,UT,58738,2020-09-21,500000,Active
CU007820,Urban Construction,Retailer,R05,SR0130,CO City,CO,80517,2020-01-08,500000,Active
CU007821,Build Builders,Contractor,R05,SR0020,CO Heights,CO,36932,2020-06-29,25000,Active
CU007822,Metro Inc,Distributor,R02,SR0187,FL Heights,FL,87855,2019-03-05,1000000,Active
CU007823,Cornerstone Homes,Builder,R02,SR0117,FL City,FL,44665,2018-04-06,250000,Active
CU007824,Atlas LLC,Retailer,R03,SR0088,IL City,IL,84422,2024-09-16,500000,Active
CU007825,Prime Materials,Retailer,R02,SR0037,FL Metro,FL,35854,2018-01-05,1000000,Active
CU007826,Urban Materials,Builder,R03,SR0153,OH Metro,OH,33774,2019-12-27,250000,Active
CU007827,Atlas Materials,Distributor,R02,SR0142,NC Metro,NC,32690,2024-05-21,100000,Active
CU007828,Metro LLC,Builder,R01,SR0101,CT Metro,CT,33579,2021-10-15,50000,Active
CU007829,Dream Contracting,Distributor,R02,SR0172,NC Metro,NC,97744,2018-06-21,100000,Active
CU007830,Metro Development,Distributor,R01,SR0176,CT City,CT,66276,2018-12-02,500000,Active
CU007831,Prime Inc,Retailer,R02,SR0102,SC Heights,SC,64481,2018-07-11,500000,Active
CU007832,Evergreen Contracting,Builder,R03,SR0108,IL Metro,IL,54190,2023-03-22,250000,Active
CU007833,Prime Inc,Retailer,R03,SR0138,IL Heights,IL,99974,2021-03-08,50000,Active
CU007834,Atlas Group,Builder,R02,SR0092,TN Heights,TN,97350,2021-04-29,250000,Active
CU007835,Summit Homes,Distributor,R03,SR0158,WI City,WI,26071,2021-05-01,1000000,Active
CU007836,Summit Materials,Distributor,R01,SR0161,PA Heights,PA,10315,2017-08-23,1000000,Active
CU007837,Home Construction,Distributor,R05,SR0170,CO City,CO,11543,2020-01-26,1000000,Active
CU007838,Build Contracting,Builder,R03,SR0113,MI City,MI,97587,2018-09-19,250000,Active
CU007839,Metro Construction,Builder,R05,SR0130,OR Heights,OR,89871,2022-10-02,100000,Active
CU007840,Summit Materials,Builder,R01,SR0071,PA Heights,PA,36502,2017-04-16,100000,Active
CU007841,Metro LLC,Builder,R04,SR0074,TX Heights,TX,54309,2019-08-13,25000,Active
CU007842,Pioneer Homes,Distributor,R03,SR0168,WI Heights,WI,41008,2017-07-24,50000,Active
CU007843,Evergreen Homes,Contractor,R05,SR0065,UT Metro,UT,74038,2017-12-02,1000000,Active
CU007844,Atlas Inc,Builder,R01,SR0086,NJ Heights,NJ,21090,2020-12-24,50000,Active
CU007845,Summit Construction,Retailer,R05,SR0035,CO Metro,CO,28361,2024-12-08,100000,Active
CU007846,Cornerstone Development,Retailer,R05,SR0080,OR City,OR,91188,2025-03-03,1000000,Active
CU007847,Home Inc,Builder,R03,SR0143,IL City,IL,35099,2020-07-09,250000,Active
CU007848,Cornerstone Builders,Distributor,R02,SR0167,FL Metro,FL,58280,2024-06-05,1000000,Active
CU007849,Cornerstone Supply,Distributor,R03,SR0178,IL City,IL,68427,2023-01-30,500000,Active
CU007850,Home Supply,Contractor,R01,SR0126,MA Heights,MA,68935,2018-09-02,250000,Active
CU007851,Dream Builders,Retailer,R04,SR0064,NV Metro,NV,76830,2020-09-25,250000,Active
CU007852,Atlas Builders,Retailer,R03,SR0178,WI Metro,WI,59661,2024-11-11,1000000,Active
CU007853,Atlas Inc,Contractor,R04,SR0059,NM City,NM,35781,2024-07-23,25000,Active
CU007854,Evergreen Construction,Builder,R05,SR0155,CO City,CO,15175,2020-03-11,25000,Active
CU007855,Cornerstone Homes,Distributor,R05,SR0015,WA Metro,WA,39865,2018-12-13,500000,Active
CU007856,Atlas Inc,Contractor,R05,SR0040,UT Heights,UT,40326,2017-08-14,500000,Active
CU007857,Evergreen Inc,Retailer,R04,SR0134,NV City,NV,19784,2018-03-05,1000000,Active
CU007858,Dream Contracting,Builder,R05,SR0020,CA City,CA,87022,2024-11-04,1000000,Active
CU007859,Evergreen Builders,Contractor,R03,SR0098,MI City,MI,58390,2017-10-18,50000,Active
CU007860,Skyline Construction,Builder,R05,SR0040,UT City,UT,56773,2019-10-31,25000,Active
CU007861,Build Development,Retailer,R03,SR0088,IL Heights,IL,10957,2021-01-10,100000,Active
CU007862,Evergreen Materials,Retailer,R03,SR0118,IL Metro,IL,49896,2021-05-23,1000000,Active
CU007863,Skyline Builders,Contractor,R03,SR0053,IL Metro,IL,42723,2024-05-08,1000000,Active
CU007864,Home LLC,Contractor,R04,SR0164,AZ Heights,AZ,74079,2020-05-10,100000,Active
CU007865,Dream Homes,Distributor,R05,SR0035,CA Heights,CA,93932,2017-12-06,25000,Active
CU007866,Build Group,Retailer,R05,SR0005,WA City,WA,60842,2025-01-01,50000,Active
CU007867,Evergreen Builders,Contractor,R05,SR0175,CA City,CA,72232,2022-03-26,1000000,Active
CU007868,Cornerstone LLC,Builder,R01,SR0076,MA City,MA,88151,2023-12-16,25000,Active
CU007869,Metro LLC,Retailer,R05,SR0195,CA Heights,CA,76842,2024-02-10,250000,Active
CU007870,Skyline Homes,Retailer,R01,SR0106,MA Metro,MA,88637,2024-07-25,25000,Active
CU007871,Metro Builders,Retailer,R01,SR0021,NY Metro,NY,86724,2019-12-20,500000,Active
CU007872,Metro LLC,Contractor,R04,SR0099,NM City,NM,56432,2020-06-09,1000000,Active
CU007873,Cornerstone Contracting,Builder,R01,SR0041,MA City,MA,60404,2021-02-19,100000,Active
CU007874,Home Development,Retailer,R02,SR0032,NC Heights,NC,85322,2024-10-18,100000,Active
CU007875,Skyline LLC,Builder,R01,SR0006,NJ City,NJ,32428,2020-01-01,500000,Active
CU007876,Home Builders,Builder,R04,SR0129,TX City,TX,98134,2023-11-15,100000,Active
CU007877,Evergreen Homes,Contractor,R02,SR0032,SC City,SC,21531,2020-06-02,250000,Active
CU007878,  Home Inc ,Distributor,R01,SR0011,NJ City,NJ,90842,2023-10-07,500000,Active
CU007879,Evergreen Inc,Contractor,R05,SR0135,OR Heights,OR,91150,2020-01-14,100000,Active
CU007880,Skyline Supply,Builder,R02,SR0132,FL City,FL,17702,2018-01-30,1000000,Active
CU007881,Skyline Homes,Builder,R02,SR0072,TN City,TN,85516,2021-03-03,250000,Active
CU007882,Urban Supply,Retailer,R05,SR0090,CO Metro,CO,28185,2023-12-15,500000,Active
CU007883,Evergreen Inc,Retailer,R01,SR0176,MA Metro,MA,70712,2025-03-05,1000000,Active
CU007884,Prime Supply,Builder,R01,SR0086,NJ City,NJ,16572,2021-06-10,500000,Active
CU007885,Urban Group,Builder,R02,SR0077,FL Metro,FL,65202,2020-12-04,25000,Active
CU007886,Atlas Supply,Retailer,R03,SR0123,IL City,IL,23258,2025-05-29,100000,Active
CU007887,Evergreen Contracting,Contractor,R03,SR0138,OH Heights,OH,41054,2017-11-30,250000,Active
CU007888,Prime Construction,Distributor,R03,SR0143,WI City,WI,31338,2020-06-28,500000,Active
CU007889,Summit Inc,Retailer,R02,SR0007,TN Heights,TN,63964,2019-05-01,250000,Active
CU007890,Atlas Homes,Contractor,R01,SR0196,PA Metro,PA,91704,2020-07-18,250000,Active
CU007891,Evergreen Construction,Contractor,R04,SR0134,OK City,OK,21875,2017-03-31,250000,Active
CU007892,Prime Construction,Retailer,R02,SR0022,NC City,NC,76352,2024-10-27,500000,Active
CU007893,Urban Inc,Distributor,R02,SR0072,GA Metro,GA,68647,2019-01-24,250000,Active
CU007894,Urban Homes,Retailer,R02,SR0182,SC Metro,SC,91840,2024-12-13,1000000,Active
CU007895,Home Inc,Builder,R04,SR0119,NV Heights,NV,54172,2020-08-01,250000,Active
CU007896,Cornerstone Homes,Builder,R01,SR0066,CT City,CT,15479,2022-03-22,1000000,Active
CU007897,Atlas Group,Distributor,R02,SR0172,NC Metro,NC,91201,2018-09-09,250000,Active
CU007898,Cornerstone Group,Retailer,R03,SR0063,IN Heights,IN,80713,2024-02-07,1000000,Active
CU007899,Dream LLC,Builder,R01,SR0066,PA Metro,PA,38346,2020-06-03,250000,Active
CU007900,Pioneer Supply,Distributor,R01,SR0126,NY Heights,NY,70422,2017-10-28,25000,Active
CU007901,Atlas Construction,Contractor,R02,SR0122,TN City,TN,33958,2022-07-13,100000,Active
CU007902,Build Development,Contractor,R02,SR0072,GA Heights,GA,74596,2021-09-25,1000000,Active
CU007903,Dream LLC,Retailer,R01,SR0131,NY City,NY,90327,2022-07-10,100000,Active
CU007904,Metro Contracting,Builder,R03,SR0093,IN Metro,IN,94630,2022-07-24,100000,Active
CU007905,Atlas Supply,Retailer,R04,SR0084,AZ City,AZ,53221,2018-02-21,50000,Active
CU007906,Metro Group,Builder,R05,SR0175,OR Metro,OR,41539,2024-08-09,250000,Active
CU007907,Summit Homes,Builder,R05,SR0070,OR Metro,OR,77748,2018-12-03,50000,Active
CU007908,Evergreen Contracting,Retailer,R01,SR0136,CT Metro,CT,65690,2022-01-05,250000,Active
CU007909,Pioneer Materials,Distributor,R05,SR0070,UT Metro,UT,10963,2017-09-19,100000,Active
CU007910,Summit Materials,Retailer,R01,SR0146,PA Heights,PA,29084,2021-06-07,50000,Active
CU007911,Home Supply,Retailer,R01,SR0126,PA Heights,pa,12734,2021-09-03,100000,Active
CU007912,Metro Contracting,Builder,R05,SR0145,UT Metro,UT,53676,2019-05-12,50000,Active
CU007913,Prime Materials,Contractor,R01,SR0196,NY Heights,NY,11169,2021-10-06,50000,Active
CU007914,Skyline Builders,Retailer,R04,SR0069,NM City,NM,59429,2023-12-21,100000,Active
CU007915,Evergreen LLC,Builder,R05,SR0135,UT City,UT,61785,2024-11-16,100000,Active
CU007916,Build Supply,Retailer,R01,SR0106,PA City,PA,19154,2023-06-07,250000,Active
CU007917,Build Inc,Retailer,R03,SR0048,MI City,MI,90181,2019-05-20,500000,Active
CU007918,Home Homes,Contractor,R03,SR0008,IL Heights,IL,78928,2020-05-25,500000,Active
CU007919,Atlas Materials,Distributor,R03,SR0068,IN Metro,IN,56832,2017-03-09,50000,Active
CU007920,Skyline Builders,Builder,R04,SR0009,OK Heights,OK,66928,2025-04-16,500000,Active
CU007921,Dream Inc,Retailer,R01,SR0046,MA Heights,MA,57552,2022-01-01,1000000,Active
CU007922,Metro Inc,Retailer,R02,SR0082,GA City,GA,92592,2023-05-22,500000,Active
CU007923,Metro Inc,Distributor,R04,SR0039,NV Metro,NV,79020,2023-08-22,50000,Active
CU007924,Urban Homes,Builder,R05,SR0180,UT City,UT,26712,2020-11-05,1000000,Active
CU007925,Pioneer Materials,Retailer,R02,SR0122,TN Metro,TN,66692,2024-01-29,1000000,Active
CU007926,Home Group,Contractor,R05,SR0150,OR City,OR,59965,2022-03-24,25000,Active
CU007927,Build Supply,Distributor,R04,SR0119,NM City,NM,76541,2017-04-28,50000,Active
CU007928,Atlas Homes,Builder,R04,SR0089,OK Heights,OK,26077,2024-05-13,100000,Active
CU007929,Metro Contracting,Retailer,R04,SR0124,TX City,TX,30426,2020-07-23,500000,Active
CU007930,Metro Homes,Contractor,R01,SR0056,MA Metro,MA,85298,2020-11-22,100000,Active
CU007931,Home Supply,Contractor,R05,SR0150,OR City,OR,28592,2018-11-27,250000,Active
CU007932,Skyline Contracting,Contractor,R01,SR0086,MA City,MA,77144,2021-02-07,500000,Active
CU007933,Summit Group,Retailer,R02,SR0177,FL City,FL,22424,2020-05-28,1000000,Active
CU007934,Pioneer Builders,Retailer,R05,SR0200,OR Heights,OR,83488,2021-01-18,25000,Active
CU007935,Home LLC,Builder,R05,SR0140,CO City,CO,38748,2025-03-02,50000,Active
CU007936,Atlas LLC,Contractor,R02,SR0082,FL Heights,FL,78465,2018-08-04,100000,Active
CU007937,Skyline Inc,Contractor,R02,SR0127,TN Heights,TN,60532,2024-05-08,250000,Active
CU007938,Atlas Construction,Distributor,R04,SR0094,NV City,NV,31342,2019-03-15,500000,Active
CU007939,Prime Group,Distributor,R01,SR0106,NY Heights,NY,88251,2024-06-13,1000000,Active
CU007940,Metro Materials,Retailer,R01,SR0006,NY Heights,NY,17344,2017-06-25,500000,Active
CU007941,Skyline Builders,Distributor,R01,SR0056,NY Heights,NY,29557,2017-07-29,250000,Active
CU007942,Evergreen Development,Contractor,R04,SR0019,NM Metro,NM,58020,2020-04-23,50000,Active
CU007943,  Metro Construction ,Retailer,R05,SR0120,CA Heights,CA,99912,2018-01-15,100000,Active
CU007944,Dream Inc,Builder,R04,SR0004,NV Metro,NV,43441,2022-01-04,100000,Active
CU007945,Dream Materials,Retailer,R02,SR0162,FL Heights,FL,61043,2024-03-01,50000,Active
CU007946,Evergreen Development,Retailer,R03,SR0138,WI City,WI,61751,2017-04-13,50000,Active
CU007947,Pioneer Contracting,Contractor,R04,SR0134,TX City,TX,66270,2019-08-21,1000000,Active
CU007948,Build Inc,Retailer,R05,SR0105,CA Metro,CA,11695,2025-05-18,500000,Active
CU007949,Home Builders,Distributor,R05,SR0185,CA Metro,CA,62108,2019-10-22,100000,Active
CU007950,Evergreen Group,Distributor,R05,SR0175,OR Heights,OR,15408,2020-08-13,500000,Active
CU007951,Build LLC,Retailer,R03,SR0018,MI Heights,MI,41750,2024-05-07,25000,Active
CU007952,Atlas LLC,Builder,R02,SR0092,NC Heights,NC,50015,2023-08-05,50000,Active
CU007953,Pioneer Builders,Contractor,R01,SR0186,CT City,CT,26566,2024-08-11,25000,Active
CU007954,Metro Construction,Retailer,R01,SR0041,NY City,NY,21434,2022-09-27,250000,Active
CU007955,Urban Homes,Retailer,R05,SR0160,WA Metro,WA,75154,2020-10-14,50000,Active
CU007956,Cornerstone Construction,Contractor,R04,SR0029,NV City,NV,16835,2019-03-25,1000000,Active
CU007957,Urban Inc,Retailer,R05,SR0070,CO Metro,CO,29969,2021-05-06,1000000,Active
CU007958,Skyline Group,Retailer,R04,SR0074,NV Metro,NV,27071,2017-05-30,500000,Active
CU007959,Summit Construction,Builder,R03,SR0063,IN Heights,IN,83319,2023-08-11,250000,Active
CU007960,Summit Builders,Contractor,R05,SR0045,CA City,CA,29189,2019-11-10,100000,Active
CU007961,Prime Builders,Distributor,R05,SR0120,OR Heights,OR,,2025-05-10,1000000,Active
CU007962,Prime LLC,Distributor,R02,SR0172,TN Metro,TN,57467,2025-02-11,100000,Active
CU007963,Dream Supply,Builder,R02,SR0032,GA Heights,GA,65118,2019-11-01,250000,Active
CU007964,Build Group,Retailer,R03,SR0063,MI Heights,MI,46937,2017-07-03,500000,Active
CU007965,Cornerstone Group,Retailer,R03,SR0083,IN Heights,IN,63609,2017-08-09,1000000,Active
CU007966,Urban Supply,Builder,R04,SR0109,NV Heights,NV,60630,2023-03-28,500000,Active
CU007967,Home Development,Distributor,R04,SR0194,TX Metro,TX,31706,2023-06-10,1000000,Active
CU007968,Home Homes,Contractor,R04,SR0159,AZ Metro,AZ,36045,2024-12-17,500000,Active
CU007969,Evergreen Inc,Distributor,R02,SR0042,FL Heights,FL,13694,2018-07-04,500000,Active
CU007970,Urban Construction,Contractor,R01,SR0131,CT Metro,CT,75256,2019-12-06,50000,Active
CU007971,Build Homes,Builder,R05,SR0045,CO Metro,CO,65823,2021-12-02,25000,Active
CU007972,Summit Inc,Builder,R04,SR0124,TX Metro,TX,18126,2024-04-18,25000,Active
CU007973,Evergreen Supply,Distributor,R03,SR0118,WI Heights,WI,46061,2023-06-16,50000,Active
CU007974,Prime LLC,Builder,R05,SR0085,OR Metro,OR,63574,2017-03-21,25000,Active
CU007975,Evergreen Builders,Retailer,R01,SR0101,NJ City,NJ,92060,2025-03-05,250000,Active
CU007976,Prime Homes,Builder,R05,SR0130,WA City,WA,44050,2017-10-16,25000,Active
CU007977,Pioneer Construction,Builder,R02,SR0032,GA Metro,GA,71229,2020-09-24,25000,Active
CU007978,Evergreen LLC,Distributor,R03,SR0078,WI Metro,WI,81956,2020-07-07,50000,Active
CU007979,Atlas Inc,Retailer,R01,SR0161,NY Metro,NY,14893,2020-10-22,50000,Active
CU007980,Skyline Group,Builder,R05,SR0060,UT Heights,UT,71147,2019-02-28,500000,Active
CU007981,Cornerstone Materials,Retailer,R03,SR0113,IN Metro,IN,26112,2024-10-11,25000,Active
CU007982,Urban LLC,Builder,R03,SR0133,IL City,IL,79577,2020-09-04,250000,Active
CU007983,Prime Builders,Builder,R05,SR0040,CA Metro,CA,62630,2022-08-21,500000,Active
CU007984,Home Contracting,Builder,R01,SR0186,NY Metro,NY,45703,2021-10-05,100000,Active
CU007985,Cornerstone Development,Retailer,R02,SR0157,FL Metro,FL,84016,2023-07-18,25000,Active
CU007986,Home Supply,Contractor,R03,SR0118,IN Heights,IN,17064,2020-02-09,50000,Active
CU007987,Cornerstone Inc,Retailer,R03,SR0133,OH City,OH,79769,2017-02-17,1000000,Active
CU007988,Metro Inc,Retailer,R02,SR0017,NC Heights,NC,81994,2019-08-05,50000,Active
CU007989,Atlas LLC,Distributor,R04,SR0099,NV Heights,NV,65371,2020-02-10,25000,Active
CU007990,Urban Inc,Retailer,R05,SR0140,CO Metro,CO,57687,2022-05-30,250000,Active
CU007991,Evergreen Group,Builder,R01,SR0046,NY City,NY,25419,2025-06-11,50000,Active
CU007992,Cornerstone Supply,Contractor,R03,SR0158,IN City,IN,34479,2023-10-31,1000000,Active
CU007993,Summit Group,Contractor,R02,SR0032,GA Metro,GA,94734,2017-02-20,500000,Active
CU007994,Metro Construction,Builder,R03,SR0158,OH Heights,OH,79299,2024-05-15,25000,Active
CU007995,Skyline Builders,Retailer,R02,SR0157,SC Heights,SC,46139,2019-10-03,100000,Active
CU007996,Summit Homes,Contractor,R02,SR0047,FL Metro,FL,43272,2024-02-27,25000,Active
CU007997,Metro Group,Distributor,R04,SR0024,NM City,NM,39743,2020-12-27,250000,Active
CU007998,Metro Supply,Distributor,R02,SR0117,NC Metro,NC,47195,2021-07-08,1000000,Active
CU007999,Skyline Construction,Builder,R05,SR0140,CA City,CA,73024,2018-02-01,1000000,Active
CU008000,Cornerstone Materials,Contractor,R05,SR0115,WA Metro,WA,39833,2017-04-26,50000,Active
CU008001,Atlas Development,Distributor,R05,SR0095,UT Metro,UT,40546,2020-04-10,50000,Active
CU008002,Atlas Development,Distributor,R05,SR0105,WA Heights,WA,90148,2025-03-07,100000,Active
CU008003,Pioneer Inc,Builder,R04,SR0189,OK Heights,OK,12735,2021-02-11,500000,Active
CU008004,Atlas Supply,Builder,R03,SR0138,OH Metro,OH,93065,2019-09-18,50000,Active
CU008005,Atlas Development,Contractor,R01,SR0136,CT Heights,CT,34375,2020-09-10,250000,Active
CU008006,Build Materials,Contractor,R04,SR0099,AZ City,AZ,24992,2021-01-20,50000,Active
CU008007,Skyline LLC,Contractor,R01,SR0026,NY Metro,NY,15452,2023-04-12,500000,Active
CU008008,Evergreen Contracting,Contractor,R01,SR0041,CT Heights,CT,41823,2017-02-15,50000,Active
CU008009,Dream Development,Builder,R04,SR0124,NM Metro,NM,79419,2023-04-30,100000,Active
CU008010,Evergreen Contracting,Builder,R04,SR0094,TX City,TX,32932,2019-09-27,50000,Active
CU008011,Metro Inc,Contractor,R04,SR0119,OK City,OK,51530,2024-03-03,50000,Active
CU008012,Dream Supply,Distributor,R03,SR0023,MI Heights,MI,56743,2023-09-06,50000,Active
CU008013,Urban Materials,Retailer,R03,SR0098,OH Heights,OH,26554,2024-10-21,1000000,Active
CU008014,Summit Materials,Retailer,R01,SR0151,PA Metro,PA,84992,2018-08-12,50000,Active
CU008015,Prime Contracting,Contractor,R01,SR0086,NY Metro,NY,57099,2019-04-24,250000,Active
CU008016,Cornerstone Construction,Retailer,R02,SR0107,GA Metro,GA,23344,2020-06-08,250000,Active
CU008017,Skyline Group,Builder,R04,SR0139,NV City,NV,28477,2018-08-22,100000,Active
CU008018,Cornerstone LLC,Distributor,R05,SR0035,UT Metro,UT,18766,2019-03-20,500000,Active
CU008019,Pioneer Construction,Contractor,R03,SR0048,WI City,WI,35193,2018-06-19,100000,Active
CU008020,Prime Development,Distributor,R01,SR0196,PA City,PA,30023,2018-02-28,500000,Active
CU008021,Home Construction,Contractor,R01,SR0026,NJ Heights,NJ,29998,2021-08-27,100000,Active
CU008022,Metro LLC,Contractor,R03,SR0098,OH City,OH,35531,2025-01-21,1000000,Active
CU008023,Pioneer Construction,Builder,R02,SR0067,SC Heights,SC,34920,2023-01-07,500000,Active
CU008024,Prime Builders,Distributor,R01,SR0076,NJ City,NJ,99428,2020-06-24,250000,Active
CU008025,Skyline Inc,Distributor,R04,SR0129,NM Metro,NM,19452,2024-02-02,25000,Active
CU008026,Evergreen Supply,Contractor,R03,SR0093,IN City,IN,98699,2020-02-05,25000,Active
CU008027,Build LLC,Retailer,R05,SR0140,OR Metro,OR,18990,2017-01-29,25000,Active
CU008028,Cornerstone Contracting,Retailer,R02,SR0142,GA City,GA,21903,2023-11-19,250000,Active
CU008029,Summit LLC,Builder,R02,SR0092,GA City,GA,62915,2020-04-07,250000,Active
CU008030,Build Builders,Contractor,R05,SR0070,CO Heights,CO,82389,2024-10-14,1000000,Active
CU008031,Skyline Builders,Builder,R02,SR0177,NC City,NC,84061,2025-03-25,100000,Active
CU008032,Home Group,Distributor,R01,SR0056,NY Metro,ny,36062,2021-12-31,500000,Active
CU008033,Dream Development,Builder,R02,SR0052,TN Heights,TN,43665,2024-06-22,100000,Active
CU008034,Pioneer Supply,Distributor,R01,SR0056,NJ City,NJ,25815,2023-05-03,250000,Active
CU008035,Metro Development,Distributor,R04,SR0199,TX Heights,TX,28313,2023-09-21,1000000,Active
CU008036,  Home Contracting ,Distributor,R05,SR0120,UT Metro,UT,38766,2019-08-12,100000,Active
CU008037,Dream LLC,Distributor,R01,SR0166,CT City,CT,85014,2021-10-23,50000,Active
CU008038,Summit Construction,Distributor,R05,SR0180,CO Heights,CO,21907,2018-07-19,250000,Active
CU008039,Skyline Materials,Builder,R05,SR0085,UT City,UT,97149,2018-08-17,250000,Active
CU008040,Urban Homes,Distributor,R01,SR0176,NJ Heights,NJ,72996,2022-12-22,100000,Active
CU008041,Metro LLC,Retailer,R02,SR0052,TN Heights,TN,90756,2024-01-31,250000,Active
CU008042,Evergreen LLC,Builder,R01,SR0106,CT Metro,CT,94668,2019-03-09,250000,Active
CU008043,Prime Materials,Distributor,R01,SR0006,PA Heights,PA,49865,2017-06-28,100000,Active
CU008044,Evergreen Contracting,Builder,R02,SR0187,SC Heights,SC,12240,2017-07-26,1000000,Active
CU008045,Home Builders,Retailer,R05,SR0145,WA Metro,WA,47385,2024-08-17,100000,Active
CU008046,Home Builders,Distributor,R01,SR0021,MA Heights,MA,75829,2020-12-10,1000000,Active
CU008047,Pioneer Contracting,Distributor,R04,SR0034,AZ City,AZ,80047,2023-12-12,500000,Active
CU008048,Prime Builders,Distributor,R01,SR0121,NY Metro,NY,88395,2022-07-19,100000,Active
CU008049,Evergreen Construction,Builder,R05,SR0075,OR City,OR,89202,2019-01-02,25000,Active
CU008050,Build Development,Distributor,R03,SR0118,IL Heights,IL,59477,2021-05-08,500000,Active
CU008051,Home Group,Distributor,R05,SR0100,WA Heights,WA,91893,2023-05-10,500000,Active
CU008052,Home Construction,Builder,R02,SR0102,NC Metro,NC,53482,2017-08-21,500000,Active
CU008053,Home Supply,Retailer,R03,SR0178,IL Metro,IL,16162,2019-07-25,100000,Active
CU008054,Build LLC,Contractor,R05,SR0020,CA City,CA,36200,2020-10-11,100000,Active
CU008055,Urban Builders,Builder,R05,SR0010,CO Heights,CO,91790,2022-02-06,100000,Active
CU008056,Metro Supply,Contractor,R01,SR0076,CT Heights,CT,59834,2018-09-21,100000,Active
CU008057,Pioneer Inc,Builder,R04,SR0159,OK Heights,OK,46248,2019-11-27,25000,Active
CU008058,Home Homes,Contractor,R05,SR0030,UT City,UT,99446,2020-01-02,100000,Active
CU008059,Pioneer Inc,Contractor,R01,SR0001,NJ Heights,NJ,88083,2024-02-24,1000000,Active
CU008060,Home Group,Retailer,R04,SR0119,NM Heights,NM,55758,2017-10-21,50000,Active
CU008061,Skyline Builders,Builder,R02,SR0017,TN Metro,TN,21796,2018-11-30,25000,Active
CU008062,Prime Contracting,Retailer,R03,SR0148,IN City,IN,49417,2022-12-01,1000000,Active
CU008063,Metro Homes,Retailer,R03,SR0093,IL Heights,IL,39626,2017-01-17,500000,Active
CU008064,Pioneer Group,Distributor,R01,SR0166,PA Metro,PA,56053,2024-09-10,500000,Active
CU008065,Prime Group,Distributor,R04,SR0194,OK Heights,OK,33813,2020-12-02,250000,Active
CU008066,Cornerstone Contracting,Contractor,R05,SR0010,CA City,CA,43647,2025-06-03,250000,Active
CU008067,Skyline Group,Retailer,R04,SR0034,OK City,OK,64881,2023-08-09,25000,Active
CU008068,Evergreen Materials,Distributor,R03,SR0068,IN Metro,IN,32743,2020-02-02,500000,Active
CU008069,Atlas Construction,Builder,R03,SR0148,WI City,WI,53818,2020-02-13,25000,Active
CU008070,Cornerstone Homes,Retailer,R04,SR0119,AZ Heights,AZ,13258,2022-02-11,1000000,Active
CU008071,Home LLC,Builder,R02,SR0187,NC Heights,NC,73300,2021-11-11,1000000,Active
CU008072,Cornerstone Construction,Distributor,R05,SR0025,OR City,OR,10387,2021-10-19,100000,Active
CU008073,Prime Group,Builder,R04,SR0009,AZ Metro,AZ,60940,2019-09-24,100000,Active
CU008074,Cornerstone Inc,Builder,R04,SR0194,NM Heights,NM,20596,2025-05-18,250000,Active
CU008075,Summit Inc,Contractor,R03,SR0103,MI Heights,MI,42292,2025-01-05,1000000,Active
CU008076,Skyline Materials,Builder,R03,SR0123,OH Metro,OH,83661,2019-09-23,25000,Active
CU008077,Evergreen LLC,Contractor,R05,SR0085,CA Heights,CA,66556,2020-02-03,1000000,Active
CU008078,Home Supply,Contractor,R05,SR0165,OR Metro,OR,13974,2022-09-01,250000,Active
CU008079,Atlas Homes,Retailer,R05,SR0020,CA Metro,CA,59355,2017-10-20,1000000,Active
CU008080,Cornerstone Supply,Contractor,R05,SR0105,WA Metro,WA,71084,2022-01-08,100000,Active
CU008081,Pioneer Development,Builder,R03,SR0033,IN Heights,IN,62351,2021-11-14,100000,Active
CU008082,Summit Builders,Retailer,R04,SR0024,TX Heights,TX,11960,2024-03-14,250000,Active
CU008083,Summit Builders,Contractor,R01,SR0166,PA Heights,PA,68648,2019-11-14,1000000,Active
CU008084,Prime Inc,Contractor,R04,SR0089,NM City,NM,32547,2018-01-10,250000,Active
CU008085,Atlas Materials,Contractor,R02,SR0187,FL City,FL,50386,2022-03-01,500000,Active
CU008086,Evergreen Contracting,Builder,R02,SR0072,SC Metro,SC,37066,2018-01-17,25000,Active
CU008087,Evergreen Homes,Contractor,R01,SR0116,MA Metro,MA,28992,2020-06-25,1000000,Active
CU008088,Atlas Homes,Distributor,R01,SR0006,MA City,MA,18286,2019-11-05,1000000,Active
CU008089,Skyline Inc,Contractor,R05,SR0035,UT Metro,UT,92500,2023-06-22,100000,Active
CU008090,Evergreen Construction,Contractor,R05,SR0175,CO Metro,CO,18683,2019-02-23,25000,Active
CU008091,Pioneer Materials,Contractor,R03,SR0058,WI City,WI,17772,2023-07-25,100000,Active
CU008092,Urban Development,Builder,R02,SR0037,TN City,TN,51541,2021-08-03,1000000,Active
CU008093,Atlas Group,Retailer,R05,SR0120,OR Heights,OR,89054,2020-04-18,25000,Active
CU008094,Home Builders,Retailer,R04,SR0004,OK Heights,OK,60342,2023-05-30,500000,Active
CU008095,Atlas Construction,Contractor,R01,SR0156,NY Metro,NY,96880,2019-09-03,1000000,Active
CU008096,Cornerstone LLC,Contractor,R05,SR0085,WA Heights,WA,74421,2025-04-16,50000,Active
CU008097,Cornerstone Group,Retailer,R03,SR0013,IL City,IL,34663,2018-11-04,25000,Active
CU008098,Summit Supply,Retailer,R04,SR0129,OK Metro,OK,25143,2024-08-11,250000,Active
CU008099,Cornerstone Homes,Builder,R02,SR0022,NC Heights,NC,76197,2019-04-02,25000,Active
CU008100,Cornerstone Builders,Retailer,R01,SR0121,MA Heights,MA,93111,2023-01-26,25000,Active
CU008101,Summit Development,Retailer,R01,SR0086,PA Metro,PA,90808,2023-09-22,50000,Active
CU008102,Prime Supply,Distributor,R01,SR0021,PA City,PA,48137,2024-10-16,250000,Active
CU008103,Home Homes,Builder,R01,SR0106,CT Metro,CT,12416,2022-07-13,25000,Active
CU008104,Pioneer Homes,Builder,R01,SR0061,CT Heights,CT,27460,2017-02-26,50000,Active
CU008105,Prime Development,Retailer,R04,SR0099,NM Heights,NM,62583,2025-03-13,25000,Active
CU008106,Evergreen Homes,Distributor,R04,SR0054,NV City,NV,46579,2017-11-06,100000,Active
CU008107,Atlas Development,Retailer,R05,SR0080,UT City,UT,95627,2018-11-07,25000,Active
CU008108,Evergreen Builders,Retailer,R03,SR0013,WI Heights,WI,97891,2018-08-10,250000,Active
CU008109,Summit LLC,Builder,R05,SR0110,CA Heights,CA,24635,2020-05-21,25000,Active
CU008110,Urban Inc,Builder,R02,SR0167,TN City,TN,94697,2024-09-08,25000,Active
CU008111,Home Contracting,Distributor,R01,SR0101,CT City,CT,61437,2018-06-07,500000,Active
CU008112,Cornerstone Homes,Contractor,R05,SR0145,UT Heights,UT,24183,2023-09-08,50000,Active
CU008113,Prime Supply,Distributor,R04,SR0179,NM City,NM,90066,2018-04-11,100000,Active
CU008114,Metro Development,Retailer,R02,SR0067,SC Heights,SC,51729,2019-09-07,500000,Active
CU008115,Evergreen Contracting,Retailer,R03,SR0193,WI Metro,WI,73472,2020-12-30,250000,Active
CU008116,Dream Homes,Distributor,R01,SR0176,CT Metro,CT,72642,2025-06-11,50000,Active
CU008117,Pioneer Homes,Builder,R05,SR0180,OR Metro,OR,76931,2019-12-26,100000,Active
CU008118,Atlas Construction,Distributor,R01,SR0046,PA Heights,PA,71359,2022-11-02,1000000,Active
CU008119,Evergreen Materials,Retailer,R02,SR0147,GA City,GA,47318,2025-05-08,50000,Active
CU008120,Build Builders,Distributor,R03,SR0098,OH Heights,OH,85460,2024-04-29,1000000,Active
CU008121,Evergreen Construction,Distributor,R03,SR0193,IN Heights,IN,69544,2025-05-30,1000000,Active
CU008122,Urban Construction,Contractor,R03,SR0163,OH Metro,OH,33441,2023-09-27,250000,Active
CU008123,Home Contracting,Retailer,R04,SR0184,NM Metro,NM,99421,2017-12-07,25000,Active
CU008124,Dream Construction,Builder,R04,SR0159,AZ Metro,AZ,70666,2021-08-04,250000,Active
CU008125,Summit Inc,Contractor,R01,SR0116,MA Metro,MA,89359,2021-06-06,1000000,Active
CU008126,Metro LLC,Distributor,R01,SR0181,NJ Heights,NJ,31172,2024-04-17,100000,Active
CU008127,Skyline Construction,Distributor,R05,SR0015,CA Heights,CA,13913,2017-12-25,500000,Active
CU008128,Atlas Construction,Retailer,R03,SR0153,OH City,OH,67267,2020-01-29,250000,Active
CU008129,Metro Materials,Distributor,R02,SR0147,GA City,GA,43454,2018-08-15,500000,Active
CU008130,Build Contracting,Retailer,R04,SR0144,OK Heights,OK,66125,2017-06-02,50000,Active
CU008131,Pioneer Supply,Retailer,R05,SR0115,CO Metro,CO,89242,2017-10-21,25000,Active
CU008132,Metro Group,Builder,R04,SR0164,OK City,OK,43523,2018-05-09,500000,Active
CU008133,Evergreen Group,Distributor,R05,SR0090,CA City,CA,22717,2020-12-05,25000,Active
CU008134,Pioneer Construction,Distributor,R04,SR0059,NV City,NV,55174,2021-09-17,250000,Active
CU008135,Home Group,Builder,R02,SR0127,NC Heights,NC,27277,2017-04-27,100000,Active
CU008136,Metro Group,Builder,R05,SR0075,OR Heights,OR,65863,2017-03-19,500000,Active
CU008137,Skyline Builders,Contractor,R02,SR0057,NC Metro,NC,67500,2017-02-12,50000,Active
CU008138,Build Supply,Distributor,R05,SR0150,UT Heights,UT,50762,2022-04-25,1000000,Active
CU008139,Urban Supply,Retailer,R02,SR0072,TN Heights,TN,39085,2024-12-04,100000,Active
CU008140,Atlas Construction,Distributor,R04,SR0064,NV Heights,NV,51872,2021-08-08,500000,Active
CU008141,Build Homes,Builder,R04,SR0134,OK Metro,OK,,2017-04-24,100000,Active
CU008142,Build Homes,Retailer,R02,SR0012,SC Metro,SC,39305,2023-03-05,1000000,Active
CU008143,Evergreen Supply,Retailer,R03,SR0033,IL City,IL,72086,2018-11-15,50000,Active
CU008144,Prime Group,Retailer,R05,SR0170,OR City,OR,57589,2023-01-12,100000,Active
CU008145,Prime LLC,Distributor,R05,SR0190,OR Metro,OR,53148,2019-08-22,1000000,Active
CU008146,Dream Development,Contractor,R04,SR0019,NV Heights,NV,89767,2021-03-19,100000,Active
CU008147,Pioneer Homes,Builder,R03,SR0048,WI Metro,WI,55834,2024-02-06,1000000,Active
CU008148,Cornerstone Materials,Builder,R04,SR0059,OK Metro,OK,86062,2018-01-22,250000,Active
CU008149,  Build Materials ,Contractor,R02,SR0077,SC Metro,SC,72714,2025-05-25,100000,Active
CU008150,Summit Supply,Builder,R04,SR0159,NV Heights,NV,81774,2025-03-31,250000,Active
CU008151,Pioneer Supply,Builder,R05,SR0140,WA Metro,WA,21428,2017-01-22,50000,Active
CU008152,Build Inc,Builder,R04,SR0114,TX Metro,TX,92399,2024-04-23,100000,Active
CU008153,Metro Contracting,Distributor,R01,SR0066,NJ City,NJ,53535,2023-03-18,100000,Active
CU008154,Atlas Materials,Distributor,R02,SR0022,NC Heights,NC,50863,2017-04-24,1000000,Active
CU008155,Urban Contracting,Retailer,R05,SR0110,CA City,CA,69431,2017-04-29,1000000,Active
CU008156,Skyline Supply,Distributor,R01,SR0046,MA Metro,MA,36797,2023-12-23,250000,Active
CU008157,Metro Supply,Retailer,R01,SR0031,NJ City,NJ,56018,2018-09-23,500000,Active
CU008158,Summit Development,Contractor,R04,SR0179,NV City,NV,71551,2023-04-05,25000,Active
CU008159,Dream Materials,Distributor,R01,SR0156,NJ City,NJ,75468,2018-01-24,100000,Active
CU008160,Home Builders,Distributor,R03,SR0143,OH City,OH,51625,2022-08-27,100000,Active
CU008161,Summit Group,Builder,R03,SR0008,MI City,MI,33803,2020-05-30,250000,Active
CU008162,Cornerstone Inc,Distributor,R05,SR0050,OR Metro,OR,96880,2022-08-29,25000,Active
CU008163,Skyline Inc,Contractor,R03,SR0168,WI City,WI,49809,2017-12-23,500000,Active
CU008164,Atlas Supply,Distributor,R02,SR0132,GA Heights,GA,29908,2023-01-22,50000,Active
CU008165,Build Supply,Retailer,R04,SR0074,AZ City,AZ,72527,2017-04-20,100000,Active
CU008166,Summit Supply,Retailer,R02,SR0167,TN Metro,TN,,2018-03-05,500000,Active
CU008167,Summit Homes,Distributor,R05,SR0165,UT Heights,UT,79244,2024-07-16,500000,Active
CU008168,Home Inc,Builder,R02,SR0017,GA Heights,GA,70668,2024-05-20,50000,Active
CU008169,Summit Group,Retailer,R04,SR0004,OK Heights,OK,83306,2025-01-13,1000000,Active
CU008170,Skyline Materials,Distributor,R02,SR0197,FL Metro,FL,56514,2022-01-18,25000,Active
CU008171,Atlas Builders,Builder,R02,SR0002,FL Heights,FL,23490,2024-06-01,250000,Active
CU008172,Prime Supply,Distributor,R02,SR0022,SC City,SC,76735,2018-10-21,25000,Active
CU008173,Atlas Contracting,Distributor,R05,SR0135,CO Heights,CO,84877,2021-09-18,50000,Active
CU008174,Metro Supply,Distributor,R04,SR0114,NM Metro,NM,37222,2024-07-15,50000,Active
CU008175,Atlas Supply,Builder,R02,SR0172,NC Metro,NC,82348,2018-04-11,1000000,Active
CU008176,Atlas Supply,Contractor,R03,SR0103,IN Heights,IN,87147,2019-09-30,500000,Active
CU008177,Cornerstone Contracting,Builder,R05,SR0085,OR Heights,OR,59077,2018-04-28,250000,Active
CU008178,Urban Homes,Retailer,R01,SR0106,PA Heights,PA,73511,2023-04-08,500000,Active
CU008179,Atlas Construction,Retailer,R01,SR0001,CT Heights,CT,20529,2017-05-27,50000,Active
CU008180,  Metro Supply ,Distributor,R04,SR0089,AZ Heights,AZ,18469,2024-07-13,500000,Active
CU008181,Pioneer Group,Distributor,R01,SR0156,PA Heights,PA,36388,2018-02-12,50000,Active
CU008182,Atlas LLC,Builder,R03,SR0128,IL Heights,IL,33569,2021-02-02,25000,Active
CU008183,Skyline Group,Builder,R03,SR0173,MI City,MI,73590,2018-02-11,25000,Active
CU008184,Summit Materials,Contractor,R01,SR0076,PA City,PA,40992,2019-05-05,250000,Active
CU008185,Home Homes,Distributor,R02,SR0072,TN Metro,TN,19285,2018-03-30,1000000,Active
CU008186,Dream Inc,Retailer,R02,SR0122,NC City,NC,68498,2017-08-02,1000000,Active
CU008187,Atlas Supply,Retailer,R03,SR0158,IN Heights,IN,17353,2018-03-04,250000,Active
CU008188,Atlas Materials,Distributor,R05,SR0090,UT Heights,UT,97280,2024-05-02,250000,Active
CU008189,Metro Builders,Contractor,R05,SR0065,CO Metro,CO,18811,2017-01-11,250000,Active
CU008190,Summit Contracting,Builder,R03,SR0028,OH Heights,OH,83096,2019-07-19,100000,Active
CU008191,Summit Development,Contractor,R03,SR0193,OH Heights,OH,60368,2019-10-02,50000,Active
CU008192,Pioneer Group,Distributor,R01,SR0106,NJ Heights,NJ,91299,2022-01-13,25000,Active
CU008193,Cornerstone Builders,Builder,R01,SR0136,PA City,PA,18788,2017-08-21,500000,Active
CU008194,Summit Contracting,Distributor,R03,SR0093,IN Metro,IN,18893,2020-05-31,100000,Active
CU008195,Home Homes,Distributor,R04,SR0184,OK Heights,OK,88107,2020-07-11,50000,Active
CU008196,Metro Homes,Builder,R02,SR0057,FL Metro,FL,96795,2019-06-27,100000,Active
CU008197,Evergreen Builders,Contractor,R05,SR0050,CA City,CA,72409,2021-10-14,25000,Active
CU008198,Home Construction,Distributor,R03,SR0133,IL City,IL,87310,2019-02-05,500000,Active
CU008199,Pioneer Contracting,Builder,R02,SR0032,FL City,FL,50116,2020-08-15,25000,Active
CU008200,Home Group,Retailer,R01,SR0191,MA City,MA,21035,2020-02-09,250000,Active
CU008201,Evergreen Development,Contractor,R02,SR0192,NC Metro,NC,12025,2023-04-07,500000,Active
CU008202,Build Inc,Builder,R04,SR0154,NV City,NV,35236,2019-05-06,250000,Active
CU008203,Prime Development,Retailer,R04,SR0069,AZ City,AZ,39981,2020-04-22,100000,Active
CU008204,Cornerstone Homes,Builder,R02,SR0002,GA Metro,GA,77673,2024-08-05,500000,Active
CU008205,Build LLC,Contractor,R04,SR0059,NV Heights,NV,97238,2025-03-09,250000,Active
CU008206,Build LLC,Contractor,R02,SR0072,FL Heights,FL,60820,2025-03-20,250000,Active
CU008207,Home Development,Distributor,R04,SR0044,NM Heights,NM,87815,2025-05-04,250000,Active
CU008208,Cornerstone Development,Contractor,R05,SR0100,UT City,UT,64655,2020-04-13,500000,Active
CU008209,Summit Materials,Builder,R01,SR0101,NJ Heights,NJ,23251,2022-11-03,100000,Active
CU008210,Build Inc,Retailer,R05,SR0140,WA Metro,WA,,2020-12-29,500000,Active
CU008211,Urban Contracting,Distributor,R04,SR0104,AZ City,AZ,51562,2022-10-06,50000,Active
CU008212,Urban Construction,Contractor,R01,SR0136,NJ Metro,NJ,81817,2018-11-21,50000,Active
CU008213,Urban Supply,Retailer,R04,SR0124,NM City,NM,97004,2019-01-15,50000,Active
CU008214,Home Group,Retailer,R05,SR0005,CA City,CA,62384,2023-10-03,1000000,Active
CU008215,Pioneer Supply,Builder,R02,SR0007,SC Heights,SC,84796,2019-06-02,500000,Active
CU008216,Urban Development,Retailer,R02,SR0037,SC City,SC,21195,2021-03-12,100000,Active
CU008217,Urban Group,Contractor,R03,SR0128,IL Heights,IL,20669,2020-02-01,250000,Active
CU008218,Build Homes,Builder,R02,SR0007,FL City,FL,26209,2021-02-19,1000000,Active
CU008219,Cornerstone LLC,Contractor,R05,SR0130,CO City,CO,85203,2020-05-22,50000,Active
CU008220,Summit Homes,Builder,R03,SR0058,WI Metro,WI,58090,2024-10-16,250000,Active
CU008221,Evergreen Construction,Builder,R04,SR0099,NV City,NV,58748,2019-05-01,500000,Active
CU008222,Cornerstone Supply,Distributor,R03,SR0118,MI City,MI,94788,2018-12-08,250000,Active
CU008223,Metro Contracting,Contractor,R02,SR0047,SC City,SC,90975,2019-08-03,500000,Active
CU008224,Atlas Inc,Contractor,R03,SR0123,IN Heights,IN,52620,2019-07-28,250000,Active
CU008225,Home Supply,Distributor,R05,SR0105,OR Metro,OR,60684,2024-03-17,500000,Active
CU008226,Cornerstone Group,Distributor,R02,SR0117,SC City,SC,17417,2018-07-22,50000,Active
CU008227,Prime Supply,Distributor,R04,SR0149,OK City,OK,62406,2024-11-06,25000,Active
CU008228,Summit Materials,Retailer,R01,SR0156,NY Metro,NY,37241,2017-04-24,50000,Active
CU008229,Summit LLC,Builder,R04,SR0004,NM Heights,NM,31303,2024-06-08,25000,Active
CU008230,Build LLC,Builder,R01,SR0006,NY City,NY,30748,2017-09-10,500000,Active
CU008231,Cornerstone Materials,Builder,R04,SR0079,NM Metro,NM,59978,2017-06-22,50000,Active
CU008232,Urban Group,Builder,R02,SR0172,NC City,NC,38681,2017-04-08,250000,Active
CU008233,Cornerstone Inc,Retailer,R04,SR0019,OK Metro,OK,83839,2020-07-24,500000,Active
CU008234,Summit Homes,Retailer,R03,SR0093,WI City,WI,15715,2018-07-28,250000,Active
CU008235,Urban Inc,Contractor,R05,SR0130,OR City,OR,36318,2022-03-17,50000,Active
CU008236,Prime Supply,Contractor,R03,SR0128,IN Metro,IN,,2018-03-11,250000,Active
CU008237,Skyline Builders,Retailer,R05,SR0145,OR Metro,OR,82180,2022-07-16,250000,Active
CU008238,Atlas Contracting,Retailer,R05,SR0020,UT City,UT,90709,2020-04-18,250000,Active
CU008239,Cornerstone Materials,Contractor,R02,SR0052,TN City,TN,34280,2017-02-26,500000,Active
CU008240,Cornerstone Construction,Retailer,R02,SR0052,NC City,NC,50411,2024-09-05,250000,Active
CU008241,Skyline Contracting,Retailer,R05,SR0015,OR Heights,OR,49111,2022-05-24,25000,Active
CU008242,Cornerstone Homes,Builder,R01,SR0091,CT Metro,CT,57116,2024-10-15,500000,Active
CU008243,Atlas Inc,Contractor,R05,SR0055,OR Metro,OR,60110,2018-04-19,250000,Active
CU008244,Evergreen Development,Contractor,R01,SR0026,NY Heights,NY,75900,2022-11-29,250000,Active
CU008245,Build Group,Distributor,R04,SR0124,OK Heights,OK,78658,2019-08-01,50000,Active
CU008246,Skyline Materials,Builder,R02,SR0097,TN City,TN,96232,2024-10-24,1000000,Active
CU008247,Urban Materials,Distributor,R02,SR0027,NC Heights,NC,43283,2023-09-12,25000,Active
CU008248,Build Inc,Distributor,R02,SR0102,NC Heights,NC,28632,2021-02-03,50000,Active
CU008249,Metro Builders,Builder,R05,SR0080,WA Heights,WA,45167,2019-01-26,1000000,Active
CU008250,Atlas Builders,Distributor,R05,SR0110,UT Metro,UT,17410,2025-03-09,250000,Active
CU008251,Dream Contracting,Retailer,R05,SR0040,OR Heights,OR,57895,2024-04-11,50000,Active
CU008252,Urban Homes,Contractor,R04,SR0019,NM Metro,NM,48305,2019-12-30,25000,Active
CU008253,Summit Materials,Retailer,R05,SR0165,UT Metro,UT,99740,2025-01-24,500000,Active
CU008254,Skyline Construction,Distributor,R04,SR0189,AZ Heights,AZ,26849,2022-01-19,250000,Active
CU008255,Evergreen Homes,Contractor,R02,SR0037,TN Metro,TN,98468,2024-03-29,50000,Active
CU008256,Build Group,Distributor,R01,SR0166,PA City,PA,54930,2020-10-24,100000,Active
CU008257,Pioneer Group,Builder,R01,SR0006,MA City,MA,83353,2019-06-20,50000,Active
CU008258,Evergreen LLC,Builder,R05,SR0200,CO City,CO,15710,2021-08-18,50000,Active
CU008259,Cornerstone Construction,Distributor,R04,SR0039,NV Metro,NV,97143,2017-03-09,50000,Active
CU008260,Prime LLC,Distributor,R05,SR0035,WA City,WA,98466,2024-09-25,100000,Active
CU008261,Home Construction,Builder,R05,SR0160,CA City,CA,68083,2019-10-07,1000000,Active
CU008262,Home Supply,Builder,R03,SR0028,OH Heights,OH,12399,2019-05-09,100000,Active
CU008263,Metro Inc,Retailer,R04,SR0144,NM Heights,NM,66726,2023-09-28,500000,Active
CU008264,Dream Builders,Contractor,R02,SR0017,GA Metro,GA,57377,2018-01-23,100000,Active
CU008265,Pioneer Builders,Builder,R03,SR0033,WI Metro,WI,88071,2021-10-31,50000,Active
CU008266,Skyline Materials,Distributor,R01,SR0026,MA Metro,MA,78083,2024-02-01,1000000,Active
CU008267,Summit Inc,Retailer,R05,SR0095,OR Heights,OR,84406,2023-04-08,1000000,Active
CU008268,Summit Builders,Retailer,R01,SR0136,MA City,MA,94367,2017-07-27,100000,Active
CU008269,Prime Builders,Contractor,R04,SR0189,NM Heights,NM,57039,2020-12-24,1000000,Active
CU008270,Home Supply,Contractor,R05,SR0065,UT Metro,UT,13656,2024-01-19,250000,Active
CU008271,Evergreen Materials,Contractor,R05,SR0120,WA Heights,WA,78026,2017-01-30,25000,Active
CU008272,Build Development,Contractor,R05,SR0140,CA Heights,CA,91337,2020-11-23,100000,Active
CU008273,Metro Materials,Distributor,R01,SR0051,PA Metro,PA,26477,2018-08-21,25000,Active
CU008274,Urban Homes,Contractor,R04,SR0069,NM City,NM,66479,2022-01-06,250000,Active
CU008275,Dream Supply,Builder,R03,SR0103,MI City,MI,84266,2020-02-23,100000,Active
CU008276,Metro Construction,Retailer,R01,SR0126,PA Heights,PA,96497,2021-11-10,500000,Active
CU008277,Metro Inc,Contractor,R01,SR0071,NJ Metro,NJ,12244,2024-07-12,500000,Active
CU008278,Cornerstone Builders,Retailer,R03,SR0118,IL City,IL,36724,2017-03-02,25000,Active
CU008279,Cornerstone Contracting,Distributor,R03,SR0118,IL City,IL,29272,2017-02-05,500000,Active
CU008280,Cornerstone Builders,Builder,R02,SR0012,TN Heights,TN,93896,2022-09-21,250000,Active
CU008281,Evergreen LLC,Distributor,R03,SR0108,IN City,IN,41762,2017-12-12,100000,Active
CU008282,Evergreen Group,Retailer,R05,SR0020,UT City,UT,58379,2020-08-23,500000,Active
CU008283,Urban Materials,Retailer,R02,SR0042,FL City,FL,35150,2024-06-19,25000,Active
CU008284,Home Group,Distributor,R01,SR0136,PA Metro,PA,69720,2023-12-20,500000,Active
CU008285,Atlas Contracting,Distributor,R01,SR0051,PA City,PA,10554,2021-07-21,1000000,Active
CU008286,Metro Supply,Builder,R04,SR0109,NM Heights,NM,20473,2019-02-27,1000000,Active
CU008287,Skyline Homes,Distributor,R03,SR0078,WI Heights,WI,53829,2020-08-26,50000,Active
CU008288,Cornerstone Homes,Retailer,R05,SR0030,UT Heights,UT,82526,2021-07-13,250000,Active
CU008289,Build Supply,Contractor,R04,SR0019,TX City,TX,60196,2019-02-16,50000,Active
CU008290,Dream Construction,Contractor,R03,SR0083,IL Metro,IL,87658,2024-08-06,250000,Active
CU008291,Cornerstone Supply,Retailer,R01,SR0026,NY Heights,NY,54424,2018-03-13,50000,Active
CU008292,Pioneer Contracting,Builder,R05,SR0075,OR Heights,OR,37276,2023-06-17,50000,Active
CU008293,Metro Contracting,Builder,R05,SR0095,CO Metro,CO,76398,2021-02-20,250000,Active
CU008294,Urban Supply,Builder,R04,SR0089,AZ City,az,85894,2021-09-21,25000,Active
CU008295,Urban Construction,Contractor,R03,SR0138,WI City,WI,40927,2017-08-20,250000,Active
CU008296,Prime Group,Contractor,R01,SR0176,MA City,MA,98005,2017-02-13,500000,Active
CU008297,Prime Builders,Distributor,R02,SR0072,GA Heights,GA,34611,2018-09-21,25000,Active
CU008298,Evergreen Inc,Builder,R05,SR0095,OR Metro,OR,48836,2024-10-30,250000,Active
CU008299,Prime Construction,Contractor,R01,SR0006,MA City,MA,41667,2021-07-14,250000,Active
CU008300,Metro Supply,Builder,R01,SR0086,MA Heights,MA,36370,2020-07-31,1000000,Active
CU008301,Evergreen Builders,Distributor,R05,SR0040,CO Heights,CO,27134,2024-02-29,1000000,Active
CU008302,Evergreen Homes,Distributor,R01,SR0121,NY City,NY,47695,2020-01-21,25000,Active
CU008303,Skyline Builders,Distributor,R01,SR0161,PA Metro,PA,80410,2019-03-25,50000,Active
CU008304,Skyline Group,Retailer,R02,SR0142,GA City,GA,37937,2021-04-03,250000,Active
CU008305,Urban Materials,Builder,R03,SR0063,IL City,IL,20612,2022-11-02,25000,Active
CU008306,Home Homes,Contractor,R02,SR0192,NC Heights,NC,17796,2020-02-25,1000000,Active
CU008307,Summit Inc,Distributor,R01,SR0121,NY City,NY,27871,2023-06-07,250000,Active
CU008308,Prime Homes,Contractor,R01,SR0061,NJ City,NJ,58652,2021-06-06,50000,Active
CU008309,Cornerstone LLC,Builder,R02,SR0002,FL Metro,FL,99324,2024-12-27,500000,Active
CU008310,Urban Group,Retailer,R01,SR0161,MA Metro,MA,68060,2023-04-22,100000,Active
CU008311,Pioneer Contracting,Distributor,R01,SR0141,MA City,MA,56490,2019-01-04,25000,Active
CU008312,Atlas Supply,Retailer,R04,SR0089,NV Metro,NV,17056,2023-04-10,1000000,Active
CU008313,Cornerstone Construction,Retailer,R04,SR0049,TX City,TX,37142,2018-02-22,250000,Active
CU008314,Atlas Development,Contractor,R01,SR0081,MA Metro,MA,41503,2022-03-01,100000,Active
CU008315,Build Construction,Builder,R03,SR0038,WI Heights,WI,13061,2024-04-13,25000,Active
CU008316,Summit Contracting,Distributor,R04,SR0114,TX City,TX,80248,2018-06-12,1000000,Active
CU008317,Evergreen Materials,Contractor,R01,SR0161,PA City,PA,53777,2021-05-12,500000,Active
CU008318,Dream Construction,Builder,R03,SR0148,WI Heights,WI,24377,2022-06-02,25000,Active
CU008319,Build Development,Builder,R01,SR0006,NY City,NY,60482,2023-12-08,500000,Active
CU008320,Summit Inc,Contractor,R04,SR0024,AZ City,AZ,23238,2021-08-29,100000,Active
CU008321,Prime Development,Distributor,R02,SR0177,SC Metro,SC,60465,2020-09-05,50000,Active
CU008322,Urban LLC,Builder,R01,SR0036,NY Metro,NY,82442,2020-06-04,1000000,Active
CU008323,Prime Supply,Distributor,R04,SR0129,TX Metro,TX,85416,2022-03-19,1000000,Active
CU008324,Pioneer Supply,Contractor,R03,SR0113,MI Heights,MI,65816,2018-05-18,500000,Active
CU008325,Atlas Builders,Builder,R04,SR0124,NV Heights,NV,88258,2020-01-28,50000,Active
CU008326,Summit Contracting,Builder,R01,SR0116,NY Heights,NY,79641,2022-02-13,500000,Active
CU008327,Metro Group,Retailer,R02,SR0002,GA City,GA,69090,2020-06-21,1000000,Active
CU008328,Build Group,Builder,R02,SR0097,NC Metro,NC,43376,2017-07-03,500000,Active
CU008329,Skyline LLC,Builder,R03,SR0123,IN Heights,IN,35143,2018-11-02,100000,Active
CU008330,Metro Group,Builder,R03,SR0088,IN Metro,IN,31521,2017-02-01,50000,Active
CU008331,Dream Inc,Retailer,R03,SR0108,IL City,IL,79290,2017-03-24,25000,Active
CU008332,Evergreen Development,Builder,R03,SR0063,WI Metro,WI,56135,2017-01-25,250000,Active
CU008333,Summit Contracting,Retailer,R02,SR0022,SC Heights,SC,85397,2024-10-05,50000,Active
CU008334,Build Construction,Retailer,R02,SR0027,NC Heights,NC,55923,2018-07-31,50000,Active
CU008335,Cornerstone LLC,Contractor,R04,SR0164,AZ City,AZ,81870,2017-05-11,500000,Active
CU008336,Summit Materials,Contractor,R05,SR0195,CA Heights,CA,48892,2019-02-10,250000,Active
CU008337,Prime Group,Builder,R01,SR0026,CT Metro,CT,80212,2018-09-20,25000,Active
CU008338,Pioneer Homes,Retailer,R02,SR0107,TN Metro,TN,44148,2017-05-15,100000,Active
CU008339,Build Inc,Contractor,R04,SR0084,AZ Metro,AZ,47721,2022-05-15,250000,Active
CU008340,Prime Construction,Retailer,R04,SR0099,OK Metro,OK,25963,2025-06-05,100000,Active
CU008341,Cornerstone Supply,Builder,R01,SR0046,NY City,NY,74726,2024-08-20,25000,Active
CU008342,Prime LLC,Builder,R05,SR0190,OR City,OR,59858,2023-06-28,1000000,Active
CU008343,Urban Builders,Distributor,R01,SR0096,CT City,CT,47411,2021-02-18,1000000,Active
CU008344,Dream Homes,Distributor,R02,SR0052,NC City,NC,75034,2022-01-28,500000,Active
CU008345,Pioneer Development,Retailer,R05,SR0100,OR City,OR,18992,2019-11-27,50000,Active
CU008346,Metro Construction,Builder,R02,SR0147,GA Heights,GA,83337,2022-09-27,50000,Active
CU008347,Urban LLC,Retailer,R03,SR0028,MI City,MI,69685,2023-03-12,25000,Active
CU008348,Atlas LLC,Distributor,R01,SR0166,NY Heights,NY,19782,2017-06-17,50000,Active
CU008349,Atlas Supply,Contractor,R03,SR0033,MI Heights,MI,53064,2022-11-13,100000,Active
CU008350,Atlas Homes,Distributor,R01,SR0121,PA Heights,PA,94473,2018-01-27,1000000,Active
CU008351,Skyline Supply,Builder,R03,SR0083,WI Metro,WI,45716,2024-02-22,50000,Active
CU008352,Cornerstone Development,Builder,R03,SR0173,IL Metro,IL,28700,2017-08-31,250000,Active
CU008353,Pioneer Contracting,Retailer,R02,SR0097,GA City,GA,50393,2019-02-17,500000,Active
CU008354,Skyline Builders,Contractor,R03,SR0043,WI Metro,WI,93888,2025-02-17,25000,Active
CU008355,Build Inc,Retailer,R04,SR0144,TX Heights,TX,61515,2020-05-18,500000,Active
CU008356,Home Contracting,Contractor,R01,SR0056,MA City,MA,35896,2021-12-04,50000,Active
CU008357,Pioneer Supply,Builder,R03,SR0103,MI Metro,MI,98995,2021-07-01,25000,Active
CU008358,Atlas Development,Builder,R02,SR0137,FL Heights,FL,38821,2017-04-22,25000,Active
CU008359,Cornerstone Construction,Builder,R03,SR0148,WI Metro,WI,47642,2020-03-20,1000000,Active
CU008360,Skyline Construction,Distributor,R03,SR0178,IN Heights,IN,97190,2024-03-05,100000,Active
CU008361,Dream Development,Retailer,R02,SR0102,NC City,NC,43012,2024-05-30,50000,Active
CU008362,  Evergreen Builders ,Builder,R04,SR0179,NV Metro,NV,63151,2025-04-29,250000,Active
CU008363,Home Homes,Distributor,R02,SR0122,GA Metro,GA,74884,2025-01-18,50000,Active
CU008364,Pioneer Contracting,Retailer,R04,SR0079,AZ City,AZ,23200,2018-11-29,25000,Active
CU008365,Prime Group,Retailer,R01,SR0181,MA Heights,ma,10333,2017-08-22,250000,Active
CU008366,Evergreen Homes,Contractor,R05,SR0065,WA Heights,WA,60527,2022-09-11,250000,Active
CU008367,Metro Supply,Builder,R05,SR0110,OR Heights,OR,72003,2020-09-15,500000,Active
CU008368,Pioneer Group,Distributor,R03,SR0113,WI Metro,WI,72942,2020-06-22,50000,Active
CU008369,Atlas Contracting,Retailer,R01,SR0026,PA Metro,PA,28290,2022-08-25,100000,Active
CU008370,Dream Construction,Distributor,R05,SR0085,CO City,CO,12450,2022-10-21,50000,Active
CU008371,Metro LLC,Builder,R05,SR0020,UT City,UT,66637,2019-03-15,500000,Active
CU008372,Home Construction,Retailer,R03,SR0163,MI Heights,MI,73253,2024-11-11,1000000,Active
CU008373,Skyline LLC,Retailer,R02,SR0137,NC Metro,nc,12133,2019-01-28,500000,Active
CU008374,Summit Contracting,Builder,R05,SR0090,OR Metro,OR,98322,2020-02-16,50000,Active
CU008375,Build Construction,Contractor,R04,SR0104,OK City,OK,34532,2020-04-05,100000,Active
CU008376,Dream Development,Distributor,R02,SR0172,NC City,NC,82453,2018-09-18,1000000,Active
CU008377,Build Homes,Contractor,R02,SR0072,NC City,NC,49955,2017-03-22,500000,Active
CU008378,Dream LLC,Contractor,R01,SR0101,NY Heights,NY,72285,2017-05-21,25000,Active
CU008379,Evergreen Contracting,Distributor,R02,SR0057,FL City,FL,70552,2021-06-03,100000,Active
CU008380,Build LLC,Retailer,R02,SR0027,GA Metro,GA,46035,2025-04-01,500000,Active
CU008381,  Metro LLC ,Builder,R01,SR0076,PA City,PA,75721,2017-10-28,100000,Active
CU008382,Build Builders,Builder,R02,SR0167,NC City,NC,89516,2022-03-19,250000,Active
CU008383,Dream Inc,Distributor,R05,SR0030,OR Heights,OR,73290,2020-05-15,500000,Active
CU008384,Build Homes,Contractor,R03,SR0113,WI City,WI,87515,2020-01-01,100000,Active
CU008385,Prime Builders,Retailer,R04,SR0074,OK City,OK,13210,2024-11-28,25000,Active
CU008386,Pioneer LLC,Distributor,R05,SR0045,UT Metro,UT,68148,2019-06-04,250000,Active
CU008387,Urban Builders,Retailer,R05,SR0135,CO Heights,CO,82174,2024-07-17,100000,Active
CU008388,Build Builders,Contractor,R01,SR0196,CT City,CT,20448,2021-10-09,250000,Active
CU008389,Home Builders,Builder,R02,SR0182,SC City,SC,78780,2020-03-20,250000,Active
CU008390,Skyline Construction,Contractor,R02,SR0047,GA City,GA,93404,2024-12-10,1000000,Active
CU008391,Skyline Supply,Builder,R02,SR0042,SC Heights,SC,35328,2021-08-28,25000,Active
CU008392,Dream Group,Builder,R02,SR0187,GA City,GA,60571,2023-06-02,500000,Active
CU008393,Pioneer Inc,Contractor,R04,SR0044,AZ Metro,AZ,48708,2022-04-29,50000,Active
CU008394,Urban LLC,Distributor,R03,SR0143,OH City,OH,79509,2020-10-12,250000,Active
CU008395,Atlas Group,Contractor,R02,SR0082,TN City,TN,26394,2020-01-05,250000,Active
CU008396,Atlas Development,Distributor,R03,SR0138,IN Metro,IN,41690,2023-07-25,100000,Active
CU008397,Home Materials,Distributor,R02,SR0197,FL Heights,FL,29932,2020-10-01,1000000,Active
CU008398,Dream Homes,Builder,R04,SR0179,NV City,NV,25804,2021-09-17,500000,Active
CU008399,Home Homes,Distributor,R02,SR0007,NC City,NC,30543,2022-10-21,25000,Active
CU008400,Skyline Materials,Distributor,R02,SR0147,TN City,TN,97724,2017-10-30,100000,Active
CU008401,Skyline LLC,Retailer,R04,SR0024,NV City,NV,60007,2023-06-26,50000,Active
CU008402,Home Materials,Contractor,R05,SR0040,WA Metro,WA,73080,2022-07-18,50000,Active
CU008403,Skyline Supply,Retailer,R04,SR0069,NM Heights,NM,72245,2025-05-31,100000,Active
CU008404,Urban Contracting,Contractor,R03,SR0008,MI City,MI,64621,2017-09-11,500000,Active
CU008405,Home Supply,Retailer,R03,SR0083,IN City,IN,30104,2023-05-20,250000,Active
CU008406,Urban Materials,Retailer,R05,SR0120,CO Heights,CO,50631,2023-02-22,100000,Active
CU008407,Build Homes,Builder,R04,SR0089,NV City,NV,62438,2020-02-22,500000,Active
CU008408,  Dream Supply ,Contractor,R03,SR0073,WI Heights,WI,27594,2020-05-12,500000,Active
CU008409,Metro Inc,Builder,R04,SR0094,NV Heights,NV,10266,2019-12-21,25000,Active
CU008410,Pioneer Inc,Builder,R04,SR0199,NM Metro,NM,29730,2020-04-26,1000000,Active
CU008411,Home Construction,Distributor,R03,SR0023,WI City,WI,99857,2018-12-18,1000000,Active
CU008412,Atlas Materials,Builder,R04,SR0199,TX City,TX,92244,2020-08-06,50000,Active
CU008413,Atlas Homes,Distributor,R02,SR0042,GA Metro,GA,52507,2024-05-08,50000,Active
CU008414,Home Inc,Retailer,R05,SR0110,WA City,WA,43657,2021-01-14,100000,Active
CU008415,Prime Supply,Contractor,R05,SR0065,CO City,CO,74699,2024-04-15,500000,Active
CU008416,Evergreen Construction,Distributor,R03,SR0023,IN Metro,IN,67265,2019-05-11,250000,Active
CU008417,Prime Supply,Distributor,R03,SR0193,OH Heights,OH,39749,2020-03-28,25000,Active
CU008418,Build Construction,Distributor,R03,SR0083,WI Metro,WI,24130,2022-02-22,100000,Active
CU008419,Home Inc,Contractor,R03,SR0003,OH City,OH,44699,2020-07-12,50000,Active
CU008420,Home Development,Distributor,R02,SR0052,TN Heights,TN,92942,2022-04-20,250000,Active
CU008421,Urban Development,Distributor,R02,SR0067,NC City,NC,81877,2020-04-21,25000,Active
CU008422,Atlas Supply,Distributor,R04,SR0104,OK Heights,OK,29296,2019-02-18,25000,Active
CU008423,Evergreen Contracting,Builder,R02,SR0022,SC City,SC,30903,2022-09-17,25000,Active
CU008424,Atlas Supply,Distributor,R01,SR0131,PA City,PA,64268,2019-08-08,500000,Active
CU008425,Pioneer Materials,Distributor,R02,SR0127,TN Metro,TN,86284,2024-11-27,1000000,Active
CU008426,Prime Development,Builder,R03,SR0048,OH Metro,OH,25863,2018-08-23,250000,Active
CU008427,Metro Homes,Retailer,R02,SR0007,TN City,TN,79393,2019-05-06,100000,Active
CU008428,Prime Development,Contractor,R04,SR0169,NV City,NV,62496,2024-05-04,1000000,Active
CU008429,Summit Homes,Builder,R02,SR0082,FL Metro,FL,69091,2023-10-12,1000000,Active
CU008430,Dream Inc,Retailer,R05,SR0100,CO City,CO,34082,2019-07-17,500000,Active
CU008431,Prime Materials,Distributor,R02,SR0147,GA Heights,GA,37197,2022-10-27,25000,Active
CU008432,Build Contracting,Contractor,R01,SR0036,PA Heights,PA,58231,2020-10-06,500000,Active
CU008433,Prime Development,Distributor,R05,SR0200,WA Metro,WA,,2024-10-13,500000,Active
CU008434,Metro Construction,Retailer,R05,SR0130,CA Metro,CA,12341,2018-09-03,50000,Active
CU008435,Summit Group,Builder,R04,SR0124,NM Metro,NM,63504,2019-10-17,25000,Active
CU008436,Summit Inc,Distributor,R03,SR0003,MI Heights,MI,10012,2021-01-22,500000,Active
CU008437,Summit Development,Builder,R03,SR0063,IL Heights,IL,73551,2019-08-12,250000,Active
CU008438,Summit Contracting,Retailer,R05,SR0155,CA City,CA,62737,2017-01-18,100000,Active
CU008439,Cornerstone Group,Distributor,R04,SR0119,NV City,NV,61876,2017-10-30,500000,Active
CU008440,Evergreen Construction,Contractor,R05,SR0140,UT Heights,UT,42607,2024-10-06,100000,Active
CU008441,Summit Builders,Contractor,R03,SR0038,IL Metro,IL,95616,2021-07-13,25000,Active
CU008442,Skyline Development,Contractor,R01,SR0191,PA Metro,PA,26330,2024-11-06,500000,Active
CU008443,Prime Development,Distributor,R03,SR0173,WI Heights,WI,74024,2017-07-05,100000,Active
CU008444,Pioneer Group,Builder,R03,SR0153,IN City,IN,20972,2024-04-01,50000,Active
CU008445,Dream Materials,Contractor,R03,SR0103,OH City,OH,31274,2023-06-23,25000,Active
CU008446,Cornerstone Builders,Contractor,R03,SR0073,IL Metro,IL,47547,2020-03-28,250000,Active
CU008447,Prime Construction,Retailer,R01,SR0191,NY City,NY,94747,2022-10-03,50000,Active
CU008448,Pioneer Group,Builder,R04,SR0119,AZ Heights,AZ,44071,2023-09-08,100000,Active
CU008449,Cornerstone Contracting,Distributor,R03,SR0053,MI City,MI,20535,2023-07-16,100000,Active
CU008450,Home Construction,Retailer,R04,SR0129,AZ Metro,AZ,94116,2019-03-19,100000,Active
CU008451,Metro Development,Retailer,R05,SR0060,CO Metro,CO,66325,2019-04-05,250000,Active
CU008452,Urban LLC,Retailer,R05,SR0200,CA City,CA,78721,2021-09-09,25000,Active
CU008453,  Summit Supply ,Retailer,R03,SR0133,IN Metro,IN,82447,2019-05-30,250000,Active
CU008454,Summit Inc,Retailer,R04,SR0129,AZ City,AZ,51118,2025-02-27,250000,Active
CU008455,Summit Contracting,Builder,R04,SR0009,NM Metro,NM,98018,2022-08-28,1000000,Active
CU008456,Home Materials,Retailer,R01,SR0146,NJ Heights,NJ,88921,2023-01-06,1000000,Active
CU008457,Dream Supply,Distributor,R05,SR0005,CO City,CO,90847,2021-05-09,25000,Active
CU008458,Urban Materials,Distributor,R02,SR0152,SC Heights,SC,61135,2024-04-09,500000,Active
CU008459,Urban LLC,Builder,R02,SR0152,FL Heights,FL,96175,2020-12-10,250000,Active
CU008460,Metro Inc,Contractor,R01,SR0071,NJ City,NJ,32685,2023-06-09,500000,Active
CU008461,Build Homes,Distributor,R03,SR0178,IL Metro,IL,57751,2019-09-01,100000,Active
CU008462,Build Homes,Contractor,R03,SR0193,IN City,IN,94066,2017-05-20,1000000,Active
CU008463,Metro Construction,Builder,R04,SR0034,NM City,NM,38944,2024-03-31,250000,Active
CU008464,Summit Builders,Retailer,R04,SR0189,NM Heights,NM,30346,2017-06-19,50000,Active
CU008465,Build Homes,Distributor,R04,SR0054,NV Heights,NV,42278,2024-02-23,1000000,Active
CU008466,Dream Construction,Builder,R04,SR0134,NV City,NV,20741,2024-01-09,100000,Active
CU008467,Build LLC,Retailer,R05,SR0055,CO City,CO,70041,2019-03-16,250000,Active
CU008468,Home Construction,Distributor,R03,SR0033,WI Metro,WI,35507,2024-01-30,50000,Active
CU008469,Urban Materials,Retailer,R01,SR0091,NY Heights,NY,58764,2017-01-22,500000,Active
CU008470,Prime Development,Contractor,R01,SR0086,MA Metro,MA,34317,2023-07-14,500000,Active
CU008471,Pioneer Inc,Retailer,R01,SR0081,PA Metro,PA,96639,2020-03-19,25000,Active
CU008472,Home Builders,Contractor,R03,SR0178,IL Heights,IL,63406,2020-10-11,250000,Active
CU008473,Prime Development,Distributor,R02,SR0177,SC Heights,SC,70362,2023-08-05,1000000,Active
CU008474,Home Homes,Distributor,R03,SR0103,IN City,IN,79451,2023-12-19,25000,Active
CU008475,Pioneer Builders,Builder,R04,SR0144,AZ City,AZ,40498,2018-01-04,250000,Active
CU008476,Dream Supply,Distributor,R02,SR0077,SC Heights,SC,24425,2024-08-14,100000,Active
CU008477,Evergreen Development,Retailer,R01,SR0161,NJ Metro,NJ,86709,2019-09-21,250000,Active
CU008478,Build Supply,Distributor,R01,SR0046,NJ City,New Jersey,75849,2020-06-24,500000,Active
CU008479,Metro Group,Distributor,R01,SR0176,CT Heights,CT,42081,2023-01-12,50000,Active
CU008480,Pioneer LLC,Builder,R01,SR0066,NJ City,NJ,96265,2017-11-02,50000,Active
CU008481,Dream Homes,Builder,R01,SR0131,MA City,MA,12658,2024-08-22,25000,Active
CU008482,Cornerstone Contracting,Distributor,R04,SR0129,TX City,TX,90636,2018-07-29,1000000,Active
CU008483,  Summit Inc ,Builder,R03,SR0163,WI Metro,WI,37882,2019-05-04,25000,Active
CU008484,Atlas Supply,Distributor,R01,SR0036,PA Metro,PA,14081,2025-06-28,50000,Active
CU008485,Prime Materials,Contractor,R01,SR0096,NY Metro,NY,75061,2020-01-25,500000,Active
CU008486,Summit Construction,Builder,R03,SR0068,MI Metro,MI,17962,2019-05-24,250000,Active
CU008487,Summit Contracting,Distributor,R01,SR0116,MA Metro,MA,59867,2020-05-23,100000,Active
CU008488,Pioneer Supply,Distributor,R01,SR0086,NY City,NY,13351,2017-10-13,500000,Active
CU008489,Pioneer Development,Contractor,R01,SR0181,MA Heights,MA,67511,2024-03-15,25000,Active
CU008490,Home Homes,Distributor,R03,SR0068,WI Metro,WI,25445,2021-02-02,25000,Active
CU008491,Evergreen Builders,Distributor,R02,SR0077,FL Metro,FL,71555,2020-09-23,25000,Active
CU008492,Pioneer Group,Distributor,R05,SR0115,WA Heights,WA,81582,2020-10-25,50000,Active
CU008493,Dream Contracting,Distributor,R05,SR0035,OR Metro,OR,47042,2017-08-27,1000000,Active
CU008494,Home Development,Contractor,R05,SR0130,WA Metro,WA,47075,2023-09-06,250000,Active
CU008495,Summit Contracting,Retailer,R02,SR0077,SC Heights,SC,69023,2018-11-15,250000,Active
CU008496,Cornerstone Builders,Contractor,R04,SR0144,NV Metro,NV,70590,2019-03-23,25000,Active
CU008497,Metro Builders,Contractor,R01,SR0171,MA Heights,MA,38157,2024-09-09,1000000,Active
CU008498,Summit Materials,Builder,R04,SR0104,NV Metro,NV,14786,2025-06-27,250000,Active
CU008499,Evergreen Contracting,Contractor,R01,SR0071,CT City,CT,29822,2018-01-27,50000,Active
CU008500,Evergreen Supply,Distributor,R02,SR0172,GA Metro,GA,23087,2022-02-18,100000,Active
CU008501,Pioneer Builders,Contractor,R04,SR0184,OK Metro,OK,44091,2018-08-17,250000,Active
CU008502,Pioneer Construction,Retailer,R03,SR0183,IL Heights,IL,89135,2019-03-21,50000,Active
CU008503,Dream LLC,Builder,R04,SR0094,OK Metro,OK,15181,2025-03-12,250000,Active
CU008504,Pioneer Group,Retailer,R02,SR0182,TN City,TN,99886,2019-11-08,250000,Active
CU008505,Atlas Inc,Builder,R01,SR0036,MA Heights,MA,82790,2018-01-18,100000,Active
CU008506,Evergreen Contracting,Retailer,R03,SR0078,OH Heights,OH,97617,2017-09-20,500000,Active
CU008507,Pioneer Builders,Distributor,R01,SR0121,PA Heights,PA,64449,2021-10-25,500000,Active
CU008508,Urban Homes,Distributor,R04,SR0119,TX Metro,TX,44164,2021-04-21,1000000,Active
CU008509,Build Materials,Distributor,R03,SR0113,MI City,MI,27512,2020-06-06,250000,Active
CU008510,Atlas Construction,Distributor,R05,SR0200,WA City,WA,65318,2018-10-10,50000,Active
CU008511,Cornerstone LLC,Retailer,R02,SR0037,NC City,NC,32010,2020-11-01,1000000,Active
CU008512,Dream Group,Contractor,R05,SR0105,CA Heights,CA,19928,2025-02-04,1000000,Active
CU008513,Dream Supply,Builder,R04,SR0164,OK Metro,OK,57201,2022-02-23,500000,Active
CU008514,Prime Inc,Distributor,R03,SR0073,WI City,WI,15779,2023-04-03,100000,Active
CU008515,Home Materials,Builder,R04,SR0024,NV Metro,NV,75694,2022-10-07,1000000,Active
CU008516,Evergreen Group,Distributor,R02,SR0122,TN Metro,TN,86680,2022-03-05,100000,Active
CU008517,Urban Inc,Contractor,R05,SR0065,OR City,OR,59925,2020-05-20,500000,Active
CU008518,Pioneer Contracting,Distributor,R03,SR0173,WI City,WI,57459,2018-06-27,25000,Active
CU008519,Dream Supply,Contractor,R04,SR0199,NV City,NV,48665,2022-03-26,250000,Active
CU008520,Build Builders,Contractor,R03,SR0083,IN Heights,IN,60629,2021-10-13,1000000,Active
CU008521,Summit Construction,Retailer,R02,SR0007,GA Metro,GA,72135,2019-12-21,250000,Active
CU008522,Cornerstone Group,Builder,R02,SR0077,NC City,NC,83498,2017-05-29,1000000,Active
CU008523,Pioneer LLC,Retailer,R05,SR0195,CA Metro,CA,37576,2020-11-03,100000,Active
CU008524,Urban Builders,Builder,R05,SR0020,UT City,UT,99165,2022-12-27,1000000,Active
CU008525,Urban Inc,Distributor,R04,SR0174,TX Metro,TX,78898,2022-05-30,25000,Active
CU008526,Pioneer Development,Distributor,R03,SR0118,OH Heights,OH,44805,2019-11-01,1000000,Active
CU008527,Skyline Builders,Retailer,R05,SR0125,CA Heights,CA,47514,2023-11-07,250000,Active
CU008528,Build Supply,Retailer,R02,SR0132,NC City,NC,49574,2020-05-07,25000,Active
CU008529,Dream Construction,Distributor,R03,SR0198,IN Heights,IN,53145,2020-03-06,25000,Active
CU008530,Summit Materials,Distributor,R01,SR0181,NJ Metro,NJ,18595,2021-01-31,1000000,Active
CU008531,Home Inc,Distributor,R01,SR0031,CT City,CT,38775,2022-08-23,250000,Active
CU008532,Home Group,Contractor,R03,SR0008,IN Heights,IN,67353,2017-04-14,500000,Active
CU008533,Cornerstone Homes,Builder,R03,SR0048,OH Metro,OH,86377,2025-03-27,250000,Active
CU008534,Home Supply,Contractor,R03,SR0148,IL City,IL,93793,2025-02-25,100000,Active
CU008535,Prime LLC,Retailer,R03,SR0168,IL City,IL,49589,2023-08-03,100000,Active
CU008536,Evergreen Inc,Distributor,R04,SR0069,TX Metro,TX,30971,2020-08-15,1000000,Active
CU008537,Metro Group,Retailer,R03,SR0198,WI City,WI,64492,2018-10-09,100000,Active
CU008538,Pioneer Builders,Distributor,R04,SR0089,OK City,OK,14050,2021-06-27,50000,Active
CU008539,Atlas Construction,Contractor,R02,SR0187,FL Heights,FL,42803,2025-04-06,50000,Active
CU008540,Cornerstone Materials,Contractor,R03,SR0108,IL City,IL,17686,2025-02-22,50000,Active
CU008541,Prime Group,Contractor,R04,SR0084,NM Metro,NM,22459,2023-09-16,1000000,Active
CU008542,Summit Group,Contractor,R05,SR0110,OR Heights,OR,59851,2017-04-16,1000000,Active
CU008543,Prime Group,Distributor,R03,SR0108,IL Metro,IL,86827,2019-04-02,1000000,Active
CU008544,Cornerstone Construction,Retailer,R03,SR0093,IL City,IL,16718,2019-05-28,1000000,Active
CU008545,Metro Inc,Retailer,R05,SR0070,WA City,WA,67607,2019-08-29,1000000,Active
CU008546,Skyline Contracting,Contractor,R04,SR0074,NM Metro,NM,40014,2019-01-16,50000,Active
CU008547,Evergreen Contracting,Builder,R03,SR0043,IL Heights,IL,57809,2021-07-07,1000000,Active
CU008548,Prime Contracting,Retailer,R03,SR0078,WI City,WI,43507,2023-06-26,1000000,Active
CU008549,Home Development,Builder,R04,SR0139,NV Metro,NV,21141,2025-02-21,1000000,Active
CU008550,Home Contracting,Retailer,R01,SR0011,MA City,MA,56857,2022-08-22,500000,Active
CU008551,Summit Builders,Contractor,R05,SR0195,CA Metro,CA,86505,2019-11-26,25000,Active
CU008552,Cornerstone Group,Builder,R02,SR0167,SC Metro,SC,64849,2017-11-24,100000,Active
CU008553,Metro Group,Retailer,R03,SR0163,IL City,IL,50190,2020-12-07,1000000,Active
CU008554,Evergreen Materials,Distributor,R02,SR0092,NC City,NC,48973,2022-09-21,1000000,Active
CU008555,Skyline LLC,Retailer,R01,SR0016,NJ Metro,New Jersey,85955,2024-09-20,500000,Active
CU008556,Prime Group,Distributor,R01,SR0061,CT Metro,CT,56863,2023-11-25,50000,Active
CU008557,Summit LLC,Retailer,R03,SR0003,MI Metro,MI,23784,2022-01-01,250000,Active
CU008558,Dream Materials,Contractor,R04,SR0019,TX City,TX,48899,2019-07-12,50000,Active
CU008559,Prime Group,Builder,R02,SR0142,SC Heights,SC,97545,2023-01-15,1000000,Active
CU008560,Pioneer Builders,Builder,R03,SR0088,WI Metro,WI,68628,2023-10-14,50000,Active
CU008561,Prime Builders,Builder,R03,SR0128,OH Metro,OH,97118,2017-10-10,100000,Active
CU008562,Summit Contracting,Builder,R05,SR0095,UT Metro,UT,27437,2025-06-02,25000,Active
CU008563,Summit Inc,Distributor,R05,SR0120,CA Heights,CA,50584,2021-01-15,100000,Active
CU008564,Dream Construction,Distributor,R02,SR0087,SC City,SC,75802,2019-06-29,50000,Active
CU008565,Build Group,Builder,R01,SR0046,MA City,MA,36221,2021-10-23,1000000,Active
CU008566,Build Group,Contractor,R02,SR0197,NC Heights,NC,99842,2023-08-08,250000,Active
CU008567,Skyline Builders,Contractor,R03,SR0028,IL City,IL,37314,2020-12-21,25000,Active
CU008568,Build Contracting,Distributor,R02,SR0167,TN City,TN,37172,2023-10-10,50000,Active
CU008569,Evergreen Builders,Builder,R04,SR0064,NM Metro,NM,86903,2019-07-19,500000,Active
CU008570,Urban Development,Builder,R04,SR0019,TX Metro,TX,73247,2018-05-14,50000,Active
CU008571,Summit Construction,Builder,R05,SR0020,CO Metro,CO,98922,2022-11-17,250000,Active
CU008572,Prime Development,Distributor,R03,SR0133,OH Heights,OH,37278,2017-04-14,500000,Active
CU008573,Atlas LLC,Contractor,R03,SR0033,OH Heights,OH,15088,2018-05-17,250000,Active
CU008574,Metro LLC,Distributor,R01,SR0161,CT City,CT,33708,2020-07-12,250000,Active
CU008575,Dream Inc,Builder,R04,SR0189,AZ Metro,AZ,19319,2021-09-28,250000,Active
CU008576,Evergreen Materials,Distributor,R05,SR0200,UT City,UT,86554,2020-03-10,250000,Active
CU008577,Atlas Development,Builder,R04,SR0094,TX Heights,TX,46721,2019-10-18,1000000,Active
CU008578,Atlas Development,Contractor,R04,SR0029,OK City,OK,39509,2020-01-02,250000,Active
CU008579,Dream Inc,Builder,R05,SR0145,UT City,UT,37393,2022-08-17,1000000,Active
CU008580,Dream Construction,Retailer,R04,SR0104,NV City,NV,98884,2020-05-21,25000,Active
CU008581,Summit Inc,Distributor,R02,SR0037,FL City,FL,17883,2023-04-25,1000000,Active
CU008582,Dream LLC,Distributor,R01,SR0171,MA Heights,MA,12686,2018-12-11,1000000,Active
CU008583,Prime Development,Retailer,R03,SR0133,WI Heights,WI,60553,2018-11-03,50000,Active
CU008584,Metro Homes,Builder,R03,SR0093,IL Heights,IL,54340,2021-06-16,1000000,Active
CU008585,Cornerstone Supply,Retailer,R02,SR0027,GA City,GA,80915,2021-04-06,500000,Active
CU008586,Skyline Contracting,Contractor,R04,SR0064,TX Heights,TX,82412,2024-05-29,250000,Active
CU008587,Pioneer Materials,Distributor,R01,SR0016,PA Metro,PA,31900,2017-06-09,250000,Active
CU008588,Cornerstone Homes,Distributor,R02,SR0097,GA City,GA,47020,2023-08-28,100000,Active
CU008589,Pioneer Contracting,Contractor,R01,SR0051,MA Metro,MA,42282,2020-04-14,50000,Active
CU008590,Urban Homes,Distributor,R01,SR0086,NY City,NY,46250,2018-09-05,100000,Active
CU008591,Build LLC,Builder,R01,SR0006,NJ Heights,NJ,56627,2022-08-17,100000,Active
CU008592,Metro Inc,Builder,R03,SR0028,OH City,OH,35405,2023-03-06,100000,Active
CU008593,Summit Homes,Contractor,R03,SR0068,WI Metro,WI,64364,2022-04-03,500000,Active
CU008594,Atlas LLC,Retailer,R05,SR0115,OR Heights,OR,43942,2022-04-16,25000,Active
CU008595,Urban Group,Retailer,R05,SR0025,OR Metro,OR,73216,2017-01-22,500000,Active
CU008596,Pioneer Homes,Contractor,R02,SR0127,SC Heights,SC,39585,2020-08-13,1000000,Active
CU008597,Summit Materials,Contractor,R02,SR0067,GA Metro,GA,76175,2020-12-08,50000,Active
CU008598,Build Contracting,Distributor,R01,SR0111,CT Heights,CT,91305,2022-01-05,25000,Active
CU008599,Build Group,Distributor,R04,SR0044,NM Heights,NM,75509,2020-05-07,500000,Active
CU008600,Metro Homes,Contractor,R02,SR0107,TN City,TN,53559,2023-05-17,500000,Active
CU008601,Dream LLC,Distributor,R01,SR0026,NY Metro,NY,89694,2019-02-12,1000000,Active
CU008602,Urban LLC,Contractor,R04,SR0189,AZ Metro,AZ,85931,2019-11-30,50000,Active
CU008603,Metro Development,Builder,R02,SR0107,SC City,SC,24334,2023-02-13,500000,Active
CU008604,Cornerstone Inc,Distributor,R03,SR0153,IL City,IL,16756,2022-01-12,100000,Active
CU008605,Atlas Supply,Distributor,R05,SR0015,WA Metro,WA,60539,2022-02-20,50000,Active
CU008606,Skyline Inc,Distributor,R01,SR0061,NY City,NY,30726,2021-03-08,250000,Active
CU008607,Dream Homes,Contractor,R01,SR0151,PA Heights,PA,15320,2018-12-07,25000,Active
CU008608,Prime Contracting,Retailer,R05,SR0150,UT City,UT,97328,2025-01-06,500000,Active
CU008609,Atlas Contracting,Builder,R05,SR0180,CA City,CA,64830,2024-01-03,1000000,Active
CU008610,Skyline Development,Builder,R05,SR0125,CA Metro,CA,69050,2020-07-15,500000,Active
CU008611,Atlas Contracting,Builder,R01,SR0111,NY Heights,NY,44053,2017-01-19,1000000,Active
CU008612,Skyline Group,Retailer,R02,SR0162,SC Heights,SC,55909,2017-03-29,1000000,Active
CU008613,Prime Builders,Retailer,R04,SR0099,NV City,NV,54318,2022-07-07,250000,Active
CU008614,Pioneer Homes,Contractor,R02,SR0192,NC Metro,NC,34937,2017-08-18,50000,Active
CU008615,Build Development,Retailer,R05,SR0115,OR Heights,OR,86660,2024-05-28,250000,Active
CU008616,Pioneer Materials,Distributor,R05,SR0145,OR City,OR,40368,2020-01-10,250000,Active
CU008617,Prime Homes,Distributor,R04,SR0139,TX City,TX,43008,2023-07-15,25000,Active
CU008618,Home Homes,Contractor,R03,SR0018,IN Heights,IN,45872,2020-07-05,100000,Active
CU008619,Pioneer Contracting,Contractor,R02,SR0077,TN Metro,TN,87891,2024-07-10,250000,Active
CU008620,Urban Builders,Contractor,R03,SR0138,IN Heights,IN,62771,2025-03-11,500000,Active
CU008621,Skyline LLC,Retailer,R05,SR0085,CO Heights,CO,73870,2024-09-19,1000000,Active
CU008622,Build Construction,Builder,R03,SR0088,OH Heights,OH,39018,2019-12-27,1000000,Active
CU008623,Metro Supply,Distributor,R03,SR0133,MI Metro,MI,22246,2019-02-09,500000,Active
CU008624,Pioneer LLC,Distributor,R05,SR0150,CO Metro,CO,63730,2022-01-23,50000,Active
CU008625,Cornerstone Supply,Builder,R01,SR0146,CT Heights,CT,89544,2025-01-20,25000,Active
CU008626,Pioneer Homes,Builder,R04,SR0059,OK Metro,OK,29439,2023-06-06,50000,Active
CU008627,Prime LLC,Distributor,R01,SR0136,MA Metro,MA,19400,2021-12-31,500000,Active
CU008628,Atlas Homes,Builder,R03,SR0123,MI Metro,MI,91718,2017-11-08,1000000,Active
CU008629,Cornerstone Construction,Contractor,R01,SR0171,CT Heights,CT,28773,2017-01-18,50000,Active
CU008630,Evergreen Construction,Builder,R03,SR0173,WI Metro,WI,40037,2018-10-29,250000,Active
CU008631,Cornerstone Contracting,Retailer,R02,SR0017,SC Heights,SC,66722,2019-06-24,25000,Active
CU008632,Summit Development,Retailer,R02,SR0017,TN Metro,TN,13816,2018-04-28,1000000,Active
CU008633,Metro Inc,Builder,R04,SR0154,OK City,OK,94699,2017-07-13,50000,Active
CU008634,Evergreen Development,Distributor,R05,SR0140,UT City,UT,22182,2025-01-20,250000,Active
CU008635,Metro Materials,Retailer,R04,SR0154,NM Metro,NM,18552,2021-01-06,50000,Active
CU008636,Cornerstone Inc,Retailer,R02,SR0022,GA Metro,GA,17307,2019-05-21,100000,Active
CU008637,Home Development,Distributor,R05,SR0015,CA Metro,CA,82652,2023-05-01,25000,Active
CU008638,Cornerstone Group,Distributor,R02,SR0177,NC City,NC,14141,2024-09-26,50000,Active
CU008639,Skyline Group,Distributor,R05,SR0070,UT City,UT,12233,2021-06-01,1000000,Active
CU008640,Atlas Construction,Retailer,R05,SR0160,CO Heights,CO,59160,2018-09-28,50000,Active
CU008641,Skyline Inc,Distributor,R05,SR0190,WA City,WA,41224,2017-03-20,250000,Active
CU008642,Skyline Group,Distributor,R03,SR0128,OH Metro,OH,42162,2021-07-10,500000,Active
CU008643,Urban Development,Builder,R05,SR0045,CA Metro,CA,95947,2024-10-01,100000,Active
CU008644,Evergreen LLC,Retailer,R05,SR0080,OR Heights,OR,62578,2023-03-27,50000,Active
CU008645,Home Builders,Distributor,R02,SR0177,NC City,NC,54894,2021-07-04,50000,Active
CU008646,Cornerstone LLC,Retailer,R01,SR0061,PA Metro,PA,85198,2017-03-09,250000,Active
CU008647,Metro Materials,Distributor,R04,SR0044,TX Metro,TX,45379,2022-11-19,250000,Active
CU008648,Cornerstone Development,Retailer,R05,SR0170,OR Heights,OR,90904,2023-11-22,1000000,Active
CU008649,Summit Builders,Contractor,R04,SR0124,OK City,OK,23195,2020-09-25,500000,Active
CU008650,Urban Construction,Retailer,R01,SR0076,CT Heights,CT,55679,2024-10-28,50000,Active
CU008651,Skyline Materials,Retailer,R02,SR0127,TN Heights,TN,91078,2023-04-28,500000,Active
CU008652,Skyline LLC,Contractor,R02,SR0117,SC Heights,SC,61012,2025-04-24,250000,Active
CU008653,Summit Development,Distributor,R05,SR0115,WA Metro,WA,32194,2022-12-28,1000000,Active
CU008654,Skyline Builders,Retailer,R02,SR0177,GA Metro,GA,50861,2023-12-01,25000,Active
CU008655,Home LLC,Contractor,R02,SR0137,TN Metro,TN,13460,2021-03-20,500000,Active
CU008656,Summit Inc,Contractor,R01,SR0056,NY City,NY,37410,2024-10-07,500000,Active
CU008657,Urban Contracting,Contractor,R03,SR0138,MI Metro,MI,32714,2024-02-04,50000,Active
CU008658,Urban Supply,Retailer,R04,SR0124,NM Heights,NM,21284,2024-07-26,1000000,Active
CU008659,Cornerstone Group,Retailer,R03,SR0143,IL Metro,IL,56625,2021-08-18,1000000,Active
CU008660,Dream Materials,Distributor,R04,SR0169,AZ Heights,AZ,16062,2019-03-09,100000,Active
CU008661,Pioneer Group,Builder,R05,SR0145,CA Metro,CA,95088,2024-11-11,250000,Active
CU008662,Skyline Inc,Contractor,R05,SR0090,OR Heights,OR,16665,2019-02-07,25000,Active
CU008663,Cornerstone Homes,Distributor,R02,SR0192,NC Metro,NC,78908,2018-07-26,25000,Active
CU008664,Skyline Construction,Builder,R02,SR0112,GA Heights,GA,63857,2022-09-18,1000000,Active
CU008665,Dream Homes,Builder,R05,SR0135,CA Metro,CA,78602,2024-04-30,25000,Active
CU008666,Dream LLC,Distributor,R03,SR0063,WI Heights,WI,98846,2024-04-23,1000000,Active
CU008667,Summit Inc,Contractor,R03,SR0108,MI Metro,MI,80157,2024-12-19,1000000,Active
CU008668,Metro LLC,Distributor,R02,SR0137,GA Heights,GA,88606,2018-04-27,250000,Active
CU008669,Home Development,Distributor,R01,SR0031,NY City,NY,16340,2022-12-16,100000,Active
CU008670,Summit Homes,Contractor,R05,SR0075,CA Metro,CA,44707,2021-05-16,250000,Active
CU008671,Skyline Construction,Retailer,R03,SR0148,WI City,WI,99657,2025-01-18,500000,Active
CU008672,Atlas Development,Retailer,R04,SR0184,TX Metro,TX,21385,2025-06-16,1000000,Active
CU008673,Evergreen LLC,Retailer,R04,SR0154,NV Metro,NV,68817,2022-10-28,100000,Active
CU008674,Urban Development,Distributor,R04,SR0169,AZ City,AZ,12815,2017-01-28,250000,Active
CU008675,Urban Contracting,Retailer,R02,SR0107,GA Metro,GA,26130,2023-11-10,500000,Active
CU008676,Cornerstone Construction,Builder,R04,SR0174,OK City,OK,96999,2020-04-15,1000000,Active
CU008677,Build Supply,Retailer,R01,SR0021,NY City,NY,93977,2025-03-17,100000,Active
CU008678,  Cornerstone LLC ,Builder,R04,SR0154,NM Metro,NM,12701,2017-05-09,50000,Active
CU008679,Cornerstone Group,Builder,R04,SR0024,OK City,OK,71155,2023-03-14,1000000,Active
CU008680,Home Builders,Builder,R01,SR0091,PA Heights,PA,15712,2023-09-10,50000,Active
CU008681,Skyline Development,Builder,R05,SR0115,UT Heights,UT,55517,2020-04-26,100000,Active
CU008682,Pioneer LLC,Builder,R05,SR0050,WA Heights,WA,36265,2019-03-31,250000,Active
CU008683,Metro Inc,Contractor,R02,SR0047,GA Metro,GA,10611,2023-06-20,100000,Active
CU008684,Evergreen Builders,Builder,R02,SR0132,TN Metro,TN,50616,2024-11-10,1000000,Active
CU008685,Evergreen Supply,Retailer,R02,SR0127,FL Heights,FL,85034,2018-03-07,1000000,Active
CU008686,Urban Materials,Retailer,R01,SR0081,NY Heights,NY,55243,2019-04-18,1000000,Active
CU008687,  Build Contracting ,Distributor,R01,SR0066,MA Heights,MA,87596,2019-09-21,25000,Active
CU008688,Build Development,Contractor,R04,SR0119,OK Metro,OK,61557,2024-08-10,100000,Active
CU008689,Urban Group,Builder,R02,SR0192,SC Heights,SC,42164,2023-10-28,500000,Active
CU008690,Build Contracting,Distributor,R05,SR0060,UT City,UT,16771,2020-01-28,1000000,Active
CU008691,Summit Contracting,Builder,R01,SR0031,NJ Heights,NJ,29742,2024-12-16,250000,Active
CU008692,Urban Construction,Contractor,R01,SR0111,CT City,CT,65698,2022-12-12,100000,Active
CU008693,Evergreen Construction,Builder,R03,SR0118,WI Heights,WI,68590,2017-05-15,25000,Active
CU008694,Dream Group,Contractor,R05,SR0015,UT Heights,UT,81490,2024-03-26,250000,Active
CU008695,Home Homes,Retailer,R05,SR0110,OR City,OR,79417,2021-11-21,500000,Active
CU008696,Home Builders,Builder,R05,SR0095,CO City,CO,91406,2020-10-07,50000,Active
CU008697,Urban Contracting,Distributor,R03,SR0113,MI Heights,MI,90842,2018-07-07,500000,Active
CU008698,Metro Group,Builder,R02,SR0007,GA Metro,GA,57258,2024-03-04,50000,Active
CU008699,Skyline Contracting,Distributor,R04,SR0184,NM Heights,NM,60140,2022-07-17,100000,Active
CU008700,Pioneer Supply,Contractor,R04,SR0134,TX City,TX,84229,2024-01-25,25000,Active
CU008701,Home Contracting,Builder,R02,SR0162,NC Metro,NC,20155,2017-03-11,250000,Active
CU008702,Cornerstone Supply,Retailer,R03,SR0028,OH City,OH,22114,2021-01-31,1000000,Active
CU008703,Atlas Contracting,Contractor,R01,SR0151,NJ City,NJ,66277,2022-11-27,1000000,Active
CU008704,Cornerstone LLC,Contractor,R04,SR0194,NM City,NM,81902,2021-05-29,100000,Active
CU008705,Evergreen Homes,Retailer,R05,SR0005,OR Heights,OR,88128,2019-08-27,1000000,Active
CU008706,Atlas Materials,Retailer,R03,SR0193,WI Metro,WI,31872,2022-04-10,250000,Active
CU008707,Evergreen Group,Retailer,R01,SR0136,NJ Metro,NJ,10101,2023-02-18,50000,Active
CU008708,Prime Construction,Contractor,R02,SR0062,NC Metro,NC,61918,2021-04-04,500000,Active
CU008709,Build Inc,Retailer,R03,SR0058,IL City,IL,62008,2023-02-05,1000000,Active
CU008710,Atlas Materials,Contractor,R04,SR0024,NV City,NV,65739,2021-01-27,50000,Active
CU008711,Cornerstone Group,Contractor,R02,SR0042,FL Metro,FL,48862,2020-07-09,100000,Active
CU008712,Atlas Builders,Retailer,R02,SR0137,NC Heights,NC,80346,2023-04-07,25000,Active
CU008713,Summit Contracting,Distributor,R02,SR0107,SC City,sc,60887,2017-05-12,1000000,Active
CU008714,Cornerstone Contracting,Contractor,R02,SR0097,FL Heights,FL,24408,2017-07-01,100000,Active
CU008715,Evergreen Group,Distributor,R05,SR0120,CA City,CA,96519,2024-07-29,50000,Active
CU008716,Metro LLC,Builder,R01,SR0191,MA City,MA,27173,2022-06-25,50000,Active
CU008717,Build Group,Contractor,R03,SR0058,IN City,IN,36843,2022-05-13,50000,Active
CU008718,Skyline Group,Distributor,R03,SR0058,IN Metro,IN,59577,2021-06-26,500000,Active
CU008719,Pioneer Supply,Builder,R02,SR0077,SC Metro,SC,53838,2025-04-02,1000000,Active
CU008720,Prime Materials,Retailer,R03,SR0168,IL City,IL,91030,2021-08-30,500000,Active
CU008721,Urban Materials,Builder,R05,SR0040,UT Metro,UT,51419,2020-08-18,100000,Active
CU008722,Summit Group,Distributor,R05,SR0150,WA City,WA,78376,2022-09-12,250000,Active
CU008723,Metro Development,Builder,R03,SR0108,OH Metro,OH,60874,2020-05-29,1000000,Active
CU008724,Pioneer LLC,Contractor,R03,SR0058,WI Metro,WI,20759,2020-12-08,50000,Active
CU008725,Atlas Builders,Distributor,R04,SR0039,TX Heights,TX,36099,2021-09-16,25000,Active
CU008726,Metro LLC,Distributor,R03,SR0048,OH City,OH,79104,2019-12-20,25000,Active
CU008727,Build Inc,Distributor,R02,SR0017,FL City,FL,98074,2018-10-11,500000,Active
CU008728,Pioneer LLC,Retailer,R05,SR0195,CA Heights,California,12787,2019-10-14,100000,Active
CU008729,Summit Inc,Distributor,R01,SR0081,PA Heights,PA,34889,2020-04-10,250000,Active
CU008730,Atlas Group,Builder,R04,SR0199,NV Heights,NV,28456,2023-05-20,25000,Active
CU008731,Evergreen Construction,Contractor,R01,SR0196,NY Heights,NY,38455,2020-05-02,50000,Active
CU008732,Prime Construction,Distributor,R05,SR0080,CO Metro,CO,11693,2018-10-01,50000,Active
CU008733,Build Materials,Retailer,R01,SR0086,PA Heights,PA,99870,2021-03-31,500000,Active
CU008734,Summit Materials,Distributor,R02,SR0162,TN City,TN,14551,2023-06-26,1000000,Active
CU008735,Urban LLC,Retailer,R01,SR0016,NY Heights,NY,33644,2023-12-29,250000,Active
CU008736,Urban Group,Retailer,R01,SR0061,MA City,MA,52321,2024-10-21,250000,Active
CU008737,Atlas LLC,Distributor,R05,SR0195,WA Heights,wa,82146,2023-07-29,50000,Active
CU008738,Evergreen Homes,Builder,R02,SR0077,TN Heights,TN,84109,2021-11-27,50000,Active
CU008739,Evergreen Materials,Distributor,R04,SR0134,OK City,OK,59528,2022-12-30,50000,Active
CU008740,Urban LLC,Contractor,R01,SR0146,MA Metro,MA,75907,2025-03-09,100000,Active
CU008741,Evergreen Contracting,Distributor,R02,SR0027,FL City,FL,71012,2023-06-03,500000,Active
CU008742,Dream Homes,Contractor,R01,SR0116,CT City,CT,97027,2024-09-26,250000,Active
CU008743,Home Supply,Retailer,R02,SR0052,SC Metro,SC,49019,2021-10-18,1000000,Active
CU008744,Summit Materials,Retailer,R05,SR0010,OR Heights,OR,59847,2019-08-02,25000,Active
CU008745,Atlas Builders,Distributor,R03,SR0038,WI Heights,WI,79399,2025-04-12,100000,Active
CU008746,Build Homes,Builder,R04,SR0179,NM Heights,NM,31825,2018-03-14,25000,Active
CU008747,Skyline Contracting,Contractor,R01,SR0156,NY City,NY,21760,2018-05-02,100000,Active
CU008748,Home Development,Contractor,R04,SR0089,TX Metro,TX,33431,2022-01-10,100000,Active
CU008749,Evergreen Group,Distributor,R02,SR0087,TN Heights,TN,96232,2023-02-09,25000,Active
CU008750,Urban Contracting,Builder,R02,SR0122,FL City,FL,57861,2023-04-27,500000,Active
CU008751,Skyline Contracting,Contractor,R02,SR0187,GA City,GA,18147,2018-06-29,25000,Active
CU008752,Cornerstone Materials,Retailer,R01,SR0176,CT Metro,CT,32790,2020-08-22,1000000,Active
CU008753,Atlas Inc,Contractor,R03,SR0138,IN Metro,IN,48144,2024-07-18,50000,Active
CU008754,Pioneer LLC,Contractor,R04,SR0009,NV City,NV,69041,2021-05-24,250000,Active
CU008755,Dream Group,Retailer,R01,SR0036,NY Metro,NY,38864,2017-05-12,500000,Active
CU008756,Prime Builders,Distributor,R02,SR0117,FL Metro,FL,72084,2024-09-20,50000,Active
CU008757,Skyline Contracting,Builder,R04,SR0199,NM City,NM,19227,2020-07-07,25000,Active
CU008758,Urban Builders,Distributor,R03,SR0073,IL Heights,IL,22375,2017-07-10,100000,Active
CU008759,Summit Contracting,Builder,R05,SR0140,OR City,OR,33181,2023-06-19,50000,Active
CU008760,Atlas Inc,Retailer,R04,SR0009,AZ Metro,AZ,38262,2020-09-12,50000,Active
CU008761,Pioneer Development,Builder,R04,SR0169,TX Heights,TX,52843,2024-09-03,1000000,Active
CU008762,Pioneer Homes,Builder,R05,SR0055,OR City,OR,18829,2019-09-02,100000,Active
CU008763,Pioneer Development,Distributor,R03,SR0168,IL Metro,IL,43138,2018-05-23,500000,Active
CU008764,Evergreen Materials,Contractor,R04,SR0004,NM Heights,NM,30743,2022-01-16,500000,Active
CU008765,Urban Supply,Contractor,R01,SR0136,MA Heights,MA,67443,2022-07-17,1000000,Active
CU008766,Cornerstone Homes,Retailer,R04,SR0094,NV Metro,NV,59703,2023-10-12,500000,Active
CU008767,Urban LLC,Retailer,R02,SR0097,FL Heights,FL,17696,2017-04-29,250000,Active
CU008768,Home Supply,Retailer,R05,SR0055,UT Heights,UT,90859,2022-10-15,250000,Active
CU008769,Summit Builders,Retailer,R03,SR0113,MI City,MI,86284,2017-04-26,25000,Active
CU008770,Atlas LLC,Builder,R01,SR0116,MA Heights,MA,89419,2022-05-20,100000,Active
CU008771,Urban Contracting,Builder,R01,SR0021,NY Metro,NY,41116,2019-04-09,25000,Active
CU008772,Prime Group,Distributor,R01,SR0141,NJ City,NJ,72764,2022-02-28,100000,Active
CU008773,Dream Construction,Distributor,R05,SR0130,CA Heights,CA,83422,2017-08-02,25000,Active
CU008774,Build Construction,Builder,R03,SR0063,IN Heights,IN,46811,2021-06-06,50000,Active
CU008775,Home Group,Builder,R02,SR0022,GA Metro,GA,11374,2022-07-26,500000,Active
CU008776,Urban Supply,Contractor,R01,SR0176,NY City,NY,24976,2021-08-25,50000,Active
CU008777,Metro Construction,Distributor,R02,SR0107,TN City,TN,46426,2019-06-03,25000,Active
CU008778,Build Construction,Retailer,R04,SR0054,OK City,ok,25414,2023-02-27,250000,Active
CU008779,Dream Homes,Contractor,R01,SR0166,CT Heights,CT,66101,2020-03-12,1000000,Active
CU008780,Metro LLC,Contractor,R02,SR0002,TN Metro,TN,39466,2022-02-11,50000,Active
CU008781,Skyline LLC,Retailer,R04,SR0089,NM City,NM,33287,2024-02-19,250000,Active
CU008782,Home Group,Builder,R01,SR0011,CT Heights,CT,80891,2024-12-12,1000000,Active
CU008783,Pioneer Development,Retailer,R01,SR0026,NJ City,NJ,96628,2024-02-04,50000,Active
CU008784,Dream Builders,Retailer,R04,SR0124,OK City,OK,42965,2022-05-10,1000000,Active
CU008785,Urban Group,Builder,R05,SR0035,CO Metro,CO,41702,2021-01-06,500000,Active
CU008786,Prime LLC,Contractor,R01,SR0086,NY Heights,NY,20832,2024-04-30,100000,Active
CU008787,Skyline Builders,Retailer,R02,SR0177,NC City,NC,45439,2022-03-23,1000000,Active
CU008788,Cornerstone Builders,Builder,R05,SR0190,WA Heights,WA,91263,2017-08-04,100000,Active
CU008789,Dream Builders,Distributor,R03,SR0148,WI City,WI,16139,2024-11-13,1000000,Active
CU008790,Metro Contracting,Retailer,R05,SR0025,CA City,CA,69513,2023-05-19,250000,Active
CU008791,Urban Materials,Builder,R02,SR0142,GA City,GA,26707,2023-07-28,50000,Active
CU008792,Skyline Builders,Retailer,R03,SR0118,WI Metro,WI,81101,2025-06-20,25000,Active
CU008793,Cornerstone Group,Distributor,R04,SR0154,TX Heights,TX,12384,2025-01-31,25000,Active
CU008794,Home Group,Distributor,R01,SR0186,NJ City,NJ,89901,2018-10-20,500000,Active
CU008795,Build Homes,Distributor,R01,SR0101,NJ Heights,NJ,11720,2018-02-28,50000,Active
CU008796,Cornerstone Development,Contractor,R02,SR0077,TN Metro,TN,72798,2025-01-17,1000000,Active
CU008797,Cornerstone Construction,Builder,R02,SR0142,GA Metro,GA,27779,2019-03-03,250000,Active
CU008798,Cornerstone Supply,Distributor,R05,SR0070,UT City,UT,84032,2021-05-30,500000,Active
CU008799,Metro Builders,Builder,R02,SR0032,GA City,GA,46527,2017-04-01,25000,Active
CU008800,Dream Group,Retailer,R04,SR0089,NV Heights,NV,97230,2021-05-08,500000,Active
CU008801,Pioneer Builders,Distributor,R02,SR0057,NC Metro,NC,30538,2024-08-23,250000,Active
CU008802,Pioneer Supply,Distributor,R02,SR0157,GA City,GA,27618,2021-04-28,50000,Active
CU008803,Summit Builders,Distributor,R01,SR0191,PA Metro,PA,31580,2024-03-25,100000,Active
CU008804,Atlas Contracting,Contractor,R01,SR0061,PA City,PA,37223,2023-09-18,1000000,Active
CU008805,Atlas Homes,Retailer,R05,SR0200,UT Heights,UT,53380,2018-06-04,50000,Active
CU008806,Home Homes,Builder,R05,SR0040,UT City,UT,99526,2017-02-27,500000,Active
CU008807,Evergreen LLC,Distributor,R01,SR0041,NJ Metro,NJ,20446,2023-03-02,50000,Active
CU008808,Pioneer Supply,Builder,R05,SR0075,UT City,UT,33847,2020-09-20,1000000,Active
CU008809,Home Construction,Retailer,R02,SR0102,TN Metro,TN,71219,2024-08-21,1000000,Active
CU008810,Summit LLC,Retailer,R04,SR0089,TX Metro,TX,21116,2021-08-05,25000,Active
CU008811,Metro Materials,Contractor,R05,SR0030,UT Metro,UT,35725,2024-07-24,500000,Active
CU008812,Build Inc,Contractor,R04,SR0019,NM Heights,NM,92831,2024-06-09,1000000,Active
CU008813,Skyline Development,Contractor,R01,SR0196,CT City,CT,79601,2019-08-15,100000,Active
CU008814,Urban Inc,Retailer,R03,SR0183,MI City,MI,63540,2021-11-27,25000,Active
CU008815,Cornerstone Homes,Builder,R03,SR0113,MI Metro,MI,25750,2019-05-15,50000,Active
CU008816,Dream Construction,Contractor,R05,SR0130,CO Heights,CO,52343,2018-04-05,25000,Active
CU008817,Summit Supply,Builder,R05,SR0135,CA Heights,CA,18396,2025-02-22,100000,Active
CU008818,Evergreen Homes,Contractor,R01,SR0196,NJ Heights,NJ,87087,2018-07-29,25000,Active
CU008819,Evergreen Builders,Contractor,R03,SR0188,WI City,WI,89341,2024-06-23,50000,Active
CU008820,Urban Supply,Contractor,R01,SR0076,CT City,CT,23557,2024-10-10,50000,Active
CU008821,Cornerstone Construction,Contractor,R03,SR0053,IN Heights,IN,,2022-09-09,250000,Active
CU008822,Evergreen Construction,Distributor,R03,SR0053,IL City,IL,41685,2020-10-09,100000,Active
CU008823,Build Contracting,Contractor,R05,SR0120,OR Metro,OR,40558,2018-02-21,1000000,Active
CU008824,Metro Homes,Retailer,R01,SR0081,NY Metro,NY,16456,2024-02-18,25000,Active
CU008825,Summit Development,Retailer,R03,SR0123,IL City,IL,72970,2024-08-03,1000000,Active
CU008826,Build Inc,Retailer,R02,SR0122,SC Heights,SC,57643,2018-10-05,25000,Active
CU008827,Metro LLC,Contractor,R05,SR0035,CO Heights,CO,37288,2021-03-11,100000,Active
CU008828,Atlas Builders,Distributor,R04,SR0199,NV City,NV,82915,2024-01-29,50000,Active
CU008829,Pioneer Inc,Contractor,R04,SR0014,TX City,TX,20055,2023-01-10,25000,Active
CU008830,Summit Inc,Builder,R01,SR0186,PA City,PA,74164,2019-11-19,500000,Active
CU008831,Skyline Construction,Contractor,R02,SR0117,FL Metro,FL,58627,2019-02-01,50000,Active
CU008832,Summit Supply,Distributor,R03,SR0193,WI Metro,WI,75066,2018-08-08,250000,Active
CU008833,Metro Contracting,Builder,R02,SR0027,GA Heights,GA,22807,2018-07-15,250000,Active
CU008834,Atlas Development,Builder,R05,SR0190,OR City,OR,41896,2019-02-11,50000,Active
CU008835,Metro Builders,Builder,R04,SR0089,NM Metro,NM,30173,2022-01-25,25000,Active
CU008836,  Atlas Builders ,Builder,R01,SR0121,MA Heights,MA,99580,2023-10-08,500000,Active
CU008837,Atlas Construction,Distributor,R02,SR0187,NC City,NC,59722,2022-06-27,500000,Active
CU008838,Skyline Contracting,Builder,R04,SR0059,AZ Heights,AZ,25384,2019-09-13,1000000,Active
CU008839,Build Builders,Contractor,R01,SR0091,MA Heights,MA,84567,2021-07-26,50000,Active
CU008840,Home Materials,Distributor,R03,SR0153,IL Heights,IL,82538,2020-05-13,1000000,Active
CU008841,Pioneer Supply,Retailer,R01,SR0196,MA Metro,MA,55111,2018-06-02,50000,Active
CU008842,Metro Builders,Retailer,R04,SR0049,TX Heights,TX,87279,2023-03-04,25000,Active
CU008843,Pioneer LLC,Distributor,R05,SR0025,CA City,CA,67634,2024-02-09,250000,Active
CU008844,Pioneer Group,Distributor,R02,SR0032,GA Heights,GA,16606,2018-08-14,50000,Active
CU008845,Prime Supply,Builder,R04,SR0114,NM Heights,NM,31025,2020-04-23,250000,Active
CU008846,Prime Inc,Contractor,R03,SR0128,WI Metro,WI,98647,2024-08-01,50000,Active
CU008847,Atlas Construction,Contractor,R02,SR0162,FL Metro,FL,23053,2018-08-25,100000,Active
CU008848,Home Construction,Contractor,R03,SR0088,OH City,OH,87286,2023-08-28,500000,Active
CU008849,Home LLC,Distributor,R02,SR0017,SC Metro,SC,29479,2018-01-23,250000,Active
CU008850,Summit Builders,Contractor,R02,SR0167,NC Metro,NC,83306,2017-11-01,50000,Active
CU008851,Evergreen Inc,Retailer,R01,SR0136,MA Heights,MA,89352,2023-09-22,250000,Active
CU008852,Build Development,Builder,R03,SR0163,IL Metro,IL,15125,2022-06-30,1000000,Active
CU008853,Skyline Development,Retailer,R04,SR0129,AZ Heights,AZ,93760,2022-07-13,250000,Active
CU008854,Cornerstone Builders,Retailer,R01,SR0181,NY City,NY,45673,2023-03-01,100000,Active
CU008855,Cornerstone Construction,Retailer,R03,SR0138,OH Metro,OH,82118,2017-02-18,250000,Active
CU008856,Prime Contracting,Contractor,R03,SR0063,OH Metro,OH,85457,2017-02-14,250000,Active
CU008857,Urban Supply,Distributor,R03,SR0093,IN Heights,IN,76906,2024-11-03,500000,Active
CU008858,Metro Builders,Contractor,R04,SR0149,TX City,TX,56852,2022-12-28,500000,Active
CU008859,Urban Construction,Retailer,R01,SR0091,NY Metro,NY,90289,2024-02-11,25000,Active
CU008860,Dream Construction,Builder,R04,SR0024,OK Heights,OK,53179,2023-06-01,1000000,Active
CU008861,Prime Inc,Distributor,R05,SR0195,WA Metro,WA,92050,2018-07-30,250000,Active
CU008862,Dream Group,Contractor,R05,SR0140,CA City,CA,71173,2024-07-10,50000,Active
CU008863,Prime Group,Builder,R03,SR0068,MI City,MI,47041,2024-09-02,50000,Active
CU008864,Urban Construction,Builder,R04,SR0184,AZ Metro,AZ,18764,2017-04-12,25000,Active
CU008865,Atlas Materials,Distributor,R03,SR0128,IN Metro,IN,43571,2019-02-22,50000,Active
CU008866,Metro Construction,Retailer,R02,SR0007,FL Metro,FL,10103,2018-02-11,50000,Active
CU008867,Home Development,Retailer,R01,SR0051,NY City,NY,93865,2022-11-16,250000,Active
CU008868,Build Inc,Builder,R02,SR0162,FL Heights,FL,14590,2022-07-14,500000,Active
CU008869,Build Builders,Contractor,R02,SR0087,NC Metro,NC,30455,2017-04-17,25000,Active
CU008870,Cornerstone LLC,Builder,R01,SR0051,CT Heights,CT,79217,2017-06-01,500000,Active
CU008871,Urban Homes,Retailer,R01,SR0006,PA Metro,PA,75642,2023-11-13,500000,Active
CU008872,Skyline Contracting,Contractor,R03,SR0133,IN City,IN,66999,2024-07-30,25000,Active
CU008873,Pioneer Supply,Builder,R05,SR0060,CA Metro,CA,10501,2020-03-20,25000,Active
CU008874,Metro Development,Contractor,R04,SR0109,AZ Heights,AZ,66799,2019-11-07,50000,Active
CU008875,Build Supply,Distributor,R01,SR0126,NJ City,NJ,14285,2025-01-26,500000,Active
CU008876,Pioneer Contracting,Retailer,R05,SR0010,OR City,OR,36920,2018-03-04,500000,Active
CU008877,Cornerstone Builders,Builder,R04,SR0179,NV Heights,NV,36679,2018-07-12,25000,Active
CU008878,Dream Homes,Builder,R05,SR0195,UT City,UT,26540,2020-02-23,500000,Active
CU008879,Evergreen LLC,Distributor,R03,SR0063,WI Metro,WI,67490,2020-09-10,500000,Active
CU008880,Build Supply,Contractor,R01,SR0036,NJ City,NJ,71674,2020-09-18,500000,Active
CU008881,Cornerstone LLC,Distributor,R02,SR0182,NC City,NC,56742,2017-11-29,50000,Active
CU008882,Pioneer Inc,Contractor,R04,SR0064,TX Heights,TX,74119,2020-01-05,500000,Active
CU008883,Home LLC,Builder,R01,SR0126,NY Metro,NY,78234,2020-12-30,50000,Active
CU008884,Skyline Group,Builder,R04,SR0134,AZ Metro,AZ,15749,2019-03-11,1000000,Active
CU008885,Dream Homes,Builder,R05,SR0190,CA Heights,CA,95642,2024-08-06,250000,Active
CU008886,Skyline Supply,Retailer,R05,SR0150,OR Metro,OR,31234,2024-05-12,250000,Active
CU008887,Cornerstone Construction,Builder,R02,SR0137,TN Heights,TN,68902,2020-11-18,250000,Active
CU008888,Home Construction,Distributor,R03,SR0178,IN City,IN,87362,2020-09-23,50000,Active
CU008889,Metro Materials,Builder,R02,SR0187,TN Heights,TN,93963,2024-08-19,500000,Active
CU008890,Pioneer Construction,Retailer,R01,SR0066,MA Heights,MA,69737,2018-07-09,50000,Active
CU008891,Metro Group,Distributor,R05,SR0160,OR Metro,OR,29608,2018-09-01,500000,Active
CU008892,Metro Construction,Distributor,R05,SR0010,WA City,WA,40235,2017-12-24,500000,Active
CU008893,Skyline Homes,Retailer,R03,SR0198,OH City,OH,62148,2023-03-17,50000,Active
CU008894,Metro Development,Retailer,R05,SR0080,OR Metro,OR,39620,2022-02-05,50000,Active
CU008895,Urban Inc,Contractor,R01,SR0086,PA Heights,PA,95092,2019-06-20,25000,Active
CU008896,Cornerstone Materials,Retailer,R03,SR0013,MI City,MI,41349,2021-11-21,100000,Active
CU008897,Evergreen Contracting,Retailer,R04,SR0049,NM Metro,NM,56430,2023-01-13,250000,Active
CU008898,Urban Homes,Distributor,R03,SR0048,WI Metro,WI,76732,2023-03-20,1000000,Active
CU008899,Atlas LLC,Distributor,R05,SR0100,CA City,CA,86545,2017-09-19,100000,Active
CU008900,Dream Inc,Retailer,R04,SR0089,OK Metro,OK,,2024-12-21,50000,Active
CU008901,Pioneer Development,Retailer,R03,SR0163,WI Heights,WI,83619,2017-08-23,250000,Active
CU008902,Home Development,Retailer,R04,SR0164,OK Heights,OK,44956,2024-03-17,25000,Active
CU008903,Metro Materials,Contractor,R03,SR0048,WI Heights,WI,97970,2021-11-18,100000,Active
CU008904,Skyline Supply,Builder,R01,SR0071,PA Heights,PA,60581,2023-03-08,100000,Active
CU008905,Prime Construction,Builder,R05,SR0145,CA City,CA,78478,2020-05-23,500000,Active
CU008906,Evergreen Materials,Retailer,R01,SR0091,MA Heights,MA,33705,2018-12-08,250000,Active
CU008907,Build Materials,Distributor,R02,SR0117,FL Heights,FL,40700,2019-01-24,50000,Active
CU008908,Dream Supply,Retailer,R03,SR0128,MI Metro,MI,77420,2022-10-23,50000,Active
CU008909,Prime Supply,Distributor,R05,SR0020,WA Metro,WA,87937,2020-07-25,250000,Active
CU008910,Summit Materials,Distributor,R02,SR0147,GA Metro,GA,20625,2017-08-08,500000,Active
CU008911,Home Construction,Builder,R04,SR0149,OK Metro,OK,60863,2020-05-29,1000000,Active
CU008912,Pioneer Construction,Contractor,R02,SR0027,FL City,FL,61123,2021-08-04,500000,Active
CU008913,Build Materials,Distributor,R02,SR0067,TN Metro,TN,72138,2021-08-20,250000,Active
CU008914,Build Materials,Distributor,R04,SR0029,TX City,TX,21001,2021-11-19,25000,Active
CU008915,Dream Inc,Builder,R01,SR0126,NY Heights,NY,93427,2024-08-16,250000,Active
CU008916,Metro Builders,Retailer,R03,SR0108,WI Metro,WI,27141,2025-01-12,100000,Active
CU008917,Urban Supply,Retailer,R03,SR0138,IL Metro,IL,63965,2017-10-26,50000,Active
CU008918,Evergreen Development,Retailer,R01,SR0141,NJ Heights,NJ,45903,2025-06-06,50000,Active
CU008919,Atlas Supply,Retailer,R01,SR0036,NJ Metro,NJ,38185,2022-08-23,50000,Active
CU008920,Metro Contracting,Distributor,R02,SR0047,NC Heights,NC,25418,2025-04-03,500000,Active
CU008921,Dream Inc,Distributor,R01,SR0066,CT City,CT,24931,2017-01-09,50000,Active
CU008922,Metro Builders,Retailer,R01,SR0106,MA Heights,MA,69610,2017-12-20,25000,Active
CU008923,Pioneer LLC,Builder,R01,SR0101,CT City,CT,32492,2023-06-20,25000,Active
CU008924,Dream Inc,Distributor,R04,SR0154,OK Heights,OK,42412,2022-10-02,1000000,Active
CU008925,Metro LLC,Contractor,R04,SR0179,NV City,NV,26723,2025-02-17,1000000,Active
CU008926,Metro Inc,Builder,R01,SR0051,PA City,PA,48567,2024-02-29,50000,Active
CU008927,Pioneer Homes,Contractor,R03,SR0148,IN City,IN,66771,2025-05-22,100000,Active
CU008928,Skyline Group,Builder,R04,SR0159,TX Heights,TX,60070,2021-02-01,1000000,Active
CU008929,Pioneer LLC,Contractor,R02,SR0007,SC City,SC,,2024-08-25,500000,Active
CU008930,Metro Supply,Contractor,R05,SR0135,CO City,CO,74962,2018-08-30,50000,Active
CU008931,Dream Homes,Distributor,R05,SR0140,CA Metro,CA,80676,2017-04-14,250000,Active
CU008932,Atlas Group,Contractor,R04,SR0069,AZ City,AZ,90936,2024-01-09,500000,Active
CU008933,Home Inc,Distributor,R05,SR0040,UT City,UT,94459,2017-12-30,1000000,Active
CU008934,Summit Group,Builder,R01,SR0056,CT City,CT,81403,2024-06-13,1000000,Active
CU008935,Atlas Supply,Builder,R01,SR0066,NJ Heights,NJ,83121,2020-08-06,25000,Active
CU008936,Prime Materials,Builder,R04,SR0059,NM City,nm,96361,2019-08-18,50000,Active
CU008937,Metro Group,Contractor,R01,SR0196,NJ Heights,NJ,28197,2025-03-05,50000,Active
CU008938,Build Inc,Builder,R01,SR0121,NY City,NY,17152,2021-07-04,50000,Active
CU008939,Summit Inc,Retailer,R03,SR0178,MI Heights,MI,44227,2023-01-05,100000,Active
CU008940,Skyline Builders,Builder,R04,SR0174,TX Heights,TX,30408,2021-10-18,500000,Active
CU008941,Atlas Development,Distributor,R02,SR0107,FL City,FL,24205,2021-06-03,500000,Active
CU008942,Pioneer Inc,Distributor,R01,SR0076,NY City,NY,11868,2018-01-13,500000,Active
CU008943,Evergreen Builders,Retailer,R03,SR0108,IN Heights,IN,48766,2025-05-04,50000,Active
CU008944,Summit Inc,Distributor,R01,SR0086,NJ Metro,NJ,84651,2022-07-15,25000,Active
CU008945,Dream Group,Builder,R01,SR0056,NY City,NY,15012,2020-01-22,25000,Active
CU008946,Dream Contracting,Retailer,R03,SR0068,WI Metro,WI,94463,2021-01-28,250000,Active
CU008947,Pioneer Homes,Contractor,R05,SR0105,CA City,CA,39853,2021-11-21,50000,Active
CU008948,Cornerstone Construction,Builder,R04,SR0044,OK Heights,OK,10555,2024-09-16,1000000,Active
CU008949,Cornerstone Inc,Retailer,R04,SR0149,TX Metro,TX,25729,2024-02-03,50000,Active
CU008950,Dream Supply,Distributor,R02,SR0087,TN City,TN,,2022-01-30,500000,Active
CU008951,Prime Inc,Retailer,R02,SR0122,GA City,GA,80539,2021-06-04,250000,Active
CU008952,Atlas Contracting,Builder,R04,SR0079,TX City,TX,29589,2025-03-26,1000000,Active
CU008953,Urban Contracting,Retailer,R04,SR0199,NV Heights,NV,90505,2024-06-29,1000000,Active
CU008954,Urban Contracting,Distributor,R03,SR0058,MI Heights,MI,60046,2019-09-23,1000000,Active
CU008955,Urban Builders,Retailer,R05,SR0080,CO City,CO,45303,2022-12-07,500000,Active
CU008956,Evergreen Supply,Builder,R01,SR0136,NY City,NY,47589,2021-12-22,250000,Active
CU008957,Home Inc,Contractor,R05,SR0130,UT City,UT,30811,2024-08-28,100000,Active
CU008958,Skyline Supply,Builder,R02,SR0062,GA City,GA,42187,2021-04-25,25000,Active
CU008959,Evergreen Supply,Distributor,R01,SR0066,CT City,CT,88792,2019-06-10,100000,Active
CU008960,Dream Materials,Retailer,R02,SR0172,TN Heights,TN,23185,2018-09-24,50000,Active
CU008961,Skyline LLC,Distributor,R05,SR0125,CO Metro,CO,36432,2022-03-27,1000000,Active
CU008962,Summit LLC,Contractor,R04,SR0074,TX City,TX,23946,2021-09-19,50000,Active
CU008963,Skyline Contracting,Builder,R01,SR0146,PA Metro,PA,35530,2021-09-03,500000,Active
CU008964,Evergreen Materials,Distributor,R01,SR0036,NJ Metro,NJ,36041,2025-01-17,1000000,Active
CU008965,Evergreen Builders,Distributor,R02,SR0112,TN City,TN,93783,2018-01-19,100000,Active
CU008966,Summit Builders,Builder,R03,SR0198,OH City,OH,22884,2019-04-14,500000,Active
CU008967,Build Contracting,Builder,R05,SR0040,CO Heights,CO,28193,2020-02-13,500000,Active
CU008968,  Build Homes ,Distributor,R05,SR0140,OR Heights,OR,37535,2019-07-09,25000,Active
CU008969,Atlas Inc,Contractor,R05,SR0190,CO Metro,CO,75174,2022-08-11,1000000,Active
CU008970,Evergreen LLC,Builder,R03,SR0193,IN City,IN,45085,2024-02-25,25000,Active
CU008971,Prime Inc,Retailer,R03,SR0043,IN Metro,IN,58740,2018-03-11,500000,Active
CU008972,Pioneer LLC,Contractor,R03,SR0138,IN City,IN,17316,2023-12-19,1000000,Active
CU008973,Metro Builders,Contractor,R04,SR0179,OK Heights,OK,12877,2022-10-16,100000,Active
CU008974,Prime Homes,Builder,R01,SR0116,NY Heights,NY,57585,2019-07-12,1000000,Active
CU008975,Skyline Group,Builder,R05,SR0130,UT City,UT,37018,2021-03-02,25000,Active
CU008976,Urban Supply,Builder,R01,SR0141,NJ Heights,NJ,72576,2020-06-19,50000,Active
CU008977,Urban Materials,Contractor,R05,SR0165,WA City,WA,90843,2017-07-01,100000,Active
CU008978,Evergreen Group,Builder,R04,SR0079,NM Metro,NM,85818,2022-07-24,500000,Active
CU008979,Metro Construction,Contractor,R05,SR0030,WA City,WA,39659,2019-09-04,500000,Active
CU008980,Prime Supply,Builder,R02,SR0072,TN Heights,TN,84238,2018-11-16,250000,Active
CU008981,Build Development,Contractor,R02,SR0067,NC Heights,NC,19029,2020-03-29,1000000,Active
CU008982,Build LLC,Builder,R03,SR0053,WI Heights,WI,12576,2021-12-30,50000,Active
CU008983,Pioneer Contracting,Builder,R04,SR0184,AZ Metro,AZ,23350,2024-01-07,100000,Active
CU008984,Evergreen Group,Distributor,R02,SR0112,TN Heights,TN,94755,2020-09-26,1000000,Active
CU008985,Cornerstone Homes,Distributor,R03,SR0053,WI City,WI,25062,2022-09-03,250000,Active
CU008986,Cornerstone LLC,Distributor,R03,SR0178,WI City,WI,71624,2019-12-29,100000,Active
CU008987,Prime Development,Builder,R03,SR0163,MI City,MI,18389,2023-12-13,500000,Active
CU008988,Build Group,Retailer,R01,SR0151,NJ Heights,NJ,51068,2018-03-19,25000,Active
CU008989,Prime Development,Distributor,R02,SR0027,TN Heights,TN,45377,2020-05-22,250000,Active
CU008990,Evergreen LLC,Distributor,R02,SR0162,NC Metro,NC,67832,2019-06-19,500000,Active
CU008991,Evergreen Contracting,Distributor,R03,SR0058,OH City,OH,14514,2021-04-11,250000,Active
CU008992,Cornerstone Development,Contractor,R04,SR0094,AZ Metro,AZ,67722,2019-05-19,1000000,Active
CU008993,Summit Contracting,Distributor,R03,SR0113,IL Metro,IL,52561,2018-04-06,500000,Active
CU008994,Pioneer Group,Distributor,R04,SR0059,NV Metro,NV,65803,2023-04-10,1000000,Active
CU008995,Prime Construction,Retailer,R02,SR0052,FL Metro,FL,42946,2021-01-07,100000,Active
CU008996,Evergreen Construction,Distributor,R04,SR0009,NV Metro,NV,27672,2018-01-07,1000000,Active
CU008997,Metro Construction,Retailer,R02,SR0007,GA Metro,GA,92390,2017-07-13,500000,Active
CU008998,Dream Development,Distributor,R04,SR0134,OK City,OK,34132,2018-04-06,50000,Active
CU008999,Cornerstone Homes,Retailer,R03,SR0013,WI City,WI,53221,2022-06-30,25000,Active
CU009000,Cornerstone Builders,Distributor,R04,SR0064,OK Heights,OK,47158,2018-05-14,500000,Active
CU009001,Atlas Supply,Retailer,R04,SR0154,NM Heights,NM,80131,2020-04-15,25000,Active
CU009002,Urban Inc,Retailer,R02,SR0142,TN City,TN,77503,2023-02-12,500000,Active
CU009003,Build Builders,Contractor,R02,SR0177,SC Metro,SC,81274,2018-08-27,25000,Active
CU009004,Metro Inc,Retailer,R02,SR0002,NC Heights,NC,56781,2017-11-13,250000,Active
CU009005,Evergreen Contracting,Retailer,R04,SR0064,OK Heights,OK,43928,2017-10-22,100000,Active
CU009006,Pioneer Supply,Distributor,R04,SR0059,TX Metro,TX,20651,2023-03-13,500000,Active
CU009007,Evergreen Supply,Contractor,R02,SR0092,FL City,FL,29572,2024-11-18,1000000,Active
CU009008,Dream Contracting,Builder,R04,SR0179,AZ Heights,AZ,75137,2023-10-12,25000,Active
CU009009,Skyline Builders,Retailer,R02,SR0012,GA Heights,GA,11033,2020-03-11,25000,Active
CU009010,Summit Builders,Retailer,R02,SR0122,FL Metro,FL,95996,2019-10-11,250000,Active
CU009011,Summit Development,Contractor,R05,SR0085,WA Heights,WA,75939,2021-12-30,50000,Active
CU009012,Dream Materials,Contractor,R03,SR0153,OH City,OH,42612,2019-03-03,100000,Active
CU009013,Skyline Construction,Distributor,R01,SR0056,NJ Metro,NJ,89634,2021-05-22,25000,Active
CU009014,Skyline Development,Builder,R02,SR0002,GA Heights,GA,10759,2021-07-03,250000,Active
CU009015,Pioneer Homes,Builder,R02,SR0157,NC City,NC,67054,2023-05-24,1000000,Active
CU009016,Atlas Group,Retailer,R01,SR0071,MA City,MA,41433,2022-06-08,50000,Active
CU009017,Build LLC,Retailer,R02,SR0017,SC City,SC,44033,2019-04-29,100000,Active
CU009018,Evergreen LLC,Retailer,R03,SR0178,IL City,IL,80609,2018-02-15,250000,Active
CU009019,Urban Construction,Builder,R02,SR0007,TN Heights,TN,53843,2024-01-19,250000,Active
CU009020,Build Inc,Builder,R05,SR0140,UT Metro,UT,59237,2024-05-06,1000000,Active
CU009021,Summit Homes,Contractor,R03,SR0118,WI Heights,WI,32707,2025-02-08,250000,Active
CU009022,Summit Homes,Retailer,R03,SR0063,WI City,WI,13549,2019-09-27,250000,Active
CU009023,Skyline Development,Contractor,R03,SR0168,WI City,WI,78880,2018-11-27,1000000,Active
CU009024,Urban Development,Builder,R03,SR0093,WI Heights,WI,19577,2022-06-23,1000000,Active
CU009025,Evergreen LLC,Contractor,R03,SR0043,OH City,OH,20505,2022-10-02,1000000,Active
CU009026,Dream Builders,Contractor,R05,SR0175,OR City,OR,35020,2023-06-17,50000,Active
CU009027,Dream Group,Retailer,R01,SR0146,NJ Heights,NJ,62019,2022-05-18,100000,Active
CU009028,Atlas Homes,Distributor,R05,SR0110,CA Heights,CA,89486,2024-11-01,500000,Active
CU009029,Dream Builders,Builder,R02,SR0012,SC Heights,SC,51931,2024-09-20,500000,Active
CU009030,Home Homes,Contractor,R02,SR0147,FL City,FL,89164,2021-12-17,500000,Active
CU009031,Pioneer Supply,Distributor,R01,SR0066,CT City,CT,27050,2025-04-03,50000,Active
CU009032,Evergreen Group,Distributor,R03,SR0183,IL City,IL,20044,2017-01-31,1000000,Active
CU009033,Home Inc,Retailer,R04,SR0139,OK Metro,OK,47216,2021-02-12,25000,Active
CU009034,Home Development,Builder,R02,SR0052,FL City,FL,55365,2024-11-30,500000,Active
CU009035,Prime Inc,Distributor,R01,SR0171,MA Metro,MA,90096,2025-04-23,500000,Active
CU009036,Urban Construction,Retailer,R01,SR0111,PA Heights,PA,42161,2025-04-02,250000,Active
CU009037,Summit LLC,Retailer,R04,SR0199,AZ City,AZ,70262,2024-09-02,1000000,Active
CU009038,Skyline Group,Distributor,R03,SR0043,IL Heights,IL,41369,2019-04-15,1000000,Active
CU009039,Urban LLC,Contractor,R03,SR0113,OH City,OH,84158,2021-12-05,250000,Active
CU009040,Cornerstone Inc,Distributor,R02,SR0002,FL Heights,FL,19669,2023-02-02,25000,Active
CU009041,Atlas Builders,Contractor,R01,SR0071,NJ Heights,NJ,45953,2018-10-08,250000,Active
CU009042,Prime LLC,Contractor,R04,SR0024,OK Metro,OK,86763,2020-01-23,100000,Active
CU009043,Urban Inc,Contractor,R02,SR0087,NC Metro,NC,38146,2018-12-31,250000,Active
CU009044,Atlas LLC,Retailer,R05,SR0025,UT Metro,UT,,2019-12-07,100000,Active
CU009045,Metro Inc,Builder,R03,SR0183,IN Metro,IN,41545,2021-01-01,500000,Active
CU009046,Summit Inc,Retailer,R03,SR0008,MI Metro,MI,89097,2021-02-12,500000,Active
CU009047,Home Contracting,Contractor,R03,SR0153,IN Metro,IN,45080,2023-12-10,500000,Active
CU009048,Home Construction,Contractor,R03,SR0093,WI Metro,WI,58837,2023-11-28,100000,Active
CU009049,Dream Supply,Distributor,R04,SR0034,TX Metro,TX,26192,2022-12-23,500000,Active
CU009050,Pioneer LLC,Distributor,R01,SR0041,PA Heights,PA,73596,2024-03-19,250000,Active
CU009051,Pioneer Group,Contractor,R05,SR0020,OR Metro,OR,39718,2024-11-15,50000,Active
CU009052,Metro Builders,Retailer,R02,SR0047,SC Heights,SC,83157,2017-04-23,25000,Active
CU009053,Evergreen Supply,Retailer,R04,SR0139,OK Heights,OK,61160,2020-07-06,100000,Active
CU009054,Cornerstone Homes,Distributor,R05,SR0090,UT Metro,UT,62740,2020-02-04,500000,Active
CU009055,Cornerstone Builders,Retailer,R04,SR0049,AZ Metro,AZ,26377,2017-04-26,50000,Active
CU009056,Pioneer Materials,Contractor,R05,SR0065,CA City,CA,10501,2021-08-18,25000,Active
CU009057,Home Construction,Distributor,R05,SR0140,OR City,OR,90757,2021-01-05,25000,Active
CU009058,Metro Inc,Retailer,R02,SR0112,GA Metro,GA,49836,2023-05-05,500000,Active
CU009059,Summit Supply,Contractor,R01,SR0186,NJ Metro,NJ,49247,2021-07-27,50000,Active
CU009060,Skyline LLC,Distributor,R02,SR0162,TN City,TN,62742,2018-10-07,50000,Active
CU009061,Atlas Development,Retailer,R01,SR0186,NY Heights,NY,52675,2024-06-02,1000000,Active
CU009062,Urban Inc,Contractor,R05,SR0200,CA City,CA,65087,2020-05-10,250000,Active
CU009063,Cornerstone Supply,Distributor,R02,SR0052,FL City,FL,60342,2024-10-18,500000,Active
CU009064,Pioneer Group,Builder,R02,SR0032,GA Heights,GA,50516,2020-01-21,50000,Active
CU009065,Atlas Inc,Retailer,R01,SR0071,PA City,PA,69091,2025-01-20,250000,Active
CU009066,Cornerstone Supply,Distributor,R03,SR0063,IN Metro,IN,21646,2024-01-07,250000,Active
CU009067,Urban Materials,Builder,R03,SR0123,OH Metro,OH,48917,2024-06-18,500000,Active
CU009068,Build LLC,Contractor,R03,SR0113,MI Metro,MI,81711,2019-02-16,500000,Active
CU009069,Dream Materials,Retailer,R03,SR0123,OH Heights,OH,53656,2019-04-02,100000,Active
CU009070,Cornerstone Construction,Contractor,R02,SR0082,TN Metro,tn,75515,2021-07-14,500000,Active
CU009071,Skyline Development,Builder,R05,SR0165,CA Heights,CA,21507,2023-05-20,100000,Active
CU009072,Dream Inc,Distributor,R04,SR0144,NV Metro,NV,78631,2021-04-24,1000000,Active
CU009073,Metro Homes,Builder,R04,SR0149,AZ Metro,AZ,12812,2018-10-26,50000,Active
CU009074,Metro Builders,Contractor,R02,SR0047,NC Heights,NC,28919,2023-04-13,250000,Active
CU009075,Dream Homes,Distributor,R05,SR0095,WA City,WA,31470,2021-10-22,100000,Active
CU009076,Summit Materials,Contractor,R03,SR0193,IN Metro,IN,56580,2021-11-20,100000,Active
CU009077,Cornerstone LLC,Builder,R05,SR0110,UT Heights,UT,67406,2022-11-07,500000,Active
CU009078,Home Inc,Retailer,R01,SR0166,NJ City,NJ,32482,2025-03-23,100000,Active
CU009079,Home Builders,Contractor,R01,SR0116,CT City,CT,23641,2022-03-29,50000,Active
CU009080,Metro Supply,Distributor,R02,SR0022,TN City,TN,22495,2018-08-22,1000000,Active
CU009081,Pioneer Construction,Retailer,R02,SR0017,TN Metro,TN,66911,2024-09-20,1000000,Active
CU009082,Evergreen Homes,Retailer,R05,SR0050,OR Metro,OR,10357,2017-06-24,500000,Active
CU009083,Dream Materials,Builder,R03,SR0088,OH Metro,OH,62719,2023-04-20,100000,Active
CU009084,Prime Development,Distributor,R01,SR0146,CT City,CT,11319,2018-10-28,100000,Active
CU009085,Pioneer Development,Builder,R03,SR0188,MI City,MI,77750,2021-06-01,25000,Active
CU009086,Atlas Supply,Contractor,R03,SR0063,IN City,IN,30047,2024-02-18,25000,Active
CU009087,Build Homes,Builder,R03,SR0028,IL City,IL,81374,2024-10-17,100000,Active
CU009088,Dream Inc,Distributor,R01,SR0116,PA Heights,PA,93932,2023-06-11,25000,Active
CU009089,Summit Development,Builder,R01,SR0126,CT Heights,CT,,2021-08-05,50000,Active
CU009090,Atlas Supply,Distributor,R03,SR0013,MI Heights,MI,46327,2018-04-11,1000000,Active
CU009091,Pioneer Contracting,Retailer,R05,SR0160,OR Metro,OR,89166,2017-08-17,25000,Active
CU009092,Prime Construction,Retailer,R01,SR0021,NY Heights,NY,12343,2017-01-17,250000,Active
CU009093,Cornerstone Contracting,Contractor,R04,SR0089,NV Heights,NV,20250,2020-08-20,50000,Active
CU009094,Prime Contracting,Retailer,R05,SR0170,CO City,CO,63833,2021-01-17,500000,Active
CU009095,Build Homes,Builder,R02,SR0137,SC Heights,SC,13855,2022-10-30,25000,Active
CU009096,Skyline Inc,Retailer,R01,SR0166,NJ Heights,NJ,91827,2024-09-27,1000000,Active
CU009097,Dream Supply,Builder,R04,SR0184,AZ Heights,AZ,53472,2022-11-01,500000,Active
CU009098,Dream Materials,Distributor,R04,SR0079,TX City,TX,48748,2022-12-15,50000,Active
CU009099,Summit Development,Retailer,R03,SR0023,OH Metro,OH,95866,2018-04-15,1000000,Active
CU009100,Cornerstone Group,Retailer,R01,SR0031,PA Metro,PA,53178,2018-03-29,250000,Active
CU009101,Metro Contracting,Builder,R03,SR0138,IN Metro,in,98177,2019-02-23,25000,Active
CU009102,Atlas Builders,Distributor,R04,SR0074,OK City,OK,32623,2018-05-02,50000,Active
CU009103,Evergreen Group,Distributor,R05,SR0005,CA City,CA,74884,2023-11-22,25000,Active
CU009104,Pioneer Construction,Distributor,R03,SR0138,OH Heights,OH,78909,2022-06-05,500000,Active
CU009105,Urban Construction,Builder,R05,SR0130,CO Heights,CO,66021,2024-02-29,250000,Active
CU009106,Urban Construction,Builder,R05,SR0160,OR City,OR,37993,2020-04-28,100000,Active
CU009107,Prime Builders,Contractor,R02,SR0102,TN Metro,TN,60410,2024-04-07,250000,Active
CU009108,Skyline Contracting,Distributor,R02,SR0082,TN Metro,TN,50719,2022-01-06,500000,Active
CU009109,Prime Contracting,Retailer,R05,SR0055,CA Heights,CA,87614,2021-04-17,25000,Active
CU009110,Metro Construction,Distributor,R02,SR0012,SC Metro,SC,35872,2025-04-09,50000,Active
CU009111,Pioneer LLC,Contractor,R04,SR0024,AZ Heights,AZ,12700,2019-11-19,250000,Active
CU009112,Summit LLC,Builder,R03,SR0188,IL Heights,IL,99648,2018-05-29,25000,Active
CU009113,Cornerstone LLC,Contractor,R03,SR0198,IN City,IN,27504,2021-05-31,50000,Active
CU009114,Dream Materials,Builder,R01,SR0091,NY Heights,NY,85610,2018-07-02,500000,Active
CU009115,Evergreen Group,Retailer,R01,SR0176,CT Heights,CT,42774,2025-05-17,25000,Active
CU009116,Dream Development,Contractor,R04,SR0139,OK City,OK,54129,2023-11-19,25000,Active
CU009117,Evergreen Construction,Distributor,R03,SR0053,IN Metro,IN,55640,2019-06-17,50000,Active
CU009118,Atlas Materials,Contractor,R05,SR0200,CO City,CO,94894,2020-07-01,250000,Active
CU009119,Dream Materials,Contractor,R02,SR0117,SC Heights,SC,15631,2023-09-08,25000,Active
CU009120,Pioneer Supply,Builder,R04,SR0084,AZ Heights,AZ,75942,2020-05-23,25000,Active
CU009121,Summit Construction,Distributor,R02,SR0017,TN City,TN,92574,2018-03-27,100000,Active
CU009122,Home Supply,Builder,R04,SR0144,OK Heights,OK,22860,2020-04-10,25000,Active
CU009123,Prime Group,Retailer,R04,SR0104,OK Metro,OK,47584,2020-11-09,500000,Active
CU009124,Cornerstone Materials,Contractor,R03,SR0198,WI Metro,WI,21792,2018-07-22,50000,Active
CU009125,Home Inc,Builder,R03,SR0178,IN Heights,IN,60961,2022-05-11,250000,Active
CU009126,Evergreen Builders,Distributor,R05,SR0095,CA City,CA,25751,2019-05-01,25000,Active
CU009127,Metro Homes,Retailer,R03,SR0163,IL Heights,IL,67391,2019-06-28,250000,Active
CU009128,Evergreen Materials,Builder,R03,SR0158,MI Metro,MI,40667,2021-09-06,25000,Active
CU009129,Skyline Homes,Builder,R04,SR0144,OK City,OK,33189,2021-07-10,500000,Active
CU009130,Atlas Builders,Builder,R05,SR0130,WA Metro,WA,68535,2024-08-30,1000000,Active
CU009131,Summit Group,Builder,R01,SR0006,NY Heights,NY,44554,2018-06-20,500000,Active
CU009132,Prime Contracting,Builder,R04,SR0089,TX Heights,TX,36145,2020-03-19,25000,Active
CU009133,Cornerstone Homes,Builder,R03,SR0018,OH Metro,OH,44449,2021-07-02,1000000,Active
CU009134,Build Contracting,Retailer,R03,SR0078,OH City,OH,62493,2021-11-01,500000,Active
CU009135,Summit Contracting,Retailer,R02,SR0192,FL City,FL,64396,2020-07-28,50000,Active
CU009136,Skyline Supply,Builder,R04,SR0004,AZ Heights,AZ,77070,2020-01-29,1000000,Active
CU009137,Cornerstone Materials,Distributor,R01,SR0151,NJ Metro,NJ,96543,2017-04-24,50000,Active
CU009138,Dream Group,Builder,R04,SR0024,NV Metro,NV,85180,2022-12-12,100000,Active
CU009139,Metro Development,Retailer,R01,SR0061,MA Metro,MA,93023,2022-04-04,100000,Active
CU009140,Summit Group,Contractor,R04,SR0169,TX City,TX,98893,2021-03-09,500000,Active
CU009141,Urban Construction,Contractor,R01,SR0191,PA Heights,PA,93128,2018-03-14,50000,Active
CU009142,Summit LLC,Builder,R03,SR0133,IN Metro,IN,54854,2022-07-17,1000000,Active
CU009143,Home Development,Retailer,R04,SR0059,AZ Heights,AZ,99569,2022-07-05,25000,Active
CU009144,Home Group,Builder,R03,SR0058,IL Metro,IL,29171,2023-01-07,100000,Active
CU009145,Prime Development,Contractor,R05,SR0175,UT Heights,UT,33191,2023-08-24,1000000,Active
CU009146,Pioneer Homes,Contractor,R04,SR0094,TX Heights,TX,48062,2017-05-04,25000,Active
CU009147,Dream Homes,Retailer,R01,SR0121,MA Heights,MA,55378,2017-09-16,1000000,Active
CU009148,Dream Contracting,Retailer,R01,SR0136,NJ Heights,NJ,27159,2020-04-01,250000,Active
CU009149,Home Homes,Retailer,R05,SR0130,CO Heights,CO,81038,2023-11-25,1000000,Active
CU009150,Dream Group,Retailer,R04,SR0094,OK Heights,OK,58590,2022-03-23,500000,Active
CU009151,Cornerstone LLC,Contractor,R01,SR0116,MA Heights,MA,26906,2021-07-11,500000,Active
CU009152,Urban LLC,Retailer,R04,SR0184,AZ Metro,AZ,95441,2019-04-25,1000000,Active
CU009153,Atlas Supply,Builder,R01,SR0136,CT Heights,CT,73775,2022-03-13,250000,Active
CU009154,Prime Inc,Distributor,R05,SR0055,CO Heights,CO,64118,2023-03-26,100000,Active
CU009155,Metro Builders,Distributor,R04,SR0029,AZ Heights,AZ,49682,2019-11-18,100000,Active
CU009156,Skyline Builders,Contractor,R03,SR0113,OH Metro,OH,14231,2025-05-05,25000,Active
CU009157,Summit Supply,Distributor,R01,SR0151,NJ City,NJ,39832,2022-02-18,25000,Active
CU009158,Skyline Supply,Distributor,R04,SR0024,OK City,OK,27399,2017-02-07,1000000,Active
CU009159,Skyline Contracting,Distributor,R02,SR0122,TN Metro,TN,28618,2018-09-20,50000,Active
CU009160,Urban Supply,Distributor,R02,SR0107,TN Metro,TN,90654,2024-04-30,25000,Active
CU009161,Metro Homes,Retailer,R01,SR0031,PA Heights,PA,99997,2024-06-22,250000,Active
CU009162,Build Homes,Builder,R03,SR0183,IL City,IL,92579,2019-12-22,100000,Active
CU009163,Prime Development,Distributor,R01,SR0116,PA City,PA,44781,2020-07-06,1000000,Active
CU009164,Atlas Materials,Retailer,R02,SR0147,NC City,NC,26451,2021-11-01,100000,Active
CU009165,Evergreen Construction,Builder,R01,SR0091,CT Heights,CT,21348,2019-04-20,250000,Active
CU009166,Evergreen Builders,Builder,R04,SR0179,OK City,OK,54077,2023-02-23,1000000,Active
CU009167,Metro Materials,Builder,R03,SR0183,IL City,IL,98767,2021-07-05,100000,Active
CU009168,Urban LLC,Distributor,R02,SR0007,SC Metro,SC,58171,2017-05-08,25000,Active
CU009169,Atlas Development,Builder,R05,SR0150,CA City,CA,37397,2024-11-20,1000000,Active
CU009170,Cornerstone Materials,Retailer,R05,SR0115,CO City,CO,73268,2024-05-16,500000,Active
CU009171,Metro LLC,Contractor,R04,SR0189,TX City,TX,14222,2024-06-17,250000,Active
CU009172,Summit Builders,Builder,R03,SR0158,OH City,OH,68771,2024-03-24,25000,Active
CU009173,Atlas Supply,Contractor,R01,SR0156,MA Metro,MA,39086,2018-03-28,250000,Active
CU009174,Summit Group,Distributor,R04,SR0134,NV Heights,NV,72292,2018-03-12,25000,Active
CU009175,Build Builders,Distributor,R05,SR0180,CO City,CO,77302,2020-09-01,50000,Active
CU009176,Evergreen Inc,Retailer,R03,SR0123,MI Heights,MI,32113,2024-11-28,25000,Active
CU009177,Metro Materials,Distributor,R04,SR0169,OK Metro,OK,76832,2019-06-27,1000000,Active
CU009178,Atlas Homes,Distributor,R04,SR0069,AZ City,AZ,36581,2019-03-24,250000,Active
CU009179,Summit Inc,Retailer,R03,SR0133,MI Metro,MI,43613,2019-10-22,50000,Active
CU009180,Pioneer Construction,Distributor,R01,SR0076,NY City,NY,23356,2021-06-08,250000,Active
CU009181,Skyline Supply,Distributor,R01,SR0101,NJ City,NJ,11391,2017-01-03,50000,Active
CU009182,Atlas Development,Contractor,R01,SR0076,NJ City,NJ,41226,2017-11-21,500000,Active
CU009183,Summit Contracting,Contractor,R05,SR0195,CA City,CA,11640,2024-11-14,1000000,Active
CU009184,Metro Materials,Distributor,R05,SR0190,OR Heights,OR,67325,2022-06-20,1000000,Active
CU009185,Skyline Development,Builder,R03,SR0108,WI Heights,WI,83459,2022-02-21,25000,Active
CU009186,Summit LLC,Distributor,R02,SR0147,GA City,GA,31630,2018-12-06,250000,Active
CU009187,  Prime Builders ,Builder,R01,SR0086,CT Heights,CT,54798,2020-12-02,250000,Active
CU009188,Summit Group,Distributor,R04,SR0129,AZ Heights,AZ,71920,2025-06-05,500000,Active
CU009189,Summit Supply,Retailer,R01,SR0066,NY Heights,NY,43026,2018-11-15,100000,Active
CU009190,Atlas Group,Contractor,R02,SR0187,GA Metro,GA,22220,2019-08-02,1000000,Active
CU009191,Pioneer Contracting,Retailer,R02,SR0027,NC Metro,NC,59444,2021-04-11,250000,Active
CU009192,Summit Builders,Contractor,R02,SR0107,GA City,GA,86957,2024-03-12,1000000,Active
CU009193,Cornerstone Construction,Contractor,R02,SR0047,SC Metro,SC,92574,2018-01-21,50000,Active
CU009194,Prime Group,Builder,R01,SR0081,NY Metro,NY,58274,2025-01-15,50000,Active
CU009195,Atlas Builders,Retailer,R03,SR0053,OH City,OH,24887,2017-07-30,500000,Active
CU009196,Pioneer Development,Contractor,R01,SR0046,NY Metro,NY,47439,2022-08-27,25000,Active
CU009197,Summit Supply,Builder,R04,SR0044,NV Metro,NV,86254,2023-01-16,100000,Active
CU009198,Urban Construction,Retailer,R05,SR0055,CA Metro,CA,63461,2018-04-10,500000,Active
CU009199,Cornerstone Development,Builder,R05,SR0045,UT City,UT,32169,2022-10-23,1000000,Active
CU009200,Skyline Inc,Contractor,R05,SR0140,CO Metro,CO,77623,2019-05-30,500000,Active
CU009201,Build Inc,Contractor,R02,SR0022,NC Metro,NC,25993,2021-05-10,250000,Active
CU009202,Pioneer LLC,Contractor,R03,SR0063,WI Heights,WI,56869,2024-04-26,1000000,Active
CU009203,Home Builders,Distributor,R01,SR0186,CT Heights,CT,34131,2023-11-26,1000000,Active
CU009204,Prime Construction,Builder,R02,SR0002,TN City,TN,21587,2022-05-06,50000,Active
CU009205,Home Homes,Builder,R05,SR0120,CA Heights,CA,45609,2017-11-26,500000,Active
CU009206,Build Group,Contractor,R04,SR0049,NV Heights,NV,39015,2020-07-06,100000,Active
CU009207,Home Construction,Distributor,R05,SR0155,WA Heights,WA,35894,2020-03-02,50000,Active
CU009208,Dream Construction,Retailer,R04,SR0134,NM City,NM,42202,2024-06-13,100000,Active
CU009209,Build Inc,Contractor,R03,SR0093,WI City,WI,80905,2020-07-24,250000,Active
CU009210,Atlas Materials,Distributor,R05,SR0120,UT Metro,UT,18610,2024-07-01,100000,Active
CU009211,Urban Development,Distributor,R05,SR0015,UT City,UT,12508,2022-08-19,50000,Active
CU009212,Summit Development,Retailer,R01,SR0126,NJ Metro,NJ,25575,2022-08-24,25000,Active
CU009213,Prime Development,Contractor,R01,SR0161,NY City,NY,26525,2017-05-24,50000,Active
CU009214,Evergreen Contracting,Contractor,R05,SR0175,OR Metro,OR,60231,2017-03-18,100000,Active
CU009215,Evergreen Development,Retailer,R05,SR0115,OR Metro,OR,33931,2019-10-27,250000,Active
CU009216,Skyline Materials,Distributor,R03,SR0193,MI City,MI,58415,2018-08-03,25000,Active
CU009217,Metro Development,Retailer,R04,SR0079,TX Heights,TX,84209,2023-05-09,50000,Active
CU009218,Prime Group,Distributor,R05,SR0040,UT Metro,UT,26146,2020-07-12,25000,Active
CU009219,Cornerstone Builders,Builder,R04,SR0159,NV City,NV,72549,2020-12-07,50000,Active
CU009220,Home Inc,Distributor,R05,SR0005,OR Heights,OR,59705,2017-06-07,500000,Active
CU009221,Summit Homes,Builder,R01,SR0001,MA Metro,MA,30097,2023-06-09,500000,Active
CU009222,Cornerstone Development,Distributor,R04,SR0109,NV City,NV,89097,2025-05-27,25000,Active
CU009223,Build Construction,Distributor,R04,SR0134,NV Heights,NV,89686,2023-01-25,1000000,Active
CU009224,Home Inc,Builder,R04,SR0134,TX City,TX,45499,2024-05-17,1000000,Active
CU009225,Evergreen Construction,Contractor,R05,SR0195,CA City,CA,22871,2018-02-17,1000000,Active
CU009226,Skyline Homes,Distributor,R04,SR0069,NM Heights,NM,77659,2024-03-20,500000,Active
CU009227,Cornerstone Construction,Distributor,R03,SR0158,WI City,WI,64320,2020-06-11,50000,Active
CU009228,  Skyline Materials ,Contractor,R04,SR0084,NM City,NM,63857,2021-03-05,1000000,Active
CU009229,Home Supply,Retailer,R01,SR0076,NY Metro,NY,78122,2018-05-02,500000,Active
CU009230,Skyline Group,Contractor,R05,SR0105,OR Heights,OR,17483,2020-11-12,250000,Active
CU009231,Pioneer Supply,Retailer,R05,SR0110,UT Metro,UT,70784,2018-02-14,1000000,Active
CU009232,Dream Contracting,Contractor,R03,SR0048,IN Metro,IN,60738,2021-11-06,25000,Active
CU009233,Evergreen Inc,Contractor,R01,SR0016,MA Metro,MA,17954,2019-02-17,25000,Active
CU009234,Build Contracting,Contractor,R01,SR0041,PA Heights,PA,79603,2022-12-20,25000,Active
CU009235,Pioneer Materials,Distributor,R05,SR0155,WA Heights,WA,87741,2017-01-28,1000000,Active
CU009236,Prime Materials,Distributor,R02,SR0182,GA City,GA,20414,2019-12-20,500000,Active
CU009237,Skyline LLC,Builder,R04,SR0189,TX Heights,TX,35202,2019-01-07,50000,Active
CU009238,Evergreen Builders,Retailer,R05,SR0085,CO Metro,CO,23033,2021-07-07,1000000,Active
CU009239,Home Builders,Contractor,R04,SR0009,NV Metro,NV,94713,2021-04-02,500000,Active
CU009240,Skyline Contracting,Builder,R03,SR0013,OH Heights,OH,50945,2020-04-12,500000,Active
CU009241,Skyline Construction,Retailer,R01,SR0006,NJ City,NJ,48079,2021-10-09,500000,Active
CU009242,Home Development,Retailer,R02,SR0197,NC Heights,NC,52552,2020-11-25,100000,Active
CU009243,Metro Materials,Retailer,R05,SR0030,UT Heights,UT,50497,2023-10-15,500000,Active
CU009244,Evergreen Development,Distributor,R01,SR0041,NJ Metro,NJ,55938,2017-02-12,250000,Active
CU009245,Home Development,Retailer,R05,SR0025,OR City,OR,17133,2018-12-12,25000,Active
CU009246,Atlas Builders,Contractor,R02,SR0042,NC Metro,NC,41379,2025-04-19,100000,Active
CU009247,Atlas Inc,Retailer,R02,SR0057,SC Metro,SC,52222,2019-07-31,1000000,Active
CU009248,Evergreen Group,Contractor,R02,SR0072,SC City,SC,18468,2023-10-04,1000000,Active
CU009249,Atlas Materials,Builder,R05,SR0080,UT Heights,UT,47572,2020-07-20,250000,Active
CU009250,Summit Builders,Builder,R05,SR0190,CO Metro,CO,15699,2018-07-27,100000,Active
CU009251,Skyline Construction,Distributor,R05,SR0145,OR Heights,OR,46184,2021-04-21,500000,Active
CU009252,Home Group,Distributor,R05,SR0080,CA City,CA,21932,2020-08-21,50000,Active
CU009253,Metro Contracting,Contractor,R05,SR0170,CO City,CO,53964,2023-08-14,1000000,Active
CU009254,Skyline Development,Distributor,R02,SR0142,NC Heights,NC,79300,2018-05-26,250000,Active
CU009255,Pioneer Builders,Distributor,R05,SR0065,CO City,CO,37080,2021-08-24,1000000,Active
CU009256,Pioneer Construction,Distributor,R05,SR0085,CA Metro,CA,33007,2023-09-25,500000,Active
CU009257,Evergreen Contracting,Builder,R04,SR0084,TX City,TX,11246,2018-01-14,1000000,Active
CU009258,Home LLC,Distributor,R01,SR0121,NJ Heights,NJ,21261,2023-05-03,25000,Active
CU009259,Summit Supply,Contractor,R03,SR0053,MI Heights,MI,,2020-05-17,250000,Active
CU009260,Urban LLC,Builder,R01,SR0136,NJ City,NJ,68907,2018-06-09,100000,Active
CU009261,Build Homes,Contractor,R05,SR0040,OR Heights,OR,30055,2020-01-15,100000,Active
CU009262,Skyline LLC,Distributor,R02,SR0077,NC City,NC,68226,2020-11-26,25000,Active
CU009263,Build Homes,Retailer,R01,SR0106,NJ Metro,NJ,24186,2024-01-15,100000,Active
CU009264,Dream Homes,Builder,R03,SR0183,IL City,IL,67667,2017-02-28,250000,Active
CU009265,Cornerstone Inc,Distributor,R04,SR0114,NM Heights,NM,86085,2019-03-10,25000,Active
CU009266,Summit Builders,Builder,R04,SR0019,AZ Heights,AZ,82999,2020-08-19,50000,Active
CU009267,Metro Group,Contractor,R02,SR0037,TN City,TN,14114,2024-12-21,1000000,Active
CU009268,Skyline Development,Retailer,R02,SR0092,SC Heights,SC,38677,2024-11-23,25000,Active
CU009269,Skyline Supply,Builder,R05,SR0195,OR Heights,OR,67024,2023-04-09,50000,Active
CU009270,Build Construction,Retailer,R02,SR0047,FL Metro,FL,15716,2019-08-27,250000,Active
CU009271,Cornerstone LLC,Retailer,R04,SR0089,NV Heights,NV,79433,2018-05-09,1000000,Active
CU009272,Summit LLC,Retailer,R05,SR0025,CA Heights,CA,84895,2023-06-05,25000,Active
CU009273,Cornerstone Construction,Distributor,R02,SR0162,FL Metro,FL,32919,2022-05-20,50000,Active
CU009274,Cornerstone Group,Retailer,R03,SR0068,MI Heights,MI,57076,2023-04-24,25000,Active
CU009275,Pioneer Construction,Contractor,R02,SR0077,GA City,GA,93318,2025-05-25,500000,Active
CU009276,Atlas Group,Retailer,R03,SR0013,WI Metro,WI,27170,2022-09-06,1000000,Active
CU009277,Dream Homes,Builder,R05,SR0015,CA Metro,CA,55309,2017-04-13,500000,Active
CU009278,Cornerstone Group,Contractor,R03,SR0028,MI City,MI,13846,2017-08-05,100000,Active
CU009279,Summit Group,Distributor,R03,SR0083,IN Heights,IN,91907,2020-05-05,100000,Active
CU009280,Pioneer Contracting,Retailer,R01,SR0006,NY Heights,NY,59689,2023-11-19,50000,Active
CU009281,Evergreen Construction,Contractor,R05,SR0080,UT Metro,UT,82606,2022-12-14,50000,Active
CU009282,Pioneer Group,Contractor,R03,SR0173,IL Metro,IL,50745,2018-12-18,1000000,Active
CU009283,Prime Development,Distributor,R01,SR0001,NY City,NY,63129,2020-08-11,500000,Active
CU009284,Dream Contracting,Contractor,R04,SR0189,NM Heights,NM,94059,2021-04-14,50000,Active
CU009285,Home Homes,Retailer,R05,SR0120,CO Metro,CO,71988,2021-01-24,250000,Active
CU009286,Metro Inc,Distributor,R03,SR0043,WI Metro,WI,48470,2020-12-15,1000000,Active
CU009287,Pioneer Materials,Builder,R04,SR0179,OK Heights,OK,77646,2018-03-27,100000,Active
CU009288,Build LLC,Builder,R04,SR0154,NM Heights,NM,18423,2022-04-27,25000,Active
CU009289,Pioneer Materials,Retailer,R02,SR0022,GA City,GA,94265,2023-03-22,1000000,Active
CU009290,Summit Inc,Distributor,R02,SR0142,SC Metro,SC,49141,2017-02-02,1000000,Active
CU009291,Atlas Group,Builder,R04,SR0139,TX Heights,TX,11146,2021-05-25,50000,Active
CU009292,Home Construction,Distributor,R04,SR0079,OK City,OK,58300,2020-02-17,1000000,Active
CU009293,Metro Inc,Distributor,R01,SR0056,CT Metro,CT,84919,2017-10-20,50000,Active
CU009294,Cornerstone Development,Contractor,R03,SR0008,WI City,WI,30949,2024-04-05,250000,Active
CU009295,Atlas Homes,Contractor,R01,SR0171,MA Metro,MA,50670,2025-04-30,25000,Active
CU009296,Dream Supply,Contractor,R02,SR0067,TN Heights,TN,69233,2022-09-23,50000,Active
CU009297,Metro Construction,Distributor,R02,SR0157,NC Heights,NC,46929,2017-07-08,25000,Active
CU009298,Skyline Development,Builder,R02,SR0082,FL City,FL,37704,2018-05-21,500000,Active
CU009299,Build Supply,Distributor,R01,SR0066,NJ City,NJ,81426,2023-10-08,25000,Active
CU009300,Atlas Builders,Contractor,R01,SR0136,CT City,CT,35235,2024-09-20,100000,Active
CU009301,Urban Group,Builder,R02,SR0162,GA City,GA,90339,2021-09-15,50000,Active
CU009302,Pioneer Materials,Distributor,R02,SR0042,GA City,GA,41110,2022-08-16,250000,Active
CU009303,Dream LLC,Distributor,R03,SR0128,WI Metro,WI,48690,2017-06-27,25000,Active
CU009304,Home Contracting,Builder,R04,SR0104,OK City,OK,23197,2023-02-13,100000,Active
CU009305,Summit Builders,Contractor,R05,SR0030,UT City,UT,26199,2019-06-08,100000,Active
CU009306,  Urban Supply ,Builder,R03,SR0073,OH Heights,OH,23293,2018-10-13,25000,Active
CU009307,Prime Development,Retailer,R02,SR0052,FL Heights,FL,71132,2021-04-20,25000,Active
CU009308,Home Construction,Retailer,R02,SR0142,NC Heights,NC,51308,2024-10-21,1000000,Active
CU009309,Dream Materials,Builder,R02,SR0047,NC Metro,NC,57534,2020-11-01,500000,Active
CU009310,Evergreen Materials,Distributor,R04,SR0039,AZ City,AZ,44422,2021-08-30,100000,Active
CU009311,Pioneer Inc,Retailer,R04,SR0164,NM Metro,NM,63042,2025-01-16,100000,Active
CU009312,Cornerstone Construction,Builder,R01,SR0191,PA Metro,PA,76723,2019-11-20,50000,Active
CU009313,Build Contracting,Retailer,R02,SR0007,FL City,FL,78505,2021-05-11,250000,Active
CU009314,Urban Development,Builder,R02,SR0122,GA Heights,GA,51357,2020-03-30,100000,Active
CU009315,Metro Homes,Distributor,R02,SR0172,FL Metro,FL,92131,2019-02-03,25000,Active
CU009316,Dream Contracting,Retailer,R03,SR0083,IL City,IL,72085,2017-01-06,25000,Active
CU009317,Build LLC,Retailer,R02,SR0032,GA City,GA,25760,2018-09-02,1000000,Active
CU009318,Cornerstone Inc,Distributor,R01,SR0186,NJ City,NJ,65541,2025-03-21,25000,Active
CU009319,Metro Inc,Distributor,R05,SR0090,WA Metro,WA,25901,2024-03-14,250000,Active
CU009320,Cornerstone Construction,Builder,R04,SR0154,OK City,OK,68943,2021-12-22,25000,Active
CU009321,Summit LLC,Distributor,R04,SR0129,NV City,NV,62838,2024-03-10,25000,Active
CU009322,Home Materials,Distributor,R04,SR0154,NV City,NV,29241,2018-12-29,250000,Active
CU009323,Pioneer LLC,Contractor,R02,SR0102,SC Heights,SC,71233,2019-09-21,500000,Active
CU009324,Home Builders,Distributor,R03,SR0053,IL Heights,IL,12322,2025-02-01,50000,Active
CU009325,Metro Supply,Retailer,R01,SR0141,NJ Metro,NJ,98365,2017-06-05,500000,Active
CU009326,Evergreen Development,Distributor,R02,SR0002,SC Metro,SC,,2025-06-02,500000,Active
CU009327,Metro LLC,Distributor,R04,SR0009,NM Heights,NM,17190,2020-03-03,500000,Active
CU009328,Metro Construction,Retailer,R04,SR0049,OK Heights,OK,74774,2018-02-20,250000,Active
CU009329,Atlas Supply,Retailer,R04,SR0119,NM Metro,NM,57921,2019-07-30,50000,Active
CU009330,Evergreen Group,Distributor,R02,SR0022,SC Metro,SC,24028,2022-11-09,100000,Active
CU009331,Skyline Contracting,Retailer,R04,SR0144,NM Heights,NM,89879,2022-06-28,250000,Active
CU009332,Dream Group,Contractor,R03,SR0173,WI City,WI,66159,2018-10-12,500000,Active
CU009333,Dream Development,Distributor,R02,SR0117,NC City,NC,91918,2024-12-12,100000,Active
CU009334,Summit LLC,Contractor,R05,SR0190,OR Metro,OR,86361,2017-09-17,100000,Active
CU009335,Metro LLC,Contractor,R04,SR0079,NV City,NV,66491,2022-08-27,100000,Active
CU009336,Build LLC,Distributor,R03,SR0158,IN City,IN,57074,2020-01-21,25000,Active
CU009337,Atlas Builders,Retailer,R02,SR0137,NC Heights,NC,90982,2017-09-25,250000,Active
CU009338,Dream Homes,Contractor,R04,SR0124,AZ Metro,AZ,86017,2024-02-29,50000,Active
CU009339,Atlas LLC,Retailer,R04,SR0164,OK City,OK,99663,2018-03-16,1000000,Active
CU009340,Dream Homes,Distributor,R01,SR0061,PA City,PA,63274,2023-01-30,500000,Active
CU009341,Prime Construction,Distributor,R05,SR0185,CO City,CO,60892,2017-05-19,25000,Active
CU009342,Evergreen Inc,Contractor,R01,SR0096,PA City,PA,82903,2019-04-30,1000000,Active
CU009343,Cornerstone Homes,Builder,R05,SR0120,WA City,WA,53934,2018-11-19,500000,Active
CU009344,Skyline Contracting,Distributor,R01,SR0151,PA Metro,PA,88776,2017-08-09,1000000,Active
CU009345,Evergreen LLC,Builder,R04,SR0109,TX Metro,TX,33281,2023-08-25,1000000,Active
CU009346,Metro Construction,Contractor,R01,SR0016,CT Metro,CT,99535,2018-04-29,1000000,Active
CU009347,Prime Inc,Builder,R03,SR0103,WI Metro,WI,52774,2022-04-03,500000,Active
CU009348,Metro Contracting,Distributor,R02,SR0087,FL Heights,FL,56878,2017-02-25,25000,Active
CU009349,Cornerstone Supply,Contractor,R04,SR0189,NM City,NM,68643,2021-01-18,1000000,Active
CU009350,Pioneer Builders,Retailer,R03,SR0053,IL Heights,IL,90165,2023-10-22,250000,Active
CU009351,Skyline Construction,Builder,R03,SR0088,IL City,IL,38320,2024-02-27,25000,Active
CU009352,Skyline Construction,Retailer,R05,SR0125,WA Heights,WA,43469,2021-03-05,1000000,Active
CU009353,Pioneer Group,Retailer,R04,SR0019,AZ Metro,AZ,52579,2018-10-16,50000,Active
CU009354,Metro Development,Builder,R05,SR0140,UT Metro,UT,48344,2021-11-29,25000,Active
CU009355,Skyline Homes,Builder,R03,SR0008,IL Metro,IL,89820,2019-02-20,1000000,Active
CU009356,Build Builders,Distributor,R01,SR0136,NJ Metro,NJ,33166,2024-09-05,100000,Active
CU009357,Dream Contracting,Retailer,R04,SR0049,AZ City,AZ,45893,2018-08-26,25000,Active
CU009358,Build Development,Builder,R04,SR0079,OK Heights,OK,38284,2024-10-15,500000,Active
CU009359,Cornerstone Homes,Distributor,R03,SR0153,IN City,IN,66215,2017-03-03,100000,Active
CU009360,Summit Builders,Retailer,R02,SR0187,NC Metro,NC,54181,2024-09-23,250000,Active
CU009361,Cornerstone Contracting,Contractor,R01,SR0051,PA City,PA,57663,2023-12-18,500000,Active
CU009362,Atlas Construction,Contractor,R05,SR0150,OR Heights,OR,36722,2021-06-29,1000000,Active
CU009363,Evergreen Contracting,Retailer,R04,SR0129,NV Heights,NV,56000,2021-07-18,100000,Active
CU009364,Home Contracting,Retailer,R04,SR0159,NV Metro,NV,73830,2022-04-29,25000,Active
CU009365,Summit Inc,Distributor,R03,SR0193,OH Metro,OH,49399,2025-03-12,1000000,Active
CU009366,Metro Builders,Distributor,R01,SR0026,NJ Metro,NJ,53901,2019-08-26,50000,Active
CU009367,Urban Builders,Distributor,R03,SR0108,IL Heights,IL,47837,2020-01-26,100000,Active
CU009368,Summit Materials,Distributor,R02,SR0052,TN Heights,TN,66135,2019-12-03,25000,Active
CU009369,Skyline LLC,Builder,R01,SR0146,PA City,PA,95720,2023-02-09,50000,Active
CU009370,Atlas Supply,Builder,R04,SR0164,NM Heights,NM,99767,2024-03-23,50000,Active
CU009371,Skyline Builders,Retailer,R01,SR0026,MA Heights,MA,30107,2019-06-24,25000,Active
CU009372,Urban Inc,Retailer,R05,SR0195,CA City,CA,63146,2020-03-29,25000,Active
CU009373,Urban Materials,Retailer,R03,SR0013,IN Heights,IN,96713,2017-11-01,1000000,Active
CU009374,Home Materials,Retailer,R04,SR0009,OK Metro,OK,20978,2023-03-25,25000,Active
CU009375,Skyline Contracting,Builder,R04,SR0089,AZ Heights,AZ,48882,2023-01-27,1000000,Active
CU009376,Cornerstone Construction,Distributor,R05,SR0115,UT City,UT,11349,2017-11-20,25000,Active
CU009377,Evergreen Inc,Distributor,R03,SR0158,MI Heights,MI,30969,2018-02-03,500000,Active
CU009378,Cornerstone Contracting,Retailer,R03,SR0023,IL Metro,IL,26735,2020-08-28,250000,Active
CU009379,Evergreen Materials,Distributor,R02,SR0072,TN Heights,TN,,2024-11-26,25000,Active
CU009380,Home Contracting,Builder,R04,SR0054,AZ City,AZ,79339,2022-01-08,25000,Active
CU009381,Atlas Homes,Contractor,R03,SR0088,IN Heights,IN,20948,2018-08-20,250000,Active
CU009382,Dream Development,Retailer,R03,SR0023,IL Metro,IL,29403,2023-10-18,250000,Active
CU009383,Build Development,Distributor,R02,SR0037,GA Heights,GA,16858,2023-07-06,500000,Active
CU009384,Atlas Inc,Distributor,R01,SR0036,NY City,NY,22631,2021-03-12,100000,Active
CU009385,Summit Contracting,Builder,R04,SR0079,TX City,TX,98382,2018-03-16,25000,Active
CU009386,Urban Contracting,Contractor,R02,SR0177,GA Metro,GA,16363,2023-08-29,1000000,Active
CU009387,Pioneer Materials,Distributor,R04,SR0109,NV Metro,NV,12520,2019-08-23,25000,Active
CU009388,Home Development,Contractor,R03,SR0043,WI Heights,WI,66986,2019-07-18,1000000,Active
CU009389,Urban Group,Builder,R05,SR0110,OR City,OR,52328,2019-03-30,50000,Active
CU009390,Build Materials,Retailer,R04,SR0164,OK Metro,OK,32065,2025-04-11,1000000,Active
CU009391,Urban Group,Contractor,R01,SR0186,CT Metro,CT,11737,2022-08-21,250000,Active
CU009392,Cornerstone Development,Builder,R03,SR0023,OH Heights,oh,51413,2025-03-24,500000,Active
CU009393,Skyline Group,Retailer,R01,SR0086,MA City,MA,85618,2021-04-30,1000000,Active
CU009394,Summit Supply,Distributor,R05,SR0105,OR City,OR,74759,2020-06-18,500000,Active
CU009395,Urban Group,Builder,R01,SR0071,PA Heights,PA,21038,2021-09-03,25000,Active
CU009396,Build Construction,Retailer,R01,SR0081,MA Metro,MA,82170,2019-12-01,500000,Active
CU009397,Atlas Homes,Distributor,R04,SR0119,OK Heights,OK,20633,2023-01-23,1000000,Active
CU009398,Build Contracting,Contractor,R01,SR0181,PA Metro,PA,11272,2022-06-01,1000000,Active
CU009399,Cornerstone Contracting,Distributor,R05,SR0175,OR Heights,OR,71094,2025-03-18,50000,Active
CU009400,Evergreen Contracting,Retailer,R03,SR0043,WI Heights,WI,14568,2023-04-08,25000,Active
CU009401,Metro Homes,Contractor,R01,SR0096,NJ Metro,NJ,67745,2021-06-08,1000000,Active
CU009402,Prime Inc,Builder,R04,SR0084,NV City,NV,79653,2019-09-08,500000,Active
CU009403,Urban Homes,Retailer,R05,SR0055,CA City,CA,17439,2023-09-14,50000,Active
CU009404,Metro Construction,Contractor,R04,SR0129,NV City,NV,19816,2018-04-25,50000,Active
CU009405,Dream Development,Builder,R05,SR0065,UT Heights,UT,78101,2021-11-17,50000,Active
CU009406,Metro LLC,Builder,R05,SR0025,UT City,UT,98682,2024-09-08,50000,Active
CU009407,Metro Supply,Distributor,R02,SR0082,FL Metro,FL,50075,2023-01-14,25000,Active
CU009408,Dream Inc,Builder,R05,SR0075,CO Heights,CO,61111,2025-05-05,500000,Active
CU009409,Home LLC,Builder,R03,SR0033,WI Heights,WI,48831,2019-12-17,1000000,Active
CU009410,Atlas Supply,Distributor,R02,SR0067,GA Heights,ga,73454,2023-05-28,500000,Active
CU009411,Build Materials,Distributor,R01,SR0051,PA Heights,PA,71566,2022-08-17,250000,Active
CU009412,Home Homes,Distributor,R03,SR0078,MI Metro,MI,83040,2024-08-31,25000,Active
CU009413,Dream Construction,Builder,R01,SR0131,MA Metro,MA,69469,2017-09-07,50000,Active
CU009414,Build LLC,Builder,R05,SR0160,CA Metro,CA,76658,2023-04-28,500000,Active
CU009415,Cornerstone Group,Builder,R02,SR0052,FL Heights,FL,32123,2018-06-10,50000,Active
CU009416,Pioneer Inc,Builder,R02,SR0197,NC Heights,NC,60496,2019-02-20,50000,Active
CU009417,Summit Supply,Retailer,R01,SR0106,NJ Metro,NJ,33711,2024-05-25,1000000,Active
CU009418,Build Builders,Distributor,R01,SR0041,CT Heights,CT,,2024-09-14,500000,Active
CU009419,Dream Materials,Distributor,R04,SR0019,NV Heights,NV,84573,2019-05-13,250000,Active
CU009420,Pioneer Group,Distributor,R03,SR0018,OH City,OH,42632,2017-02-13,50000,Active
CU009421,Atlas Materials,Builder,R04,SR0149,OK Metro,OK,10164,2018-01-23,100000,Active
CU009422,Skyline Group,Distributor,R03,SR0043,IN City,IN,90452,2021-11-23,1000000,Active
CU009423,Pioneer Contracting,Contractor,R02,SR0192,SC Heights,SC,34840,2024-02-28,25000,Active
CU009424,Home Development,Retailer,R04,SR0104,NV City,NV,96258,2024-06-10,1000000,Active
CU009425,Evergreen Homes,Distributor,R03,SR0063,OH Heights,OH,61287,2018-05-01,250000,Active
CU009426,Summit Materials,Builder,R02,SR0127,NC City,NC,42927,2019-05-03,100000,Active
CU009427,Evergreen Group,Builder,R01,SR0051,NJ City,NJ,75728,2017-05-30,1000000,Active
CU009428,Home Development,Distributor,R01,SR0091,MA City,MA,96421,2022-03-22,50000,Active
CU009429,Urban Inc,Distributor,R01,SR0171,PA Metro,PA,33269,2017-08-10,250000,Active
CU009430,Build Development,Builder,R02,SR0187,SC City,SC,31963,2019-10-24,50000,Active
CU009431,Home LLC,Distributor,R04,SR0094,TX Heights,TX,49781,2019-11-14,250000,Active
CU009432,Dream Homes,Contractor,R04,SR0089,NM Metro,NM,24547,2022-11-23,500000,Active
CU009433,Urban Group,Retailer,R05,SR0085,UT Heights,UT,77398,2018-01-01,25000,Active
CU009434,Metro LLC,Builder,R01,SR0176,NJ Metro,NJ,76809,2019-11-28,500000,Active
CU009435,Evergreen Homes,Contractor,R05,SR0115,CA Metro,CA,63435,2023-05-20,250000,Active
CU009436,Cornerstone Contracting,Builder,R02,SR0022,TN City,TN,11994,2019-12-10,1000000,Active
CU009437,Urban Builders,Contractor,R03,SR0063,IL Heights,IL,95323,2024-07-16,50000,Active
CU009438,Prime Construction,Distributor,R03,SR0083,MI City,MI,23812,2022-09-04,50000,Active
CU009439,Prime Construction,Builder,R01,SR0051,CT Metro,ct,61150,2022-05-07,500000,Active
CU009440,Home Supply,Builder,R02,SR0077,FL Metro,FL,29617,2025-04-25,100000,Active
CU009441,Evergreen Builders,Contractor,R05,SR0040,OR Heights,OR,85273,2022-03-21,25000,Active
CU009442,Urban LLC,Retailer,R02,SR0107,FL Heights,FL,38042,2020-03-20,25000,Active
CU009443,Metro LLC,Contractor,R01,SR0091,CT Metro,CT,35839,2022-11-21,250000,Active
CU009444,Atlas Inc,Distributor,R02,SR0132,FL Heights,FL,40945,2017-04-25,500000,Active
CU009445,Dream Supply,Distributor,R02,SR0137,SC City,SC,85595,2018-10-01,50000,Active
CU009446,Evergreen LLC,Builder,R05,SR0200,WA Heights,WA,11234,2024-12-15,1000000,Active
CU009447,Home Materials,Contractor,R01,SR0056,CT Metro,CT,79193,2025-05-02,100000,Active
CU009448,Build Contracting,Distributor,R04,SR0169,AZ Metro,AZ,69526,2021-02-15,1000000,Active
CU009449,Pioneer Supply,Distributor,R04,SR0109,AZ City,AZ,20529,2022-07-26,250000,Active
CU009450,Prime Construction,Retailer,R03,SR0143,WI Heights,WI,67800,2023-02-24,25000,Active
CU009451,Urban LLC,Builder,R02,SR0012,NC City,NC,20591,2021-03-11,100000,Active
CU009452,Pioneer Materials,Builder,R03,SR0113,OH Metro,OH,72544,2018-06-20,500000,Active
CU009453,Atlas Contracting,Retailer,R04,SR0049,NV Metro,NV,94769,2022-05-04,25000,Active
CU009454,Build Contracting,Retailer,R05,SR0055,CO Heights,CO,92833,2019-06-05,250000,Active
CU009455,Pioneer Homes,Builder,R02,SR0007,GA Heights,GA,45971,2021-05-09,100000,Active
CU009456,Summit Group,Retailer,R01,SR0151,CT Metro,CT,74368,2023-10-03,500000,Active
CU009457,Pioneer Materials,Contractor,R05,SR0030,CO City,CO,57714,2024-11-11,250000,Active
CU009458,Home Builders,Builder,R04,SR0139,TX Metro,TX,13058,2023-01-19,250000,Active
CU009459,Prime LLC,Retailer,R05,SR0130,CA Metro,CA,47665,2022-08-03,50000,Active
CU009460,Summit Supply,Distributor,R03,SR0033,WI City,WI,89064,2021-08-04,500000,Active
CU009461,Pioneer Supply,Builder,R05,SR0140,UT City,UT,93227,2023-05-18,25000,Active
CU009462,Dream Materials,Contractor,R01,SR0146,CT Heights,CT,52036,2021-10-25,50000,Active
CU009463,Atlas Construction,Retailer,R01,SR0081,MA Metro,MA,71946,2020-05-26,1000000,Active
CU009464,Build Development,Contractor,R05,SR0015,UT Metro,UT,46151,2019-08-22,250000,Active
CU009465,Cornerstone Materials,Retailer,R03,SR0188,MI Heights,MI,86139,2023-04-27,250000,Active
CU009466,Urban Inc,Builder,R04,SR0109,TX City,TX,34414,2024-03-13,100000,Active
CU009467,Prime Builders,Builder,R02,SR0172,TN Metro,TN,52443,2024-04-21,1000000,Active
CU009468,Metro Supply,Retailer,R05,SR0115,CA City,CA,94076,2023-08-20,25000,Active
CU009469,Prime Construction,Builder,R01,SR0121,MA Heights,MA,47435,2023-11-19,1000000,Active
CU009470,Prime Construction,Distributor,R05,SR0140,WA City,WA,96844,2023-01-03,25000,Active
CU009471,  Metro Group ,Contractor,R02,SR0102,TN Heights,TN,52765,2024-08-02,250000,Active
CU009472,Cornerstone Construction,Distributor,R01,SR0106,NY Metro,NY,39829,2018-10-05,1000000,Active
CU009473,Summit Group,Contractor,R04,SR0119,NM Heights,NM,18056,2024-12-26,100000,Active
CU009474,Cornerstone Development,Retailer,R04,SR0014,TX Metro,TX,67086,2021-06-08,500000,Active
CU009475,Atlas Development,Builder,R04,SR0009,NM Heights,NM,38568,2019-04-02,1000000,Active
CU009476,Evergreen Materials,Builder,R05,SR0015,OR Heights,OR,21246,2018-09-24,250000,Active
CU009477,Summit Development,Contractor,R03,SR0043,IL City,IL,,2024-04-11,100000,Active
CU009478,Dream Materials,Retailer,R03,SR0013,IL Heights,IL,84405,2017-11-23,1000000,Active
CU009479,Pioneer Contracting,Builder,R02,SR0027,SC Heights,SC,78619,2017-01-02,250000,Active
CU009480,Metro Supply,Contractor,R04,SR0044,NV City,NV,24863,2022-01-17,100000,Active
CU009481,Cornerstone Builders,Distributor,R02,SR0162,GA Heights,GA,77677,2023-03-06,250000,Active
CU009482,Pioneer Homes,Contractor,R02,SR0137,GA City,GA,69022,2025-04-06,500000,Active
CU009483,Atlas Contracting,Retailer,R02,SR0037,SC Heights,SC,11130,2022-01-02,250000,Active
CU009484,Urban Contracting,Retailer,R04,SR0159,AZ City,AZ,77716,2017-08-12,1000000,Active
CU009485,Cornerstone Construction,Contractor,R05,SR0190,CO Metro,CO,15569,2024-02-19,500000,Active
CU009486,Evergreen Materials,Retailer,R04,SR0194,NV City,NV,82578,2019-01-20,25000,Active
CU009487,Cornerstone Group,Contractor,R03,SR0133,MI Metro,MI,29632,2023-08-13,250000,Active
CU009488,Build Contracting,Contractor,R01,SR0171,PA City,PA,79687,2023-12-05,1000000,Active
CU009489,Atlas Builders,Retailer,R01,SR0131,CT City,CT,60849,2019-09-13,25000,Active
CU009490,Pioneer Construction,Distributor,R05,SR0045,OR City,OR,66794,2017-11-29,50000,Active
CU009491,Atlas Materials,Distributor,R02,SR0152,GA Metro,GA,87462,2024-10-15,250000,Active
CU009492,Evergreen Materials,Retailer,R03,SR0198,WI City,WI,74521,2021-06-10,25000,Active
CU009493,Pioneer Materials,Builder,R03,SR0148,WI Heights,wi,70065,2022-10-31,50000,Active
CU009494,Atlas Inc,Retailer,R01,SR0156,CT Heights,CT,34935,2025-05-06,100000,Active
CU009495,Skyline Builders,Contractor,R05,SR0070,UT Metro,UT,50055,2025-01-13,500000,Active
CU009496,Summit LLC,Retailer,R05,SR0060,CO Heights,CO,18231,2019-02-15,25000,Active
CU009497,Skyline LLC,Contractor,R01,SR0091,NY Metro,NY,67174,2023-04-17,250000,Active
CU009498,Evergreen Construction,Retailer,R01,SR0026,NY Metro,NY,14865,2022-10-25,500000,Active
CU009499,Pioneer Materials,Builder,R03,SR0013,IL Heights,IL,66942,2020-04-17,25000,Active
CU009500,Urban Inc,Contractor,R02,SR0002,SC Heights,SC,16950,2020-08-10,50000,Active
CU009501,Dream Inc,Distributor,R02,SR0162,FL City,FL,63765,2018-08-16,500000,Active
CU009502,Build Development,Distributor,R01,SR0081,NY City,NY,93865,2018-02-05,100000,Active
CU009503,Dream Supply,Contractor,R01,SR0196,PA Heights,PA,63910,2020-08-26,25000,Active
CU009504,Urban Contracting,Distributor,R04,SR0139,NV Heights,NV,,2020-06-18,100000,Active
CU009505,Home Group,Retailer,R04,SR0014,NV Heights,NV,43007,2019-12-18,250000,Active
CU009506,Cornerstone Homes,Builder,R01,SR0061,CT City,CT,29418,2021-08-03,1000000,Active
CU009507,Prime Homes,Retailer,R01,SR0096,MA Metro,MA,11438,2019-07-30,1000000,Active
CU009508,Pioneer Builders,Retailer,R05,SR0085,UT Metro,UT,60486,2022-11-29,250000,Active
CU009509,Metro LLC,Retailer,R01,SR0076,PA Metro,PA,55178,2021-07-18,100000,Active
CU009510,  Metro Contracting ,Contractor,R01,SR0011,PA Metro,PA,84401,2019-05-15,500000,Active
CU009511,Urban Materials,Builder,R01,SR0031,CT Heights,CT,81123,2023-05-18,50000,Active
CU009512,Cornerstone Supply,Builder,R01,SR0166,CT Heights,CT,93854,2022-08-30,25000,Active
CU009513,Atlas Development,Distributor,R04,SR0084,NM Heights,NM,63056,2024-05-11,100000,Active
CU009514,Urban Group,Distributor,R01,SR0106,PA City,PA,41618,2020-12-02,500000,Active
CU009515,Pioneer Inc,Contractor,R01,SR0021,NY Metro,NY,47670,2019-09-09,1000000,Active
CU009516,Dream LLC,Retailer,R01,SR0111,NJ Heights,NJ,10087,2022-02-21,50000,Active
CU009517,Skyline Homes,Contractor,R01,SR0156,PA City,PA,78798,2020-03-14,250000,Active
CU009518,Home Group,Builder,R03,SR0063,IL Heights,IL,17075,2021-06-21,500000,Active
CU009519,Metro Inc,Distributor,R05,SR0060,UT City,UT,71292,2023-06-30,50000,Active
CU009520,Urban LLC,Retailer,R04,SR0129,TX City,TX,37880,2023-12-12,250000,Active
CU009521,Urban Materials,Retailer,R01,SR0111,MA Metro,MA,17498,2024-03-16,500000,Active
CU009522,Build Supply,Retailer,R05,SR0095,CO City,CO,10258,2017-10-11,250000,Active
CU009523,Atlas Contracting,Builder,R05,SR0110,CA Metro,CA,13916,2024-03-18,500000,Active
CU009524,Summit Supply,Builder,R01,SR0011,MA Heights,MA,65979,2024-12-02,500000,Active
CU009525,Cornerstone Homes,Contractor,R01,SR0146,NY City,NY,31274,2020-12-09,25000,Active
CU009526,Urban Contracting,Retailer,R04,SR0154,NV Heights,NV,18162,2022-08-29,50000,Active
CU009527,Home Builders,Retailer,R05,SR0095,CO Metro,CO,84947,2021-11-24,500000,Active
CU009528,Skyline Supply,Contractor,R02,SR0142,GA Heights,GA,55459,2025-03-19,500000,Active
CU009529,Dream Homes,Contractor,R01,SR0011,MA City,MA,59555,2018-07-16,250000,Active
CU009530,Home Supply,Distributor,R02,SR0127,FL City,FL,59860,2020-01-11,500000,Active
CU009531,Evergreen LLC,Distributor,R05,SR0045,CO Heights,CO,52241,2020-12-28,250000,Active
CU009532,Build Homes,Builder,R05,SR0125,WA City,WA,69640,2023-02-24,50000,Active
CU009533,Atlas LLC,Contractor,R02,SR0032,TN Heights,TN,60806,2021-03-20,50000,Active
CU009534,Dream Contracting,Contractor,R03,SR0118,IN Heights,IN,73794,2022-01-17,25000,Active
CU009535,Atlas Development,Distributor,R05,SR0085,CA Metro,CA,22404,2019-08-26,250000,Active
CU009536,Home Supply,Distributor,R05,SR0150,CO City,CO,69481,2018-09-15,250000,Active
CU009537,Dream Development,Builder,R01,SR0106,CT City,CT,59789,2021-06-12,500000,Active
CU009538,Skyline Inc,Builder,R04,SR0169,NV City,NV,43707,2024-03-09,50000,Active
CU009539,Pioneer Inc,Builder,R02,SR0012,TN City,TN,42341,2021-01-15,250000,Active
CU009540,Atlas LLC,Contractor,R05,SR0105,OR City,OR,66049,2017-02-27,50000,Active
CU009541,Metro Inc,Retailer,R04,SR0139,TX City,TX,99489,2018-04-21,50000,Active
CU009542,Skyline Group,Builder,R02,SR0092,FL City,FL,65617,2018-10-28,500000,Active
CU009543,Evergreen Homes,Builder,R04,SR0054,NM City,NM,61590,2017-05-09,1000000,Active
CU009544,Cornerstone Group,Distributor,R03,SR0018,IN Heights,IN,70768,2018-06-29,1000000,Active
CU009545,Home Homes,Contractor,R02,SR0097,NC Metro,NC,12830,2024-07-17,500000,Active
CU009546,Dream Supply,Distributor,R01,SR0026,NY City,NY,54127,2021-02-06,100000,Active
CU009547,Build Supply,Builder,R01,SR0031,NY Heights,NY,42772,2018-08-29,500000,Active
CU009548,Pioneer LLC,Distributor,R02,SR0102,NC Heights,NC,73598,2019-03-22,250000,Active
CU009549,Urban Contracting,Distributor,R05,SR0175,WA Heights,WA,46877,2025-03-13,500000,Active
CU009550,Dream Construction,Retailer,R02,SR0032,FL City,FL,52448,2017-03-22,50000,Active
CU009551,Home Homes,Distributor,R01,SR0136,NJ Heights,NJ,72596,2017-12-29,500000,Active
CU009552,Skyline Group,Contractor,R04,SR0099,NV City,NV,43142,2024-12-13,1000000,Active
CU009553,Home Supply,Builder,R03,SR0043,IL Metro,IL,40581,2021-11-01,100000,Active
CU009554,Summit LLC,Distributor,R02,SR0017,SC Heights,SC,69708,2019-08-25,50000,Active
CU009555,Metro Development,Contractor,R01,SR0156,NY City,NY,41829,2024-09-03,25000,Active
CU009556,Home Development,Builder,R04,SR0134,TX Heights,Texas,91582,2019-11-07,25000,Active
CU009557,Skyline LLC,Builder,R04,SR0024,TX Heights,TX,55937,2018-01-27,250000,Active
CU009558,Build Development,Distributor,R03,SR0198,MI Heights,MI,78283,2024-05-08,50000,Active
CU009559,Atlas Materials,Builder,R04,SR0164,OK City,OK,46861,2022-01-26,25000,Active
CU009560,Build Homes,Contractor,R01,SR0046,NJ Heights,NJ,44819,2020-06-20,500000,Active
CU009561,Cornerstone Group,Builder,R02,SR0047,TN Metro,TN,55850,2024-07-24,100000,Active
CU009562,Skyline Development,Distributor,R03,SR0053,MI Metro,MI,52501,2024-08-01,500000,Active
CU009563,Build Builders,Contractor,R04,SR0104,NM Metro,NM,31723,2019-08-22,100000,Active
CU009564,Atlas Development,Distributor,R01,SR0101,NY City,NY,24408,2024-09-09,100000,Active
CU009565,Build Supply,Distributor,R05,SR0065,OR City,OR,11223,2024-03-17,50000,Active
CU009566,Prime Supply,Retailer,R03,SR0048,OH City,OH,11855,2020-06-16,25000,Active
CU009567,Prime Group,Builder,R01,SR0031,PA Heights,PA,92773,2023-11-25,250000,Active
CU009568,Urban LLC,Contractor,R05,SR0120,WA Heights,WA,22780,2019-03-01,50000,Active
CU009569,Cornerstone Construction,Contractor,R04,SR0089,NM Heights,NM,56779,2024-03-15,25000,Active
CU009570,Pioneer Builders,Builder,R04,SR0039,AZ Metro,AZ,28355,2025-01-17,25000,Active
CU009571,Urban Builders,Retailer,R01,SR0171,MA Heights,MA,62608,2020-05-26,500000,Active
CU009572,Urban Builders,Distributor,R05,SR0135,WA Metro,WA,15290,2023-06-24,1000000,Active
CU009573,Urban Homes,Retailer,R04,SR0139,NM Metro,NM,27526,2019-06-02,50000,Active
CU009574,Home Supply,Contractor,R03,SR0183,MI City,MI,21673,2017-07-16,250000,Active
CU009575,Prime Construction,Contractor,R04,SR0194,TX Heights,TX,69167,2025-05-21,50000,Active
CU009576,Summit Construction,Contractor,R05,SR0070,WA Heights,WA,44460,2025-01-30,500000,Active
CU009577,Urban Development,Contractor,R05,SR0135,CA City,CA,40817,2021-04-07,500000,Active
CU009578,Metro LLC,Distributor,R01,SR0166,MA Metro,MA,69990,2022-02-05,25000,Active
CU009579,Prime Supply,Distributor,R02,SR0112,GA Heights,GA,19133,2023-11-22,50000,Active
CU009580,Skyline Group,Retailer,R05,SR0110,OR Metro,OR,71758,2023-07-01,500000,Active
CU009581,Pioneer Group,Builder,R04,SR0004,AZ City,AZ,98519,2021-08-03,100000,Active
CU009582,Dream Group,Builder,R02,SR0097,GA City,GA,14563,2017-07-20,500000,Active
CU009583,Urban Materials,Retailer,R05,SR0015,WA Metro,WA,14442,2019-05-18,25000,Active
CU009584,Atlas Supply,Distributor,R05,SR0040,OR City,OR,59409,2024-06-27,1000000,Active
CU009585,Cornerstone Builders,Distributor,R04,SR0079,NV Metro,NV,24065,2024-11-11,100000,Active
CU009586,Summit LLC,Retailer,R05,SR0005,WA City,WA,61720,2018-05-09,500000,Active
CU009587,Summit Contracting,Distributor,R05,SR0100,CO Heights,CO,20984,2018-02-23,50000,Active
CU009588,Skyline Contracting,Contractor,R03,SR0028,MI Heights,MI,86003,2021-07-20,500000,Active
CU009589,Urban Homes,Contractor,R04,SR0024,TX City,TX,24189,2024-08-20,1000000,Active
CU009590,Summit Development,Contractor,R01,SR0136,CT Metro,CT,62707,2023-06-11,1000000,Active
CU009591,Build Development,Distributor,R04,SR0014,TX Metro,TX,60013,2024-03-04,1000000,Active
CU009592,Cornerstone Builders,Distributor,R03,SR0128,OH Heights,OH,77792,2020-03-09,250000,Active
CU009593,Summit Homes,Contractor,R02,SR0047,SC Heights,SC,14261,2022-05-15,50000,Active
CU009594,Skyline Contracting,Contractor,R04,SR0139,AZ Metro,AZ,,2023-08-30,1000000,Active
CU009595,Summit Materials,Contractor,R03,SR0123,MI Heights,MI,90510,2020-01-12,250000,Active
CU009596,Summit LLC,Retailer,R05,SR0195,CO City,CO,53396,2018-05-18,250000,Active
CU009597,Build Group,Retailer,R02,SR0147,NC City,NC,74670,2019-07-11,50000,Active
CU009598,Atlas LLC,Distributor,R03,SR0068,IN City,IN,94539,2025-05-30,25000,Active
CU009599,Atlas Inc,Retailer,R03,SR0178,IL City,IL,98053,2023-12-31,25000,Active
CU009600,Skyline LLC,Contractor,R04,SR0114,AZ Heights,AZ,33612,2017-05-06,100000,Active
CU009601,Atlas Construction,Distributor,R05,SR0135,WA Heights,WA,36825,2019-11-06,50000,Active
CU009602,Prime Contracting,Distributor,R04,SR0164,NM Metro,NM,74040,2021-10-01,50000,Active
CU009603,Pioneer Construction,Retailer,R03,SR0038,OH City,OH,99484,2021-01-17,250000,Active
CU009604,Cornerstone Supply,Builder,R04,SR0104,NM Metro,NM,30769,2024-08-13,50000,Active
CU009605,Skyline Supply,Contractor,R03,SR0073,IN City,IN,58489,2020-01-28,50000,Active
CU009606,Urban Builders,Contractor,R01,SR0151,PA Heights,PA,84963,2022-10-07,25000,Active
CU009607,Dream Development,Retailer,R04,SR0144,NV Metro,NV,17817,2017-09-17,100000,Active
CU009608,Prime Development,Builder,R04,SR0119,NM City,NM,72250,2018-09-30,250000,Active
CU009609,Evergreen Construction,Distributor,R03,SR0073,MI Metro,MI,,2022-06-14,500000,Active
CU009610,Pioneer Builders,Builder,R01,SR0106,PA City,PA,78965,2024-01-29,1000000,Active
CU009611,Prime Group,Builder,R04,SR0194,NM Heights,NM,52254,2021-04-28,100000,Active
CU009612,Dream Contracting,Builder,R04,SR0034,TX Heights,TX,94635,2021-09-28,1000000,Active
CU009613,Dream Supply,Contractor,R03,SR0018,OH Heights,OH,26810,2018-12-09,1000000,Active
CU009614,Pioneer Contracting,Builder,R04,SR0124,AZ City,AZ,53434,2024-03-25,100000,Active
CU009615,Home Inc,Contractor,R05,SR0175,WA Heights,WA,34995,2019-09-02,50000,Active
CU009616,Metro Inc,Builder,R02,SR0032,TN Heights,TN,46494,2025-04-23,100000,Active
CU009617,Summit Homes,Contractor,R05,SR0165,OR City,OR,90495,2019-04-16,500000,Active
CU009618,Summit Materials,Builder,R02,SR0072,NC City,NC,62148,2018-11-28,1000000,Active
CU009619,Metro Development,Builder,R04,SR0029,AZ City,AZ,20618,2021-06-10,250000,Active
CU009620,Atlas Builders,Distributor,R01,SR0166,PA Heights,PA,39177,2020-09-13,100000,Active
CU009621,Pioneer Inc,Contractor,R03,SR0143,WI Heights,WI,60247,2019-10-05,250000,Active
CU009622,Atlas LLC,Retailer,R04,SR0014,NM Metro,NM,70223,2021-07-23,25000,Active
CU009623,Metro Group,Distributor,R03,SR0083,MI Heights,MI,81372,2017-08-19,1000000,Active
CU009624,Build Homes,Retailer,R02,SR0142,TN Heights,TN,45236,2024-04-27,500000,Active
CU009625,Summit Development,Retailer,R03,SR0003,IN Metro,IN,43103,2018-05-09,500000,Active
CU009626,Cornerstone Construction,Distributor,R03,SR0018,IN Metro,IN,75472,2024-03-22,1000000,Active
CU009627,Evergreen Construction,Retailer,R02,SR0062,TN Heights,TN,52087,2023-01-14,100000,Active
CU009628,Evergreen LLC,Contractor,R01,SR0066,NJ Metro,NJ,40471,2017-03-18,250000,Active
CU009629,Home LLC,Retailer,R01,SR0191,PA Metro,PA,44060,2025-06-11,250000,Active
CU009630,Summit Inc,Distributor,R02,SR0137,GA Metro,GA,86771,2018-07-03,250000,Active
CU009631,Summit Contracting,Contractor,R02,SR0197,NC City,NC,41126,2024-04-12,250000,Active
CU009632,Skyline LLC,Distributor,R01,SR0006,NJ Metro,NJ,77328,2022-01-21,50000,Active
CU009633,Home Development,Retailer,R03,SR0083,OH City,OH,22462,2017-07-07,25000,Active
CU009634,Prime Development,Builder,R04,SR0129,NV Heights,NV,13090,2024-06-11,500000,Active
CU009635,Metro LLC,Builder,R05,SR0025,OR Metro,OR,50926,2022-04-21,250000,Active
CU009636,Cornerstone Materials,Retailer,R05,SR0085,CA City,CA,17664,2020-10-19,50000,Active
CU009637,Evergreen Materials,Builder,R03,SR0108,WI Heights,WI,60724,2020-02-14,50000,Active
CU009638,Atlas Contracting,Distributor,R03,SR0063,WI Heights,WI,26919,2019-12-16,1000000,Active
CU009639,Cornerstone Group,Retailer,R04,SR0179,OK Metro,OK,15019,2018-04-07,1000000,Active
CU009640,Atlas Inc,Contractor,R03,SR0153,IL Metro,IL,51126,2019-02-18,100000,Active
CU009641,Cornerstone Materials,Builder,R01,SR0011,NY Heights,NY,22579,2021-06-03,25000,Active
CU009642,Pioneer Materials,Builder,R01,SR0091,NY Heights,NY,68966,2019-12-12,250000,Active
CU009643,Urban Builders,Builder,R04,SR0084,NM Heights,NM,20183,2018-07-27,25000,Active
CU009644,Urban Construction,Distributor,R05,SR0110,CA Heights,CA,69013,2020-09-07,250000,Active
CU009645,Pioneer Group,Distributor,R04,SR0069,TX Heights,TX,32790,2018-12-13,50000,Active
CU009646,Home Construction,Builder,R05,SR0060,CO City,CO,58919,2018-06-13,500000,Active
CU009647,Dream Group,Builder,R04,SR0154,AZ Heights,AZ,62276,2018-04-20,25000,Active
CU009648,Skyline LLC,Contractor,R04,SR0094,TX Heights,TX,67552,2020-08-03,100000,Active
CU009649,Urban Development,Distributor,R03,SR0188,WI Heights,WI,34424,2024-08-17,50000,Active
CU009650,Home Materials,Distributor,R01,SR0081,CT Metro,CT,73934,2017-07-20,25000,Active
CU009651,Cornerstone Contracting,Distributor,R02,SR0082,FL Heights,FL,41090,2020-02-15,25000,Active
CU009652,Atlas Inc,Contractor,R05,SR0150,UT Heights,UT,44082,2025-06-07,25000,Active
CU009653,Summit Builders,Contractor,R03,SR0138,MI City,MI,75281,2023-10-17,25000,Active
CU009654,Home Development,Distributor,R04,SR0134,TX Heights,TX,77378,2022-03-01,25000,Active
CU009655,Atlas Inc,Distributor,R03,SR0033,MI Metro,MI,54675,2020-02-22,25000,Active
CU009656,Atlas Inc,Retailer,R01,SR0151,MA Metro,MA,27882,2022-08-08,25000,Active
CU009657,Skyline Construction,Distributor,R01,SR0021,MA City,MA,37832,2017-01-06,25000,Active
CU009658,Pioneer Inc,Builder,R02,SR0117,NC City,NC,40474,2017-10-05,100000,Active
CU009659,Cornerstone Materials,Contractor,R02,SR0022,SC Heights,SC,85972,2021-01-12,25000,Active
CU009660,Summit Homes,Distributor,R01,SR0011,CT Metro,CT,71153,2022-12-16,250000,Active
CU009661,Home Supply,Distributor,R02,SR0127,SC Metro,sc,97051,2024-01-29,1000000,Active
CU009662,Pioneer Inc,Contractor,R04,SR0019,AZ City,AZ,42931,2021-08-09,25000,Active
CU009663,Metro Contracting,Distributor,R01,SR0091,NJ Metro,NJ,30548,2024-11-06,1000000,Active
CU009664,Atlas Inc,Distributor,R05,SR0095,CO Heights,CO,17551,2019-10-23,500000,Active
CU009665,Build Group,Contractor,R04,SR0059,OK Metro,OK,33633,2024-11-21,500000,Active
CU009666,Atlas LLC,Builder,R03,SR0133,OH Heights,OH,70526,2023-01-20,500000,Active
CU009667,Prime Supply,Retailer,R02,SR0072,NC City,NC,24847,2020-12-17,500000,Active
CU009668,Urban Inc,Contractor,R04,SR0054,NV City,NV,16302,2021-03-10,1000000,Active
CU009669,Atlas Group,Retailer,R02,SR0162,TN Heights,TN,64180,2022-02-05,50000,Active
CU009670,Dream Development,Retailer,R04,SR0104,OK Heights,OK,73385,2019-06-12,25000,Active
CU009671,Evergreen Construction,Builder,R02,SR0057,TN Heights,TN,24684,2020-02-26,25000,Active
CU009672,Home Contracting,Distributor,R03,SR0128,IL Heights,IL,93436,2017-05-09,100000,Active
CU009673,Pioneer Materials,Builder,R02,SR0022,TN City,TN,98419,2018-08-25,250000,Active
CU009674,Home Homes,Builder,R01,SR0196,CT Heights,CT,64610,2022-01-15,50000,Active
CU009675,Prime Contracting,Contractor,R03,SR0113,WI City,WI,40822,2018-02-18,250000,Active
CU009676,Dream Construction,Distributor,R02,SR0012,GA City,GA,58418,2021-03-18,500000,Active
CU009677,Skyline Homes,Distributor,R05,SR0030,WA Heights,WA,26677,2018-04-11,1000000,Active
CU009678,Summit Contracting,Retailer,R04,SR0104,TX Heights,TX,29854,2024-06-25,250000,Active
CU009679,Cornerstone Builders,Contractor,R05,SR0015,CA Heights,CA,48406,2024-03-28,500000,Active
CU009680,Dream Group,Contractor,R01,SR0016,NY City,NY,42124,2023-07-18,500000,Active
CU009681,Home Construction,Retailer,R04,SR0124,NM Metro,NM,12459,2022-09-19,50000,Active
CU009682,Evergreen Development,Distributor,R05,SR0175,OR Metro,OR,39605,2023-03-18,500000,Active
CU009683,Summit LLC,Distributor,R03,SR0183,OH City,OH,68716,2021-03-08,100000,Active
CU009684,Skyline Contracting,Contractor,R04,SR0189,OK City,OK,23802,2019-05-30,100000,Active
CU009685,Summit Homes,Retailer,R01,SR0096,NY Metro,NY,84840,2021-09-11,1000000,Active
CU009686,Home Supply,Contractor,R02,SR0117,TN Metro,TN,77495,2023-11-09,25000,Active
CU009687,Cornerstone Inc,Retailer,R02,SR0057,FL City,FL,74479,2020-09-18,500000,Active
CU009688,Build Materials,Retailer,R02,SR0132,GA Heights,GA,92043,2022-08-08,1000000,Active
CU009689,Dream Supply,Retailer,R01,SR0001,PA City,PA,56934,2022-11-02,1000000,Active
CU009690,Cornerstone Inc,Contractor,R01,SR0091,CT City,CT,27172,2024-01-14,250000,Active
CU009691,Cornerstone Supply,Contractor,R01,SR0016,CT City,CT,42430,2017-11-22,25000,Active
CU009692,Skyline LLC,Retailer,R03,SR0118,IL City,IL,98182,2023-09-11,1000000,Active
CU009693,Urban LLC,Retailer,R04,SR0159,AZ City,AZ,27921,2019-09-06,100000,Active
CU009694,Evergreen Contracting,Contractor,R04,SR0074,NM Heights,NM,89832,2021-02-19,25000,Active
CU009695,Atlas Builders,Retailer,R02,SR0082,SC City,SC,13639,2023-06-16,250000,Active
CU009696,Pioneer Development,Retailer,R02,SR0147,SC City,SC,97356,2020-01-14,1000000,Active
CU009697,Prime Construction,Retailer,R03,SR0063,MI City,MI,39133,2024-01-17,250000,Active
CU009698,Dream Builders,Retailer,R04,SR0054,TX Heights,TX,36884,2025-05-22,500000,Active
CU009699,Summit Materials,Contractor,R03,SR0023,WI City,WI,69532,2022-12-18,250000,Active
CU009700,Atlas Materials,Distributor,R01,SR0096,NJ Metro,NJ,53809,2021-11-07,50000,Active
CU009701,Home Construction,Retailer,R02,SR0087,GA Metro,GA,84808,2024-02-21,25000,Active
CU009702,Pioneer Group,Builder,R04,SR0174,TX Metro,TX,93504,2020-11-11,1000000,Active
CU009703,Summit LLC,Builder,R01,SR0031,MA Metro,MA,76678,2019-09-07,50000,Active
CU009704,Cornerstone LLC,Retailer,R05,SR0040,UT Metro,UT,56537,2020-10-29,50000,Active
CU009705,Urban Development,Retailer,R04,SR0024,OK Metro,OK,75997,2023-04-16,1000000,Active
CU009706,Build Group,Contractor,R03,SR0168,OH Metro,OH,39985,2024-04-17,1000000,Active
CU009707,Evergreen Builders,Retailer,R04,SR0084,NM City,NM,94900,2022-05-31,25000,Active
CU009708,Build Materials,Builder,R05,SR0085,WA Heights,WA,74454,2021-04-23,50000,Active
CU009709,Skyline Materials,Contractor,R02,SR0017,SC City,SC,35110,2020-07-23,50000,Active
CU009710,Home Builders,Distributor,R04,SR0194,TX City,TX,10721,2018-01-25,500000,Active
CU009711,Atlas Inc,Contractor,R01,SR0156,NY City,NY,23708,2020-05-02,50000,Active
CU009712,Evergreen Group,Builder,R02,SR0082,FL Metro,FL,27657,2018-10-11,100000,Active
CU009713,Skyline Builders,Retailer,R04,SR0024,TX Heights,TX,17529,2021-02-24,250000,Active
CU009714,Dream Inc,Contractor,R01,SR0086,NY Metro,NY,71523,2021-03-14,500000,Active
CU009715,Build Supply,Contractor,R03,SR0098,OH Metro,OH,,2024-06-03,25000,Active
CU009716,Cornerstone Contracting,Retailer,R02,SR0187,NC Heights,NC,71428,2022-06-22,500000,Active
CU009717,  Urban Development ,Retailer,R04,SR0064,NV Metro,NV,98051,2017-06-06,1000000,Active
CU009718,Build Contracting,Builder,R05,SR0055,UT Metro,UT,21450,2018-03-15,50000,Active
CU009719,Home Materials,Contractor,R01,SR0041,NJ Heights,NJ,54453,2019-01-22,50000,Active
CU009720,Home Development,Contractor,R05,SR0070,UT Metro,UT,45596,2023-01-28,500000,Active
CU009721,Cornerstone Inc,Builder,R05,SR0030,OR Metro,OR,72917,2020-06-15,250000,Active
CU009722,Dream LLC,Distributor,R03,SR0073,MI City,MI,46954,2019-01-27,500000,Active
CU009723,Dream Inc,Retailer,R04,SR0174,TX Metro,TX,24995,2017-04-09,500000,Active
CU009724,Cornerstone Supply,Retailer,R02,SR0157,FL Metro,FL,45031,2017-03-06,25000,Active
CU009725,Urban LLC,Builder,R04,SR0039,NM Metro,NM,49370,2017-07-23,50000,Active
CU009726,Prime Builders,Builder,R02,SR0097,NC City,NC,50607,2018-07-20,25000,Active
CU009727,Cornerstone Group,Retailer,R03,SR0123,MI Heights,MI,22800,2020-03-09,500000,Active
CU009728,Home Supply,Builder,R01,SR0161,PA Metro,PA,75661,2022-08-21,500000,Active
CU009729,Skyline Group,Builder,R03,SR0153,OH Heights,OH,97550,2022-06-27,25000,Active
CU009730,Evergreen Builders,Distributor,R05,SR0180,UT City,UT,,2018-06-11,500000,Active
CU009731,Atlas Contracting,Contractor,R04,SR0154,AZ Heights,AZ,15244,2023-06-27,500000,Active
CU009732,Cornerstone Homes,Builder,R03,SR0063,IL Heights,IL,75705,2022-07-20,1000000,Active
CU009733,Atlas Development,Builder,R02,SR0042,NC Heights,NC,64359,2025-02-27,1000000,Active
CU009734,Cornerstone Inc,Retailer,R05,SR0095,UT Metro,UT,72096,2023-02-18,500000,Active
CU009735,Summit Materials,Distributor,R01,SR0016,NJ Heights,NJ,40417,2021-08-07,100000,Active
CU009736,Skyline Homes,Distributor,R03,SR0088,MI Metro,MI,73715,2017-02-04,1000000,Active
CU009737,Metro Builders,Distributor,R01,SR0016,MA Metro,MA,39569,2021-04-15,25000,Active
CU009738,Skyline LLC,Distributor,R03,SR0023,WI Heights,WI,20787,2023-11-01,50000,Active
CU009739,Prime Contracting,Contractor,R04,SR0169,OK Metro,OK,24727,2017-10-06,100000,Active
CU009740,Home Homes,Retailer,R05,SR0090,WA City,WA,68890,2024-09-29,500000,Active
CU009741,Metro Construction,Distributor,R03,SR0033,IN Metro,IN,19249,2020-06-28,500000,Active
CU009742,Prime Inc,Contractor,R02,SR0052,TN Heights,TN,37126,2021-05-03,25000,Active
CU009743,  Cornerstone Construction ,Retailer,R04,SR0124,OK Metro,OK,89535,2021-07-31,500000,Active
CU009744,Cornerstone Inc,Distributor,R01,SR0161,NJ City,NJ,97246,2018-08-20,1000000,Active
CU009745,Pioneer Development,Contractor,R04,SR0189,OK Metro,OK,57550,2020-10-17,25000,Active
CU009746,Summit Contracting,Contractor,R05,SR0130,OR Metro,OR,59391,2019-10-29,500000,Active
CU009747,Prime LLC,Contractor,R05,SR0125,CO Heights,CO,17652,2020-12-25,1000000,Active
CU009748,Build LLC,Retailer,R02,SR0097,FL Metro,FL,69963,2022-09-12,500000,Active
CU009749,Dream Development,Distributor,R01,SR0066,NJ Heights,NJ,80007,2021-09-19,25000,Active
CU009750,Dream Inc,Distributor,R03,SR0028,IN City,IN,37730,2018-05-19,50000,Active
CU009751,Build Group,Distributor,R04,SR0189,OK Heights,OK,92185,2021-12-21,25000,Active
CU009752,Prime LLC,Contractor,R03,SR0053,WI City,WI,36392,2019-05-25,1000000,Active
CU009753,Prime Supply,Distributor,R05,SR0190,CA Metro,CA,89808,2021-06-23,100000,Active
CU009754,Skyline Builders,Distributor,R05,SR0040,WA City,WA,11916,2023-09-08,25000,Active
CU009755,Prime Group,Distributor,R05,SR0150,WA Metro,WA,37329,2021-08-15,25000,Active
CU009756,Atlas Construction,Retailer,R01,SR0126,NY Heights,NY,59595,2018-10-29,1000000,Active
CU009757,Atlas LLC,Distributor,R05,SR0125,CA Heights,CA,52273,2018-06-09,50000,Active
CU009758,Build LLC,Retailer,R03,SR0098,MI Heights,MI,82962,2023-02-19,500000,Active
CU009759,Build Inc,Contractor,R01,SR0016,NJ Metro,NJ,18943,2019-07-15,500000,Active
CU009760,Urban LLC,Retailer,R04,SR0109,NM Metro,NM,83356,2020-11-05,25000,Active
CU009761,Skyline Development,Distributor,R01,SR0016,PA Heights,PA,84112,2021-03-22,1000000,Active
CU009762,Dream Contracting,Contractor,R03,SR0158,IN City,IN,47047,2024-04-23,250000,Active
CU009763,Home Inc,Contractor,R04,SR0079,OK Metro,OK,54132,2018-07-07,25000,Active
CU009764,Skyline LLC,Builder,R02,SR0152,GA City,GA,62168,2024-01-20,1000000,Active
CU009765,Skyline Construction,Distributor,R05,SR0030,OR Metro,OR,35176,2019-09-07,100000,Active
CU009766,Evergreen Supply,Builder,R01,SR0181,CT City,CT,30032,2022-08-28,50000,Active
CU009767,Summit Development,Contractor,R03,SR0178,IL City,IL,96435,2025-04-12,50000,Active
CU009768,Pioneer Group,Contractor,R05,SR0160,CO Metro,co,60651,2024-04-03,250000,Active
CU009769,Atlas Inc,Contractor,R05,SR0005,CA City,California,81188,2024-12-07,25000,Active
CU009770,Cornerstone Contracting,Retailer,R01,SR0061,PA Heights,PA,94882,2023-02-24,50000,Active
CU009771,Metro Construction,Retailer,R03,SR0168,IN Heights,IN,11544,2021-02-23,1000000,Active
CU009772,Pioneer Contracting,Contractor,R04,SR0129,TX City,TX,68360,2017-07-23,250000,Active
CU009773,Summit Homes,Distributor,R05,SR0115,CA City,CA,82192,2023-02-05,100000,Active
CU009774,Skyline Inc,Retailer,R03,SR0118,OH Heights,OH,21511,2021-12-10,100000,Active
CU009775,Pioneer Contracting,Retailer,R05,SR0005,CA Metro,CA,93426,2025-05-10,100000,Active
CU009776,Skyline Group,Builder,R01,SR0086,CT Metro,CT,36338,2021-03-29,100000,Active
CU009777,Urban LLC,Builder,R04,SR0194,TX City,TX,99362,2023-08-10,500000,Active
CU009778,Pioneer Builders,Builder,R05,SR0190,CA Heights,CA,91647,2024-08-11,50000,Active
CU009779,Pioneer Inc,Distributor,R04,SR0024,TX Heights,TX,49950,2025-04-12,100000,Active
CU009780,Dream Supply,Distributor,R04,SR0189,NM Heights,NM,41673,2025-05-30,100000,Active
CU009781,Prime Inc,Retailer,R05,SR0030,UT Metro,UT,47210,2020-06-12,100000,Active
CU009782,Evergreen Group,Builder,R03,SR0148,OH Heights,OH,27754,2025-06-23,25000,Active
CU009783,Pioneer Construction,Distributor,R02,SR0107,FL Metro,FL,75143,2017-11-19,250000,Active
CU009784,Prime Contracting,Contractor,R03,SR0168,WI Heights,WI,73297,2024-07-31,1000000,Active
CU009785,Summit Group,Distributor,R05,SR0200,UT City,UT,93211,2017-06-18,25000,Active
CU009786,Pioneer Builders,Retailer,R04,SR0189,AZ City,AZ,18520,2025-01-11,500000,Active
CU009787,Home Inc,Builder,R03,SR0028,IL Metro,IL,32436,2017-11-17,1000000,Active
CU009788,Home Builders,Distributor,R03,SR0113,IL Metro,IL,35956,2017-02-13,500000,Active
CU009789,Cornerstone Materials,Contractor,R03,SR0008,WI Heights,WI,50492,2020-03-20,500000,Active
CU009790,Urban Builders,Builder,R04,SR0089,NM Heights,NM,27149,2024-05-16,250000,Active
CU009791,Cornerstone Materials,Distributor,R05,SR0020,UT Heights,UT,23176,2022-05-27,250000,Active
CU009792,Cornerstone Group,Retailer,R01,SR0191,NY City,NY,13750,2020-10-11,25000,Active
CU009793,Metro Materials,Contractor,R05,SR0055,WA City,WA,62457,2019-10-07,50000,Active
CU009794,Cornerstone Group,Retailer,R02,SR0152,GA Heights,GA,60468,2017-12-21,25000,Active
CU009795,Build Inc,Retailer,R04,SR0044,AZ Metro,AZ,25960,2021-01-04,50000,Active
CU009796,Metro Group,Distributor,R03,SR0173,MI Heights,MI,60738,2018-02-21,25000,Active
CU009797,Skyline Supply,Distributor,R02,SR0182,SC City,SC,44148,2022-04-22,500000,Active
CU009798,Atlas LLC,Retailer,R04,SR0069,OK Metro,OK,27302,2021-10-02,1000000,Active
CU009799,Dream Supply,Distributor,R01,SR0176,PA City,PA,92646,2024-12-27,500000,Active
CU009800,Metro Development,Distributor,R02,SR0187,TN Heights,TN,53685,2019-08-13,50000,Active
CU009801,Cornerstone Builders,Contractor,R05,SR0035,CO Heights,CO,38944,2022-08-05,500000,Active
CU009802,Pioneer Builders,Retailer,R05,SR0040,UT Metro,UT,30314,2017-10-16,500000,Active
CU009803,Atlas Supply,Retailer,R05,SR0155,UT City,UT,85633,2024-05-13,50000,Active
CU009804,Metro Group,Contractor,R04,SR0184,AZ Metro,AZ,97811,2024-11-28,500000,Active
CU009805,Build Homes,Builder,R05,SR0185,WA Metro,WA,53989,2025-01-30,1000000,Active
CU009806,Atlas Homes,Distributor,R02,SR0182,FL City,FL,33614,2020-02-20,1000000,Active
CU009807,Cornerstone Builders,Retailer,R04,SR0119,NV Heights,NV,33353,2022-10-01,25000,Active
CU009808,Metro Construction,Retailer,R01,SR0036,PA City,PA,53963,2025-06-19,50000,Active
CU009809,Prime Materials,Retailer,R01,SR0056,CT Metro,CT,10405,2020-01-05,50000,Active
CU009810,Metro Homes,Contractor,R03,SR0018,MI City,MI,88330,2025-05-06,500000,Active
CU009811,Pioneer Group,Contractor,R02,SR0007,NC Metro,NC,73374,2020-08-23,100000,Active
CU009812,Prime Materials,Distributor,R03,SR0128,MI Heights,MI,76726,2017-05-19,25000,Active
CU009813,Skyline Supply,Retailer,R03,SR0158,WI Heights,WI,57708,2023-06-11,100000,Active
CU009814,Urban Materials,Builder,R03,SR0088,WI Heights,WI,43843,2021-03-29,250000,Active
CU009815,Urban Contracting,Contractor,R01,SR0091,PA Heights,PA,42597,2024-10-17,50000,Active
CU009816,Pioneer Group,Distributor,R01,SR0156,PA City,PA,32699,2019-11-20,50000,Active
CU009817,Urban LLC,Retailer,R01,SR0111,MA Metro,MA,40293,2024-11-09,1000000,Active
CU009818,Build Construction,Contractor,R05,SR0005,CO City,CO,36699,2020-03-17,25000,Active
CU009819,Urban Materials,Builder,R02,SR0112,GA City,GA,57528,2025-01-10,50000,Active
CU009820,Skyline Group,Contractor,R01,SR0171,NY City,NY,76813,2023-07-26,50000,Active
CU009821,Cornerstone LLC,Distributor,R02,SR0142,SC Heights,SC,47328,2021-11-03,100000,Active
CU009822,Summit Group,Distributor,R05,SR0105,OR City,OR,56441,2017-11-09,500000,Active
CU009823,Metro Group,Retailer,R01,SR0056,CT City,CT,88920,2024-05-15,500000,Active
CU009824,Home Development,Contractor,R03,SR0043,WI City,WI,31192,2024-11-08,1000000,Active
CU009825,Summit Contracting,Distributor,R05,SR0115,CO Metro,CO,88062,2018-12-12,100000,Active
CU009826,Dream Builders,Distributor,R01,SR0166,PA City,PA,19369,2025-02-21,100000,Active
CU009827,Build Homes,Distributor,R02,SR0002,NC City,NC,35910,2017-02-02,25000,Active
CU009828,Prime Supply,Contractor,R01,SR0186,NJ Metro,NJ,90906,2020-02-23,25000,Active
CU009829,Evergreen Homes,Contractor,R03,SR0113,OH City,OH,70611,2023-02-09,1000000,Active
CU009830,Pioneer Development,Builder,R03,SR0113,IL Heights,IL,44766,2022-07-28,100000,Active
CU009831,Evergreen Builders,Builder,R03,SR0168,IL Heights,IL,28032,2018-12-02,250000,Active
CU009832,Cornerstone Group,Retailer,R02,SR0147,SC Metro,SC,29730,2022-08-16,1000000,Active
CU009833,Prime LLC,Builder,R02,SR0197,TN Heights,TN,73565,2018-11-08,25000,Active
CU009834,Atlas Supply,Contractor,R03,SR0038,IN City,IN,83412,2023-06-21,1000000,Active
CU009835,Skyline Homes,Distributor,R03,SR0048,MI City,MI,97434,2023-02-12,100000,Active
CU009836,Metro LLC,Retailer,R03,SR0068,OH Heights,OH,12777,2019-09-11,1000000,Active
CU009837,Dream Development,Builder,R02,SR0002,NC Metro,NC,53509,2022-04-12,100000,Active
CU009838,Prime LLC,Builder,R05,SR0050,CO City,CO,19196,2024-04-07,25000,Active
CU009839,Home Supply,Retailer,R05,SR0180,WA Heights,WA,77718,2020-07-24,50000,Active
CU009840,Home Development,Distributor,R02,SR0167,SC Metro,SC,47966,2018-01-28,50000,Active
CU009841,Metro Group,Builder,R05,SR0005,OR Heights,OR,40949,2018-02-27,50000,Active
CU009842,Atlas Development,Retailer,R01,SR0196,NY Metro,NY,10972,2024-11-15,500000,Active
CU009843,Urban Supply,Distributor,R01,SR0136,PA Metro,PA,48765,2019-10-30,500000,Active
CU009844,Dream Contracting,Retailer,R05,SR0015,UT Heights,UT,88387,2021-05-21,50000,Active
CU009845,Metro Homes,Builder,R01,SR0126,PA Metro,PA,28606,2021-09-12,1000000,Active
CU009846,Skyline Inc,Retailer,R04,SR0069,OK Metro,OK,11782,2021-05-22,500000,Active
CU009847,Prime Development,Distributor,R03,SR0038,IN Heights,IN,30188,2024-01-12,1000000,Active
CU009848,Summit Builders,Distributor,R03,SR0008,IL City,IL,78647,2017-02-12,100000,Active
CU009849,Atlas Homes,Builder,R04,SR0179,TX Metro,TX,79441,2019-07-16,500000,Active
CU009850,Skyline Development,Retailer,R02,SR0057,TN Metro,TN,17333,2021-06-24,1000000,Active
CU009851,Cornerstone Construction,Contractor,R02,SR0167,GA Heights,GA,15331,2021-04-30,100000,Active
CU009852,Skyline Materials,Distributor,R01,SR0126,PA Heights,PA,41304,2020-03-28,500000,Active
CU009853,Atlas Development,Contractor,R04,SR0004,NV Heights,NV,52545,2019-06-15,25000,Active
CU009854,Summit Construction,Builder,R04,SR0129,NV Metro,NV,94647,2021-07-08,50000,Active
CU009855,Metro Group,Distributor,R01,SR0156,NY City,NY,64984,2018-07-28,250000,Active
CU009856,Urban LLC,Builder,R02,SR0142,NC Heights,NC,34048,2022-11-13,500000,Active
CU009857,Pioneer Materials,Retailer,R02,SR0107,GA Metro,GA,47272,2024-08-27,250000,Active
CU009858,Home Materials,Distributor,R02,SR0112,SC Heights,SC,34088,2022-01-18,1000000,Active
CU009859,Skyline Group,Retailer,R02,SR0072,NC Heights,NC,84541,2017-12-14,25000,Active
CU009860,Atlas Builders,Contractor,R02,SR0057,FL City,FL,15952,2024-11-05,1000000,Active
CU009861,Summit Materials,Retailer,R03,SR0023,IN Metro,IN,55189,2021-05-29,100000,Active
CU009862,Atlas LLC,Builder,R05,SR0050,WA Heights,WA,81481,2019-07-21,500000,Active
CU009863,Metro Development,Contractor,R04,SR0164,NM City,NM,58774,2022-04-25,25000,Active
CU009864,Cornerstone Contracting,Contractor,R02,SR0142,SC City,SC,42164,2019-09-21,25000,Active
CU009865,Summit Homes,Retailer,R04,SR0109,NM Heights,NM,47895,2020-06-02,500000,Active
CU009866,Pioneer Group,Distributor,R05,SR0190,UT Metro,UT,65927,2018-01-15,250000,Active
CU009867,Urban Contracting,Retailer,R03,SR0038,IL City,IL,85949,2021-05-03,1000000,Active
CU009868,Metro Builders,Builder,R04,SR0124,TX City,TX,17457,2024-12-04,1000000,Active
CU009869,Pioneer Construction,Distributor,R01,SR0196,MA Heights,MA,87323,2017-08-05,25000,Active
CU009870,Summit Builders,Contractor,R03,SR0158,MI Metro,MI,12468,2022-11-11,100000,Active
CU009871,Dream Homes,Contractor,R01,SR0136,NJ City,NJ,90467,2025-05-17,500000,Active
CU009872,Build Construction,Builder,R02,SR0172,TN Heights,TN,50841,2025-05-07,50000,Active
CU009873,Prime Supply,Builder,R02,SR0147,FL Metro,FL,33076,2025-04-22,1000000,Active
CU009874,Summit Inc,Retailer,R04,SR0099,AZ Metro,AZ,12597,2025-04-26,250000,Active
CU009875,Build Development,Distributor,R02,SR0022,NC Metro,NC,22013,2017-04-26,50000,Active
CU009876,Urban Development,Distributor,R02,SR0097,GA Heights,GA,37498,2018-09-28,100000,Active
CU009877,Prime Inc,Distributor,R05,SR0175,WA City,WA,30341,2022-12-28,25000,Active
CU009878,Cornerstone Materials,Builder,R02,SR0177,SC City,SC,28018,2017-01-18,25000,Active
CU009879,Skyline LLC,Retailer,R03,SR0153,WI Metro,WI,39661,2025-05-11,250000,Active
CU009880,Cornerstone Development,Distributor,R04,SR0164,NM Heights,NM,61927,2021-04-19,1000000,Active
CU009881,Prime Inc,Builder,R03,SR0183,IL Heights,IL,17692,2021-12-10,25000,Active
CU009882,Cornerstone Supply,Distributor,R01,SR0181,MA City,MA,58459,2017-02-05,250000,Active
CU009883,Prime LLC,Builder,R04,SR0134,NV City,NV,52379,2018-02-03,1000000,Active
CU009884,Atlas Contracting,Builder,R03,SR0153,IL City,IL,69541,2017-03-22,100000,Active
CU009885,Urban Homes,Retailer,R03,SR0088,IL Heights,IL,74027,2024-04-17,100000,Active
CU009886,Skyline Builders,Distributor,R01,SR0156,CT Metro,CT,28553,2022-06-15,25000,Active
CU009887,Pioneer Builders,Contractor,R05,SR0155,OR City,OR,29309,2017-12-30,500000,Active
CU009888,Home Materials,Retailer,R01,SR0181,NJ Metro,NJ,68144,2019-09-01,25000,Active
CU009889,Urban Group,Contractor,R05,SR0120,CA City,CA,68604,2023-08-10,500000,Active
CU009890,Build Inc,Builder,R04,SR0139,AZ City,AZ,71725,2024-07-04,100000,Active
CU009891,Summit Development,Contractor,R05,SR0085,UT Heights,UT,44564,2021-05-09,500000,Active
CU009892,Cornerstone Inc,Distributor,R05,SR0135,UT Metro,UT,74597,2019-09-28,100000,Active
CU009893,Evergreen Supply,Contractor,R01,SR0141,MA City,MA,90945,2025-05-24,100000,Active
CU009894,Home Materials,Retailer,R03,SR0068,MI Heights,MI,19215,2019-04-17,250000,Active
CU009895,Evergreen Inc,Builder,R04,SR0089,NM Metro,NM,27647,2017-05-19,500000,Active
CU009896,  Home Development ,Retailer,R02,SR0042,FL Heights,FL,60757,2021-09-28,250000,Active
CU009897,Build Group,Distributor,R03,SR0008,IN City,IN,54554,2019-06-12,50000,Active
CU009898,Summit Materials,Contractor,R02,SR0037,GA Heights,GA,13270,2022-02-08,1000000,Active
CU009899,Dream Homes,Contractor,R04,SR0009,OK Metro,OK,72524,2021-05-18,100000,Active
CU009900,Dream Builders,Distributor,R04,SR0009,NM Heights,NM,99806,2020-02-28,25000,Active
CU009901,Urban Materials,Builder,R02,SR0092,GA Metro,GA,56644,2021-06-06,1000000,Active
CU009902,Home Development,Builder,R03,SR0073,IL Metro,IL,62879,2022-10-26,25000,Active
CU009903,Urban Contracting,Contractor,R03,SR0108,WI Metro,WI,63401,2019-08-15,50000,Active
CU009904,Dream LLC,Distributor,R04,SR0129,NV City,NV,68300,2020-12-29,1000000,Active
CU009905,Urban Inc,Distributor,R01,SR0186,MA City,MA,92489,2021-03-07,500000,Active
CU009906,Summit Inc,Distributor,R01,SR0036,NY Heights,NY,41940,2022-03-08,25000,Active
CU009907,Summit LLC,Builder,R04,SR0109,AZ City,AZ,29939,2017-10-26,500000,Active
CU009908,Prime Materials,Builder,R05,SR0040,CA City,CA,84632,2022-11-27,100000,Active
CU009909,Skyline Inc,Builder,R05,SR0015,CA City,CA,88067,2017-07-18,250000,Active
CU009910,Summit Construction,Contractor,R01,SR0151,NY Heights,NY,44342,2020-11-11,250000,Active
CU009911,Cornerstone Builders,Contractor,R04,SR0089,NM Heights,NM,39905,2024-12-13,100000,Active
CU009912,Evergreen Builders,Distributor,R04,SR0154,TX Metro,TX,39895,2021-11-10,1000000,Active
CU009913,Skyline Supply,Builder,R02,SR0137,GA Metro,GA,28466,2024-05-12,1000000,Active
CU009914,  Skyline Builders ,Contractor,R04,SR0114,OK Metro,OK,20464,2025-05-14,25000,Active
CU009915,Build Construction,Retailer,R04,SR0049,OK Metro,OK,35463,2018-06-04,25000,Active
CU009916,Evergreen Builders,Builder,R01,SR0196,NY City,NY,70578,2022-06-04,100000,Active
CU009917,Evergreen Development,Retailer,R03,SR0128,MI City,MI,63025,2020-10-13,100000,Active
CU009918,Evergreen Group,Distributor,R01,SR0146,CT City,CT,82372,2017-03-22,50000,Active
CU009919,Build Builders,Contractor,R05,SR0160,WA Metro,wa,46099,2020-10-14,100000,Active
CU009920,Home Development,Distributor,R05,SR0135,OR City,OR,84987,2021-01-10,100000,Active
CU009921,Dream Contracting,Retailer,R02,SR0132,TN Metro,TN,46059,2019-02-25,100000,Active
CU009922,Evergreen Builders,Builder,R05,SR0040,CO City,CO,49023,2024-05-02,250000,Active
CU009923,Skyline Inc,Retailer,R01,SR0066,PA Heights,PA,76905,2019-03-17,100000,Active
CU009924,Prime Materials,Contractor,R03,SR0063,OH Metro,OH,71144,2020-08-21,25000,Active
CU009925,Evergreen Group,Distributor,R05,SR0010,CO Heights,CO,85785,2022-08-24,50000,Active
CU009926,Cornerstone Supply,Distributor,R02,SR0032,TN Metro,TN,95669,2023-11-17,50000,Active
CU009927,Summit Builders,Retailer,R04,SR0179,NV City,NV,16135,2018-07-06,25000,Active
CU009928,Cornerstone Group,Retailer,R03,SR0193,IN Metro,IN,49296,2019-12-27,500000,Active
CU009929,Pioneer Construction,Distributor,R03,SR0063,OH City,OH,99029,2021-11-09,25000,Active
CU009930,Cornerstone Contracting,Contractor,R03,SR0143,MI Metro,MI,17658,2020-09-23,250000,Active
CU009931,Build Contracting,Distributor,R01,SR0011,NJ City,NJ,33200,2019-03-08,25000,Active
CU009932,Skyline Supply,Retailer,R02,SR0157,FL Metro,FL,92117,2021-06-05,250000,Active
CU009933,Metro Builders,Builder,R05,SR0165,WA Heights,WA,27603,2017-07-26,1000000,Active
CU009934,Skyline Inc,Retailer,R04,SR0024,AZ Heights,AZ,32626,2017-09-28,250000,Active
CU009935,Prime Builders,Distributor,R04,SR0059,OK Heights,OK,38870,2024-02-25,100000,Active
CU009936,Atlas Builders,Contractor,R05,SR0085,CA Metro,CA,51709,2024-06-21,250000,Active
CU009937,Home Builders,Contractor,R02,SR0072,FL Heights,FL,42410,2025-04-24,1000000,Active
CU009938,Prime Group,Retailer,R01,SR0081,MA Metro,MA,92016,2023-06-12,250000,Active
CU009939,Evergreen Group,Retailer,R01,SR0191,PA Heights,PA,58400,2018-10-20,500000,Active
CU009940,Dream Materials,Builder,R02,SR0142,GA City,GA,32017,2018-06-11,100000,Active
CU009941,Metro Homes,Retailer,R01,SR0016,MA Heights,MA,17384,2017-06-30,250000,Active
CU009942,  Metro Homes ,Retailer,R05,SR0005,CA City,CA,28301,2017-11-08,25000,Active
CU009943,Prime Builders,Builder,R05,SR0045,OR Metro,OR,68791,2022-04-25,500000,Active
CU009944,Atlas Development,Retailer,R04,SR0129,OK City,OK,77700,2021-04-25,100000,Active
CU009945,Home Builders,Retailer,R02,SR0037,GA Metro,GA,76631,2021-09-28,100000,Active
CU009946,Build Materials,Retailer,R03,SR0008,WI City,WI,38618,2019-09-06,1000000,Active
CU009947,Cornerstone Supply,Contractor,R05,SR0130,UT Heights,UT,80041,2021-07-22,50000,Active
CU009948,Pioneer LLC,Distributor,R04,SR0114,OK Metro,OK,16283,2022-03-19,25000,Active
CU009949,Dream Group,Contractor,R03,SR0098,IN City,IN,46422,2023-12-09,50000,Active
CU009950,Build LLC,Retailer,R05,SR0055,WA Metro,WA,42449,2021-09-05,50000,Active
CU009951,Evergreen Materials,Builder,R04,SR0069,NM Metro,NM,47393,2022-07-04,500000,Active
CU009952,Cornerstone Group,Contractor,R01,SR0081,PA City,PA,20052,2019-09-05,25000,Active
CU009953,Atlas Construction,Builder,R02,SR0017,NC Heights,NC,17993,2024-08-14,250000,Active
CU009954,Home Group,Builder,R03,SR0163,MI Heights,MI,95874,2018-03-10,500000,Active
CU009955,Urban Supply,Contractor,R03,SR0043,WI Metro,WI,41969,2023-07-05,500000,Active
CU009956,Pioneer Group,Retailer,R01,SR0086,MA Metro,MA,77416,2017-06-12,250000,Active
CU009957,Prime Contracting,Builder,R04,SR0094,NM Heights,NM,31294,2022-12-25,50000,Active
CU009958,Home Development,Distributor,R01,SR0191,NY Heights,NY,30801,2021-05-20,50000,Active
CU009959,Metro LLC,Builder,R02,SR0187,TN Heights,TN,59294,2025-03-03,250000,Active
CU009960,Summit Construction,Retailer,R02,SR0167,NC Metro,NC,78738,2017-03-28,1000000,Active
CU009961,Prime Builders,Retailer,R05,SR0075,UT Metro,UT,88854,2023-09-21,100000,Active
CU009962,Cornerstone Inc,Contractor,R05,SR0130,UT Metro,UT,30353,2025-04-13,250000,Active
CU009963,Build Materials,Distributor,R05,SR0005,CO Metro,CO,10061,2021-10-12,1000000,Active
CU009964,Prime Builders,Builder,R02,SR0132,SC Heights,SC,66725,2017-05-06,1000000,Active
CU009965,Urban Group,Distributor,R04,SR0189,NM City,NM,86140,2021-09-02,50000,Active
CU009966,Build Homes,Distributor,R04,SR0144,OK City,OK,19715,2019-07-19,100000,Active
CU009967,Home Materials,Contractor,R05,SR0110,OR Heights,OR,49804,2022-03-19,50000,Active
CU009968,Cornerstone Supply,Distributor,R04,SR0189,TX Metro,TX,64877,2024-11-13,25000,Active
CU009969,Prime Builders,Distributor,R02,SR0172,FL City,FL,51804,2018-06-13,250000,Active
CU009970,Summit Builders,Builder,R04,SR0114,AZ Metro,AZ,51114,2019-05-24,500000,Active
CU009971,Urban Development,Distributor,R01,SR0046,PA City,PA,94030,2017-06-05,50000,Active
CU009972,Pioneer LLC,Distributor,R05,SR0100,CA Heights,CA,77624,2023-12-15,100000,Active
CU009973,Skyline Contracting,Contractor,R03,SR0023,IL Heights,IL,38935,2023-07-06,50000,Active
CU009974,Metro Contracting,Retailer,R02,SR0172,SC City,SC,25939,2021-09-13,100000,Active
CU009975,Dream Homes,Contractor,R03,SR0068,MI Metro,MI,58588,2025-05-04,100000,Active
CU009976,Metro Contracting,Builder,R02,SR0047,NC Metro,NC,48508,2017-11-01,1000000,Active
CU009977,Atlas Supply,Builder,R02,SR0067,FL City,FL,99266,2024-07-19,250000,Active
CU009978,Skyline Development,Distributor,R03,SR0003,WI City,WI,36707,2018-06-30,100000,Active
CU009979,Summit LLC,Builder,R04,SR0064,OK Heights,OK,99689,2018-03-08,100000,Active
CU009980,Cornerstone LLC,Contractor,R01,SR0056,NJ City,NJ,87435,2023-02-17,500000,Active
CU009981,Cornerstone Contracting,Retailer,R01,SR0166,NY City,NY,45999,2020-06-19,50000,Active
CU009982,Atlas LLC,Distributor,R02,SR0187,NC Heights,NC,60052,2019-10-11,25000,Active
CU009983,Evergreen Builders,Contractor,R04,SR0054,NM Metro,NM,41873,2017-12-11,250000,Active
CU009984,Skyline Development,Distributor,R04,SR0094,NV Metro,NV,69703,2024-08-05,1000000,Active
CU009985,Dream LLC,Distributor,R05,SR0050,OR Heights,OR,60135,2023-07-06,1000000,Active
CU009986,Pioneer Homes,Builder,R02,SR0037,GA City,GA,57838,2020-12-31,50000,Active
CU009987,Home Development,Contractor,R02,SR0062,NC City,NC,13617,2017-11-23,250000,Active
CU009988,Dream Builders,Retailer,R02,SR0102,GA City,GA,22878,2023-11-16,25000,Active
CU009989,Skyline Homes,Distributor,R05,SR0150,CA City,CA,75205,2023-05-23,1000000,Active
CU009990,Cornerstone Construction,Contractor,R03,SR0123,OH City,OH,77094,2020-09-02,500000,Active
CU009991,Urban Supply,Builder,R02,SR0027,FL City,FL,97083,2017-12-19,250000,Active
CU009992,Metro LLC,Retailer,R04,SR0069,NV City,NV,56886,2021-02-04,1000000,Active
CU009993,Summit Group,Distributor,R04,SR0159,NV Metro,NV,,2024-10-27,25000,Active
CU009994,Evergreen Contracting,Contractor,R02,SR0157,SC City,SC,,2021-08-30,100000,Active
CU009995,Evergreen Inc,Contractor,R03,SR0123,IL City,IL,72869,2020-12-27,250000,Active
CU009996,Atlas Homes,Retailer,R02,SR0087,FL Heights,FL,45653,2023-08-17,25000,Active
CU009997,Evergreen Supply,Contractor,R02,SR0047,SC Heights,SC,35032,2024-12-09,100000,Active
CU009998,Urban Homes,Distributor,R02,SR0187,FL Heights,FL,93735,2024-07-13,50000,Active
CU009999,Summit Construction,Distributor,R03,SR0178,MI City,MI,37004,2019-08-07,1000000,Active
CU010000,Metro Inc,Builder,R05,SR0040,OR Heights,OR,60653,2019-05-10,25000,Active
CU010001,SUMMIT DEVELOPMENT,Builder,R03,SR0088,IN Metro,IN,61654,2019-06-14,1000000,Active
CU010002,SUMMIT HOMES,Distributor,R05,SR0165,UT Heights,UT,79244,2024-07-16,500000,Active
CU010003,CORNERSTONE CONTRACTING,Distributor,R02,SR0082,FL Heights,FL,41090,2020-02-15,25000,Active
CU010004,HOME GROUP,Distributor,R04,SR0169,AZ Metro,AZ,46304,2024-09-04,1000000,Active
CU010005,BUILD CONTRACTING,Retailer,R02,SR0012,FL Metro,FL,78021,2018-11-30,25000,Active
CU010006,HOME HOMES,Contractor,R05,SR0030,UT City,UT,99446,2020-01-02,100000,Active
CU010007,BUILD SUPPLY,Contractor,R01,SR0036,NJ City,NJ,71674,2020-09-18,500000,Active
CU010008,BUILD CONSTRUCTION,Builder,R05,SR0015,OR Metro,OR,21754,2020-03-04,250000,Active
CU010009,ATLAS CONSTRUCTION,Contractor,R02,SR0122,FL Heights,FL,29862,2025-01-21,250000,Active
CU010010,DREAM CONSTRUCTION,Contractor,R05,SR0120,WA City,WA,67708,2017-03-29,1000000,Active
CU010011,DREAM HOMES,Distributor,R04,SR0084,TX City,TX,52362,2023-08-18,25000,Active
CU010012,DREAM BUILDERS,Builder,R03,SR0043,WI City,WI,91900,2017-04-17,25000,Active
CU010013,DREAM GROUP,Retailer,R01,SR0191,PA Heights,PA,22857,2023-09-07,1000000,Active
CU010014,ATLAS DEVELOPMENT,Contractor,R05,SR0005,WA Metro,WA,93508,2023-04-21,25000,Active
CU010015,SUMMIT CONTRACTING,Builder,R01,SR0166,NJ Metro,NJ,74345,2017-01-18,100000,Active
CU010016,SUMMIT CONTRACTING,Retailer,R03,SR0033,OH Heights,OH,88842,2024-08-15,500000,Active
CU010017,ATLAS DEVELOPMENT,Distributor,R04,SR0159,TX City,TX,38127,2018-02-06,500000,Active
CU010018,CORNERSTONE CONSTRUCTION,Retailer,R02,SR0062,FL Metro,FL,60849,2017-05-03,50000,Active
CU010019,DREAM GROUP,Builder,R01,SR0066,NJ Heights,NJ,78740,2017-06-06,500000,Active
CU010020,BUILD LLC,Builder,R04,SR0149,NV Metro,NV,81686,2025-03-05,50000,Active
CU010021,ATLAS BUILDERS,Builder,R03,SR0198,IN City,IN,59733,2019-04-12,1000000,Active
CU010022,HOME DEVELOPMENT,Builder,R05,SR0015,CO Metro,CO,49190,2024-01-01,100000,Active
CU010023,URBAN LLC,Contractor,R01,SR0146,MA Metro,MA,75907,2025-03-09,100000,Active
CU010024,ATLAS DEVELOPMENT,Contractor,R05,SR0135,WA Heights,WA,58380,2019-06-17,1000000,Active
CU010025,SKYLINE SUPPLY,Builder,R03,SR0083,WI Metro,WI,45716,2024-02-22,50000,Active
CU010026,CORNERSTONE LLC,Contractor,R03,SR0198,IN City,IN,27504,2021-05-31,50000,Active
CU010027,SUMMIT DEVELOPMENT,Contractor,R03,SR0043,IL City,IL,,2024-04-11,100000,Active
CU010028,PRIME DEVELOPMENT,Distributor,R01,SR0066,PA Metro,PA,78860,2020-06-22,1000000,Active
CU010029,URBAN INC,Builder,R01,SR0046,NJ Metro,NJ,11947,2022-09-25,1000000,Active
CU010030,HOME SUPPLY,Retailer,R04,SR0034,TX Metro,TX,12185,2024-12-15,500000,Active
CU010031,EVERGREEN LLC,Builder,R04,SR0109,TX Metro,TX,33281,2023-08-25,1000000,Active
CU010032,CORNERSTONE BUILDERS,Builder,R01,SR0086,PA Metro,PA,73203,2021-01-04,250000,Active
CU010033,EVERGREEN DEVELOPMENT,Builder,R01,SR0171,NJ City,NJ,73514,2021-11-22,250000,Active
CU010034,METRO MATERIALS,Distributor,R04,SR0094,OK City,OK,86221,2020-04-14,250000,Active
CU010035,PIONEER INC,Builder,R05,SR0120,OR Heights,OR,35215,2022-10-22,100000,Active
CU010036,HOME SUPPLY,Contractor,R03,SR0003,WI Heights,WI,62288,2023-03-22,1000000,Active
CU010037,URBAN GROUP,Contractor,R01,SR0016,PA Heights,PA,97230,2022-10-30,50000,Active
CU010038,EVERGREEN BUILDERS,Builder,R05,SR0170,WA Heights,WA,81208,2024-07-09,1000000,Active
CU010039,SUMMIT HOMES,Retailer,R01,SR0081,MA Heights,MA,64716,2019-01-23,250000,Active
CU010040,SKYLINE CONSTRUCTION,Builder,R03,SR0073,IL Metro,IL,69425,2023-06-28,250000,Active
CU010041,DREAM HOMES,Retailer,R04,SR0144,NM Metro,NM,77147,2024-12-25,50000,Active
CU010042,DREAM SUPPLY,Contractor,R01,SR0196,PA Heights,PA,63910,2020-08-26,25000,Active
CU010043,EVERGREEN DEVELOPMENT,Contractor,R01,SR0006,PA Metro,PA,69670,2018-01-20,25000,Active
CU010044,SUMMIT BUILDERS,Distributor,R05,SR0005,WA Metro,WA,77168,2019-07-05,25000,Active
CU010045,CORNERSTONE DEVELOPMENT,Distributor,R03,SR0093,MI Metro,MI,12795,2018-05-01,25000,Active
CU010046,ATLAS CONSTRUCTION,Distributor,R02,SR0147,TN City,TN,37406,2019-07-26,250000,Active
CU010047,BUILD BUILDERS,Contractor,R03,SR0053,OH Metro,OH,95462,2018-09-06,1000000,Active
CU010048,BUILD LLC,Contractor,R02,SR0157,FL Heights,FL,88716,2021-11-04,250000,Active
CU010049,EVERGREEN LLC,Builder,R05,SR0035,CA City,CA,24862,2025-03-05,1000000,Active
CU010050,DREAM CONSTRUCTION,Builder,R02,SR0132,SC Metro,SC,23945,2017-02-16,100000,Active
CU010051,EVERGREEN SUPPLY,Retailer,R04,SR0039,AZ Metro,AZ,25448,2019-05-23,100000,Active
CU010052,METRO BUILDERS,Builder,R02,SR0172,GA Metro,GA,12342,2024-12-03,100000,Active
CU010053,EVERGREEN CONTRACTING,Retailer,R03,SR0193,WI Metro,WI,73472,2020-12-30,250000,Active
CU010054,ATLAS HOMES,Retailer,R05,SR0020,CA Metro,CA,59355,2017-10-20,1000000,Active
CU010055,METRO LLC,Contractor,R01,SR0156,NY Metro,NY,36667,2018-01-30,500000,Active
CU010056,HOME MATERIALS,Distributor,R02,SR0112,SC Heights,SC,34088,2022-01-18,1000000,Active
CU010057,DREAM BUILDERS,Contractor,R05,SR0175,OR City,OR,35020,2023-06-17,50000,Active
CU010058,CORNERSTONE GROUP,Builder,R03,SR0173,IL Metro,IL,73098,2023-02-23,500000,Active
CU010059,METRO INC,Builder,R05,SR0055,OR City,OR,21759,2025-02-17,1000000,Active
CU010060,HOME DEVELOPMENT,Distributor,R05,SR0155,UT City,UT,87170,2021-04-30,250000,Active
CU010061,PIONEER GROUP,Retailer,R01,SR0166,NJ Heights,NJ,36626,2020-03-25,250000,Active
CU010062,SUMMIT SUPPLY,Distributor,R04,SR0019,OK Metro,OK,79484,2023-01-06,100000,Active
CU010063,SKYLINE HOMES,Distributor,R02,SR0077,NC City,NC,98540,2019-05-22,100000,Active
CU010064,CORNERSTONE HOMES,Distributor,R03,SR0188,MI City,MI,93961,2024-08-22,25000,Active
CU010065,PIONEER INC,Retailer,R05,SR0080,CA City,CA,64927,2019-08-01,1000000,Active
CU010066,PIONEER INC,Retailer,R03,SR0038,OH Heights,OH,37498,2020-12-15,1000000,Active
CU010067,CORNERSTONE DEVELOPMENT,Builder,R01,SR0161,NJ City,NJ,87369,2019-07-17,500000,Active
CU010068,URBAN LLC,Contractor,R01,SR0166,NY City,NY,38660,2017-07-22,1000000,Active
CU010069,SKYLINE GROUP,Distributor,R02,SR0177,FL City,FL,20995,2022-11-14,50000,Active
CU010070,CORNERSTONE GROUP,Contractor,R04,SR0079,TX City,TX,21626,2024-03-16,1000000,Active
CU010071,PIONEER LLC,Retailer,R04,SR0144,NM City,NM,66030,2019-02-02,1000000,Active
CU010072,PRIME HOMES,Contractor,R02,SR0092,TN Heights,TN,70806,2023-07-11,25000,Active
CU010073,DREAM CONSTRUCTION,Retailer,R02,SR0042,TN City,TN,53349,2018-06-02,100000,Active
CU010074,DREAM CONSTRUCTION,Distributor,R05,SR0010,OR Heights,OR,51446,2023-11-18,250000,Active
CU010075,ATLAS LLC,Retailer,R04,SR0054,TX Metro,TX,12119,2019-03-16,25000,Active
CU010076,SUMMIT INC,Retailer,R04,SR0024,TX Metro,TX,73105,2019-10-08,25000,Active
CU010077,HOME BUILDERS,Retailer,R05,SR0095,CO Metro,CO,84947,2021-11-24,500000,Active
CU010078,CORNERSTONE HOMES,Distributor,R05,SR0110,CO City,CO,11386,2021-03-29,250000,Active
CU010079,EVERGREEN BUILDERS,Distributor,R02,SR0082,GA City,GA,85438,2020-11-26,250000,Active
CU010080,PIONEER SUPPLY,Retailer,R02,SR0007,TN Heights,TN,74321,2019-02-18,100000,Active
CU010081,EVERGREEN DEVELOPMENT,Distributor,R05,SR0140,UT City,UT,22182,2025-01-20,250000,Active
CU010082,ATLAS CONSTRUCTION,Contractor,R04,SR0014,NV Metro,NV,19963,2024-10-29,250000,Active
CU010083,DREAM HOMES,Contractor,R01,SR0146,CT City,CT,79922,2017-10-12,100000,Active
CU010084,CORNERSTONE MATERIALS,Builder,R02,SR0092,FL City,FL,36988,2019-01-01,100000,Active
CU010085,METRO SUPPLY,Contractor,R01,SR0191,PA City,PA,92016,2020-12-10,25000,Active
CU010086,ATLAS LLC,Contractor,R04,SR0144,TX City,TX,11662,2018-09-19,100000,Active
CU010087,METRO MATERIALS,Retailer,R05,SR0075,WA Heights,WA,59196,2020-07-27,50000,Active
CU010088,BUILD CONTRACTING,Retailer,R05,SR0085,OR Metro,OR,52339,2022-09-22,500000,Active
CU010089,ATLAS CONSTRUCTION,Distributor,R04,SR0064,NV Heights,NV,51872,2021-08-08,500000,Active
CU010090,EVERGREEN DEVELOPMENT,Distributor,R01,SR0001,CT Heights,CT,94381,2019-10-17,100000,Active
CU010091,HOME HOMES,Contractor,R02,SR0192,NC Heights,NC,17796,2020-02-25,1000000,Active
CU010092,EVERGREEN INC,Retailer,R02,SR0157,SC Heights,SC,17606,2018-11-14,500000,Active
CU010093,DREAM SUPPLY,Contractor,R03,SR0073,WI Heights,WI,27594,2020-05-12,500000,Active
CU010094,SKYLINE CONSTRUCTION,Builder,R03,SR0088,IL City,IL,38320,2024-02-27,25000,Active
CU010095,URBAN GROUP,Distributor,R03,SR0098,WI Metro,WI,25471,2018-04-01,250000,Active
CU010096,PRIME INC,Builder,R03,SR0083,IN Metro,IN,97483,2017-04-01,500000,Active
CU010097,PIONEER DEVELOPMENT,Distributor,R05,SR0020,CA Heights,CA,69144,2022-07-24,50000,Active
CU010098,PRIME SUPPLY,Retailer,R01,SR0116,PA Metro,PA,81739,2019-02-08,1000000,Active
CU010099,HOME DEVELOPMENT,Distributor,R01,SR0091,MA City,MA,96421,2022-03-22,50000,Active
CU010100,SUMMIT HOMES,Retailer,R01,SR0096,NY Metro,NY,84840,2021-09-11,1000000,Active
