ProductID,ProductName,CategoryID,CategoryName,SupplierID,StandardCost,ListPrice,WeightLbs,Status
P00001,Cement Premium 0001,C01,Cement,S0109,33.56,38.44,3.54,Active
P00002,Drywall Premium 0002,C02,Drywall,S0015,45.85,71.78,21.04,Active
P00003,Lumber Commercial 0003,C03,Lumber,S0232,6.92,9.28,2.8,Active
P00004,Roofing Pro 0004,C04,Roofing,S0135,29.65,39.9,6.79,Active
P00005,Insulation Premium 0005,C05,Insulation,S0103,26.8,49.33,4.19,Active
P00006,Steel Premium 0006,C06,Steel,S0080,50.18,68.69,18.17,Active
P00007,Paint Premium 0007,C07,Paint,S0078,28.4,33.81,24.89,Active
P00008,Flooring Premium 0008,C08,Flooring,S0211,37.61,57.45,4.16,Active
P00009,Plumbing Pro 0009,C09,Plumbing,S0085,35.1,48.72,3.81,Active
P00010,Electrical Premium 0010,C10,Electrical,S0045,50.14,65.02,8.63,Active
P00011,Tools Pro 0011,C11,Tools,S0094,23.82,40.62,4.89,Active
P00012,Fasteners Pro 0012,C12,Fasteners,S0247,63.8,115.97,7.85,Active
P00013,Doors Commercial 0013,C13,Doors,S0135,20.09,27.96,6.57,Active
P00014,Windows Commercial 0014,C14,,S0200,39.35,55.85,12.54,Active
P00015,Concrete Accessories Premium 0015,C15,Concrete Accessories,S0043,36.19,46.73,13.3,Active
P00016,Cement Premium 0016,C01,Cement,S0187,121.41,140.89,6.26,Active
P00017,Drywall Commercial 0017,C02,Drywall,S0164,18.94,23.52,4.34,Active
P00018,Lumber Pro 0018,C03,Lumber,S0195,41.73,55.35,24.93,Active
P00019,Roofing Standard 0019,C04,Roofing,S0115,25.03,39.88,4.24,Active
P00020,Insulation Standard 0020,C05,Insulation,S0158,15.22,26.24,16.21,Active
P00021,Steel Premium 0021,C06,Steel,S0243,45.62,65.63,14.71,Active
P00022,Paint Standard 0022,C07,Paint,S0249,17.02,25.36,11.12,Active
P00023,Flooring Pro 0023,C08,Flooring,S0220,29.42,40.16,10.99,Active
P00024,Plumbing Premium 0024,C09,Plumbing,S0175,49.9,67.54,11.04,Active
P00025,Electrical Pro 0025,C10,Electrical,S0092,43.61,66.85,9.59,Active
P00026,Tools Standard 0026,C11,Tools,S0028,33.19,45.6,15.93,Active
P00027,Fasteners Standard 0027,C12,Fasteners,S0171,9.78,13.94,6.77,Active
P00028,Doors Standard 0028,C13,Doors,S0081,19.51,25.47,5.08,Active
P00029,Windows Premium 0029,C14,Windows,S0096,22.36,37.24,34.66,Active
P00030,Concrete Accessories Premium 0030,C15,Concrete Accessories,S0247,14.79,24.7,21.57,Active
P00031,Cement Standard 0031,C01,Cement,S0163,8.35,10.53,6.68,Active
P00032,Drywall Standard 0032,C02,Drywall,S0087,30.38,41.42,15.3,Active
P00033,Lumber Premium 0033,C03,Lumber,S0087,44.61,56.14,18.43,Active
P00034,Roofing Commercial 0034,C04,Roofing,S0092,21.24,25.51,5.95,Active
P00035,Insulation Commercial 0035,C05,Insulation,S0162,49.43,68.37,7.6,Active
P00036,Steel Pro 0036,C06,Steel,S0241,11.1,15.67,3.25,Active
P00037,Paint Premium 0037,C07,Paint,S0248,14.24,17.83,14.12,Active
P00038,Flooring Standard 0038,C08,Flooring,S0113,29.96,44.08,16.8,Active
P00039,Plumbing Commercial 0039,C09,Plumbing,S0234,20.1,33.69,10.41,Active
P00040,Electrical Premium 0040,C10,Electrical,S0159,42.01,63.06,6.83,Active
P00041,Tools Commercial 0041,C11,Tools,S0080,37.33,59.88,4.97,Active
P00042,Fasteners Premium 0042,C12,Fasteners,S0066,21.03,34.61,6.4,Active
P00043,Doors Commercial 0043,C13,Doors,S0133,11.74,14.69,13.99,Active
P00044,Windows Premium 0044,C14,Windows,S0060,19.52,33.82,9.13,Active
P00045,Concrete Accessories Premium 0045,C15,Concrete Accessories,S0204,37.96,66.14,13.49,Active
P00046,Cement Commercial 0046,C01,Cement,S0040,43.2,62.26,8.26,Active
P00047,Drywall Premium 0047,C02,Drywall,S0111,20.16,27.27,8.4,Active
P00048,Lumber Commercial 0048,C03,Lumber,S0035,8.32,14.49,2.45,Active
P00049,Roofing Pro 0049,C04,Roofing,S0019,10.74,15.68,3.68,Active
P00050,Insulation Standard 0050,C05,Insulation,S0057,35.87,45.11,4.0,Active
P00051,Steel Premium 0051,C06,Steel,S0090,20.81,36.41,29.06,Active
P00052,Paint Premium 0052,C07,Paint,S0169,21.13,31.45,17.53,Active
P00053,Flooring Commercial 0053,C08,Flooring,S0047,14.1,20.92,7.5,Active
P00054,Plumbing Standard 0054,C09,Plumbing,S0132,13.94,19.47,6.65,Active
P00055,Electrical Premium 0055,C10,Electrical,S0010,48.82,61.73,1.91,Active
P00056,Tools Premium 0056,C11,Tools,S0086,36.75,64.48,11.18,Active
P00057,Fasteners Pro 0057,C12,Fasteners,S0217,17.89,25.98,2.46,Active
P00058,Doors Commercial 0058,C13,Doors,S0144,28.52,49.94,5.6,Active
P00059,Windows Commercial 0059,C14,Windows,S0023,31.91,52.29,9.2,Active
P00060,Concrete Accessories Premium 0060,C15,Concrete Accessories,S0012,83.2,131.74,7.28,Active
P00061,Cement Premium 0061,C01,Cement,S0118,13.24,20.39,10.61,Active
P00062,Drywall Standard 0062,C02,Drywall,S0035,31.63,49.69,30.67,Active
P00063,Lumber Premium 0063,C03,Lumber,S0013,48.65,67.28,12.44,Active
P00064,Roofing Premium 0064,C04,Roofing,S0154,75.51,97.97,3.1,Active
P00065,Insulation Standard 0065,C05,Insulation,S0109,17.33,25.18,3.92,Active
P00066,Steel Standard 0066,C06,Steel,S0092,20.64,24.31,2.61,Active
P00067,Paint Premium 0067,C07,Paint,S0125,42.29,60.33,7.39,Active
P00068,Flooring Pro 0068,C08,Flooring,S0069,9.68,17.65,3.62,Active
P00069,Plumbing Standard 0069,C09,Plumbing,S0065,33.77,42.05,19.19,Active
P00070,Electrical Standard 0070,C10,Electrical,S0037,109.7,136.42,124.27,Active
P00071,Tools Standard 0071,C11,Tools,S0189,36.24,65.71,3.7,Active
P00072,Fasteners Premium 0072,C12,Fasteners,S0122,6.1,10.92,11.48,Active
P00073,Doors Pro 0073,C13,Doors,S0008,15.35,24.27,6.21,Active
P00074,Windows Commercial 0074,C14,Windows,S0165,17.66,21.52,7.95,Active
P00075,Concrete Accessories Standard 0075,C15,Concrete Accessories,S0118,57.18,70.78,10.4,Active
P00076,Cement Premium 0076,C01,Cement,S0231,24.26,33.62,3.55,Active
P00077,Drywall Pro 0077,C02,Drywall,S0190,8.4,12.29,5.83,Active
P00078,Lumber Commercial 0078,C03,Lumber,S0140,26.11,36.24,44.31,Active
P00079,Roofing Pro 0079,C04,Roofing,S0057,29.7,48.33,21.86,Active
P00080,Insulation Commercial 0080,C05,Insulation,S0001,19.12,25.98,3.11,Active
P00081,Steel Commercial 0081,C06,Steel,S0210,13.8,19.06,4.7,Active
P00082,Paint Premium 0082,C07,Paint,S0225,120.29,181.08,4.31,Active
P00083,Flooring Commercial 0083,C08,Flooring,S0025,48.76,61.58,4.0,Active
P00084,Plumbing Premium 0084,C09,Plumbing,S0057,52.04,83.52,12.76,Active
P00085,Electrical Commercial 0085,C10,Electrical,S0124,24.3,37.7,8.7,Active
P00086,Tools Commercial 0086,C11,Tools,S0023,17.14,22.14,13.48,Active
P00087,Fasteners Pro 0087,C12,Fasteners,S0069,19.72,27.47,3.0,Active
P00088,Doors Commercial 0088,C13,Doors,S0047,11.08,13.09,10.54,Active
P00089,Windows Pro 0089,C14,Windows,S0233,81.89,126.05,10.42,Active
P00090,Concrete Accessories Pro 0090,C15,Concrete Accessories,S0115,24.95,31.28,11.67,Active
P00091,Cement Premium 0091,C01,Cement,S0008,67.64,114.88,11.0,Active
P00092,Drywall Standard 0092,C02,Drywall,S0114,20.34,30.33,24.43,Active
P00093,Lumber Standard 0093,C03,Lumber,S0175,36.6,43.45,35.95,Active
P00094,Roofing Commercial 0094,C04,Roofing,S0236,30.82,39.52,3.0,Active
P00095,Insulation Commercial 0095,C05,Insulation,S0152,10.41,11.98,39.88,Active
P00096,Steel Standard 0096,C06,Steel,S0212,90.61,105.08,7.68,Active
P00097,Paint Premium 0097,C07,Paint,S0120,20.73,28.14,33.63,Active
P00098,Flooring Commercial 0098,C08,Flooring,S0006,12.49,14.48,4.03,Active
P00099,Plumbing Commercial 0099,C09,Plumbing,S0180,42.54,55.5,6.33,Active
P00100,Electrical Pro 0100,C10,Electrical,S0050,27.02,34.11,7.79,Active
P00101,Tools Premium 0101,C11,Tools,S0036,34.34,40.43,32.03,Active
P00102,Fasteners Commercial 0102,C12,Fasteners,S0021,28.89,51.71,16.11,Active
P00103,Doors Pro 0103,C13,Doors,S0192,6.46,11.67,8.64,Active
P00104,Windows Premium 0104,C14,Windows,S0085,15.03,20.31,3.01,Active
P00105,Concrete Accessories Commercial 0105,C15,Concrete Accessories,S0180,14.66,18.94,6.68,Active
P00106,Cement Premium 0106,C01,Cement,S0024,51.48,71.11,2.74,Active
P00107,Drywall Pro 0107,C02,Drywall,S0033,27.7,42.85,5.84,Active
P00108,Lumber Pro 0108,C03,Lumber,S0164,21.56,33.79,22.25,Active
P00109,Roofing Commercial 0109,C04,Roofing,S0130,39.52,65.76,30.07,Active
P00110,Insulation Standard 0110,C05,Insulation,S0248,24.33,28.4,4.82,Active
P00111,Steel Pro 0111,C06,Steel,S0017,23.18,37.24,11.23,Active
P00112,Paint Commercial 0112,C07,Paint,S0117,30.68,35.19,3.4,Active
P00113,Flooring Pro 0113,C08,Flooring,S0223,28.89,46.12,11.08,Active
P00114,Plumbing Standard 0114,C09,Plumbing,S0226,157.94,192.71,48.87,Active
P00115,Electrical Pro 0115,C10,Electrical,S0174,14.92,24.79,6.97,Active
P00116,Tools Pro 0116,C11,Tools,S0222,9.73,14.93,5.3,Active
P00117,Fasteners Premium 0117,C12,Fasteners,S0002,33.82,53.2,26.72,Active
P00118,Doors Standard 0118,C13,Doors,S0017,16.28,23.33,5.01,Active
P00119,Windows Pro 0119,C14,Windows,S0173,6.03,6.97,7.8,Active
P00120,Concrete Accessories Standard 0120,C15,Concrete Accessories,S0086,12.89,16.53,5.6,Active
P00121,Cement Commercial 0121,C01,Cement,S0200,14.68,20.03,8.29,Active
P00122,Drywall Pro 0122,C02,Drywall,S0192,7.92,9.18,2.41,Active
P00123,Lumber Pro 0123,C03,Lumber,S0128,120.36,139.85,2.83,Active
P00124,Roofing Commercial 0124,C04,Roofing,S0077,12.58,16.23,47.14,Active
P00125,Insulation Standard 0125,C05,Insulation,S0117,207.17,271.13,3.14,Active
P00126,Steel Commercial 0126,C06,Steel,S0232,20.95,24.24,12.27,Active
P00127,Paint Commercial 0127,C07,Paint,S0222,90.93,132.97,3.71,Active
P00128,Flooring Premium 0128,C08,Flooring,S0115,22.84,34.75,18.17,Active
P00129,Plumbing Commercial 0129,C09,Plumbing,S0067,36.76,50.42,6.43,Active
P00130,Electrical Standard 0130,C10,Electrical,S0196,24.69,32.37,2.62,Active
P00131,Tools Pro 0131,C11,Tools,S0243,22.95,32.48,7.1,Active
P00132,Fasteners Standard 0132,C12,Fasteners,S0219,31.9,47.16,5.48,Active
P00133,Doors Commercial 0133,C13,Doors,S0134,37.72,68.85,22.45,Active
P00134,Windows Commercial 0134,C14,Windows,S0075,30.23,53.52,12.39,Active
P00135,Concrete Accessories Commercial 0135,C15,Concrete Accessories,S0091,28.14,38.38,9.03,Active
P00136,Cement Premium 0136,C01,Cement,S0089,16.36,22.3,12.0,Active
P00137,Drywall Premium 0137,C02,Drywall,S0073,25.33,34.59,59.37,Active
P00138,Lumber Premium 0138,C03,Lumber,S0203,81.56,101.09,12.77,Active
P00139,Roofing Pro 0139,C04,Roofing,S0165,15.89,18.16,3.32,Active
P00140,Insulation Pro 0140,C05,Insulation,S0206,62.41,86.7,11.43,Active
P00141,Steel Pro 0141,C06,Steel,S0202,37.94,47.23,1.88,Active
P00142,Paint Commercial 0142,C07,Paint,S0095,51.89,62.41,13.59,Active
P00143,Flooring Commercial 0143,C08,Flooring,S0053,12.46,16.86,5.9,Active
P00144,Plumbing Commercial 0144,C09,Plumbing,S0117,32.61,41.94,9.46,Active
P00145,Electrical Premium 0145,C10,Electrical,S0173,22.1,25.28,8.22,Active
P00146,Tools Commercial 0146,C11,Tools,S0038,22.73,31.94,10.35,Active
P00147,Fasteners Premium 0147,C12,Fasteners,S0078,75.95,92.0,0.9,Active
P00148,Doors Commercial 0148,C13,Doors,S0007,22.97,33.22,10.58,Active
P00149,Windows Premium 0149,C14,Windows,S0105,33.35,50.78,6.46,Active
P00150,Concrete Accessories Premium 0150,C15,Concrete Accessories,S0248,7.93,12.05,12.12,Active
P00151,Cement Pro 0151,C01,Cement,S0004,90.84,131.19,2.27,Active
P00152,Drywall Standard 0152,C02,Drywall,S0171,49.63,66.59,6.71,Active
P00153,Lumber Standard 0153,C03,Lumber,S0099,25.97,30.15,3.5,Active
P00154,Roofing Standard 0154,C04,Roofing,S0189,21.45,35.04,29.08,Active
P00155,Insulation Premium 0155,C05,Insulation,S0121,40.77,60.59,42.91,Active
P00156,Steel Commercial 0156,C06,Steel,S0041,61.82,70.58,13.4,Active
P00157,Paint Standard 0157,C07,Paint,S0222,91.9,109.21,13.4,Active
P00158,Flooring Standard 0158,C08,Flooring,S0071,48.4,63.66,6.91,Active
P00159,Plumbing Premium 0159,C09,Plumbing,S0107,28.41,38.02,4.82,Active
P00160,Electrical Commercial 0160,C10,Electrical,S0240,54.2,73.31,3.13,Active
P00161,Tools Premium 0161,C11,Tools,S0038,46.88,64.56,7.6,Active
P00162,Fasteners Premium 0162,C12,Fasteners,S0163,61.55,100.65,17.74,Active
P00163,Doors Premium 0163,C13,Doors,S0070,96.97,120.17,17.42,Active
P00164,Windows Commercial 0164,C14,Windows,S0192,9.02,10.32,8.5,Active
P00165,Concrete Accessories Premium 0165,C15,Concrete Accessories,S0024,11.94,14.2,5.66,Active
P00166,Cement Standard 0166,C01,Cement,S0063,78.09,104.36,16.02,Active
P00167,Drywall Commercial 0167,C02,Drywall,S0004,16.62,27.32,3.62,Active
P00168,Lumber Premium 0168,C03,Lumber,S0066,27.74,35.69,3.02,Active
P00169,Roofing Pro 0169,C04,Roofing,S0240,16.95,20.15,11.95,Active
P00170,Insulation Commercial 0170,C05,Insulation,S0070,60.87,82.09,15.61,Active
P00171,Steel Commercial 0171,C06,Steel,S0114,5.45,7.22,11.87,Active
P00172,Paint Premium 0172,C07,Paint,S0080,28.51,48.71,13.1,Active
P00173,Flooring Standard 0173,C08,Flooring,S0166,84.04,115.49,1.41,Active
P00174,Plumbing Standard 0174,C09,Plumbing,S0095,17.93,31.11,15.36,Active
P00175,Electrical Pro 0175,C10,Electrical,S0099,8.96,13.08,34.07,Active
P00176,Tools Commercial 0176,C11,Tools,S0097,35.09,64.65,19.34,Active
P00177,Fasteners Pro 0177,C12,Fasteners,S0039,18.18,22.86,18.77,Active
P00178,Doors Premium 0178,C13,Doors,S0106,57.28,79.16,11.13,Active
P00179,Windows Pro 0179,C14,Windows,S0230,31.95,49.27,11.51,Active
P00180,Concrete Accessories Commercial 0180,C15,,S0184,14.82,21.07,7.9,Active
P00181,Cement Premium 0181,C01,Cement,S0166,24.37,27.88,12.74,Active
P00182,Drywall Standard 0182,C02,Drywall,S0153,54.59,62.96,3.48,Active
P00183,Lumber Premium 0183,C03,Lumber,S0182,24.84,41.18,34.24,Active
P00184,Roofing Premium 0184,C04,Roofing,S0187,16.11,19.82,4.31,Active
P00185,Insulation Standard 0185,C05,Insulation,S0048,31.24,39.39,19.3,Active
P00186,Steel Pro 0186,C06,Steel,S0133,27.33,43.27,29.85,Active
P00187,Paint Commercial 0187,C07,Paint,S0227,49.39,67.61,19.25,Active
P00188,Flooring Pro 0188,C08,Flooring,S0212,39.96,53.1,73.32,Active
P00189,Plumbing Pro 0189,C09,Plumbing,S0070,23.49,28.82,1.49,Active
P00190,Electrical Standard 0190,C10,Electrical,S0167,83.34,113.67,5.98,Active
P00191,Tools Premium 0191,C11,Tools,S0024,29.24,52.05,29.33,Active
P00192,Fasteners Premium 0192,C12,Fasteners,S0088,8.83,11.7,2.93,Active
P00193,Doors Commercial 0193,C13,Doors,S0039,8.84,11.95,4.42,Active
P00194,Windows Premium 0194,C14,Windows,S0029,36.88,59.44,14.47,Active
P00195,Concrete Accessories Premium 0195,C15,Concrete Accessories,S0072,32.9,56.13,2.53,Active
P00196,Cement Standard 0196,C01,Cement,S0084,5.38,7.48,9.48,Active
P00197,Drywall Pro 0197,C02,Drywall,S0048,19.49,28.69,13.65,Active
P00198,Lumber Commercial 0198,C03,Lumber,S0195,44.32,63.17,10.22,Active
P00199,Roofing Commercial 0199,C04,Roofing,S0019,46.16,83.89,11.09,Active
P00200,Insulation Pro 0200,C05,Insulation,S0220,39.29,45.08,4.79,Active
P00201,Steel Pro 0201,C06,Steel,S0022,23.91,28.72,10.77,Active
P00202,Paint Pro 0202,C07,Paint,S0168,48.15,60.09,6.33,Active
P00203,Flooring Standard 0203,C08,Flooring,S0045,39.05,66.08,7.1,Active
P00204,Plumbing Pro 0204,C09,Plumbing,S0089,24.97,44.07,19.04,Active
P00205,Electrical Premium 0205,C10,Electrical,S0174,6.72,11.37,2.81,Active
P00206,Tools Standard 0206,C11,Tools,S0111,9.61,16.36,1.1,Active
P00207,Fasteners Pro 0207,C12,Fasteners,S0116,16.86,29.85,17.72,Active
P00208,Doors Commercial 0208,C13,Doors,S0173,22.21,29.68,10.78,Active
P00209,Windows Pro 0209,C14,Windows,S0106,58.12,89.06,29.81,Active
P00210,Concrete Accessories Standard 0210,C15,Concrete Accessories,S0132,25.83,31.13,30.52,Active
P00211,Cement Premium 0211,C01,Cement,S0098,28.92,34.11,4.25,Active
P00212,Drywall Premium 0212,C02,Drywall,S0154,17.88,29.85,2.38,Active
P00213,Lumber Commercial 0213,C03,Lumber,S0022,14.56,25.55,6.54,Active
P00214,Roofing Standard 0214,C04,Roofing,S0135,47.58,55.13,42.47,Active
P00215,Insulation Pro 0215,C05,Insulation,S0116,10.3,12.72,12.85,Active
P00216,Steel Pro 0216,C06,Steel,S0148,13.09,16.97,13.84,Active
P00217,Paint Premium 0217,C07,Paint,S0171,24.74,36.96,1.74,Active
P00218,Flooring Premium 0218,C08,Flooring,S0203,51.93,75.53,5.24,Active
P00219,Plumbing Premium 0219,C09,Plumbing,S0057,18.66,23.33,3.45,Active
P00220,Electrical Pro 0220,C10,Electrical,S0027,17.15,22.63,13.26,Active
P00221,Tools Standard 0221,C11,Tools,S0161,23.75,38.88,12.13,Active
P00222,Fasteners Pro 0222,C12,Fasteners,S0167,34.93,54.22,29.62,Active
P00223,Doors Premium 0223,C13,Doors,S0194,21.33,36.39,2.39,Active
P00224,Windows Premium 0224,C14,Windows,S0002,57.23,80.18,6.7,Active
P00225,Concrete Accessories Pro 0225,C15,Concrete Accessories,S0216,59.16,89.75,12.74,Active
P00226,Cement Premium 0226,C01,Cement,S0128,24.73,31.4,12.35,Active
P00227,Drywall Standard 0227,C02,Drywall,S0178,106.24,147.45,58.51,Active
P00228,Lumber Commercial 0228,C03,Lumber,S0151,28.46,36.88,10.42,Active
P00229,Roofing Commercial 0229,C04,Roofing,S0162,57.59,70.27,4.22,Active
P00230,Insulation Pro 0230,C05,Insulation,S0157,34.23,41.48,8.82,Active
P00231,Steel Pro 0231,C06,Steel,S0028,33.78,38.51,4.26,Active
P00232,Paint Premium 0232,C07,Paint,S0019,8.91,10.71,1.4,Active
P00233,Flooring Pro 0233,C08,Flooring,S0032,12.4,16.72,5.97,Active
P00234,Plumbing Standard 0234,C09,Plumbing,S0122,22.08,35.12,51.6,Active
P00235,Electrical Standard 0235,C10,Electrical,S0149,58.8,89.27,3.8,Active
P00236,Tools Pro 0236,C11,Tools,S0168,34.58,60.63,6.26,Active
P00237,Fasteners Commercial 0237,C12,Fasteners,S0093,22.22,30.17,10.66,Active
P00238,Doors Commercial 0238,C13,Doors,S0081,41.82,55.06,6.65,Active
P00239,Windows Pro 0239,C14,Windows,S0111,57.09,91.4,3.23,Active
P00240,Concrete Accessories Commercial 0240,C15,Concrete Accessories,S0163,27.23,35.26,93.49,Active
P00241,Cement Pro 0241,C01,Cement,S0150,31.69,46.97,32.78,Active
P00242,Drywall Pro 0242,C02,Drywall,S0131,28.91,50.44,15.22,Active
P00243,Lumber Pro 0243,C03,Lumber,S0214,26.06,36.55,7.74,Active
P00244,Roofing Pro 0244,C04,Roofing,S0069,15.71,22.46,13.29,Active
P00245,Insulation Standard 0245,C05,Insulation,S0219,14.94,19.92,16.43,Active
P00246,Steel Commercial 0246,C06,Steel,S0002,57.96,107.15,12.55,Active
P00247,Paint Pro 0247,C07,Paint,S0068,22.19,28.94,13.58,Active
P00248,Flooring Pro 0248,C08,Flooring,S0118,21.84,36.97,20.95,Active
P00249,Plumbing Pro 0249,C09,Plumbing,S0250,7.52,12.6,6.67,Active
P00250,Electrical Premium 0250,C10,Electrical,S0094,6.73,7.93,2.35,Active
P00251,Tools Pro 0251,C11,Tools,S0126,70.44,104.81,20.2,Active
P00252,Fasteners Commercial 0252,C12,Fasteners,S0085,16.38,21.77,2.33,Active
P00253,Doors Pro 0253,C13,Doors,S0214,3.4,6.12,5.53,Active
P00254,Windows Pro 0254,C14,Windows,S0132,147.57,191.87,13.35,Active
P00255,Concrete Accessories Premium 0255,C15,Concrete Accessories,S0039,18.33,25.61,13.72,Active
P00256,Cement Commercial 0256,C01,Cement,S0060,9.09,15.13,6.91,Active
P00257,Drywall Premium 0257,C02,Drywall,S0124,29.07,37.4,8.35,Active
P00258,Lumber Commercial 0258,C03,Lumber,S0032,47.16,72.91,12.31,Active
P00259,Roofing Pro 0259,C04,Roofing,S0058,43.29,66.33,4.86,Active
P00260,Insulation Commercial 0260,C05,Insulation,S0182,50.83,66.82,39.1,Active
P00261,Steel Commercial 0261,C06,Steel,S0241,13.75,24.15,4.06,Active
P00262,Paint Premium 0262,C07,Paint,S0022,69.07,84.42,7.6,Active
P00263,Flooring Standard 0263,C08,Flooring,S0028,72.43,100.96,6.06,Active
P00264,Plumbing Commercial 0264,C09,Plumbing,S0156,75.08,93.2,10.16,Active
P00265,Electrical Pro 0265,C10,Electrical,S0108,32.48,38.03,36.9,Active
P00266,Tools Standard 0266,C11,Tools,S0031,21.05,30.3,3.87,Active
P00267,Fasteners Premium 0267,C12,Fasteners,S0009,19.81,27.17,13.56,Active
P00268,Doors Pro 0268,C13,Doors,S0220,9.06,11.06,16.02,Active
P00269,Windows Pro 0269,C14,Windows,S0011,18.59,32.96,25.36,Active
P00270,Concrete Accessories Commercial 0270,C15,Concrete Accessories,S0015,5.07,6.05,4.45,Active
P00271,Cement Commercial 0271,C01,Cement,S0048,8.33,10.39,4.29,Active
P00272,Drywall Standard 0272,C02,Drywall,S0034,32.25,37.28,7.68,Active
P00273,Lumber Premium 0273,C03,Lumber,S0094,22.71,30.78,7.82,Active
P00274,Roofing Standard 0274,C04,Roofing,S0083,31.26,43.67,3.64,Active
P00275,Insulation Premium 0275,C05,Insulation,S0063,44.47,70.33,16.39,Active
P00276,Steel Premium 0276,C06,Steel,S0230,35.5,59.7,14.89,Active
P00277,Paint Premium 0277,C07,Paint,S0151,33.36,46.45,56.35,Active
P00278,Flooring Standard 0278,C08,Flooring,S0010,25.51,29.25,6.85,Active
P00279,Plumbing Commercial 0279,C09,Plumbing,S0020,16.0,24.41,3.56,Active
P00280,Electrical Standard 0280,C10,Electrical,S0188,11.35,17.98,4.06,Active
P00281,Tools Premium 0281,C11,Tools,S0215,25.8,43.44,12.19,Active
P00282,Fasteners Premium 0282,C12,Fasteners,S0042,28.1,45.4,4.53,Active
P00283,Doors Pro 0283,C13,Doors,S0063,50.91,58.74,17.56,Active
P00284,Windows Standard 0284,C14,Windows,S0162,24.25,27.61,5.01,Active
P00285,Concrete Accessories Premium 0285,C15,Concrete Accessories,S0069,39.8,46.94,10.69,Active
P00286,Cement Commercial 0286,C01,Cement,S0190,9.84,15.28,8.49,Active
P00287,Drywall Standard 0287,C02,Drywall,S0155,32.57,48.6,4.02,Active
P00288,Lumber Commercial 0288,C03,Lumber,S0044,30.97,43.86,2.44,Active
P00289,Roofing Commercial 0289,C04,Roofing,S0013,69.08,87.9,27.75,Active
P00290,Insulation Commercial 0290,C05,Insulation,S0076,22.72,28.62,12.52,Active
P00291,Steel Pro 0291,C06,Steel,S0178,5.02,8.13,3.19,Active
P00292,Paint Premium 0292,C07,Paint,S0004,22.07,28.87,3.44,Active
P00293,Flooring Pro 0293,C08,Flooring,S0230,44.7,60.33,54.47,Active
P00294,Plumbing Pro 0294,C09,Plumbing,S0119,11.9,13.79,4.25,Active
P00295,Electrical Premium 0295,C10,Electrical,S0007,31.97,55.74,38.47,Active
P00296,Tools Standard 0296,C11,Tools,S0063,11.52,13.39,11.29,Active
P00297,Fasteners Standard 0297,C12,Fasteners,S0048,97.02,129.44,2.04,Active
P00298,Doors Pro 0298,C13,Doors,S0072,11.06,15.39,6.16,Active
P00299,Windows Pro 0299,C14,Windows,S0109,18.83,24.1,18.75,Active
P00300,Concrete Accessories Pro 0300,C15,Concrete Accessories,S0025,32.11,38.67,1.83,Active
P00301,Cement Premium 0301,C01,Cement,S0229,38.89,60.9,5.37,Active
P00302,Drywall Commercial 0302,C02,Drywall,S0187,66.16,114.06,5.13,Active
P00303,Lumber Pro 0303,C03,Lumber,S0098,17.36,23.08,14.69,Active
P00304,Roofing Pro 0304,C04,Roofing,S0232,46.25,66.54,13.51,Active
P00305,Insulation Premium 0305,C05,Insulation,S0031,8.33,10.33,14.65,Active
P00306,Steel Commercial 0306,C06,Steel,S0117,13.14,16.57,11.15,Active
P00307,Paint Standard 0307,C07,Paint,S0073,10.01,13.83,13.49,Active
P00308,Flooring Pro 0308,C08,Flooring,S0014,15.42,21.36,2.85,Active
P00309,Plumbing Pro 0309,C09,Plumbing,S0073,44.69,55.84,11.22,Active
P00310,Electrical Pro 0310,C10,Electrical,S0241,17.64,27.73,33.32,Active
P00311,Tools Pro 0311,C11,Tools,S0072,19.92,30.2,9.29,Active
P00312,Fasteners Premium 0312,C12,Fasteners,S0102,32.73,45.63,5.17,Active
P00313,Doors Commercial 0313,C13,Doors,S0022,37.71,45.23,5.58,Active
P00314,Windows Standard 0314,C14,Windows,S0242,20.33,33.79,30.77,Active
P00315,Concrete Accessories Pro 0315,C15,Concrete Accessories,S0173,13.09,15.98,1.03,Active
P00316,Cement Premium 0316,C01,Cement,S0135,83.73,109.59,89.51,Active
P00317,Drywall Premium 0317,C02,Drywall,S0096,20.42,30.08,1.58,Active
P00318,Lumber Standard 0318,C03,Lumber,S0072,21.82,34.12,6.98,Active
P00319,Roofing Commercial 0319,C04,Roofing,S0048,23.74,42.32,3.31,Active
P00320,Insulation Commercial 0320,C05,Insulation,S0159,40.68,46.33,14.47,Active
P00321,Steel Pro 0321,C06,Steel,S0037,9.52,13.14,16.93,Active
P00322,Paint Commercial 0322,C07,Paint,S0228,114.08,203.23,10.54,Active
P00323,Flooring Premium 0323,C08,Flooring,S0100,21.41,34.0,7.94,Active
P00324,Plumbing Premium 0324,C09,Plumbing,S0173,41.71,52.44,1.9,Active
P00325,Electrical Commercial 0325,C10,Electrical,S0195,30.42,38.48,6.35,Active
P00326,Tools Standard 0326,C11,Tools,S0189,98.84,172.91,7.72,Active
P00327,Fasteners Standard 0327,C12,Fasteners,S0023,87.14,115.23,3.34,Active
P00328,Doors Premium 0328,C13,Doors,S0154,40.9,51.48,12.03,Active
P00329,Windows Commercial 0329,C14,Windows,S0096,14.76,20.49,10.59,Active
P00330,Concrete Accessories Pro 0330,C15,Concrete Accessories,S0006,63.36,76.95,6.74,Active
P00331,Cement Pro 0331,C01,Cement,S0173,8.29,14.41,8.88,Active
P00332,Drywall Commercial 0332,C02,Drywall,S0137,14.42,21.86,6.63,Active
P00333,Lumber Pro 0333,C03,Lumber,S0059,25.61,46.32,1.94,Active
P00334,Roofing Standard 0334,C04,Roofing,S0237,8.75,14.48,13.93,Active
P00335,Insulation Standard 0335,C05,Insulation,S0221,18.8,30.73,0.9,Active
P00336,Steel Premium 0336,C06,Steel,S0218,46.96,62.26,11.53,Active
P00337,Paint Premium 0337,C07,Paint,S0004,16.45,26.47,2.76,Active
P00338,Flooring Standard 0338,C08,Flooring,S0085,48.67,69.34,12.36,Active
P00339,Plumbing Commercial 0339,C09,Plumbing,S0072,143.71,243.73,13.17,Active
P00340,Electrical Commercial 0340,C10,Electrical,S0119,35.57,42.81,7.77,Active
P00341,Tools Commercial 0341,C11,Tools,S0123,48.03,62.38,15.84,Active
P00342,Fasteners Commercial 0342,C12,Fasteners,S0149,65.12,110.55,5.65,Active
P00343,Doors Standard 0343,C13,Doors,S0236,19.99,25.87,5.86,Active
P00344,Windows Premium 0344,C14,Windows,S0187,47.16,67.57,34.76,Active
P00345,Concrete Accessories Premium 0345,C15,Concrete Accessories,S0124,19.66,28.07,6.16,Active
P00346,Cement Pro 0346,C01,Cement,S0083,33.78,58.86,7.23,Active
P00347,Drywall Commercial 0347,C02,Drywall,S0042,52.8,74.82,1.19,Active
P00348,Lumber Pro 0348,C03,Lumber,S0205,15.2,21.05,4.46,Active
P00349,Roofing Standard 0349,C04,Roofing,S0139,5.34,8.11,3.79,Active
P00350,Insulation Pro 0350,C05,Insulation,S0095,14.29,17.71,7.53,Active
P00351,Steel Commercial 0351,C06,Steel,S0064,59.09,75.77,7.24,Active
P00352,Paint Pro 0352,C07,Paint,S0126,13.18,19.57,8.57,Active
P00353,Flooring Commercial 0353,C08,Flooring,S0140,56.51,84.51,3.75,Active
P00354,Plumbing Pro 0354,C09,Plumbing,S0243,14.33,24.22,14.92,Active
P00355,Electrical Commercial 0355,C10,Electrical,S0102,23.22,40.92,16.16,Active
P00356,Tools Pro 0356,C11,Tools,S0234,26.85,39.46,16.97,Active
P00357,Fasteners Commercial 0357,C12,Fasteners,S0097,13.14,18.98,8.93,Active
P00358,Doors Standard 0358,C13,Doors,S0117,23.39,39.74,3.02,Active
P00359,Windows Standard 0359,C14,Windows,S0095,9.08,14.27,16.73,Active
P00360,Concrete Accessories Standard 0360,C15,Concrete Accessories,S0130,21.21,24.34,3.6,Active
P00361,Cement Standard 0361,C01,Cement,S0137,25.35,30.38,24.91,Active
P00362,Drywall Premium 0362,C02,Drywall,S0117,5.49,8.07,2.35,Active
P00363,Lumber Standard 0363,C03,Lumber,S0028,14.21,23.73,33.62,Active
P00364,Roofing Pro 0364,C04,Roofing,S0019,33.04,45.84,18.0,Active
P00365,Insulation Premium 0365,C05,Insulation,S0057,12.21,19.03,3.3,Active
P00366,Steel Standard 0366,C06,Steel,S0207,37.09,53.08,9.51,Active
P00367,Paint Commercial 0367,C07,Paint,S0103,39.81,56.48,7.62,Active
P00368,Flooring Standard 0368,C08,Flooring,S0085,32.94,53.83,10.41,Active
P00369,Plumbing Commercial 0369,C09,Plumbing,S0054,46.73,73.3,18.66,Active
P00370,Electrical Pro 0370,C10,Electrical,S0080,8.72,14.4,1.19,Active
P00371,Tools Commercial 0371,C11,Tools,S0210,54.66,66.8,26.28,Active
P00372,Fasteners Commercial 0372,C12,Fasteners,S0164,13.27,20.53,1.69,Active
P00373,Doors Commercial 0373,C13,Doors,S0117,29.06,34.76,20.86,Active
P00374,Windows Standard 0374,C14,Windows,S0021,95.42,115.56,14.36,Active
P00375,Concrete Accessories Standard 0375,C15,Concrete Accessories,S0137,20.9,29.61,4.04,Active
P00376,Cement Commercial 0376,C01,Cement,S0074,27.33,41.94,6.89,Active
P00377,Drywall Premium 0377,C02,Drywall,S0188,13.32,21.22,57.05,Active
P00378,Lumber Premium 0378,C03,Lumber,S0013,94.6,156.81,25.09,Active
P00379,Roofing Pro 0379,C04,Roofing,S0065,14.23,25.6,19.48,Active
P00380,Insulation Premium 0380,C05,Insulation,S0206,42.43,51.06,13.44,Active
P00381,Steel Pro 0381,C06,Steel,S0122,65.02,112.56,15.99,Active
P00382,Paint Pro 0382,C07,Paint,S0087,45.51,75.24,16.01,Active
P00383,Flooring Premium 0383,C08,Flooring,S0072,34.42,44.08,1.81,Active
P00384,Plumbing Commercial 0384,C09,Plumbing,S0081,28.75,38.97,5.47,Active
P00385,Electrical Standard 0385,C10,Electrical,S0077,11.07,14.97,41.0,Active
P00386,Tools Pro 0386,C11,Tools,S0085,90.95,123.95,30.67,Active
P00387,Fasteners Premium 0387,C12,Fasteners,S0052,32.42,57.78,30.43,Active
P00388,Doors Standard 0388,C13,Doors,S0047,27.34,43.05,10.83,Active
P00389,Windows Standard 0389,C14,Windows,S0026,12.61,16.51,12.9,Active
P00390,Concrete Accessories Premium 0390,C15,Concrete Accessories,S0113,28.28,41.1,2.79,Active
P00391,Cement Pro 0391,C01,Cement,S0223,26.16,41.06,8.4,Active
P00392,Drywall Commercial 0392,C02,Drywall,S0146,95.42,120.79,20.18,Active
P00393,Lumber Standard 0393,C03,Lumber,S0111,27.33,37.5,11.29,Active
P00394,Roofing Commercial 0394,C04,,S0240,27.96,36.52,7.52,Active
P00395,Insulation Commercial 0395,C05,Insulation,S0176,12.71,18.46,7.88,Active
P00396,Steel Standard 0396,C06,Steel,S0068,16.08,28.36,2.93,Active
P00397,Paint Premium 0397,C07,Paint,S0187,38.78,60.64,12.83,Active
P00398,Flooring Commercial 0398,C08,Flooring,S0050,7.76,9.07,8.08,Active
P00399,Plumbing Premium 0399,C09,Plumbing,S0164,54.43,77.8,23.41,Active
P00400,Electrical Premium 0400,C10,Electrical,S0025,55.59,70.83,9.35,Active
P00401,Tools Pro 0401,C11,Tools,S0138,15.01,17.62,3.4,Active
P00402,Fasteners Premium 0402,C12,Fasteners,S0100,34.51,40.75,12.7,Active
P00403,Doors Standard 0403,C13,Doors,S0175,66.76,83.38,24.29,Active
P00404,Windows Commercial 0404,C14,Windows,S0038,24.72,29.64,2.95,Active
P00405,Concrete Accessories Premium 0405,C15,Concrete Accessories,S0196,21.69,28.36,10.97,Active
P00406,Cement Standard 0406,C01,Cement,S0127,23.54,30.33,5.36,Active
P00407,Drywall Pro 0407,C02,Drywall,S0038,32.36,38.59,5.73,Active
P00408,Lumber Pro 0408,C03,Lumber,S0020,17.47,26.17,11.94,Active
P00409,Roofing Pro 0409,C04,Roofing,S0082,20.46,29.2,11.24,Active
P00410,Insulation Pro 0410,C05,Insulation,S0079,32.83,54.2,3.24,Active
P00411,Steel Premium 0411,C06,Steel,S0193,19.36,23.19,32.92,Active
P00412,Paint Premium 0412,C07,Paint,S0203,12.02,17.9,1.34,Active
P00413,Flooring Pro 0413,C08,Flooring,S0052,7.36,9.95,9.26,Active
P00414,Plumbing Pro 0414,C09,Plumbing,S0151,27.71,32.86,8.12,Active
P00415,Electrical Premium 0415,C10,Electrical,S0248,63.43,75.17,0.81,Active
P00416,Tools Standard 0416,C11,Tools,S0010,35.77,58.66,36.79,Active
P00417,Fasteners Pro 0417,C12,Fasteners,S0167,12.31,19.27,6.41,Active
P00418,Doors Commercial 0418,C13,Doors,S0107,16.01,24.22,4.04,Active
P00419,Windows Premium 0419,C14,Windows,S0089,21.58,34.54,32.61,Active
P00420,Concrete Accessories Premium 0420,C15,Concrete Accessories,S0060,98.12,114.38,6.67,Active
P00421,Cement Standard 0421,C01,Cement,S0211,102.88,137.02,9.32,Active
P00422,Drywall Premium 0422,C02,Drywall,S0073,92.53,154.79,8.3,Active
P00423,Lumber Pro 0423,C03,Lumber,S0104,29.72,34.35,12.54,Active
P00424,Roofing Pro 0424,C04,Roofing,S0123,250.94,437.58,19.42,Active
P00425,Insulation Standard 0425,C05,Insulation,S0116,16.53,20.59,21.59,Active
P00426,Steel Premium 0426,C06,Steel,S0087,21.05,34.38,5.81,Active
P00427,Paint Standard 0427,C07,Paint,S0171,51.21,60.18,9.28,Active
P00428,Flooring Pro 0428,C08,Flooring,S0192,32.95,39.07,9.14,Active
P00429,Plumbing Standard 0429,C09,Plumbing,S0140,34.32,46.77,13.23,Active
P00430,Electrical Commercial 0430,C10,Electrical,S0061,6.99,9.35,16.44,Active
P00431,Tools Pro 0431,C11,Tools,S0223,13.63,16.05,2.46,Active
P00432,Fasteners Pro 0432,C12,Fasteners,S0122,26.03,31.68,9.73,Active
P00433,Doors Standard 0433,C13,Doors,S0179,16.69,23.04,19.07,Active
P00434,Windows Standard 0434,C14,Windows,S0017,10.6,12.05,6.26,Active
P00435,Concrete Accessories Premium 0435,C15,Concrete Accessories,S0169,18.0,20.57,8.65,Active
P00436,Cement Commercial 0436,C01,Cement,S0048,32.96,47.73,3.64,Active
P00437,Drywall Pro 0437,C02,Drywall,S0241,45.02,78.6,9.55,Active
P00438,Lumber Commercial 0438,C03,Lumber,S0037,7.21,11.56,1.55,Active
P00439,Roofing Commercial 0439,C04,Roofing,S0233,26.88,47.7,7.4,Active
P00440,Insulation Pro 0440,C05,Insulation,S0239,25.22,35.46,8.8,Active
P00441,Steel Pro 0441,C06,Steel,S0138,31.75,43.95,21.18,Active
P00442,Paint Standard 0442,C07,Paint,S0213,12.46,14.31,3.14,Active
P00443,Flooring Premium 0443,C08,Flooring,S0120,12.61,20.46,11.71,Active
P00444,Plumbing Commercial 0444,C09,Plumbing,S0151,64.81,103.31,6.12,Active
P00445,Electrical Commercial 0445,C10,Electrical,S0246,4.71,7.83,1.95,Active
P00446,Tools Premium 0446,C11,Tools,S0197,15.13,24.14,5.46,Active
P00447,Fasteners Pro 0447,C12,Fasteners,S0222,20.37,29.07,9.34,Active
P00448,Doors Premium 0448,C13,Doors,S0198,21.8,32.09,23.21,Active
P00449,Windows Standard 0449,C14,Windows,S0088,16.89,30.85,4.15,Active
P00450,Concrete Accessories Premium 0450,C15,Concrete Accessories,S0019,37.91,55.89,2.27,Active
P00451,Cement Premium 0451,C01,Cement,S0187,35.62,54.35,9.9,Active
P00452,Drywall Standard 0452,C02,Drywall,S0247,24.45,40.21,37.69,Active
P00453,Lumber Commercial 0453,C03,Lumber,S0075,17.54,32.02,57.64,Active
P00454,Roofing Commercial 0454,C04,Roofing,S0119,23.15,27.19,2.86,Active
P00455,Insulation Standard 0455,C05,Insulation,S0073,28.47,34.58,3.43,Active
P00456,Steel Standard 0456,C06,Steel,S0185,16.02,24.45,12.9,Active
P00457,Paint Pro 0457,C07,Paint,S0214,40.0,55.84,5.16,Active
P00458,Flooring Premium 0458,C08,Flooring,S0068,54.12,67.85,25.58,Active
P00459,Plumbing Pro 0459,C09,Plumbing,S0128,74.1,117.87,14.53,Active
P00460,Electrical Commercial 0460,C10,Electrical,S0087,70.41,99.49,1.66,Active
P00461,Tools Premium 0461,C11,Tools,S0060,21.7,27.01,4.14,Active
P00462,Fasteners Premium 0462,C12,Fasteners,S0046,29.47,37.96,5.4,Active
P00463,Doors Commercial 0463,C13,Doors,S0018,24.14,28.1,49.1,Active
P00464,Windows Standard 0464,C14,Windows,S0003,24.08,33.7,13.1,Active
P00465,Concrete Accessories Standard 0465,C15,Concrete Accessories,S0069,23.04,30.44,9.66,Active
P00466,Cement Commercial 0466,C01,Cement,S0124,27.23,33.7,13.51,Active
P00467,Drywall Premium 0467,C02,Drywall,S0241,61.3,90.67,39.75,Active
P00468,Lumber Commercial 0468,C03,Lumber,S0090,33.67,48.65,15.34,Active
P00469,Roofing Commercial 0469,C04,Roofing,S0045,12.11,16.98,8.34,Active
P00470,Insulation Standard 0470,C05,Insulation,S0029,52.36,84.52,19.68,Active
P00471,Steel Standard 0471,C06,Steel,S0052,31.44,48.6,20.04,Active
P00472,Paint Premium 0472,C07,Paint,S0145,38.23,53.21,26.58,Active
P00473,Flooring Pro 0473,C08,Flooring,S0036,33.2,38.42,6.55,Active
P00474,Plumbing Pro 0474,C09,Plumbing,S0009,34.3,40.61,0.65,Active
P00475,Electrical Premium 0475,C10,Electrical,S0156,35.45,54.32,0.34,Active
P00476,Tools Standard 0476,C11,Tools,S0103,8.11,12.88,13.55,Active
P00477,Fasteners Commercial 0477,C12,Fasteners,S0063,37.87,63.33,3.17,Active
P00478,Doors Standard 0478,C13,Doors,S0143,16.47,28.33,30.98,Active
P00479,Windows Commercial 0479,C14,Windows,S0197,19.32,33.08,67.94,Active
P00480,Concrete Accessories Pro 0480,C15,Concrete Accessories,S0214,27.08,47.78,13.03,Active
P00481,Cement Pro 0481,C01,Cement,S0175,84.08,106.47,10.15,Active
P00482,Drywall Premium 0482,C02,Drywall,S0087,13.44,17.4,8.18,Active
P00483,Lumber Premium 0483,C03,Lumber,S0034,26.45,38.2,2.64,Active
P00484,Roofing Standard 0484,C04,Roofing,S0134,22.67,27.76,4.63,Active
P00485,Insulation Commercial 0485,C05,Insulation,S0138,51.78,90.66,9.31,Active
P00486,Steel Pro 0486,C06,Steel,S0006,22.24,28.28,8.2,Active
P00487,Paint Premium 0487,C07,Paint,S0060,31.7,42.52,15.72,Active
P00488,Flooring Premium 0488,C08,Flooring,S0199,13.47,17.38,3.53,Active
P00489,Plumbing Commercial 0489,C09,Plumbing,S0133,58.75,73.59,6.23,Active
P00490,Electrical Pro 0490,C10,Electrical,S0074,10.06,17.28,13.46,Active
P00491,Tools Standard 0491,C11,Tools,S0250,37.5,47.37,2.28,Active
P00492,Fasteners Pro 0492,C12,Fasteners,S0100,31.84,45.08,17.5,Active
P00493,Doors Pro 0493,C13,Doors,S0072,35.24,60.27,15.94,Active
P00494,Windows Pro 0494,C14,Windows,S0193,10.15,12.07,12.16,Active
P00495,Concrete Accessories Premium 0495,C15,Concrete Accessories,S0243,21.94,26.35,5.84,Active
P00496,Cement Premium 0496,C01,Cement,S0126,49.87,81.67,34.17,Active
P00497,Drywall Commercial 0497,C02,Drywall,S0011,95.21,155.28,29.47,Active
P00498,Lumber Pro 0498,C03,Lumber,S0084,25.11,38.07,12.4,Active
P00499,Roofing Commercial 0499,C04,Roofing,S0158,46.38,82.81,10.06,Active
P00500,Insulation Premium 0500,C05,Insulation,S0115,29.71,40.03,18.94,Active
P00501,Steel Premium 0501,C06,Steel,S0239,26.01,35.04,4.68,Active
P00502,Paint Commercial 0502,C07,Paint,S0068,20.28,33.94,15.97,Active
P00503,Flooring Premium 0503,C08,Flooring,S0119,27.17,33.14,12.26,Active
P00504,Plumbing Commercial 0504,C09,Plumbing,S0069,43.34,63.86,6.44,Active
P00505,Electrical Premium 0505,C10,Electrical,S0042,46.03,60.36,12.69,Active
P00506,Tools Pro 0506,C11,Tools,S0063,11.42,18.7,33.05,Active
P00507,Fasteners Standard 0507,C12,Fasteners,S0213,19.1,25.9,2.03,Active
P00508,Doors Commercial 0508,C13,Doors,S0149,13.05,21.12,3.6,Active
P00509,Windows Standard 0509,C14,Windows,S0009,28.12,42.34,7.05,Active
P00510,Concrete Accessories Commercial 0510,C15,Concrete Accessories,S0124,21.42,35.12,15.76,Active
P00511,Cement Commercial 0511,C01,Cement,S0058,34.4,42.9,11.99,Active
P00512,Drywall Premium 0512,C02,Drywall,S0152,36.12,56.25,15.71,Active
P00513,Lumber Pro 0513,C03,Lumber,S0048,6.2,11.39,6.5,Active
P00514,Roofing Commercial 0514,C04,Roofing,S0058,5.89,8.49,9.32,Active
P00515,Insulation Commercial 0515,C05,Insulation,S0023,27.02,34.22,23.13,Active
P00516,Steel Pro 0516,C06,Steel,S0108,62.26,107.8,10.83,Active
P00517,Paint Pro 0517,C07,Paint,S0119,19.1,24.28,13.97,Active
P00518,Flooring Standard 0518,C08,Flooring,S0140,18.74,24.15,9.01,Active
P00519,Plumbing Commercial 0519,C09,Plumbing,S0099,54.07,63.29,5.46,Active
P00520,Electrical Standard 0520,C10,Electrical,S0084,47.65,87.41,16.6,Active
P00521,Tools Commercial 0521,C11,Tools,S0168,13.9,21.22,21.68,Active
P00522,Fasteners Commercial 0522,C12,Fasteners,S0062,44.21,68.63,9.89,Active
P00523,Doors Premium 0523,C13,Doors,S0246,15.9,23.54,4.16,Active
P00524,Windows Commercial 0524,C14,Windows,S0098,18.61,32.3,14.71,Active
P00525,Concrete Accessories Commercial 0525,C15,Concrete Accessories,S0011,13.89,19.03,13.38,Active
P00526,Cement Pro 0526,C01,Cement,S0021,11.37,14.02,7.51,Active
P00527,Drywall Pro 0527,C02,Drywall,S0145,29.28,37.15,81.5,Active
P00528,Lumber Commercial 0528,C03,Lumber,S0130,10.34,16.04,33.95,Active
P00529,Roofing Pro 0529,C04,Roofing,S0220,30.11,40.41,13.07,Active
P00530,Insulation Pro 0530,C05,Insulation,S0017,29.45,34.03,13.47,Active
P00531,Steel Premium 0531,C06,Steel,S0217,24.35,27.84,33.4,Active
P00532,Paint Pro 0532,C07,Paint,S0157,19.7,22.99,25.0,Active
P00533,Flooring Commercial 0533,C08,Flooring,S0188,17.27,22.44,8.55,Active
P00534,Plumbing Premium 0534,C09,Plumbing,S0212,12.8,22.59,13.59,Active
P00535,Electrical Pro 0535,C10,Electrical,S0060,74.56,109.83,8.42,Active
P00536,Tools Pro 0536,C11,Tools,S0012,23.62,31.34,3.31,Active
P00537,Fasteners Standard 0537,C12,Fasteners,S0067,23.09,31.19,2.15,Active
P00538,Doors Pro 0538,C13,Doors,S0091,14.31,16.98,11.07,Active
P00539,Windows Standard 0539,C14,Windows,S0076,68.26,120.75,113.1,Active
P00540,Concrete Accessories Standard 0540,C15,Concrete Accessories,S0094,17.98,26.84,32.84,Active
P00541,Cement Standard 0541,C01,Cement,S0205,32.16,41.42,7.88,Active
P00542,Drywall Pro 0542,C02,Drywall,S0030,36.7,51.84,9.54,Active
P00543,Lumber Pro 0543,C03,Lumber,S0178,29.29,50.88,6.25,Active
P00544,Roofing Premium 0544,C04,Roofing,S0152,10.19,16.03,2.25,Active
P00545,Insulation Standard 0545,C05,Insulation,S0062,42.83,63.68,7.04,Active
P00546,Steel Standard 0546,C06,Steel,S0240,17.86,25.11,9.09,Active
P00547,Paint Pro 0547,C07,Paint,S0234,47.3,55.0,10.62,Active
P00548,Flooring Pro 0548,C08,Flooring,S0089,17.13,25.8,27.21,Active
P00549,Plumbing Pro 0549,C09,Plumbing,S0009,81.89,94.38,14.08,Active
P00550,Electrical Premium 0550,C10,Electrical,S0114,53.6,64.68,27.6,Active
P00551,Tools Commercial 0551,C11,Tools,S0173,59.8,88.49,15.68,Active
P00552,Fasteners Standard 0552,C12,Fasteners,S0040,41.22,69.17,14.41,Active
P00553,Doors Commercial 0553,C13,Doors,S0051,12.58,22.23,16.96,Active
P00554,Windows Commercial 0554,C14,Windows,S0126,10.5,13.12,4.41,Active
P00555,Concrete Accessories Standard 0555,C15,Concrete Accessories,S0063,67.52,95.17,19.22,Active
P00556,Cement Premium 0556,C01,Cement,S0012,76.8,109.17,7.07,Active
P00557,Drywall Premium 0557,C02,Drywall,S0060,12.1,20.13,7.27,Active
P00558,Lumber Standard 0558,C03,Lumber,S0192,29.12,42.18,9.69,Active
P00559,Roofing Standard 0559,C04,Roofing,S0214,59.95,71.59,6.52,Active
P00560,Insulation Commercial 0560,C05,Insulation,S0003,34.69,58.5,3.71,Active
P00561,Steel Commercial 0561,C06,Steel,S0140,37.16,46.44,9.05,Active
P00562,Paint Standard 0562,C07,Paint,S0014,16.04,24.6,7.3,Active
P00563,Flooring Commercial 0563,C08,Flooring,S0191,23.83,31.03,7.08,Active
P00564,Plumbing Pro 0564,C09,Plumbing,S0055,93.69,126.3,8.26,Active
P00565,Electrical Standard 0565,C10,Electrical,S0206,22.86,37.81,1.37,Active
P00566,Tools Pro 0566,C11,Tools,S0209,14.5,20.0,7.12,Active
P00567,Fasteners Commercial 0567,C12,Fasteners,S0107,16.78,26.86,31.3,Active
P00568,Doors Pro 0568,C13,Doors,S0250,24.16,28.63,28.78,Active
P00569,Windows Premium 0569,C14,Windows,S0237,28.31,35.1,9.33,Active
P00570,Concrete Accessories Standard 0570,C15,Concrete Accessories,S0179,25.48,35.19,9.06,Active
P00571,Cement Commercial 0571,C01,Cement,S0030,90.3,151.35,1.12,Active
P00572,Drywall Standard 0572,C02,Drywall,S0036,6.68,12.05,5.54,Active
P00573,Lumber Commercial 0573,C03,Lumber,S0201,27.39,45.52,16.8,Active
P00574,Roofing Pro 0574,C04,Roofing,S0143,37.76,55.01,6.39,Active
P00575,Insulation Standard 0575,C05,Insulation,S0032,55.33,85.41,22.81,Active
P00576,Steel Premium 0576,C06,Steel,S0237,30.84,40.4,21.46,Active
P00577,Paint Standard 0577,C07,Paint,S0126,32.81,43.03,5.44,Active
P00578,Flooring Commercial 0578,C08,Flooring,S0025,44.19,52.71,9.97,Active
P00579,Plumbing Premium 0579,C09,Plumbing,S0119,27.14,37.27,33.98,Active
P00580,Electrical Premium 0580,C10,Electrical,S0223,4.88,5.85,2.52,Active
P00581,Tools Commercial 0581,C11,Tools,S0084,11.81,13.98,6.51,Active
P00582,Fasteners Commercial 0582,C12,Fasteners,S0157,22.69,36.12,2.32,Active
P00583,Doors Standard 0583,C13,Doors,S0153,13.6,15.59,4.16,Active
P00584,Windows Premium 0584,C14,Windows,S0109,151.44,224.76,45.68,Active
P00585,Concrete Accessories Pro 0585,C15,Concrete Accessories,S0024,20.32,24.55,6.51,Active
P00586,Cement Commercial 0586,C01,Cement,S0224,12.13,18.31,1.62,Active
P00587,Drywall Pro 0587,C02,Drywall,S0079,24.98,40.0,3.68,Active
P00588,Lumber Premium 0588,C03,Lumber,S0053,25.55,29.28,2.14,Active
P00589,Roofing Pro 0589,C04,Roofing,S0047,15.9,21.53,10.32,Active
P00590,Insulation Premium 0590,C05,Insulation,S0092,35.03,53.76,13.14,Active
P00591,Steel Standard 0591,C06,Steel,S0060,10.76,19.29,19.48,Active
P00592,Paint Standard 0592,C07,Paint,S0180,15.48,23.49,15.95,Active
P00593,Flooring Standard 0593,C08,Flooring,S0217,26.91,36.6,2.61,Active
P00594,Plumbing Pro 0594,C09,Plumbing,S0058,21.73,37.47,12.54,Active
P00595,Electrical Premium 0595,C10,Electrical,S0120,41.64,59.77,7.95,Active
P00596,Tools Standard 0596,C11,Tools,S0074,79.22,96.89,22.35,Active
P00597,Fasteners Standard 0597,C12,Fasteners,S0008,22.65,28.87,17.73,Active
P00598,Doors Premium 0598,C13,Doors,S0144,104.97,167.06,52.69,Active
P00599,Windows Standard 0599,C14,Windows,S0181,11.48,13.11,3.92,Active
P00600,Concrete Accessories Pro 0600,C15,Concrete Accessories,S0001,76.66,118.89,3.48,Active
P00601,Cement Pro 0601,C01,Cement,S0175,10.74,18.93,5.83,Active
P00602,Drywall Commercial 0602,C02,Drywall,S0028,36.39,41.59,8.23,Active
P00603,Lumber Pro 0603,C03,Lumber,S0026,17.19,26.68,4.92,Active
P00604,Roofing Standard 0604,C04,Roofing,S0037,16.47,19.1,4.09,Active
P00605,Insulation Commercial 0605,C05,Insulation,S0011,133.91,191.16,11.8,Active
P00606,Steel Commercial 0606,C06,Steel,S0132,50.44,59.56,5.81,Active
P00607,Paint Pro 0607,C07,Paint,S0121,23.8,35.54,4.75,Active
P00608,Flooring Standard 0608,C08,Flooring,S0105,4.24,6.18,2.61,Active
P00609,Plumbing Commercial 0609,C09,Plumbing,S0207,7.63,9.43,1.19,Active
P00610,Electrical Premium 0610,C10,Electrical,S0198,11.74,18.79,29.74,Active
P00611,Tools Pro 0611,C11,Tools,S0041,26.28,36.71,28.83,Active
P00612,Fasteners Pro 0612,C12,Fasteners,S0169,36.15,59.62,18.25,Active
P00613,Doors Pro 0613,C13,Doors,S0045,14.43,24.22,14.46,Active
P00614,Windows Premium 0614,C14,Windows,S0071,45.15,81.42,5.37,Active
P00615,Concrete Accessories Standard 0615,C15,Concrete Accessories,S0229,40.11,68.8,15.02,Active
P00616,Cement Premium 0616,C01,Cement,S0068,18.45,21.46,3.29,Active
P00617,Drywall Premium 0617,C02,Drywall,S0210,11.84,19.27,9.76,Active
P00618,Lumber Standard 0618,C03,Lumber,S0145,34.09,42.25,4.42,Active
P00619,Roofing Premium 0619,C04,Roofing,S0229,27.62,37.95,15.08,Active
P00620,Insulation Standard 0620,C05,Insulation,S0061,41.79,63.91,36.48,Active
P00621,Steel Standard 0621,C06,Steel,S0083,66.28,85.75,3.67,Active
P00622,Paint Commercial 0622,C07,Paint,S0078,88.1,116.26,5.6,Active
P00623,Flooring Pro 0623,C08,Flooring,S0113,56.34,85.48,9.59,Active
P00624,Plumbing Commercial 0624,C09,Plumbing,S0159,20.32,23.85,1.77,Active
P00625,Electrical Commercial 0625,C10,Electrical,S0236,24.04,39.9,2.22,Active
P00626,Tools Commercial 0626,C11,Tools,S0193,53.36,77.57,35.34,Active
P00627,Fasteners Commercial 0627,C12,Fasteners,S0241,15.52,23.97,11.84,Active
P00628,Doors Pro 0628,C13,Doors,S0099,16.32,20.06,5.13,Active
P00629,Windows Standard 0629,C14,Windows,S0042,46.63,69.05,8.72,Active
P00630,Concrete Accessories Pro 0630,C15,Concrete Accessories,S0003,91.63,119.28,5.85,Active
P00631,Cement Commercial 0631,C01,Cement,S0095,54.57,70.92,9.85,Active
P00632,Drywall Commercial 0632,C02,Drywall,S0219,47.33,65.53,6.03,Active
P00633,Lumber Pro 0633,C03,Lumber,S0117,26.19,41.5,8.13,Active
P00634,Roofing Pro 0634,C04,Roofing,S0152,15.1,25.75,16.38,Active
P00635,Insulation Premium 0635,C05,Insulation,S0069,42.74,72.03,15.4,Active
P00636,Steel Standard 0636,C06,Steel,S0158,79.51,116.82,33.26,Active
P00637,Paint Commercial 0637,C07,Paint,S0160,20.85,28.78,12.63,Active
P00638,Flooring Premium 0638,C08,Flooring,S0074,17.52,27.47,9.22,Active
P00639,Plumbing Standard 0639,C09,Plumbing,S0045,17.82,26.02,38.79,Active
P00640,Electrical Pro 0640,C10,Electrical,S0067,34.97,42.52,7.42,Active
P00641,Tools Premium 0641,C11,Tools,S0103,62.52,73.69,1.28,Active
P00642,Fasteners Pro 0642,C12,Fasteners,S0147,6.62,9.11,18.47,Active
P00643,Doors Premium 0643,C13,Doors,S0005,28.28,34.81,11.31,Active
P00644,Windows Standard 0644,C14,Windows,S0212,10.71,15.01,8.84,Active
P00645,Concrete Accessories Commercial 0645,C15,Concrete Accessories,S0153,110.22,165.73,18.95,Active
P00646,Cement Premium 0646,C01,Cement,S0164,30.53,36.33,6.08,Active
P00647,Drywall Commercial 0647,C02,Drywall,S0227,20.57,29.31,1.33,Active
P00648,Lumber Standard 0648,C03,Lumber,S0101,32.47,45.05,19.32,Active
P00649,Roofing Premium 0649,C04,Roofing,S0044,9.0,13.26,4.98,Active
P00650,Insulation Commercial 0650,C05,Insulation,S0040,12.06,15.15,3.79,Active
P00651,Steel Premium 0651,C06,Steel,S0187,28.15,46.19,1.38,Active
P00652,Paint Pro 0652,C07,Paint,S0181,41.68,49.93,17.79,Active
P00653,Flooring Standard 0653,C08,Flooring,S0080,22.74,29.04,0.97,Active
P00654,Plumbing Pro 0654,C09,Plumbing,S0236,13.5,22.15,27.37,Active
P00655,Electrical Commercial 0655,C10,Electrical,S0010,3.88,4.68,6.6,Active
P00656,Tools Premium 0656,C11,Tools,S0089,11.87,16.2,18.62,Active
P00657,Fasteners Pro 0657,C12,Fasteners,S0140,16.9,20.18,12.98,Active
P00658,Doors Premium 0658,C13,Doors,S0220,40.28,67.77,47.12,Active
P00659,Windows Standard 0659,C14,Windows,S0072,23.52,39.45,12.66,Active
P00660,Concrete Accessories Commercial 0660,C15,Concrete Accessories,S0224,9.59,16.04,26.35,Active
P00661,Cement Premium 0661,C01,Cement,S0033,15.92,20.86,5.45,Active
P00662,Drywall Pro 0662,C02,Drywall,S0203,26.69,31.09,2.21,Active
P00663,Lumber Premium 0663,C03,Lumber,S0201,31.82,38.83,21.56,Active
P00664,Roofing Premium 0664,C04,Roofing,S0081,33.28,43.17,2.16,Active
P00665,Insulation Pro 0665,C05,Insulation,S0019,24.86,28.53,17.6,Active
P00666,Steel Commercial 0666,C06,Steel,S0215,7.28,10.39,3.43,Active
P00667,Paint Pro 0667,C07,Paint,S0237,50.08,85.41,11.51,Active
P00668,Flooring Premium 0668,C08,Flooring,S0214,36.18,53.48,48.11,Active
P00669,Plumbing Standard 0669,C09,Plumbing,S0043,37.64,53.82,16.32,Active
P00670,Electrical Pro 0670,C10,Electrical,S0033,180.82,235.37,7.45,Active
P00671,Tools Pro 0671,C11,Tools,S0041,15.51,19.33,13.26,Active
P00672,Fasteners Commercial 0672,C12,Fasteners,S0208,36.87,66.07,5.62,Active
P00673,Doors Pro 0673,C13,Doors,S0074,13.16,17.04,72.16,Active
P00674,Windows Premium 0674,C14,Windows,S0239,34.08,53.15,4.67,Active
P00675,Concrete Accessories Standard 0675,C15,Concrete Accessories,S0103,51.48,65.4,8.18,Active
P00676,Cement Premium 0676,C01,Cement,S0188,22.71,30.06,14.97,Active
P00677,Drywall Pro 0677,C02,Drywall,S0190,10.98,14.15,12.4,Active
P00678,Lumber Premium 0678,C03,Lumber,S0067,103.45,148.61,13.73,Active
P00679,Roofing Commercial 0679,C04,Roofing,S0050,20.84,30.88,5.72,Active
P00680,Insulation Premium 0680,C05,Insulation,S0142,20.34,23.66,7.18,Active
P00681,Steel Pro 0681,C06,Steel,S0213,20.81,29.23,20.59,Active
P00682,Paint Premium 0682,C07,Paint,S0200,8.06,10.38,19.61,Active
P00683,Flooring Commercial 0683,C08,Flooring,S0161,20.78,30.35,12.67,Active
P00684,Plumbing Premium 0684,C09,Plumbing,S0049,12.32,18.47,29.84,Active
P00685,Electrical Commercial 0685,C10,Electrical,S0189,64.84,100.11,21.41,Active
P00686,Tools Standard 0686,C11,Tools,S0156,9.39,14.28,19.03,Active
P00687,Fasteners Standard 0687,C12,,S0089,36.0,44.49,2.13,Active
P00688,Doors Standard 0688,C13,Doors,S0101,26.66,47.88,12.53,Active
P00689,Windows Commercial 0689,C14,Windows,S0025,40.01,70.48,10.59,Active
P00690,Concrete Accessories Standard 0690,C15,Concrete Accessories,S0111,33.24,44.21,34.0,Active
P00691,Cement Premium 0691,C01,Cement,S0012,63.96,90.44,0.68,Active
P00692,Drywall Premium 0692,C02,Drywall,S0035,21.71,37.71,7.78,Active
P00693,Lumber Standard 0693,C03,Lumber,S0094,7.95,12.72,9.82,Active
P00694,Roofing Pro 0694,C04,Roofing,S0078,64.98,103.81,3.39,Active
P00695,Insulation Premium 0695,C05,Insulation,S0140,34.31,40.99,3.96,Active
P00696,Steel Standard 0696,C06,Steel,S0210,16.94,20.14,34.11,Active
P00697,Paint Pro 0697,C07,Paint,S0206,18.55,26.16,13.68,Active
P00698,Flooring Commercial 0698,C08,Flooring,S0037,7.32,12.83,48.24,Active
P00699,Plumbing Premium 0699,C09,Plumbing,S0033,41.34,67.24,7.66,Active
P00700,Electrical Pro 0700,C10,Electrical,S0219,40.56,62.04,2.54,Active
P00701,Tools Standard 0701,C11,Tools,S0173,62.04,96.31,6.74,Active
P00702,Fasteners Pro 0702,C12,Fasteners,S0021,23.5,43.36,5.8,Active
P00703,Doors Standard 0703,C13,Doors,S0193,18.06,23.19,16.86,Active
P00704,Windows Commercial 0704,C14,Windows,S0039,32.43,45.97,16.23,Active
P00705,Concrete Accessories Commercial 0705,C15,Concrete Accessories,S0019,26.95,31.38,14.32,Active
P00706,Cement Commercial 0706,C01,Cement,S0117,20.22,33.48,67.14,Active
P00707,Drywall Standard 0707,C02,Drywall,S0054,9.05,13.09,28.07,Active
P00708,Lumber Pro 0708,C03,Lumber,S0140,70.64,93.14,4.19,Active
P00709,Roofing Premium 0709,C04,Roofing,S0054,129.09,157.32,22.11,Active
P00710,Insulation Pro 0710,C05,Insulation,S0169,53.51,97.29,9.26,Active
P00711,Steel Standard 0711,C06,Steel,S0153,23.29,31.49,7.47,Active
P00712,Paint Standard 0712,C07,Paint,S0066,35.64,40.99,31.85,Active
P00713,Flooring Pro 0713,C08,Flooring,S0060,30.78,37.3,3.97,Active
P00714,Plumbing Standard 0714,C09,Plumbing,S0169,48.28,76.16,20.68,Active
P00715,Electrical Premium 0715,C10,Electrical,S0178,42.87,67.21,17.65,Active
P00716,Tools Premium 0716,C11,Tools,S0247,22.43,36.1,3.91,Active
P00717,Fasteners Commercial 0717,C12,Fasteners,S0126,14.77,21.0,2.07,Active
P00718,Doors Standard 0718,C13,Doors,S0074,32.0,56.62,8.37,Active
P00719,Windows Pro 0719,C14,Windows,S0202,19.93,29.11,0.63,Active
P00720,Concrete Accessories Commercial 0720,C15,Concrete Accessories,S0125,11.32,13.17,24.75,Active
P00721,Cement Standard 0721,C01,Cement,S0068,17.03,22.58,12.49,Active
P00722,Drywall Standard 0722,C02,Drywall,S0206,10.24,12.9,32.94,Active
P00723,Lumber Premium 0723,C03,Lumber,S0222,24.51,31.06,11.72,Active
P00724,Roofing Premium 0724,C04,Roofing,S0118,138.11,252.38,35.33,Active
P00725,Insulation Standard 0725,C05,Insulation,S0145,21.88,39.15,5.29,Active
P00726,Steel Commercial 0726,C06,Steel,S0212,21.59,26.23,14.28,Active
P00727,Paint Premium 0727,C07,Paint,S0181,25.19,42.46,6.32,Active
P00728,Flooring Pro 0728,C08,Flooring,S0046,75.72,95.6,8.14,Active
P00729,Plumbing Pro 0729,C09,Plumbing,S0245,135.6,224.22,9.79,Active
P00730,Electrical Commercial 0730,C10,Electrical,S0036,94.61,139.16,12.45,Active
P00731,Tools Commercial 0731,C11,Tools,S0157,53.2,61.28,4.7,Active
P00732,Fasteners Premium 0732,C12,Fasteners,S0064,14.92,19.61,13.65,Active
P00733,Doors Standard 0733,C13,Doors,S0168,54.16,65.55,9.36,Active
P00734,Windows Premium 0734,C14,Windows,S0040,11.02,16.12,2.65,Active
P00735,Concrete Accessories Commercial 0735,C15,Concrete Accessories,S0204,9.98,12.86,1.84,Active
P00736,Cement Commercial 0736,C01,Cement,S0188,29.27,48.36,24.84,Active
P00737,Drywall Pro 0737,C02,Drywall,S0042,26.86,49.12,1.18,Active
P00738,Lumber Pro 0738,C03,Lumber,S0162,23.72,30.83,7.79,Active
P00739,Roofing Premium 0739,C04,Roofing,S0065,117.59,187.09,2.43,Active
P00740,Insulation Standard 0740,C05,Insulation,S0188,20.63,35.31,41.9,Active
P00741,Steel Pro 0741,C06,Steel,S0097,37.15,66.35,14.98,Active
P00742,Paint Standard 0742,C07,Paint,S0146,29.38,39.79,12.15,Active
P00743,Flooring Pro 0743,C08,Flooring,S0051,46.73,74.89,4.36,Active
P00744,Plumbing Premium 0744,C09,Plumbing,S0035,50.13,76.43,2.62,Active
P00745,Electrical Pro 0745,C10,Electrical,S0040,34.12,48.31,10.6,Active
P00746,Tools Standard 0746,C11,Tools,S0201,17.61,23.18,8.84,Active
P00747,Fasteners Commercial 0747,C12,Fasteners,S0215,17.54,21.39,3.44,Active
P00748,Doors Standard 0748,C13,Doors,S0236,21.17,27.33,3.34,Active
P00749,Windows Commercial 0749,C14,Windows,S0007,33.99,58.06,3.21,Active
P00750,Concrete Accessories Pro 0750,C15,Concrete Accessories,S0039,44.63,52.09,3.12,Active
P00751,Cement Premium 0751,C01,Cement,S0186,18.24,27.61,5.14,Active
P00752,Drywall Standard 0752,C02,Drywall,S0080,68.55,88.03,12.15,Active
P00753,Lumber Standard 0753,C03,Lumber,S0138,23.38,41.24,14.14,Active
P00754,Roofing Commercial 0754,C04,Roofing,S0168,6.2,11.03,8.68,Active
P00755,Insulation Standard 0755,C05,Insulation,S0063,109.76,196.17,10.17,Active
P00756,Steel Standard 0756,C06,Steel,S0140,28.43,36.04,14.78,Active
P00757,Paint Commercial 0757,C07,Paint,S0134,50.75,66.27,1.5,Active
P00758,Flooring Commercial 0758,C08,Flooring,S0119,8.35,14.73,10.91,Active
P00759,Plumbing Premium 0759,C09,Plumbing,S0204,16.44,24.73,29.39,Active
P00760,Electrical Standard 0760,C10,Electrical,S0024,21.74,38.58,1.58,Active
P00761,Tools Standard 0761,C11,Tools,S0182,11.16,15.05,0.76,Active
P00762,Fasteners Pro 0762,C12,Fasteners,S0092,23.01,39.03,7.62,Active
P00763,Doors Standard 0763,C13,Doors,S0102,20.14,25.02,23.83,Active
P00764,Windows Premium 0764,C14,Windows,S0140,62.74,86.79,7.74,Active
P00765,Concrete Accessories Pro 0765,C15,Concrete Accessories,S0121,6.08,11.16,15.73,Active
P00766,Cement Commercial 0766,C01,Cement,S0025,39.99,56.62,11.92,Active
P00767,Drywall Commercial 0767,C02,Drywall,S0238,53.89,61.61,3.16,Active
P00768,Lumber Commercial 0768,C03,Lumber,S0114,110.62,152.02,3.81,Active
P00769,Roofing Commercial 0769,C04,Roofing,S0209,45.81,82.23,1.98,Active
P00770,Insulation Commercial 0770,C05,Insulation,S0118,14.14,16.48,35.33,Active
P00771,Steel Premium 0771,C06,Steel,S0173,22.59,37.82,19.22,Active
P00772,Paint Pro 0772,C07,Paint,S0032,32.0,47.45,8.21,Active
P00773,Flooring Pro 0773,C08,Flooring,S0085,70.44,102.99,7.29,Active
P00774,Plumbing Commercial 0774,C09,Plumbing,S0151,7.8,13.26,4.38,Active
P00775,Electrical Standard 0775,C10,Electrical,S0157,39.88,51.97,12.88,Active
P00776,Tools Premium 0776,C11,Tools,S0025,9.05,15.04,4.7,Active
P00777,Fasteners Premium 0777,C12,Fasteners,S0085,18.04,25.81,6.5,Active
P00778,Doors Pro 0778,C13,Doors,S0113,10.35,14.39,5.13,Active
P00779,Windows Commercial 0779,C14,Windows,S0190,16.28,22.96,18.07,Active
P00780,Concrete Accessories Standard 0780,C15,Concrete Accessories,S0172,47.77,60.35,7.92,Active
P00781,Cement Pro 0781,C01,Cement,S0237,20.61,37.3,10.24,Active
P00782,Drywall Commercial 0782,C02,Drywall,S0224,15.31,18.19,3.22,Active
P00783,Lumber Pro 0783,C03,Lumber,S0014,14.04,19.15,5.1,Active
P00784,Roofing Commercial 0784,C04,Roofing,S0001,12.01,14.17,10.44,Active
P00785,Insulation Pro 0785,C05,Insulation,S0067,45.19,80.66,2.16,Active
P00786,Steel Pro 0786,C06,Steel,S0114,27.59,33.0,7.4,Active
P00787,Paint Commercial 0787,C07,Paint,S0039,34.43,43.21,8.92,Active
P00788,Flooring Standard 0788,C08,Flooring,S0138,9.8,15.73,2.9,Active
P00789,Plumbing Standard 0789,C09,Plumbing,S0121,27.68,33.63,22.78,Active
P00790,Electrical Premium 0790,C10,Electrical,S0155,5.75,7.39,12.32,Active
P00791,Tools Pro 0791,C11,Tools,S0028,62.35,75.88,7.86,Active
P00792,Fasteners Commercial 0792,C12,Fasteners,S0039,39.85,51.33,4.79,Active
P00793,Doors Pro 0793,C13,Doors,S0091,24.94,29.67,2.1,Active
P00794,Windows Premium 0794,C14,Windows,S0185,5.25,8.58,21.08,Active
P00795,Concrete Accessories Premium 0795,C15,Concrete Accessories,S0109,13.61,16.34,5.99,Active
P00796,Cement Pro 0796,C01,Cement,S0109,10.27,12.0,2.54,Active
P00797,Drywall Commercial 0797,C02,Drywall,S0033,24.01,35.31,4.68,Active
P00798,Lumber Standard 0798,C03,Lumber,S0119,35.32,63.15,13.56,Active
P00799,Roofing Commercial 0799,C04,Roofing,S0199,33.94,50.95,11.19,Active
P00800,Insulation Premium 0800,C05,Insulation,S0063,81.81,93.52,3.45,Active
P00801,Steel Premium 0801,C06,Steel,S0218,26.09,40.66,25.01,Active
P00802,Paint Premium 0802,C07,Paint,S0019,65.71,111.57,2.51,Active
P00803,Flooring Premium 0803,C08,Flooring,S0239,21.79,32.34,30.64,Active
P00804,Plumbing Premium 0804,C09,Plumbing,S0199,38.69,66.62,10.76,Active
P00805,Electrical Commercial 0805,C10,Electrical,S0048,23.28,27.53,6.39,Active
P00806,Tools Standard 0806,C11,Tools,S0174,33.17,58.71,7.19,Active
P00807,Fasteners Pro 0807,C12,Fasteners,S0116,26.32,44.85,9.69,Active
P00808,Doors Premium 0808,C13,Doors,S0012,16.87,24.95,14.57,Active
P00809,Windows Standard 0809,C14,Windows,S0007,208.51,263.38,1.82,Active
P00810,Concrete Accessories Commercial 0810,C15,Concrete Accessories,S0112,34.02,43.09,4.55,Active
P00811,Cement Standard 0811,C01,Cement,S0103,40.62,60.3,9.41,Active
P00812,Drywall Commercial 0812,C02,Drywall,S0146,46.21,60.03,26.0,Active
P00813,Lumber Premium 0813,C03,Lumber,S0237,31.02,43.52,25.0,Active
P00814,Roofing Standard 0814,C04,Roofing,S0185,5.25,8.02,37.77,Active
P00815,Insulation Pro 0815,C05,Insulation,S0034,35.25,56.59,23.81,Active
P00816,Steel Standard 0816,C06,Steel,S0123,11.54,19.11,4.27,Active
P00817,Paint Standard 0817,C07,Paint,S0181,30.03,50.97,8.89,Active
P00818,Flooring Premium 0818,C08,Flooring,S0072,33.05,39.34,23.95,Active
P00819,Plumbing Premium 0819,C09,Plumbing,S0213,7.88,14.4,21.68,Active
P00820,Electrical Premium 0820,C10,Electrical,S0013,27.27,42.6,7.51,Active
P00821,Tools Pro 0821,C11,Tools,S0138,9.68,13.24,14.19,Active
P00822,Fasteners Standard 0822,C12,Fasteners,S0165,5.0,6.1,16.18,Active
P00823,Doors Commercial 0823,C13,Doors,S0020,9.54,11.35,9.47,Active
P00824,Windows Pro 0824,C14,Windows,S0116,24.94,43.5,25.86,Active
P00825,Concrete Accessories Premium 0825,C15,Concrete Accessories,S0011,23.93,33.41,4.83,Active
P00826,Cement Premium 0826,C01,Cement,S0221,19.02,25.26,28.38,Active
P00827,Drywall Pro 0827,C02,Drywall,S0099,39.46,56.05,6.38,Active
P00828,Lumber Pro 0828,C03,Lumber,S0234,22.98,27.09,2.2,Active
P00829,Roofing Pro 0829,C04,Roofing,S0214,35.59,42.07,1.85,Active
P00830,Insulation Premium 0830,C05,Insulation,S0206,45.89,61.1,10.13,Active
P00831,Steel Premium 0831,C06,Steel,S0143,144.15,164.66,3.35,Active
P00832,Paint Standard 0832,C07,Paint,S0018,25.23,40.79,45.53,Active
P00833,Flooring Commercial 0833,C08,Flooring,S0067,62.43,73.96,4.82,Active
P00834,Plumbing Standard 0834,C09,Plumbing,S0201,31.71,45.09,9.04,Active
P00835,Electrical Standard 0835,C10,Electrical,S0016,33.03,43.07,4.81,Active
P00836,Tools Standard 0836,C11,Tools,S0247,25.47,31.23,2.14,Active
P00837,Fasteners Commercial 0837,C12,Fasteners,S0111,29.8,54.41,13.53,Active
P00838,Doors Pro 0838,C13,Doors,S0243,23.12,30.68,2.11,Active
P00839,Windows Commercial 0839,C14,Windows,S0016,54.16,68.62,12.53,Active
P00840,Concrete Accessories Premium 0840,C15,Concrete Accessories,S0075,16.31,21.1,7.01,Active
P00841,Cement Pro 0841,C01,Cement,S0183,9.48,12.71,3.59,Active
P00842,Drywall Pro 0842,C02,Drywall,S0246,18.61,22.33,27.26,Active
P00843,Lumber Commercial 0843,C03,Lumber,S0242,17.33,22.72,16.06,Active
P00844,Roofing Standard 0844,C04,Roofing,S0214,18.6,29.87,11.28,Active
P00845,Insulation Pro 0845,C05,Insulation,S0009,24.56,44.82,19.8,Active
P00846,Steel Commercial 0846,C06,Steel,S0243,18.65,21.8,2.19,Active
P00847,Paint Pro 0847,C07,Paint,S0014,10.31,12.52,5.59,Active
P00848,Flooring Pro 0848,C08,Flooring,S0028,11.31,13.32,13.06,Active
P00849,Plumbing Pro 0849,C09,Plumbing,S0148,19.57,28.43,76.49,Active
P00850,Electrical Standard 0850,C10,Electrical,S0144,8.03,12.4,10.84,Active
P00851,Tools Premium 0851,C11,Tools,S0100,12.31,15.56,5.79,Active
P00852,Fasteners Standard 0852,C12,Fasteners,S0116,29.93,38.3,1.11,Active
P00853,Doors Standard 0853,C13,Doors,S0130,32.0,50.13,50.03,Active
P00854,Windows Standard 0854,C14,Windows,S0118,19.74,27.13,11.4,Active
P00855,Concrete Accessories Commercial 0855,C15,Concrete Accessories,S0060,55.56,68.83,7.79,Active
P00856,Cement Standard 0856,C01,Cement,S0207,18.05,26.35,1.16,Active
P00857,Drywall Standard 0857,C02,Drywall,S0188,42.47,71.73,8.15,Active
P00858,Lumber Pro 0858,C03,Lumber,S0056,13.34,17.24,10.11,Active
P00859,Roofing Standard 0859,C04,Roofing,S0069,18.02,21.28,5.61,Active
P00860,Insulation Premium 0860,C05,Insulation,S0067,41.45,59.83,2.71,Active
P00861,Steel Standard 0861,C06,Steel,S0020,56.44,75.46,2.57,Active
P00862,Paint Premium 0862,C07,Paint,S0055,17.05,21.0,50.94,Active
P00863,Flooring Premium 0863,C08,Flooring,S0078,59.69,104.34,9.85,Active
P00864,Plumbing Pro 0864,C09,Plumbing,S0065,14.04,16.52,5.6,Active
P00865,Electrical Premium 0865,C10,Electrical,S0134,28.54,33.92,9.34,Active
P00866,Tools Pro 0866,C11,Tools,S0065,25.44,46.5,8.78,Active
P00867,Fasteners Commercial 0867,C12,Fasteners,S0033,23.33,27.95,2.47,Active
P00868,Doors Premium 0868,C13,Doors,S0007,18.89,28.3,20.56,Active
P00869,Windows Premium 0869,C14,Windows,S0223,10.4,19.13,7.61,Active
P00870,Concrete Accessories Commercial 0870,C15,Concrete Accessories,S0143,15.27,25.47,9.98,Active
P00871,Cement Standard 0871,C01,Cement,S0076,20.65,24.55,34.11,Active
P00872,Drywall Commercial 0872,C02,Drywall,S0189,38.65,54.71,2.77,Active
P00873,Lumber Standard 0873,C03,Lumber,S0173,43.37,57.39,4.49,Active
P00874,Roofing Pro 0874,C04,Roofing,S0018,18.1,21.93,11.97,Active
P00875,Insulation Standard 0875,C05,Insulation,S0025,19.22,26.71,20.16,Active
P00876,Steel Premium 0876,C06,Steel,S0017,15.77,29.04,5.17,Active
P00877,Paint Pro 0877,C07,Paint,S0151,17.13,22.02,5.42,Active
P00878,Flooring Standard 0878,C08,Flooring,S0074,58.52,107.05,15.89,Active
P00879,Plumbing Premium 0879,C09,Plumbing,S0242,89.74,137.68,69.47,Active
P00880,Electrical Pro 0880,C10,Electrical,S0175,13.18,24.07,9.62,Active
P00881,Tools Standard 0881,C11,Tools,S0098,11.9,17.34,4.48,Active
P00882,Fasteners Premium 0882,C12,Fasteners,S0091,17.44,21.14,3.49,Active
P00883,Doors Standard 0883,C13,Doors,S0139,12.98,23.53,7.93,Active
P00884,Windows Pro 0884,C14,Windows,S0066,11.57,14.43,19.26,Active
P00885,Concrete Accessories Standard 0885,C15,Concrete Accessories,S0045,14.26,17.55,113.14,Active
P00886,Cement Standard 0886,C01,Cement,S0079,19.77,27.88,9.63,Active
P00887,Drywall Premium 0887,C02,Drywall,S0219,10.95,14.45,41.91,Active
P00888,Lumber Commercial 0888,C03,Lumber,S0098,59.36,67.78,11.79,Active
P00889,Roofing Commercial 0889,C04,Roofing,S0079,10.56,16.39,10.91,Active
P00890,Insulation Commercial 0890,C05,Insulation,S0155,12.37,17.99,33.65,Active
P00891,Steel Pro 0891,C06,Steel,S0101,47.77,68.36,9.83,Active
P00892,Paint Standard 0892,C07,Paint,S0134,4.93,8.52,3.72,Active
P00893,Flooring Standard 0893,C08,Flooring,S0210,43.88,64.93,26.89,Active
P00894,Plumbing Pro 0894,C09,Plumbing,S0109,58.93,105.35,2.15,Active
P00895,Electrical Standard 0895,C10,Electrical,S0102,33.48,50.88,22.51,Active
P00896,Tools Pro 0896,C11,Tools,S0153,8.49,11.35,8.96,Active
P00897,Fasteners Commercial 0897,C12,Fasteners,S0170,32.84,52.99,6.88,Active
P00898,Doors Premium 0898,C13,Doors,S0129,7.41,8.98,6.73,Active
P00899,Windows Commercial 0899,C14,Windows,S0093,21.56,26.73,7.9,Active
P00900,Concrete Accessories Standard 0900,C15,Concrete Accessories,S0099,18.28,26.72,6.06,Active
P00901,Cement Pro 0901,C01,Cement,S0162,26.37,41.02,13.44,Active
P00902,Drywall Standard 0902,C02,Drywall,S0185,21.91,32.42,6.24,Active
P00903,Lumber Standard 0903,C03,Lumber,S0120,28.92,49.85,1.6,Active
P00904,Roofing Pro 0904,C04,Roofing,S0097,37.86,44.2,9.02,Active
P00905,Insulation Premium 0905,C05,,S0129,27.88,43.68,21.43,Active
P00906,Steel Pro 0906,C06,Steel,S0090,6.91,11.35,1.53,Active
P00907,Paint Premium 0907,C07,Paint,S0175,32.84,59.22,8.97,Active
P00908,Flooring Commercial 0908,C08,Flooring,S0233,30.54,45.99,5.95,Active
P00909,Plumbing Commercial 0909,C09,Plumbing,S0193,43.17,53.04,20.89,Active
P00910,Electrical Standard 0910,C10,Electrical,S0191,38.05,59.54,7.14,Active
P00911,Tools Pro 0911,C11,Tools,S0247,6.2,9.86,18.03,Active
P00912,Fasteners Premium 0912,C12,Fasteners,S0074,63.77,76.4,16.12,Active
P00913,Doors Pro 0913,C13,Doors,S0175,14.65,18.87,16.55,Active
P00914,Windows Commercial 0914,C14,Windows,S0034,49.52,58.13,36.71,Active
P00915,Concrete Accessories Pro 0915,C15,Concrete Accessories,S0186,14.68,21.29,7.36,Active
P00916,Cement Standard 0916,C01,Cement,S0185,45.75,69.62,9.5,Active
P00917,Drywall Standard 0917,C02,Drywall,S0236,12.4,17.09,13.11,Active
P00918,Lumber Standard 0918,C03,Lumber,S0004,40.65,71.17,9.77,Active
P00919,Roofing Commercial 0919,C04,Roofing,S0010,31.62,47.54,7.15,Active
P00920,Insulation Pro 0920,C05,Insulation,S0159,76.31,88.37,4.01,Active
P00921,Steel Premium 0921,C06,Steel,S0048,17.97,22.61,9.11,Active
P00922,Paint Commercial 0922,C07,Paint,S0117,50.16,61.4,2.35,Active
P00923,Flooring Commercial 0923,C08,Flooring,S0212,10.84,12.41,1.44,Active
P00924,Plumbing Commercial 0924,C09,Plumbing,S0220,27.74,32.1,3.3,Active
P00925,Electrical Commercial 0925,C10,Electrical,S0167,20.71,31.74,16.37,Active
P00926,Tools Pro 0926,C11,Tools,S0155,17.3,24.69,11.11,Active
P00927,Fasteners Pro 0927,C12,Fasteners,S0080,21.99,26.78,16.53,Active
P00928,Doors Premium 0928,C13,Doors,S0143,37.81,48.27,4.84,Active
P00929,Windows Premium 0929,C14,Windows,S0057,24.09,41.83,23.09,Active
P00930,Concrete Accessories Premium 0930,C15,Concrete Accessories,S0090,35.71,47.8,2.57,Active
P00931,Cement Pro 0931,C01,Cement,S0082,42.9,50.29,3.4,Active
P00932,Drywall Premium 0932,C02,Drywall,S0246,72.88,124.57,22.68,Active
P00933,Lumber Premium 0933,C03,Lumber,S0157,33.21,50.14,10.4,Active
P00934,Roofing Premium 0934,C04,Roofing,S0232,23.42,29.79,16.62,Active
P00935,Insulation Premium 0935,C05,Insulation,S0008,20.91,29.85,11.16,Active
P00936,Steel Premium 0936,C06,Steel,S0107,49.92,82.74,5.44,Active
P00937,Paint Premium 0937,C07,Paint,S0073,17.61,28.49,3.08,Active
P00938,Flooring Premium 0938,C08,Flooring,S0192,12.87,17.2,1.74,Active
P00939,Plumbing Premium 0939,C09,Plumbing,S0080,45.19,79.48,45.97,Active
P00940,Electrical Commercial 0940,C10,Electrical,S0206,73.53,108.76,2.09,Active
P00941,Tools Standard 0941,C11,Tools,S0031,45.03,70.9,32.46,Active
P00942,Fasteners Premium 0942,C12,Fasteners,S0144,19.69,24.84,9.89,Active
P00943,Doors Standard 0943,C13,Doors,S0149,6.65,10.37,11.47,Active
P00944,Windows Standard 0944,C14,Windows,S0062,12.88,23.08,10.8,Active
P00945,Concrete Accessories Pro 0945,C15,Concrete Accessories,S0211,9.09,14.12,14.71,Active
P00946,Cement Standard 0946,C01,Cement,S0079,55.54,70.44,4.46,Active
P00947,Drywall Pro 0947,C02,Drywall,S0009,12.23,17.38,1.3,Active
P00948,Lumber Commercial 0948,C03,Lumber,S0106,22.5,25.79,5.35,Active
P00949,Roofing Premium 0949,C04,Roofing,S0212,9.15,10.81,13.57,Active
P00950,Insulation Pro 0950,C05,Insulation,S0150,19.79,32.91,3.43,Active
P00951,Steel Pro 0951,C06,Steel,S0106,18.39,32.26,23.67,Active
P00952,Paint Commercial 0952,C07,Paint,S0149,41.35,75.19,8.03,Active
P00953,Flooring Premium 0953,C08,Flooring,S0098,41.82,49.68,3.17,Active
P00954,Plumbing Commercial 0954,C09,Plumbing,S0063,27.73,41.66,10.3,Active
P00955,Electrical Pro 0955,C10,Electrical,S0147,19.51,35.55,13.36,Active
P00956,Tools Pro 0956,C11,Tools,S0005,15.7,27.11,14.28,Active
P00957,Fasteners Pro 0957,C12,Fasteners,S0228,39.9,67.37,0.65,Active
P00958,Doors Standard 0958,C13,Doors,S0014,62.38,82.16,0.58,Active
P00959,Windows Pro 0959,C14,Windows,S0243,17.62,20.82,22.71,Active
P00960,Concrete Accessories Premium 0960,C15,Concrete Accessories,S0137,21.71,29.57,2.41,Active
P00961,Cement Pro 0961,C01,Cement,S0092,12.61,14.98,22.74,Active
P00962,Drywall Commercial 0962,C02,Drywall,S0177,7.06,8.07,24.93,Active
P00963,Lumber Commercial 0963,C03,Lumber,S0139,26.09,37.16,3.09,Active
P00964,Roofing Standard 0964,C04,Roofing,S0156,18.03,28.99,3.61,Active
P00965,Insulation Pro 0965,C05,Insulation,S0038,49.72,75.57,17.45,Active
P00966,Steel Standard 0966,C06,Steel,S0112,8.14,9.85,6.28,Active
P00967,Paint Pro 0967,C07,Paint,S0165,14.82,20.59,28.91,Active
P00968,Flooring Pro 0968,C08,Flooring,S0244,10.54,18.38,38.24,Active
P00969,Plumbing Commercial 0969,C09,Plumbing,S0250,26.49,32.67,3.17,Active
P00970,Electrical Commercial 0970,C10,Electrical,S0052,16.88,27.54,4.39,Active
P00971,Tools Premium 0971,C11,Tools,S0095,11.11,13.8,9.83,Active
P00972,Fasteners Standard 0972,C12,Fasteners,S0196,11.48,15.23,1.27,Active
P00973,Doors Standard 0973,C13,Doors,S0033,20.78,38.47,1.78,Active
P00974,Windows Pro 0974,C14,Windows,S0135,16.01,18.21,3.98,Active
P00975,Concrete Accessories Commercial 0975,C15,Concrete Accessories,S0053,14.73,16.98,54.65,Active
P00976,Cement Pro 0976,C01,Cement,S0069,28.2,35.78,11.26,Active
P00977,Drywall Standard 0977,C02,Drywall,S0224,7.82,10.07,5.01,Active
P00978,Lumber Commercial 0978,C03,Lumber,S0009,31.52,58.25,3.59,Active
P00979,Roofing Pro 0979,C04,Roofing,S0185,51.2,65.39,3.06,Active
P00980,Insulation Commercial 0980,C05,Insulation,S0120,22.19,26.12,5.33,Active
P00981,Steel Pro 0981,C06,Steel,S0032,30.42,36.27,5.07,Active
P00982,Paint Commercial 0982,C07,Paint,S0066,22.43,29.59,7.3,Active
P00983,Flooring Commercial 0983,C08,Flooring,S0007,16.21,19.58,13.97,Active
P00984,Plumbing Standard 0984,C09,Plumbing,S0066,32.04,51.75,8.33,Active
P00985,Electrical Premium 0985,C10,Electrical,S0180,20.06,25.12,18.48,Active
P00986,Tools Standard 0986,C11,Tools,S0208,22.99,37.19,6.85,Active
P00987,Fasteners Pro 0987,C12,Fasteners,S0190,29.17,40.08,41.55,Active
P00988,Doors Premium 0988,C13,Doors,S0014,10.61,12.86,18.05,Active
P00989,Windows Standard 0989,C14,Windows,S0104,7.21,12.87,10.97,Active
P00990,Concrete Accessories Premium 0990,C15,Concrete Accessories,S0088,81.66,132.81,14.01,Active
P00991,Cement Pro 0991,C01,Cement,S0231,30.55,46.1,5.45,Active
P00992,Drywall Commercial 0992,C02,Drywall,S0221,27.71,37.82,7.19,Active
P00993,Lumber Standard 0993,C03,Lumber,S0245,15.64,22.88,6.95,Active
P00994,Roofing Pro 0994,C04,Roofing,S0151,31.15,35.66,4.52,Active
P00995,Insulation Standard 0995,C05,Insulation,S0102,15.42,19.74,2.65,Active
P00996,Steel Pro 0996,C06,Steel,S0210,35.64,54.46,14.74,Active
P00997,Paint Pro 0997,C07,Paint,S0138,31.89,54.69,21.51,Active
P00998,Flooring Pro 0998,C08,Flooring,S0065,28.83,34.36,12.84,Active
P00999,Plumbing Pro 0999,C09,Plumbing,S0236,33.54,49.8,8.31,Active
P01000,Electrical Pro 1000,C10,Electrical,S0173,18.7,25.42,66.2,Active
P01001,Tools Standard 1001,C11,Tools,S0161,19.76,29.57,4.96,Active
P01002,Fasteners Pro 1002,C12,Fasteners,S0062,36.74,47.38,11.32,Active
P01003,Doors Premium 1003,C13,Doors,S0061,10.14,18.28,24.79,Active
P01004,Windows Premium 1004,C14,Windows,S0007,25.38,44.93,3.32,Active
P01005,Concrete Accessories Commercial 1005,C15,Concrete Accessories,S0229,62.31,92.5,15.85,Active
P01006,Cement Commercial 1006,C01,Cement,S0150,11.19,16.12,44.68,Active
P01007,Drywall Standard 1007,C02,Drywall,S0131,43.0,61.31,8.94,Active
P01008,Lumber Standard 1008,C03,Lumber,S0033,82.53,132.94,10.42,Active
P01009,Roofing Standard 1009,C04,Roofing,S0197,26.58,36.44,4.98,Active
P01010,Insulation Pro 1010,C05,Insulation,S0056,40.74,65.51,13.86,Active
P01011,Steel Commercial 1011,C06,Steel,S0240,27.39,31.54,4.43,Active
P01012,Paint Commercial 1012,C07,Paint,S0043,29.69,49.69,8.48,Active
P01013,Flooring Commercial 1013,C08,Flooring,S0144,10.66,15.14,2.4,Active
P01014,Plumbing Commercial 1014,C09,Plumbing,S0086,40.27,51.46,0.87,Active
P01015,Electrical Commercial 1015,C10,Electrical,S0182,31.31,36.5,5.87,Active
P01016,Tools Standard 1016,C11,Tools,S0021,67.75,80.04,5.79,Active
P01017,Fasteners Premium 1017,C12,Fasteners,S0013,43.02,70.37,6.31,Active
P01018,Doors Standard 1018,C13,Doors,S0064,29.36,42.38,17.52,Active
P01019,Windows Commercial 1019,C14,Windows,S0110,19.61,23.2,22.13,Active
P01020,Concrete Accessories Pro 1020,C15,Concrete Accessories,S0236,13.52,20.08,11.77,Active
P01021,Cement Premium 1021,C01,Cement,S0003,51.72,62.63,16.35,Active
P01022,Drywall Commercial 1022,C02,Drywall,S0007,103.7,124.38,4.54,Active
P01023,Lumber Standard 1023,C03,Lumber,S0081,10.33,12.28,3.69,Active
P01024,Roofing Pro 1024,C04,Roofing,S0150,43.05,56.26,14.13,Active
P01025,Insulation Pro 1025,C05,Insulation,S0200,29.12,40.06,3.28,Active
P01026,Steel Pro 1026,C06,Steel,S0117,46.38,59.47,3.0,Active
P01027,Paint Commercial 1027,C07,Paint,S0022,61.02,95.74,118.12,Active
P01028,Flooring Pro 1028,C08,Flooring,S0179,35.04,42.14,15.25,Active
P01029,Plumbing Premium 1029,C09,Plumbing,S0083,19.2,22.57,1.77,Active
P01030,Electrical Commercial 1030,C10,Electrical,S0178,17.78,20.73,3.37,Active
P01031,Tools Commercial 1031,C11,Tools,S0185,9.85,11.43,42.53,Active
P01032,Fasteners Pro 1032,C12,Fasteners,S0233,32.82,51.49,12.7,Active
P01033,Doors Premium 1033,C13,Doors,S0227,21.84,26.72,7.72,Active
P01034,Windows Commercial 1034,C14,Windows,S0095,53.26,69.06,8.77,Active
P01035,Concrete Accessories Commercial 1035,C15,Concrete Accessories,S0051,39.31,51.29,7.57,Active
P01036,Cement Pro 1036,C01,Cement,S0128,21.34,31.27,2.54,Active
P01037,Drywall Pro 1037,C02,Drywall,S0076,6.79,8.23,7.13,Active
P01038,Lumber Premium 1038,C03,Lumber,S0203,28.21,33.09,2.84,Active
P01039,Roofing Pro 1039,C04,Roofing,S0206,26.47,46.93,9.47,Active
P01040,Insulation Standard 1040,C05,Insulation,S0033,5.99,9.27,3.96,Active
P01041,Steel Commercial 1041,C06,Steel,S0211,36.06,66.31,12.79,Active
P01042,Paint Commercial 1042,C07,Paint,S0168,12.09,18.33,10.41,Active
P01043,Flooring Standard 1043,C08,Flooring,S0185,55.46,80.84,18.16,Active
P01044,Plumbing Commercial 1044,C09,Plumbing,S0233,25.36,38.11,5.92,Active
P01045,Electrical Pro 1045,C10,Electrical,S0044,17.45,21.4,13.75,Active
P01046,Tools Commercial 1046,C11,Tools,S0008,31.08,37.27,15.9,Active
P01047,Fasteners Standard 1047,C12,Fasteners,S0032,29.73,41.39,18.86,Active
P01048,Doors Pro 1048,C13,Doors,S0165,28.97,38.55,18.29,Active
P01049,Windows Standard 1049,C14,Windows,S0114,49.88,66.66,4.38,Active
P01050,Concrete Accessories Pro 1050,C15,Concrete Accessories,S0123,7.65,9.24,36.2,Active
P01051,Cement Standard 1051,C01,Cement,S0073,32.45,41.64,1.93,Active
P01052,Drywall Pro 1052,C02,Drywall,S0197,16.45,25.76,18.08,Active
P01053,Lumber Pro 1053,C03,Lumber,S0015,22.29,32.32,5.69,Active
P01054,Roofing Standard 1054,C04,Roofing,S0059,72.29,89.67,3.52,Active
P01055,Insulation Standard 1055,C05,Insulation,S0141,15.51,28.19,10.92,Active
P01056,Steel Commercial 1056,C06,Steel,S0019,35.63,45.29,14.11,Active
P01057,Paint Standard 1057,C07,Paint,S0170,51.31,65.21,10.79,Active
P01058,Flooring Premium 1058,C08,Flooring,S0176,38.19,66.25,7.15,Active
P01059,Plumbing Premium 1059,C09,Plumbing,S0196,28.33,47.58,9.94,Active
P01060,Electrical Standard 1060,C10,Electrical,S0066,31.52,44.74,18.09,Active
P01061,Tools Standard 1061,C11,Tools,S0243,39.99,52.97,9.39,Active
P01062,Fasteners Commercial 1062,C12,Fasteners,S0198,15.39,20.32,9.59,Active
P01063,Doors Premium 1063,C13,Doors,S0072,26.59,48.42,10.74,Active
P01064,Windows Standard 1064,C14,Windows,S0125,127.05,218.58,5.63,Active
P01065,Concrete Accessories Premium 1065,C15,Concrete Accessories,S0104,36.44,66.71,23.61,Active
P01066,Cement Standard 1066,C01,Cement,S0045,29.04,44.31,74.0,Active
P01067,Drywall Pro 1067,C02,Drywall,S0058,20.81,27.83,12.08,Active
P01068,Lumber Pro 1068,C03,Lumber,S0040,15.5,21.09,6.58,Active
P01069,Roofing Pro 1069,C04,Roofing,S0068,32.27,54.45,19.33,Active
P01070,Insulation Commercial 1070,C05,Insulation,S0225,33.9,46.8,28.03,Active
P01071,Steel Pro 1071,C06,Steel,S0037,25.37,38.98,6.69,Active
P01072,Paint Standard 1072,C07,Paint,S0245,179.97,241.55,12.87,Active
P01073,Flooring Standard 1073,C08,Flooring,S0043,16.38,21.66,4.83,Active
P01074,Plumbing Pro 1074,C09,Plumbing,S0214,14.01,15.96,20.97,Active
P01075,Electrical Premium 1075,C10,Electrical,S0166,21.01,27.41,10.12,Active
P01076,Tools Commercial 1076,C11,Tools,S0148,25.93,39.85,17.43,Active
P01077,Fasteners Standard 1077,C12,Fasteners,S0135,14.99,22.8,3.43,Active
P01078,Doors Pro 1078,C13,Doors,S0017,31.72,46.57,15.5,Active
P01079,Windows Commercial 1079,C14,Windows,S0171,34.22,59.16,4.36,Active
P01080,Concrete Accessories Commercial 1080,C15,Concrete Accessories,S0216,43.56,65.98,4.62,Active
P01081,Cement Premium 1081,C01,Cement,S0241,18.82,22.9,3.86,Active
P01082,Drywall Commercial 1082,C02,Drywall,S0072,67.41,77.19,15.96,Active
P01083,Lumber Standard 1083,C03,Lumber,S0185,41.41,72.68,27.73,Active
P01084,Roofing Commercial 1084,C04,Roofing,S0037,194.19,243.42,1.94,Active
P01085,Insulation Premium 1085,C05,Insulation,S0092,16.17,24.56,5.18,Active
P01086,Steel Commercial 1086,C06,Steel,S0062,14.95,20.08,3.42,Active
P01087,Paint Standard 1087,C07,Paint,S0016,21.98,26.98,3.02,Active
P01088,Flooring Commercial 1088,C08,Flooring,S0176,34.28,58.91,9.45,Active
P01089,Plumbing Commercial 1089,C09,Plumbing,S0134,37.97,44.49,14.25,Active
P01090,Electrical Commercial 1090,C10,Electrical,S0061,41.35,75.32,6.45,Active
P01091,Tools Pro 1091,C11,Tools,S0084,119.68,195.1,11.14,Active
P01092,Fasteners Commercial 1092,C12,Fasteners,S0103,7.36,11.61,3.66,Active
P01093,Doors Premium 1093,C13,Doors,S0216,8.02,12.69,9.17,Active
P01094,Windows Pro 1094,C14,Windows,S0234,24.9,34.11,5.92,Active
P01095,Concrete Accessories Pro 1095,C15,Concrete Accessories,S0169,110.79,192.94,14.79,Active
P01096,Cement Pro 1096,C01,Cement,S0147,45.07,60.45,3.9,Active
P01097,Drywall Commercial 1097,C02,Drywall,S0051,13.47,20.57,9.33,Active
P01098,Lumber Commercial 1098,C03,Lumber,S0148,30.6,37.97,1.7,Active
P01099,Roofing Commercial 1099,C04,Roofing,S0084,23.9,37.1,9.14,Active
P01100,Insulation Commercial 1100,C05,Insulation,S0164,23.32,36.64,4.34,Active
P01101,Steel Commercial 1101,C06,Steel,S0181,18.58,31.11,7.7,Active
P01102,Paint Pro 1102,C07,Paint,S0195,28.89,51.38,15.55,Active
P01103,Flooring Standard 1103,C08,Flooring,S0068,57.78,82.66,6.92,Active
P01104,Plumbing Commercial 1104,C09,Plumbing,S0120,19.7,26.86,13.38,Active
P01105,Electrical Standard 1105,C10,Electrical,S0167,41.58,58.49,6.11,Active
P01106,Tools Premium 1106,C11,Tools,S0246,47.15,69.15,21.79,Active
P01107,Fasteners Commercial 1107,C12,Fasteners,S0213,66.97,78.06,44.72,Active
P01108,Doors Pro 1108,C13,Doors,S0100,14.78,21.04,9.14,Active
P01109,Windows Standard 1109,C14,Windows,S0082,27.33,34.11,8.26,Active
P01110,Concrete Accessories Commercial 1110,C15,Concrete Accessories,S0188,17.21,19.59,2.37,Active
P01111,Cement Premium 1111,C01,Cement,S0193,28.93,47.02,4.52,Active
P01112,Drywall Commercial 1112,C02,Drywall,S0075,28.79,41.12,4.42,Active
P01113,Lumber Pro 1113,C03,Lumber,S0248,12.56,15.54,11.14,Active
P01114,Roofing Premium 1114,C04,Roofing,S0037,30.13,41.2,15.2,Active
P01115,Insulation Pro 1115,C05,Insulation,S0103,125.22,226.38,11.58,Active
P01116,Steel Standard 1116,C06,Steel,S0145,38.07,58.99,3.42,Active
P01117,Paint Standard 1117,C07,Paint,S0173,11.01,20.38,37.51,Active
P01118,Flooring Commercial 1118,C08,Flooring,S0079,14.2,18.39,3.53,Active
P01119,Plumbing Commercial 1119,C09,Plumbing,S0222,26.38,31.73,8.32,Active
P01120,Electrical Premium 1120,C10,Electrical,S0079,14.41,17.57,6.86,Active
P01121,Tools Premium 1121,C11,Tools,S0041,64.11,95.82,4.37,Active
P01122,Fasteners Commercial 1122,C12,Fasteners,S0033,10.22,12.27,21.08,Active
P01123,Doors Standard 1123,C13,Doors,S0063,38.27,44.17,5.16,Active
P01124,Windows Pro 1124,C14,Windows,S0230,8.96,15.29,4.62,Active
P01125,Concrete Accessories Commercial 1125,C15,Concrete Accessories,S0013,26.09,43.63,25.77,Active
P01126,Cement Commercial 1126,C01,Cement,S0167,13.12,16.5,8.36,Active
P01127,Drywall Standard 1127,C02,Drywall,S0082,43.49,68.41,1.06,Active
P01128,Lumber Pro 1128,C03,Lumber,S0113,55.9,64.47,3.11,Active
P01129,Roofing Standard 1129,C04,Roofing,S0037,34.21,41.34,11.27,Active
P01130,Insulation Premium 1130,C05,Insulation,S0158,57.93,91.32,14.82,Active
P01131,Steel Premium 1131,C06,Steel,S0207,5.13,6.43,4.45,Active
P01132,Paint Commercial 1132,C07,Paint,S0244,29.87,54.77,7.57,Active
P01133,Flooring Commercial 1133,C08,Flooring,S0156,37.88,45.01,18.36,Active
P01134,Plumbing Pro 1134,C09,Plumbing,S0068,41.51,49.02,7.44,Active
P01135,Electrical Pro 1135,C10,Electrical,S0095,7.45,10.69,5.99,Active
P01136,Tools Premium 1136,C11,Tools,S0108,36.29,43.36,3.38,Active
P01137,Fasteners Pro 1137,C12,Fasteners,S0112,42.18,71.74,20.44,Active
P01138,Doors Standard 1138,C13,Doors,S0105,29.63,35.41,0.57,Active
P01139,Windows Premium 1139,C14,Windows,S0022,11.08,16.34,49.28,Active
P01140,Concrete Accessories Pro 1140,C15,Concrete Accessories,S0137,18.49,23.2,1.51,Active
P01141,Cement Premium 1141,C01,Cement,S0180,64.37,116.29,9.13,Active
P01142,Drywall Premium 1142,C02,Drywall,S0239,58.76,80.68,11.58,Active
P01143,Lumber Premium 1143,C03,Lumber,S0008,37.37,65.87,12.51,Active
P01144,Roofing Pro 1144,C04,Roofing,S0046,44.18,76.44,70.08,Active
P01145,Insulation Commercial 1145,C05,Insulation,S0059,53.5,66.29,2.18,Active
P01146,Steel Standard 1146,C06,Steel,S0187,37.06,65.88,25.21,Active
P01147,Paint Premium 1147,C07,Paint,S0228,62.92,76.37,6.15,Active
P01148,Flooring Commercial 1148,C08,Flooring,S0045,61.28,92.5,20.8,Active
P01149,Plumbing Premium 1149,C09,Plumbing,S0033,164.15,231.88,4.6,Active
P01150,Electrical Standard 1150,C10,Electrical,S0198,19.01,26.24,6.85,Active
P01151,Tools Commercial 1151,C11,Tools,S0073,19.24,24.91,4.05,Active
P01152,Fasteners Commercial 1152,C12,Fasteners,S0029,3.92,6.0,6.1,Active
P01153,Doors Premium 1153,C13,Doors,S0118,35.11,43.02,5.79,Active
P01154,Windows Standard 1154,C14,Windows,S0085,105.08,135.54,9.13,Active
P01155,Concrete Accessories Commercial 1155,C15,Concrete Accessories,S0063,66.93,83.17,11.42,Active
P01156,Cement Premium 1156,C01,Cement,S0067,48.35,85.94,11.6,Active
P01157,Drywall Pro 1157,C02,Drywall,S0236,70.68,105.08,9.49,Active
P01158,Lumber Pro 1158,C03,Lumber,S0095,38.37,43.89,12.55,Active
P01159,Roofing Commercial 1159,C04,Roofing,S0250,22.16,29.78,12.99,Active
P01160,Insulation Standard 1160,C05,Insulation,S0035,129.55,170.33,7.08,Active
P01161,Steel Premium 1161,C06,Steel,S0246,36.37,43.05,27.99,Active
P01162,Paint Commercial 1162,C07,Paint,S0226,60.23,89.43,9.12,Active
P01163,Flooring Premium 1163,C08,Flooring,S0187,5.11,8.22,14.37,Active
P01164,Plumbing Premium 1164,C09,Plumbing,S0032,5.73,7.98,33.88,Active
P01165,Electrical Premium 1165,C10,Electrical,S0221,30.53,49.06,22.19,Active
P01166,Tools Commercial 1166,C11,Tools,S0136,14.42,21.94,2.23,Active
P01167,Fasteners Standard 1167,C12,Fasteners,S0017,32.54,45.51,8.76,Active
P01168,Doors Pro 1168,C13,Doors,S0091,19.22,25.93,9.74,Active
P01169,Windows Premium 1169,C14,Windows,S0180,188.14,228.65,19.13,Active
P01170,Concrete Accessories Commercial 1170,C15,Concrete Accessories,S0180,56.52,69.17,19.29,Active
P01171,Cement Pro 1171,C01,Cement,S0113,76.37,121.43,7.61,Active
P01172,Drywall Premium 1172,C02,Drywall,S0071,6.43,8.29,7.62,Active
P01173,Lumber Premium 1173,C03,Lumber,S0185,47.86,58.27,3.77,Active
P01174,Roofing Premium 1174,C04,Roofing,S0108,23.96,29.24,4.84,Active
P01175,Insulation Commercial 1175,C05,Insulation,S0174,77.59,90.46,17.72,Active
P01176,Steel Standard 1176,C06,Steel,S0021,42.78,58.99,15.79,Active
P01177,Paint Pro 1177,C07,Paint,S0149,26.41,32.82,10.78,Active
P01178,Flooring Commercial 1178,C08,Flooring,S0045,11.83,14.86,1.26,Active
P01179,Plumbing Commercial 1179,C09,Plumbing,S0190,30.12,46.96,12.08,Active
P01180,Electrical Pro 1180,C10,Electrical,S0125,63.21,114.2,37.12,Active
P01181,Tools Commercial 1181,C11,Tools,S0115,81.37,149.32,3.68,Active
P01182,Fasteners Premium 1182,C12,Fasteners,S0133,21.19,34.64,13.91,Active
P01183,Doors Premium 1183,C13,,S0110,159.55,292.82,34.2,Active
P01184,Windows Premium 1184,C14,Windows,S0144,59.36,67.71,6.37,Active
P01185,Concrete Accessories Premium 1185,C15,Concrete Accessories,S0047,14.61,17.74,18.36,Active
P01186,Cement Pro 1186,C01,Cement,S0125,12.55,15.12,7.28,Active
P01187,Drywall Standard 1187,C02,Drywall,S0121,25.02,44.64,37.85,Active
P01188,Lumber Pro 1188,C03,Lumber,S0228,21.15,38.42,1.0,Active
P01189,Roofing Pro 1189,C04,Roofing,S0247,38.59,48.73,4.81,Active
P01190,Insulation Commercial 1190,C05,Insulation,S0154,27.93,34.37,8.35,Active
P01191,Steel Premium 1191,C06,Steel,S0237,22.39,27.18,18.38,Active
P01192,Paint Standard 1192,C07,Paint,S0145,9.27,13.12,5.67,Active
P01193,Flooring Pro 1193,C08,Flooring,S0008,43.76,64.08,5.19,Active
P01194,Plumbing Pro 1194,C09,Plumbing,S0204,8.79,10.63,16.47,Active
P01195,Electrical Pro 1195,C10,Electrical,S0011,59.51,90.43,8.67,Active
P01196,Tools Commercial 1196,C11,Tools,S0180,6.87,10.24,17.04,Active
P01197,Fasteners Standard 1197,C12,Fasteners,S0075,8.48,9.88,11.92,Active
P01198,Doors Commercial 1198,C13,Doors,S0011,14.57,21.99,3.18,Active
P01199,Windows Premium 1199,C14,Windows,S0076,19.9,34.75,7.65,Active
P01200,Concrete Accessories Premium 1200,C15,Concrete Accessories,S0179,17.27,23.82,15.33,Active
P01201,Cement Premium 1201,C01,Cement,S0212,19.84,22.79,21.81,Active
P01202,Drywall Premium 1202,C02,Drywall,S0076,33.01,51.24,4.82,Active
P01203,Lumber Pro 1203,C03,Lumber,S0022,14.79,17.17,2.05,Active
P01204,Roofing Commercial 1204,C04,Roofing,S0094,33.23,58.49,6.56,Active
P01205,Insulation Premium 1205,C05,Insulation,S0205,5.15,9.49,5.57,Active
P01206,Steel Standard 1206,C06,Steel,S0186,14.43,20.04,37.27,Active
P01207,Paint Pro 1207,C07,Paint,S0196,8.23,11.51,2.47,Active
P01208,Flooring Standard 1208,C08,Flooring,S0105,58.97,84.36,30.6,Active
P01209,Plumbing Pro 1209,C09,Plumbing,S0203,16.1,26.03,5.11,Active
P01210,Electrical Premium 1210,C10,Electrical,S0202,41.74,48.52,1.11,Active
P01211,Tools Pro 1211,C11,Tools,S0183,7.37,11.76,7.01,Active
P01212,Fasteners Pro 1212,C12,Fasteners,S0067,80.23,109.27,6.1,Active
P01213,Doors Commercial 1213,C13,Doors,S0203,29.1,50.49,25.04,Active
P01214,Windows Standard 1214,C14,Windows,S0166,118.49,165.12,5.37,Active
P01215,Concrete Accessories Premium 1215,C15,Concrete Accessories,S0199,26.79,31.88,46.52,Active
P01216,Cement Premium 1216,C01,Cement,S0206,9.34,10.74,22.76,Active
P01217,Drywall Premium 1217,C02,Drywall,S0147,13.29,22.09,9.9,Active
P01218,Lumber Premium 1218,C03,Lumber,S0096,22.88,29.73,3.81,Active
P01219,Roofing Premium 1219,C04,Roofing,S0116,13.62,15.68,11.57,Active
P01220,Insulation Pro 1220,C05,Insulation,S0144,54.43,92.21,8.03,Active
P01221,Steel Standard 1221,C06,Steel,S0148,28.48,45.0,15.09,Active
P01222,Paint Premium 1222,C07,Paint,S0141,13.73,15.7,17.56,Active
P01223,Flooring Standard 1223,C08,,S0061,48.11,72.43,94.0,Active
P01224,Plumbing Pro 1224,C09,Plumbing,S0232,20.84,29.11,5.98,Active
P01225,Electrical Standard 1225,C10,Electrical,S0147,46.45,75.72,18.86,Active
P01226,Tools Standard 1226,C11,Tools,S0194,18.64,28.25,6.28,Active
P01227,Fasteners Commercial 1227,C12,Fasteners,S0039,39.6,59.47,4.29,Active
P01228,Doors Premium 1228,C13,Doors,S0024,20.34,25.86,9.78,Active
P01229,Windows Standard 1229,C14,Windows,S0159,54.44,73.88,5.24,Active
P01230,Concrete Accessories Standard 1230,C15,Concrete Accessories,S0130,7.47,12.37,1.61,Active
P01231,Cement Commercial 1231,C01,Cement,S0220,11.23,14.84,2.77,Active
P01232,Drywall Standard 1232,C02,Drywall,S0065,24.33,34.69,3.1,Active
P01233,Lumber Commercial 1233,C03,Lumber,S0021,16.58,23.15,4.5,Active
P01234,Roofing Commercial 1234,C04,Roofing,S0227,19.92,23.84,29.67,Active
P01235,Insulation Standard 1235,C05,Insulation,S0243,43.09,52.67,9.16,Active
P01236,Steel Standard 1236,C06,Steel,S0163,19.63,25.38,6.11,Active
P01237,Paint Premium 1237,C07,Paint,S0109,34.1,43.4,15.27,Active
P01238,Flooring Premium 1238,C08,Flooring,S0109,14.36,25.24,9.33,Active
P01239,Plumbing Standard 1239,C09,Plumbing,S0096,6.54,8.33,10.92,Active
P01240,Electrical Premium 1240,C10,Electrical,S0047,46.22,58.02,7.01,Active
P01241,Tools Premium 1241,C11,Tools,S0218,96.7,113.17,4.08,Active
P01242,Fasteners Premium 1242,C12,Fasteners,S0118,31.57,47.72,8.74,Active
P01243,Doors Standard 1243,C13,Doors,S0243,25.27,45.02,8.14,Active
P01244,Windows Standard 1244,C14,Windows,S0156,29.22,34.0,19.36,Active
P01245,Concrete Accessories Commercial 1245,C15,Concrete Accessories,S0020,71.12,91.26,9.01,Active
P01246,Cement Commercial 1246,C01,Cement,S0035,47.98,78.18,4.8,Active
P01247,Drywall Premium 1247,C02,Drywall,S0220,46.35,60.4,4.55,Active
P01248,Lumber Standard 1248,C03,Lumber,S0178,58.18,100.74,65.99,Active
P01249,Roofing Pro 1249,C04,Roofing,S0192,24.89,31.48,1.25,Active
P01250,Insulation Premium 1250,C05,Insulation,S0135,18.47,31.99,27.35,Active
P01251,Steel Pro 1251,C06,Steel,S0221,39.93,56.72,11.29,Active
P01252,Paint Pro 1252,C07,Paint,S0045,54.93,73.77,13.96,Active
P01253,Flooring Premium 1253,C08,Flooring,S0234,63.59,103.97,20.65,Active
P01254,Plumbing Premium 1254,C09,Plumbing,S0021,78.66,118.42,12.46,Active
P01255,Electrical Premium 1255,C10,Electrical,S0124,51.09,73.85,6.85,Active
P01256,Tools Standard 1256,C11,Tools,S0192,17.8,24.2,41.93,Active
P01257,Fasteners Pro 1257,C12,Fasteners,S0201,31.54,37.73,18.62,Active
P01258,Doors Premium 1258,C13,Doors,S0023,29.57,44.45,5.32,Active
P01259,Windows Premium 1259,C14,Windows,S0206,27.32,37.49,32.86,Active
P01260,Concrete Accessories Premium 1260,C15,Concrete Accessories,S0242,39.99,47.24,1.93,Active
P01261,Cement Standard 1261,C01,Cement,S0138,23.32,36.96,44.88,Active
P01262,Drywall Premium 1262,C02,Drywall,S0045,23.34,27.49,1.79,Active
P01263,Lumber Pro 1263,C03,Lumber,S0158,102.02,118.33,16.68,Active
P01264,Roofing Pro 1264,C04,Roofing,S0006,25.82,35.83,6.46,Active
P01265,Insulation Standard 1265,C05,Insulation,S0024,57.84,85.6,5.54,Active
P01266,Steel Commercial 1266,C06,Steel,S0244,60.57,102.57,14.7,Active
P01267,Paint Standard 1267,C07,Paint,S0102,32.18,44.14,10.29,Active
P01268,Flooring Premium 1268,C08,Flooring,S0205,23.99,30.68,23.13,Active
P01269,Plumbing Premium 1269,C09,Plumbing,S0202,14.79,19.98,2.1,Active
P01270,Electrical Commercial 1270,C10,Electrical,S0169,41.68,71.39,15.93,Active
P01271,Tools Premium 1271,C11,Tools,S0173,37.95,57.7,13.03,Active
P01272,Fasteners Pro 1272,C12,Fasteners,S0229,21.66,25.16,18.33,Active
P01273,Doors Standard 1273,C13,Doors,S0168,26.26,46.01,5.82,Active
P01274,Windows Premium 1274,C14,Windows,S0212,21.79,26.1,55.62,Active
P01275,Concrete Accessories Pro 1275,C15,Concrete Accessories,S0241,8.05,11.23,14.15,Active
P01276,Cement Commercial 1276,C01,Cement,S0013,8.37,12.02,8.19,Active
P01277,Drywall Pro 1277,C02,Drywall,S0017,20.01,35.57,1.38,Active
P01278,Lumber Commercial 1278,C03,Lumber,S0181,35.6,48.49,6.41,Active
P01279,Roofing Commercial 1279,C04,Roofing,S0204,6.24,7.87,19.21,Active
P01280,Insulation Standard 1280,C05,Insulation,S0176,74.03,112.32,34.51,Active
P01281,Steel Pro 1281,C06,Steel,S0004,34.86,46.19,9.41,Active
P01282,Paint Pro 1282,C07,Paint,S0220,68.7,90.81,41.02,Active
P01283,Flooring Pro 1283,C08,,S0224,59.95,75.58,3.87,Active
P01284,Plumbing Pro 1284,C09,Plumbing,S0250,31.22,44.05,13.4,Active
P01285,Electrical Pro 1285,C10,Electrical,S0225,7.64,10.55,13.77,Active
P01286,Tools Premium 1286,C11,Tools,S0231,133.1,160.27,16.05,Active
P01287,Fasteners Premium 1287,C12,Fasteners,S0004,76.05,100.58,10.64,Active
P01288,Doors Commercial 1288,C13,Doors,S0248,25.76,37.49,12.72,Active
P01289,Windows Pro 1289,C14,Windows,S0075,15.32,20.62,3.79,Active
P01290,Concrete Accessories Commercial 1290,C15,Concrete Accessories,S0204,65.79,79.33,31.03,Active
P01291,Cement Commercial 1291,C01,Cement,S0131,13.55,16.54,21.57,Active
P01292,Drywall Pro 1292,C02,Drywall,S0141,25.51,34.16,12.25,Active
P01293,Lumber Pro 1293,C03,Lumber,S0091,37.42,43.94,22.09,Active
P01294,Roofing Pro 1294,C04,Roofing,S0121,28.73,33.35,32.11,Active
P01295,Insulation Commercial 1295,C05,Insulation,S0025,33.67,46.51,15.83,Active
P01296,Steel Commercial 1296,C06,Steel,S0248,15.13,26.24,62.98,Active
P01297,Paint Premium 1297,C07,Paint,S0159,37.67,61.42,17.14,Active
P01298,Flooring Premium 1298,C08,Flooring,S0217,8.8,15.25,4.3,Active
P01299,Plumbing Standard 1299,C09,Plumbing,S0043,64.49,79.98,11.68,Active
P01300,Electrical Standard 1300,C10,Electrical,S0202,7.1,10.59,22.98,Active
P01301,Tools Commercial 1301,C11,Tools,S0248,18.53,23.28,32.14,Active
P01302,Fasteners Standard 1302,C12,Fasteners,S0207,25.5,44.11,10.85,Active
P01303,Doors Pro 1303,C13,Doors,S0198,61.88,84.12,4.02,Active
P01304,Windows Standard 1304,C14,Windows,S0115,13.53,21.23,7.56,Active
P01305,Concrete Accessories Premium 1305,C15,Concrete Accessories,S0102,48.38,59.31,2.72,Active
P01306,Cement Commercial 1306,C01,Cement,S0022,8.43,15.38,18.94,Active
P01307,Drywall Premium 1307,C02,Drywall,S0001,17.78,24.04,6.34,Active
P01308,Lumber Standard 1308,C03,Lumber,S0173,7.39,8.8,4.9,Active
P01309,Roofing Commercial 1309,C04,Roofing,S0128,26.97,32.44,20.85,Active
P01310,Insulation Premium 1310,C05,Insulation,S0135,15.8,21.05,40.11,Active
P01311,Steel Commercial 1311,C06,Steel,S0147,16.79,21.93,4.88,Active
P01312,Paint Premium 1312,C07,Paint,S0059,79.53,92.32,10.92,Active
P01313,Flooring Premium 1313,C08,Flooring,S0123,18.42,30.31,7.85,Active
P01314,Plumbing Standard 1314,C09,Plumbing,S0224,69.91,81.74,33.77,Active
P01315,Electrical Pro 1315,C10,Electrical,S0018,15.31,21.93,8.69,Active
P01316,Tools Premium 1316,C11,Tools,S0126,28.88,35.61,3.72,Active
P01317,Fasteners Premium 1317,C12,Fasteners,S0019,26.08,34.0,9.07,Active
P01318,Doors Premium 1318,C13,Doors,S0037,60.23,103.94,26.75,Active
P01319,Windows Standard 1319,C14,Windows,S0073,21.53,28.01,7.44,Active
P01320,Concrete Accessories Commercial 1320,C15,Concrete Accessories,S0026,43.16,53.09,5.33,Active
P01321,Cement Pro 1321,C01,Cement,S0010,40.94,48.34,8.34,Active
P01322,Drywall Premium 1322,C02,Drywall,S0065,13.76,16.07,3.81,Active
P01323,Lumber Pro 1323,C03,Lumber,S0116,74.66,92.68,7.84,Active
P01324,Roofing Standard 1324,C04,Roofing,S0143,85.48,117.5,5.68,Active
P01325,Insulation Standard 1325,C05,Insulation,S0162,33.24,55.69,77.74,Active
P01326,Steel Standard 1326,C06,Steel,S0122,12.93,15.12,1.64,Active
P01327,Paint Standard 1327,C07,Paint,S0065,66.73,85.4,4.29,Active
P01328,Flooring Pro 1328,C08,Flooring,S0096,26.72,31.48,5.33,Active
P01329,Plumbing Pro 1329,C09,Plumbing,S0061,32.71,39.12,3.84,Active
P01330,Electrical Pro 1330,C10,Electrical,S0057,23.9,27.34,13.53,Active
P01331,Tools Commercial 1331,C11,Tools,S0140,13.39,20.13,4.81,Active
P01332,Fasteners Pro 1332,C12,Fasteners,S0085,21.26,26.57,2.49,Active
P01333,Doors Premium 1333,C13,Doors,S0241,20.17,26.88,10.04,Active
P01334,Windows Premium 1334,C14,Windows,S0121,20.5,33.06,7.07,Active
P01335,Concrete Accessories Premium 1335,C15,Concrete Accessories,S0222,26.74,38.01,5.0,Active
P01336,Cement Commercial 1336,C01,Cement,S0036,43.98,59.24,32.86,Active
P01337,Drywall Standard 1337,C02,Drywall,S0067,19.59,28.53,13.97,Active
P01338,Lumber Pro 1338,C03,Lumber,S0245,22.93,33.8,12.54,Active
P01339,Roofing Pro 1339,C04,Roofing,S0151,81.13,106.73,14.26,Active
P01340,Insulation Commercial 1340,C05,Insulation,S0181,7.84,10.53,13.58,Active
P01341,Steel Pro 1341,C06,Steel,S0004,64.26,110.74,7.39,Active
P01342,Paint Pro 1342,C07,Paint,S0056,54.43,66.89,4.85,Active
P01343,Flooring Premium 1343,C08,Flooring,S0184,9.58,13.01,10.25,Active
P01344,Plumbing Commercial 1344,C09,Plumbing,S0235,7.93,12.52,7.27,Active
P01345,Electrical Pro 1345,C10,Electrical,S0012,66.74,90.76,1.62,Active
P01346,Tools Commercial 1346,C11,Tools,S0013,11.07,13.88,3.57,Active
P01347,Fasteners Commercial 1347,C12,Fasteners,S0162,25.94,38.43,6.49,Active
P01348,Doors Commercial 1348,C13,Doors,S0027,72.2,92.25,21.3,Active
P01349,Windows Premium 1349,C14,Windows,S0139,38.35,55.77,10.29,Active
P01350,Concrete Accessories Premium 1350,C15,Concrete Accessories,S0218,35.7,46.89,4.15,Active
P01351,Cement Pro 1351,C01,Cement,S0085,49.4,75.82,3.32,Active
P01352,Drywall Standard 1352,C02,Drywall,S0176,48.66,79.21,26.25,Active
P01353,Lumber Pro 1353,C03,Lumber,S0224,31.43,39.1,7.7,Active
P01354,Roofing Standard 1354,C04,Roofing,S0168,35.88,58.26,0.69,Active
P01355,Insulation Pro 1355,C05,Insulation,S0081,33.5,41.75,8.15,Active
P01356,Steel Commercial 1356,C06,Steel,S0071,26.17,32.32,17.05,Active
P01357,Paint Premium 1357,C07,Paint,S0172,25.73,31.51,3.23,Active
P01358,Flooring Premium 1358,C08,Flooring,S0234,24.56,28.8,9.59,Active
P01359,Plumbing Commercial 1359,C09,Plumbing,S0032,29.38,42.55,10.44,Active
P01360,Electrical Pro 1360,C10,Electrical,S0020,56.12,79.22,3.4,Active
P01361,Tools Standard 1361,C11,Tools,S0045,30.66,36.55,28.82,Active
P01362,Fasteners Premium 1362,C12,Fasteners,S0221,8.05,9.92,10.61,Active
P01363,Doors Commercial 1363,C13,Doors,S0056,18.0,26.49,6.46,Active
P01364,Windows Premium 1364,C14,Windows,S0003,14.39,19.99,7.75,Active
P01365,Concrete Accessories Pro 1365,C15,Concrete Accessories,S0203,98.38,137.72,2.89,Active
P01366,Cement Premium 1366,C01,Cement,S0143,11.96,14.56,2.8,Active
P01367,Drywall Pro 1367,C02,Drywall,S0206,90.85,165.66,5.95,Active
P01368,Lumber Standard 1368,C03,Lumber,S0128,26.63,40.02,6.28,Active
P01369,Roofing Premium 1369,C04,Roofing,S0158,14.0,25.06,7.3,Active
P01370,Insulation Commercial 1370,C05,Insulation,S0004,151.53,180.99,31.59,Active
P01371,Steel Pro 1371,C06,Steel,S0230,14.92,22.92,16.16,Active
P01372,Paint Pro 1372,C07,Paint,S0098,15.15,21.69,1.82,Active
P01373,Flooring Standard 1373,C08,Flooring,S0058,55.35,63.38,25.64,Active
P01374,Plumbing Commercial 1374,C09,Plumbing,S0204,56.39,72.07,5.91,Active
P01375,Electrical Premium 1375,C10,Electrical,S0233,24.13,28.83,17.72,Active
P01376,Tools Pro 1376,C11,Tools,S0206,35.66,48.72,6.33,Active
P01377,Fasteners Pro 1377,C12,Fasteners,S0057,8.73,10.25,10.0,Active
P01378,Doors Commercial 1378,C13,Doors,S0060,57.7,70.23,3.07,Active
P01379,Windows Commercial 1379,C14,Windows,S0092,42.4,49.07,12.16,Active
P01380,Concrete Accessories Commercial 1380,C15,Concrete Accessories,S0194,45.84,66.48,19.78,Active
P01381,Cement Premium 1381,C01,Cement,S0222,16.67,29.13,2.11,Active
P01382,Drywall Commercial 1382,C02,Drywall,S0121,18.66,32.17,20.09,Active
P01383,Lumber Standard 1383,C03,Lumber,S0236,18.55,32.94,4.83,Active
P01384,Roofing Commercial 1384,C04,Roofing,S0191,7.58,10.98,43.7,Active
P01385,Insulation Pro 1385,C05,Insulation,S0143,48.33,71.17,18.05,Active
P01386,Steel Pro 1386,C06,Steel,S0110,53.38,84.3,15.17,Active
P01387,Paint Commercial 1387,C07,Paint,S0248,22.85,27.72,7.79,Active
P01388,Flooring Pro 1388,C08,Flooring,S0068,20.1,30.49,96.67,Active
P01389,Plumbing Pro 1389,C09,Plumbing,S0205,40.01,59.57,5.95,Active
P01390,Electrical Premium 1390,C10,Electrical,S0219,37.56,58.37,3.63,Active
P01391,Tools Pro 1391,C11,Tools,S0002,77.72,114.44,4.98,Active
P01392,Fasteners Commercial 1392,C12,Fasteners,S0134,38.5,71.18,23.56,Active
P01393,Doors Commercial 1393,C13,Doors,S0214,35.49,62.16,9.83,Active
P01394,Windows Commercial 1394,C14,Windows,S0187,27.32,45.68,8.58,Active
P01395,Concrete Accessories Standard 1395,C15,Concrete Accessories,S0027,18.11,22.9,6.02,Active
P01396,Cement Pro 1396,C01,Cement,S0111,76.38,102.75,8.19,Active
P01397,Drywall Standard 1397,C02,Drywall,S0065,15.64,27.42,5.67,Active
P01398,Lumber Commercial 1398,C03,Lumber,S0195,58.57,66.62,16.58,Active
P01399,Roofing Premium 1399,C04,Roofing,S0222,40.13,63.19,7.16,Active
P01400,Insulation Premium 1400,C05,Insulation,S0117,40.5,48.21,5.06,Active
P01401,Steel Premium 1401,C06,Steel,S0154,22.61,37.19,21.6,Active
P01402,Paint Commercial 1402,C07,Paint,S0158,50.0,63.64,3.73,Active
P01403,Flooring Commercial 1403,C08,Flooring,S0224,14.9,18.67,9.95,Active
P01404,Plumbing Pro 1404,C09,Plumbing,S0090,90.77,109.99,1.61,Active
P01405,Electrical Premium 1405,C10,Electrical,S0153,32.94,48.06,2.62,Active
P01406,Tools Standard 1406,C11,Tools,S0236,17.39,25.86,6.5,Active
P01407,Fasteners Pro 1407,C12,Fasteners,S0115,20.2,23.93,5.58,Active
P01408,Doors Pro 1408,C13,Doors,S0029,27.25,46.62,5.57,Active
P01409,Windows Commercial 1409,C14,Windows,S0236,9.74,15.23,18.21,Active
P01410,Concrete Accessories Commercial 1410,C15,Concrete Accessories,S0034,45.93,62.58,19.28,Active
P01411,Cement Pro 1411,C01,Cement,S0081,9.22,15.0,11.81,Active
P01412,Drywall Standard 1412,C02,Drywall,S0032,43.52,71.2,3.57,Active
P01413,Lumber Commercial 1413,C03,Lumber,S0204,27.29,33.85,8.13,Active
P01414,Roofing Commercial 1414,C04,Roofing,S0191,98.45,148.68,51.01,Active
P01415,Insulation Premium 1415,C05,Insulation,S0181,8.46,14.87,85.16,Active
P01416,Steel Premium 1416,C06,Steel,S0106,14.29,22.04,21.82,Active
P01417,Paint Pro 1417,C07,Paint,S0057,53.48,65.93,3.68,Active
P01418,Flooring Premium 1418,C08,Flooring,S0229,38.29,48.68,8.19,Active
P01419,Plumbing Commercial 1419,C09,Plumbing,S0052,39.97,52.21,11.11,Active
P01420,Electrical Commercial 1420,C10,Electrical,S0184,62.64,87.9,9.66,Active
P01421,Tools Commercial 1421,C11,Tools,S0171,24.11,40.25,24.2,Active
P01422,Fasteners Commercial 1422,C12,Fasteners,S0163,40.7,50.09,17.44,Active
P01423,Doors Commercial 1423,C13,Doors,S0153,17.03,28.8,3.52,Active
P01424,Windows Commercial 1424,C14,Windows,S0204,18.22,24.91,5.16,Active
P01425,Concrete Accessories Commercial 1425,C15,Concrete Accessories,S0003,47.01,77.39,21.72,Active
P01426,Cement Standard 1426,C01,,S0228,24.32,27.69,32.71,Active
P01427,Drywall Commercial 1427,C02,Drywall,S0099,70.66,85.85,11.24,Active
P01428,Lumber Pro 1428,C03,Lumber,S0005,15.25,26.18,37.26,Active
P01429,Roofing Pro 1429,C04,Roofing,S0126,25.98,44.55,10.11,Active
P01430,Insulation Commercial 1430,C05,Insulation,S0172,21.38,24.37,4.05,Active
P01431,Steel Pro 1431,C06,Steel,S0171,9.7,12.86,15.95,Active
P01432,Paint Premium 1432,C07,Paint,S0074,15.67,21.53,141.68,Active
P01433,Flooring Commercial 1433,C08,Flooring,S0169,12.68,18.99,2.91,Active
P01434,Plumbing Standard 1434,C09,Plumbing,S0216,38.75,48.59,35.74,Active
P01435,Electrical Standard 1435,C10,Electrical,S0118,28.37,38.07,15.1,Active
P01436,Tools Commercial 1436,C11,Tools,S0189,7.46,10.25,4.9,Active
P01437,Fasteners Premium 1437,C12,Fasteners,S0084,12.79,22.59,1.64,Active
P01438,Doors Standard 1438,C13,Doors,S0136,29.43,39.7,1.2,Active
P01439,Windows Premium 1439,C14,Windows,S0177,10.75,13.42,5.57,Active
P01440,Concrete Accessories Commercial 1440,C15,Concrete Accessories,S0010,15.15,22.62,12.89,Active
P01441,Cement Commercial 1441,C01,Cement,S0108,33.58,49.67,20.17,Active
P01442,Drywall Commercial 1442,C02,Drywall,S0157,45.91,81.7,25.2,Active
P01443,Lumber Standard 1443,C03,Lumber,S0234,27.08,35.45,11.86,Active
P01444,Roofing Pro 1444,C04,Roofing,S0141,38.79,62.97,10.25,Active
P01445,Insulation Standard 1445,C05,Insulation,S0103,20.53,34.33,6.69,Active
P01446,Steel Premium 1446,C06,Steel,S0202,15.3,19.13,13.19,Active
P01447,Paint Pro 1447,C07,Paint,S0118,25.39,31.06,4.97,Active
P01448,Flooring Premium 1448,C08,Flooring,S0099,17.05,22.13,3.04,Active
P01449,Plumbing Pro 1449,C09,Plumbing,S0212,53.8,80.73,9.69,Active
P01450,Electrical Standard 1450,C10,Electrical,S0039,14.82,17.78,18.68,Active
P01451,Tools Pro 1451,C11,Tools,S0027,18.31,26.91,2.55,Active
P01452,Fasteners Pro 1452,C12,Fasteners,S0197,55.42,69.25,5.57,Active
P01453,Doors Pro 1453,C13,Doors,S0072,20.36,31.38,9.37,Active
P01454,Windows Standard 1454,C14,Windows,S0103,60.33,68.79,9.19,Active
P01455,Concrete Accessories Commercial 1455,C15,Concrete Accessories,S0116,11.71,14.64,14.72,Active
P01456,Cement Premium 1456,C01,Cement,S0198,19.31,27.84,49.36,Active
P01457,Drywall Standard 1457,C02,Drywall,S0047,27.09,39.29,1.21,Active
P01458,Lumber Standard 1458,C03,Lumber,S0038,34.82,47.47,51.94,Active
P01459,Roofing Commercial 1459,C04,Roofing,S0120,81.71,108.39,46.89,Active
P01460,Insulation Premium 1460,C05,Insulation,S0116,13.28,21.7,20.51,Active
P01461,Steel Standard 1461,C06,Steel,S0177,16.36,19.23,11.04,Active
P01462,Paint Standard 1462,C07,Paint,S0152,11.12,16.8,5.05,Active
P01463,Flooring Pro 1463,C08,Flooring,S0250,16.89,30.19,20.26,Active
P01464,Plumbing Commercial 1464,C09,Plumbing,S0030,47.49,87.64,11.58,Active
P01465,Electrical Commercial 1465,C10,Electrical,S0081,10.54,18.37,6.82,Active
P01466,Tools Standard 1466,C11,Tools,S0034,16.08,20.2,19.74,Active
P01467,Fasteners Premium 1467,C12,Fasteners,S0249,61.85,76.06,23.35,Active
P01468,Doors Standard 1468,C13,Doors,S0227,15.98,19.23,0.77,Active
P01469,Windows Standard 1469,C14,Windows,S0062,7.87,10.86,32.44,Active
P01470,Concrete Accessories Commercial 1470,C15,Concrete Accessories,S0104,20.47,27.14,4.59,Active
P01471,Cement Premium 1471,C01,Cement,S0249,85.62,140.78,28.18,Active
P01472,Drywall Premium 1472,C02,Drywall,S0007,27.58,32.06,6.93,Active
P01473,Lumber Standard 1473,C03,Lumber,S0165,24.72,32.19,11.07,Active
P01474,Roofing Commercial 1474,C04,Roofing,S0046,83.1,134.26,13.2,Active
P01475,Insulation Commercial 1475,C05,Insulation,S0129,45.07,65.25,25.85,Active
P01476,Steel Commercial 1476,C06,Steel,S0083,11.96,16.75,17.8,Active
P01477,Paint Pro 1477,C07,Paint,S0031,22.06,29.31,0.94,Active
P01478,Flooring Premium 1478,C08,Flooring,S0160,6.11,7.64,3.61,Active
P01479,Plumbing Standard 1479,C09,Plumbing,S0017,39.32,70.14,10.0,Active
P01480,Electrical Pro 1480,C10,Electrical,S0055,30.85,54.81,52.24,Active
P01481,Tools Pro 1481,C11,Tools,S0003,11.15,12.71,8.8,Active
P01482,Fasteners Pro 1482,C12,Fasteners,S0024,33.55,41.48,4.65,Active
P01483,Doors Standard 1483,C13,Doors,S0102,27.66,48.55,2.14,Active
P01484,Windows Pro 1484,C14,Windows,S0230,72.74,99.83,4.89,Active
P01485,Concrete Accessories Premium 1485,C15,Concrete Accessories,S0106,112.39,150.08,8.77,Active
P01486,Cement Premium 1486,C01,Cement,S0193,55.68,102.24,8.6,Active
P01487,Drywall Premium 1487,C02,Drywall,S0044,26.54,37.86,5.34,Active
P01488,Lumber Standard 1488,C03,Lumber,S0224,29.47,35.44,12.02,Active
P01489,Roofing Commercial 1489,C04,Roofing,S0182,15.66,18.97,8.06,Active
P01490,Insulation Commercial 1490,C05,Insulation,S0078,17.69,31.87,71.5,Active
P01491,Steel Commercial 1491,C06,Steel,S0238,25.46,29.41,36.26,Active
P01492,Paint Commercial 1492,C07,Paint,S0168,23.64,29.65,11.4,Active
P01493,Flooring Commercial 1493,C08,Flooring,S0204,10.75,18.89,6.04,Active
P01494,Plumbing Premium 1494,C09,Plumbing,S0154,31.42,41.18,37.62,Active
P01495,Electrical Commercial 1495,C10,Electrical,S0194,31.67,41.83,31.35,Active
P01496,Tools Pro 1496,C11,Tools,S0065,42.46,68.34,39.04,Active
P01497,Fasteners Standard 1497,C12,Fasteners,S0050,26.01,32.92,77.57,Active
P01498,Doors Pro 1498,C13,Doors,S0051,19.3,30.98,4.53,Active
P01499,Windows Standard 1499,C14,Windows,S0173,11.62,15.88,73.55,Active
P01500,Concrete Accessories Pro 1500,C15,Concrete Accessories,S0175,48.12,66.53,6.68,Active
P01501,Cement Standard 1501,C01,Cement,S0117,65.0,103.35,16.76,Active
P01502,Drywall Standard 1502,C02,Drywall,S0108,107.37,133.49,2.24,Active
P01503,Lumber Premium 1503,C03,Lumber,S0084,22.52,32.1,5.95,Active
P01504,Roofing Standard 1504,C04,Roofing,S0161,6.81,9.23,23.44,Active
P01505,Insulation Premium 1505,C05,Insulation,S0233,22.44,31.3,17.56,Active
P01506,Steel Pro 1506,C06,Steel,S0234,141.44,243.79,6.57,Active
P01507,Paint Commercial 1507,C07,Paint,S0049,20.19,27.21,10.04,Active
P01508,Flooring Pro 1508,C08,Flooring,S0230,54.11,92.01,5.42,Active
P01509,Plumbing Standard 1509,C09,Plumbing,S0106,17.43,27.63,23.37,Active
P01510,Electrical Premium 1510,C10,Electrical,S0162,35.34,43.77,1.43,Active
P01511,Tools Premium 1511,C11,Tools,S0162,11.5,20.63,34.85,Active
P01512,Fasteners Pro 1512,C12,Fasteners,S0064,35.92,42.76,4.54,Active
P01513,Doors Pro 1513,C13,Doors,S0148,24.06,39.41,9.13,Active
P01514,Windows Commercial 1514,C14,Windows,S0207,45.38,53.95,2.66,Active
P01515,Concrete Accessories Premium 1515,C15,Concrete Accessories,S0083,15.05,21.51,11.54,Active
P01516,Cement Pro 1516,C01,Cement,S0236,25.28,39.07,15.1,Active
P01517,Drywall Standard 1517,C02,Drywall,S0096,11.47,17.97,12.45,Active
P01518,Lumber Pro 1518,C03,Lumber,S0039,58.21,89.25,13.99,Active
P01519,Roofing Commercial 1519,C04,Roofing,S0030,29.89,52.79,8.28,Active
P01520,Insulation Premium 1520,C05,Insulation,S0138,15.11,24.47,8.46,Active
P01521,Steel Premium 1521,C06,Steel,S0206,65.48,106.21,8.11,Active
P01522,Paint Pro 1522,C07,Paint,S0033,14.54,18.07,5.79,Active
P01523,Flooring Standard 1523,C08,Flooring,S0044,31.21,44.03,6.45,Active
P01524,Plumbing Pro 1524,C09,Plumbing,S0199,38.08,57.96,14.45,Active
P01525,Electrical Premium 1525,C10,Electrical,S0040,50.52,91.81,32.5,Active
P01526,Tools Standard 1526,C11,Tools,S0244,54.44,87.66,3.89,Active
P01527,Fasteners Pro 1527,C12,Fasteners,S0193,14.4,19.19,8.43,Active
P01528,Doors Standard 1528,C13,Doors,S0043,19.77,33.47,3.24,Active
P01529,Windows Pro 1529,C14,Windows,S0069,19.9,32.96,5.89,Active
P01530,Concrete Accessories Standard 1530,C15,Concrete Accessories,S0075,16.94,29.84,6.79,Active
P01531,Cement Standard 1531,C01,Cement,S0179,61.86,77.69,10.8,Active
P01532,Drywall Pro 1532,C02,Drywall,S0056,152.97,209.66,10.52,Active
P01533,Lumber Standard 1533,C03,Lumber,S0235,22.13,34.29,9.06,Active
P01534,Roofing Premium 1534,C04,Roofing,S0175,32.44,47.83,13.35,Active
P01535,Insulation Pro 1535,C05,Insulation,S0094,116.01,182.48,4.22,Active
P01536,Steel Premium 1536,C06,Steel,S0215,49.47,69.82,10.88,Active
P01537,Paint Standard 1537,C07,Paint,S0084,9.03,12.04,18.06,Active
P01538,Flooring Pro 1538,C08,Flooring,S0040,65.85,101.97,4.17,Active
P01539,Plumbing Standard 1539,C09,Plumbing,S0115,26.94,43.93,1.91,Active
P01540,Electrical Commercial 1540,C10,Electrical,S0119,11.23,13.91,23.18,Active
P01541,Tools Standard 1541,C11,Tools,S0108,19.56,31.21,3.33,Active
P01542,Fasteners Commercial 1542,C12,Fasteners,S0036,31.84,37.31,5.64,Active
P01543,Doors Premium 1543,C13,Doors,S0241,19.5,28.18,17.56,Active
P01544,Windows Premium 1544,C14,Windows,S0131,12.02,15.63,4.0,Active
P01545,Concrete Accessories Commercial 1545,C15,Concrete Accessories,S0029,30.2,36.47,21.6,Active
P01546,Cement Premium 1546,C01,Cement,S0236,64.5,105.35,4.96,Active
P01547,Drywall Commercial 1547,C02,Drywall,S0232,52.26,81.43,4.46,Active
P01548,Lumber Commercial 1548,C03,Lumber,S0154,97.35,125.68,3.25,Active
P01549,Roofing Commercial 1549,C04,Roofing,S0132,68.71,85.34,5.0,Active
P01550,Insulation Standard 1550,C05,Insulation,S0193,110.97,140.13,15.37,Active
P01551,Steel Commercial 1551,C06,Steel,S0073,13.31,16.4,5.64,Active
P01552,Paint Pro 1552,C07,Paint,S0233,46.84,76.15,23.28,Active
P01553,Flooring Commercial 1553,C08,Flooring,S0137,25.8,31.35,9.4,Active
P01554,Plumbing Pro 1554,C09,Plumbing,S0147,46.1,78.5,10.16,Active
P01555,Electrical Standard 1555,C10,Electrical,S0075,10.96,12.46,4.34,Active
P01556,Tools Pro 1556,C11,Tools,S0019,31.96,55.24,26.95,Active
P01557,Fasteners Pro 1557,C12,Fasteners,S0147,84.03,110.54,18.2,Active
P01558,Doors Commercial 1558,C13,Doors,S0173,33.15,47.46,17.71,Active
P01559,Windows Standard 1559,C14,Windows,S0079,17.0,24.36,7.86,Active
P01560,Concrete Accessories Standard 1560,C15,Concrete Accessories,S0211,15.23,18.78,2.93,Active
P01561,Cement Commercial 1561,C01,Cement,S0222,34.24,50.22,10.66,Active
P01562,Drywall Commercial 1562,C02,Drywall,S0036,43.88,67.01,14.75,Active
P01563,Lumber Pro 1563,C03,Lumber,S0168,32.13,40.17,14.89,Active
P01564,Roofing Pro 1564,C04,Roofing,S0215,26.31,48.04,13.09,Active
P01565,Insulation Standard 1565,C05,Insulation,S0037,16.31,19.4,12.59,Active
P01566,Steel Premium 1566,C06,Steel,S0153,43.29,65.84,4.94,Active
P01567,Paint Premium 1567,C07,Paint,S0125,28.11,41.67,5.15,Active
P01568,Flooring Premium 1568,C08,Flooring,S0027,18.75,22.93,3.28,Active
P01569,Plumbing Standard 1569,C09,Plumbing,S0194,65.76,75.98,23.55,Active
P01570,Electrical Commercial 1570,C10,Electrical,S0094,39.5,47.11,53.25,Active
P01571,Tools Pro 1571,C11,Tools,S0093,23.75,28.53,138.18,Active
P01572,Fasteners Commercial 1572,C12,Fasteners,S0016,23.12,37.59,11.36,Active
P01573,Doors Pro 1573,C13,Doors,S0064,20.52,29.16,12.62,Active
P01574,Windows Standard 1574,C14,Windows,S0099,48.66,71.91,8.15,Active
P01575,Concrete Accessories Pro 1575,C15,Concrete Accessories,S0053,94.04,166.49,11.19,Active
P01576,Cement Premium 1576,C01,Cement,S0249,32.76,37.8,3.98,Active
P01577,Drywall Premium 1577,C02,Drywall,S0045,36.34,58.43,8.0,Active
P01578,Lumber Pro 1578,C03,Lumber,S0091,17.71,27.65,4.49,Active
P01579,Roofing Premium 1579,C04,Roofing,S0029,175.96,289.5,7.12,Active
P01580,Insulation Pro 1580,C05,Insulation,S0133,9.78,15.7,4.81,Active
P01581,Steel Commercial 1581,C06,Steel,S0089,26.15,43.78,14.76,Active
P01582,Paint Pro 1582,C07,Paint,S0205,39.98,45.47,16.59,Active
P01583,Flooring Commercial 1583,C08,Flooring,S0017,17.26,23.21,12.26,Active
P01584,Plumbing Premium 1584,C09,Plumbing,S0208,14.68,17.22,5.17,Active
P01585,Electrical Standard 1585,C10,Electrical,S0175,14.26,24.31,3.1,Active
P01586,Tools Premium 1586,C11,Tools,S0003,57.11,70.47,16.77,Active
P01587,Fasteners Premium 1587,C12,Fasteners,S0039,53.71,74.21,9.35,Active
P01588,Doors Commercial 1588,C13,Doors,S0062,46.7,75.36,1.85,Active
P01589,Windows Commercial 1589,C14,Windows,S0043,49.61,76.38,10.58,Active
P01590,Concrete Accessories Standard 1590,C15,Concrete Accessories,S0030,42.05,73.45,12.71,Active
P01591,Cement Premium 1591,C01,Cement,S0008,13.59,21.32,2.34,Active
P01592,Drywall Standard 1592,C02,Drywall,S0121,16.47,23.0,15.01,Active
P01593,Lumber Commercial 1593,C03,Lumber,S0207,43.95,78.44,2.63,Active
P01594,Roofing Commercial 1594,C04,Roofing,S0106,13.64,19.02,4.71,Active
P01595,Insulation Pro 1595,C05,Insulation,S0101,21.11,25.33,2.65,Active
P01596,Steel Premium 1596,C06,Steel,S0033,10.02,14.75,4.31,Active
P01597,Paint Pro 1597,C07,Paint,S0071,28.8,34.74,3.12,Active
P01598,Flooring Premium 1598,C08,Flooring,S0072,25.0,29.03,23.4,Active
P01599,Plumbing Commercial 1599,C09,Plumbing,S0181,10.9,18.48,7.49,Active
P01600,Electrical Premium 1600,C10,Electrical,S0209,55.55,66.93,6.19,Active
P01601,Tools Pro 1601,C11,Tools,S0178,18.15,22.23,25.72,Active
P01602,Fasteners Commercial 1602,C12,Fasteners,S0215,21.88,28.15,24.39,Active
P01603,Doors Premium 1603,C13,Doors,S0141,36.61,47.98,6.63,Active
P01604,Windows Standard 1604,C14,Windows,S0004,37.93,47.82,12.04,Active
P01605,Concrete Accessories Pro 1605,C15,Concrete Accessories,S0113,55.4,66.48,5.51,Active
P01606,Cement Standard 1606,C01,Cement,S0050,27.91,36.2,8.54,Active
P01607,Drywall Premium 1607,C02,Drywall,S0238,44.39,67.27,3.59,Active
P01608,Lumber Commercial 1608,C03,Lumber,S0034,55.25,75.62,13.73,Active
P01609,Roofing Premium 1609,C04,Roofing,S0108,10.78,13.5,26.77,Active
P01610,Insulation Pro 1610,C05,Insulation,S0140,129.52,219.97,22.23,Active
P01611,Steel Commercial 1611,C06,Steel,S0209,73.62,124.36,9.75,Active
P01612,Paint Standard 1612,C07,Paint,S0034,8.47,10.74,1.72,Active
P01613,Flooring Commercial 1613,C08,Flooring,S0169,32.41,39.8,5.3,Active
P01614,Plumbing Pro 1614,C09,Plumbing,S0020,14.29,19.66,8.53,Active
P01615,Electrical Pro 1615,C10,Electrical,S0190,41.72,62.64,2.44,Active
P01616,Tools Commercial 1616,C11,Tools,S0082,19.8,36.59,35.12,Active
P01617,Fasteners Standard 1617,C12,Fasteners,S0076,12.77,15.78,19.74,Active
P01618,Doors Pro 1618,C13,Doors,S0020,19.31,33.58,14.75,Active
P01619,Windows Standard 1619,C14,Windows,S0147,58.45,90.81,17.59,Active
P01620,Concrete Accessories Standard 1620,C15,Concrete Accessories,S0225,51.23,84.09,3.2,Active
P01621,Cement Commercial 1621,C01,Cement,S0235,59.12,72.02,4.19,Active
P01622,Drywall Premium 1622,C02,Drywall,S0036,32.51,56.07,11.39,Active
P01623,Lumber Standard 1623,C03,Lumber,S0105,38.08,45.19,12.22,Active
P01624,Roofing Premium 1624,C04,Roofing,S0061,15.02,17.98,2.68,Active
P01625,Insulation Standard 1625,C05,Insulation,S0132,49.93,84.25,10.67,Active
P01626,Steel Premium 1626,C06,Steel,S0027,60.62,107.72,8.67,Active
P01627,Paint Commercial 1627,C07,Paint,S0099,10.14,14.25,21.53,Active
P01628,Flooring Standard 1628,C08,Flooring,S0048,20.92,27.84,12.28,Active
P01629,Plumbing Pro 1629,C09,Plumbing,S0151,17.23,25.27,39.64,Active
P01630,Electrical Pro 1630,C10,Electrical,S0026,14.68,17.86,6.66,Active
P01631,Tools Premium 1631,C11,Tools,S0230,29.23,45.81,3.38,Active
P01632,Fasteners Premium 1632,C12,Fasteners,S0009,34.17,50.73,38.5,Active
P01633,Doors Standard 1633,C13,Doors,S0249,19.23,24.53,12.88,Active
P01634,Windows Standard 1634,C14,Windows,S0233,3.96,6.6,8.71,Active
P01635,Concrete Accessories Pro 1635,C15,Concrete Accessories,S0163,21.78,34.27,4.32,Active
P01636,Cement Commercial 1636,C01,Cement,S0208,57.8,82.95,6.73,Active
P01637,Drywall Premium 1637,C02,Drywall,S0121,23.95,28.55,6.43,Active
P01638,Lumber Premium 1638,C03,Lumber,S0235,7.09,9.71,3.26,Active
P01639,Roofing Commercial 1639,C04,Roofing,S0010,53.13,83.43,1.35,Active
P01640,Insulation Commercial 1640,C05,Insulation,S0077,15.86,24.14,6.3,Active
P01641,Steel Premium 1641,C06,Steel,S0183,91.88,141.56,18.02,Active
P01642,Paint Standard 1642,C07,Paint,S0162,18.36,28.73,29.2,Active
P01643,Flooring Standard 1643,C08,Flooring,S0103,16.15,19.43,22.38,Active
P01644,Plumbing Commercial 1644,C09,Plumbing,S0167,10.47,12.41,23.71,Active
P01645,Electrical Standard 1645,C10,Electrical,S0169,20.4,26.87,3.58,Active
P01646,Tools Standard 1646,C11,Tools,S0216,23.29,31.51,11.58,Active
P01647,Fasteners Premium 1647,C12,Fasteners,S0081,19.18,24.59,14.86,Active
P01648,Doors Premium 1648,C13,Doors,S0038,18.03,22.37,15.77,Active
P01649,Windows Standard 1649,C14,Windows,S0037,36.95,49.03,8.54,Active
P01650,Concrete Accessories Pro 1650,C15,Concrete Accessories,S0152,19.91,24.5,10.34,Active
P01651,Cement Commercial 1651,C01,Cement,S0151,39.85,70.21,57.72,Active
P01652,Drywall Premium 1652,C02,Drywall,S0146,52.33,77.11,21.72,Active
P01653,Lumber Commercial 1653,C03,Lumber,S0199,235.56,389.98,14.36,Active
P01654,Roofing Pro 1654,C04,Roofing,S0033,38.06,67.04,17.01,Active
P01655,Insulation Standard 1655,C05,Insulation,S0018,13.38,19.76,6.05,Active
P01656,Steel Commercial 1656,C06,Steel,S0218,19.02,22.2,16.17,Active
P01657,Paint Premium 1657,C07,Paint,S0103,24.0,34.23,10.22,Active
P01658,Flooring Standard 1658,C08,Flooring,S0078,58.04,72.42,19.63,Active
P01659,Plumbing Standard 1659,C09,Plumbing,S0217,24.21,43.14,4.94,Active
P01660,Electrical Premium 1660,C10,Electrical,S0154,60.02,75.48,18.11,Active
P01661,Tools Standard 1661,C11,Tools,S0167,8.81,11.21,6.81,Active
P01662,Fasteners Premium 1662,C12,Fasteners,S0137,30.44,45.34,18.19,Active
P01663,Doors Standard 1663,C13,Doors,S0169,51.27,80.88,11.65,Active
P01664,Windows Pro 1664,C14,Windows,S0080,40.84,62.44,9.56,Active
P01665,Concrete Accessories Standard 1665,C15,Concrete Accessories,S0048,16.92,26.21,7.13,Active
P01666,Cement Premium 1666,C01,,S0056,27.48,31.25,8.75,Active
P01667,Drywall Premium 1667,C02,Drywall,S0011,7.24,10.43,6.31,Active
P01668,Lumber Pro 1668,C03,Lumber,S0204,28.2,37.99,7.01,Active
P01669,Roofing Premium 1669,C04,Roofing,S0030,22.81,29.75,14.0,Active
P01670,Insulation Premium 1670,C05,Insulation,S0148,12.74,21.32,2.08,Active
P01671,Steel Standard 1671,C06,Steel,S0201,21.25,35.65,17.95,Active
P01672,Paint Pro 1672,C07,Paint,S0177,88.35,112.67,18.25,Active
P01673,Flooring Pro 1673,C08,Flooring,S0162,9.7,12.6,7.32,Active
P01674,Plumbing Premium 1674,C09,Plumbing,S0134,32.45,43.03,10.59,Active
P01675,Electrical Standard 1675,C10,Electrical,S0109,39.55,51.34,3.95,Active
P01676,Tools Pro 1676,C11,Tools,S0030,28.37,34.58,13.17,Active
P01677,Fasteners Standard 1677,C12,Fasteners,S0023,48.33,80.55,4.37,Active
P01678,Doors Premium 1678,C13,Doors,S0090,21.29,34.43,0.79,Active
P01679,Windows Commercial 1679,C14,Windows,S0141,17.55,20.76,5.63,Active
P01680,Concrete Accessories Pro 1680,C15,Concrete Accessories,S0140,13.28,23.28,10.48,Active
P01681,Cement Premium 1681,C01,Cement,S0135,26.07,32.64,1.18,Active
P01682,Drywall Pro 1682,C02,Drywall,S0094,31.53,52.09,3.91,Active
P01683,Lumber Premium 1683,C03,Lumber,S0030,38.09,59.45,2.85,Active
P01684,Roofing Pro 1684,C04,Roofing,S0054,27.69,44.03,6.99,Active
P01685,Insulation Premium 1685,C05,Insulation,S0032,33.52,56.71,10.1,Active
P01686,Steel Standard 1686,C06,Steel,S0111,22.68,33.22,2.26,Active
P01687,Paint Standard 1687,C07,Paint,S0029,9.64,13.38,5.34,Active
P01688,Flooring Pro 1688,C08,Flooring,S0194,26.96,49.63,5.22,Active
P01689,Plumbing Commercial 1689,C09,Plumbing,S0217,42.0,60.04,7.02,Active
P01690,Electrical Standard 1690,C10,Electrical,S0194,13.8,16.99,7.03,Active
P01691,Tools Pro 1691,C11,Tools,S0242,31.76,45.36,12.09,Active
P01692,Fasteners Commercial 1692,C12,Fasteners,S0009,100.97,124.68,4.94,Active
P01693,Doors Pro 1693,C13,Doors,S0107,25.75,40.9,13.24,Active
P01694,Windows Premium 1694,C14,Windows,S0111,26.67,33.04,5.75,Active
P01695,Concrete Accessories Commercial 1695,C15,Concrete Accessories,S0069,9.17,11.53,5.7,Active
P01696,Cement Commercial 1696,C01,Cement,S0225,12.79,23.32,1.91,Active
P01697,Drywall Premium 1697,C02,Drywall,S0144,15.53,20.0,3.52,Active
P01698,Lumber Commercial 1698,C03,Lumber,S0217,40.8,61.12,15.5,Active
P01699,Roofing Premium 1699,C04,Roofing,S0093,14.4,18.55,7.14,Active
P01700,Insulation Premium 1700,C05,Insulation,S0088,7.38,10.08,5.78,Active
P01701,Steel Commercial 1701,C06,Steel,S0195,35.85,46.22,18.96,Active
P01702,Paint Pro 1702,C07,Paint,S0129,16.46,18.94,23.26,Active
P01703,Flooring Standard 1703,C08,Flooring,S0084,9.38,11.21,2.94,Active
P01704,Plumbing Standard 1704,C09,Plumbing,S0013,44.56,65.93,40.61,Active
P01705,Electrical Premium 1705,C10,Electrical,S0116,38.3,53.2,8.7,Active
P01706,Tools Premium 1706,C11,Tools,S0072,5.83,8.89,1.46,Active
P01707,Fasteners Standard 1707,C12,Fasteners,S0203,29.68,49.74,6.54,Active
P01708,Doors Pro 1708,C13,Doors,S0227,12.5,14.21,9.57,Active
P01709,Windows Standard 1709,C14,Windows,S0041,29.39,46.09,21.11,Active
P01710,Concrete Accessories Premium 1710,C15,Concrete Accessories,S0212,29.83,34.94,27.26,Active
P01711,Cement Pro 1711,C01,Cement,S0048,27.26,32.08,8.14,Active
P01712,Drywall Premium 1712,C02,Drywall,S0101,57.11,86.74,3.74,Active
P01713,Lumber Pro 1713,C03,Lumber,S0214,194.44,329.36,12.65,Active
P01714,Roofing Commercial 1714,C04,Roofing,S0064,35.4,53.09,14.48,Active
P01715,Insulation Standard 1715,C05,,S0045,100.89,174.84,18.42,Active
P01716,Steel Standard 1716,C06,Steel,S0161,8.82,16.23,31.92,Active
P01717,Paint Pro 1717,C07,Paint,S0134,21.36,24.88,9.94,Active
P01718,Flooring Pro 1718,C08,Flooring,S0118,11.07,20.39,14.49,Active
P01719,Plumbing Standard 1719,C09,Plumbing,S0174,17.19,25.31,9.88,Active
P01720,Electrical Premium 1720,C10,Electrical,S0211,22.22,27.36,51.03,Active
P01721,Tools Standard 1721,C11,Tools,S0057,108.59,164.79,9.41,Active
P01722,Fasteners Pro 1722,C12,Fasteners,S0180,28.35,38.71,6.45,Active
P01723,Doors Pro 1723,C13,Doors,S0040,58.8,79.44,6.71,Active
P01724,Windows Premium 1724,C14,Windows,S0009,20.19,24.22,21.77,Active
P01725,Concrete Accessories Commercial 1725,C15,Concrete Accessories,S0090,18.6,31.3,8.72,Active
P01726,Cement Pro 1726,C01,Cement,S0130,8.96,15.6,17.01,Active
P01727,Drywall Pro 1727,C02,Drywall,S0001,105.49,177.95,17.27,Active
P01728,Lumber Premium 1728,C03,Lumber,S0224,75.43,95.08,4.21,Active
P01729,Roofing Premium 1729,C04,Roofing,S0199,31.99,50.43,3.86,Active
P01730,Insulation Pro 1730,C05,Insulation,S0129,23.12,39.3,18.08,Active
P01731,Steel Premium 1731,C06,Steel,S0076,29.12,43.34,2.53,Active
P01732,Paint Standard 1732,C07,Paint,S0233,10.8,15.31,2.6,Active
P01733,Flooring Standard 1733,C08,Flooring,S0045,38.25,65.07,57.83,Active
P01734,Plumbing Standard 1734,C09,Plumbing,S0081,70.37,107.14,1.64,Active
P01735,Electrical Pro 1735,C10,Electrical,S0218,73.31,92.77,20.96,Active
P01736,Tools Premium 1736,C11,Tools,S0173,9.19,16.31,6.87,Active
P01737,Fasteners Pro 1737,C12,Fasteners,S0096,58.37,69.47,14.81,Active
P01738,Doors Pro 1738,C13,Doors,S0086,10.84,13.42,15.64,Active
P01739,Windows Pro 1739,C14,Windows,S0163,6.07,8.71,7.39,Active
P01740,Concrete Accessories Premium 1740,C15,Concrete Accessories,S0046,60.13,93.34,9.18,Active
P01741,Cement Commercial 1741,C01,Cement,S0136,19.12,30.43,20.09,Active
P01742,Drywall Commercial 1742,C02,Drywall,S0048,53.64,90.45,29.34,Active
P01743,Lumber Commercial 1743,C03,Lumber,S0246,50.0,83.6,23.88,Active
P01744,Roofing Pro 1744,C04,Roofing,S0185,45.29,58.3,11.46,Active
P01745,Insulation Premium 1745,C05,Insulation,S0003,28.87,38.34,7.29,Active
P01746,Steel Premium 1746,C06,Steel,S0174,11.6,13.66,3.82,Active
P01747,Paint Pro 1747,C07,Paint,S0049,22.26,33.07,11.22,Active
P01748,Flooring Standard 1748,C08,Flooring,S0209,74.33,111.85,8.69,Active
P01749,Plumbing Standard 1749,C09,Plumbing,S0118,54.73,65.72,23.84,Active
P01750,Electrical Pro 1750,C10,Electrical,S0074,23.06,35.13,15.41,Active
P01751,Tools Commercial 1751,C11,Tools,S0020,22.86,30.32,29.66,Active
P01752,Fasteners Standard 1752,C12,Fasteners,S0154,42.31,67.03,3.09,Active
P01753,Doors Premium 1753,C13,Doors,S0142,30.36,34.94,39.78,Active
P01754,Windows Commercial 1754,C14,Windows,S0195,23.88,31.06,13.5,Active
P01755,Concrete Accessories Standard 1755,C15,Concrete Accessories,S0118,39.73,61.36,3.55,Active
P01756,Cement Commercial 1756,C01,Cement,S0030,38.76,44.55,2.57,Active
P01757,Drywall Pro 1757,C02,Drywall,S0014,17.5,24.78,23.76,Active
P01758,Lumber Standard 1758,C03,Lumber,S0236,34.8,59.61,6.86,Active
P01759,Roofing Premium 1759,C04,Roofing,S0196,37.06,60.88,8.55,Active
P01760,Insulation Commercial 1760,C05,Insulation,S0238,27.35,31.49,16.3,Active
P01761,Steel Premium 1761,C06,Steel,S0195,16.29,19.94,9.36,Active
P01762,Paint Standard 1762,C07,Paint,S0184,21.79,33.29,2.17,Active
P01763,Flooring Commercial 1763,C08,Flooring,S0238,14.23,18.38,37.02,Active
P01764,Plumbing Pro 1764,C09,Plumbing,S0094,35.49,41.64,2.74,Active
P01765,Electrical Pro 1765,C10,Electrical,S0090,9.22,12.93,8.16,Active
P01766,Tools Pro 1766,C11,Tools,S0100,80.87,110.06,7.63,Active
P01767,Fasteners Standard 1767,C12,Fasteners,S0238,67.69,91.03,12.39,Active
P01768,Doors Standard 1768,C13,Doors,S0233,37.71,68.8,2.71,Active
P01769,Windows Premium 1769,C14,Windows,S0027,52.26,69.02,6.68,Active
P01770,Concrete Accessories Standard 1770,C15,Concrete Accessories,S0070,49.61,71.14,4.34,Active
P01771,Cement Commercial 1771,C01,Cement,S0206,30.69,41.67,12.39,Active
P01772,Drywall Pro 1772,C02,Drywall,S0123,24.34,28.53,12.99,Active
P01773,Lumber Pro 1773,C03,Lumber,S0184,22.5,27.26,5.03,Active
P01774,Roofing Standard 1774,C04,Roofing,S0185,83.42,151.8,23.2,Active
P01775,Insulation Standard 1775,C05,Insulation,S0075,15.92,19.48,15.05,Active
P01776,Steel Premium 1776,C06,Steel,S0072,16.12,28.83,3.11,Active
P01777,Paint Standard 1777,C07,Paint,S0073,55.91,82.61,1.95,Active
P01778,Flooring Standard 1778,C08,Flooring,S0241,51.87,83.05,7.19,Active
P01779,Plumbing Standard 1779,C09,Plumbing,S0126,23.38,34.89,13.05,Active
P01780,Electrical Standard 1780,C10,Electrical,S0048,40.72,61.44,4.29,Active
P01781,Tools Standard 1781,C11,Tools,S0079,44.81,82.54,9.99,Active
P01782,Fasteners Premium 1782,C12,Fasteners,S0024,11.25,15.98,7.75,Active
P01783,Doors Premium 1783,C13,Doors,S0123,71.3,98.03,40.81,Active
P01784,Windows Commercial 1784,C14,Windows,S0229,44.8,67.18,3.09,Active
P01785,Concrete Accessories Standard 1785,C15,Concrete Accessories,S0091,38.22,48.22,19.41,Active
P01786,Cement Premium 1786,C01,Cement,S0038,45.06,54.07,18.29,Active
P01787,Drywall Commercial 1787,C02,Drywall,S0189,34.96,47.77,8.46,Active
P01788,Lumber Pro 1788,C03,Lumber,S0097,17.71,32.07,1.64,Active
P01789,Roofing Standard 1789,C04,Roofing,S0136,34.39,62.17,10.67,Active
P01790,Insulation Standard 1790,C05,Insulation,S0050,40.06,56.35,2.71,Active
P01791,Steel Pro 1791,C06,Steel,S0032,42.59,61.22,57.35,Active
P01792,Paint Commercial 1792,C07,Paint,S0036,28.64,37.82,8.54,Active
P01793,Flooring Pro 1793,C08,Flooring,S0196,33.66,50.93,56.21,Active
P01794,Plumbing Commercial 1794,C09,Plumbing,S0227,13.24,22.0,10.84,Active
P01795,Electrical Commercial 1795,C10,Electrical,S0173,15.49,23.69,5.52,Active
P01796,Tools Commercial 1796,C11,Tools,S0047,26.19,40.54,30.34,Active
P01797,Fasteners Premium 1797,C12,Fasteners,S0108,95.65,120.41,13.51,Active
P01798,Doors Premium 1798,C13,Doors,S0013,20.83,31.15,85.07,Active
P01799,Windows Premium 1799,C14,Windows,S0155,20.1,26.42,5.4,Active
P01800,Concrete Accessories Standard 1800,C15,Concrete Accessories,S0070,7.83,13.03,31.71,Active
P01801,Cement Commercial 1801,C01,Cement,S0015,53.4,70.1,79.52,Active
P01802,Drywall Premium 1802,C02,Drywall,S0154,10.25,17.23,33.53,Active
P01803,Lumber Premium 1803,C03,Lumber,S0145,28.48,34.69,18.64,Active
P01804,Roofing Standard 1804,C04,Roofing,S0168,8.56,10.16,33.83,Active
P01805,Insulation Commercial 1805,C05,Insulation,S0217,47.02,64.37,8.71,Active
P01806,Steel Standard 1806,C06,Steel,S0107,42.59,73.06,4.53,Active
P01807,Paint Pro 1807,C07,Paint,S0180,18.07,20.81,5.95,Active
P01808,Flooring Commercial 1808,C08,Flooring,S0249,7.41,11.96,19.6,Active
P01809,Plumbing Commercial 1809,C09,Plumbing,S0197,62.43,98.36,4.8,Active
P01810,Electrical Commercial 1810,C10,Electrical,S0190,34.6,47.94,7.11,Active
P01811,Tools Standard 1811,C11,Tools,S0001,34.12,41.01,5.13,Active
P01812,Fasteners Standard 1812,C12,Fasteners,S0236,14.61,17.11,23.26,Active
P01813,Doors Pro 1813,C13,Doors,S0140,25.93,35.4,55.7,Active
P01814,Windows Premium 1814,C14,Windows,S0093,28.01,35.5,3.92,Active
P01815,Concrete Accessories Commercial 1815,C15,Concrete Accessories,S0013,64.0,73.19,15.92,Active
P01816,Cement Commercial 1816,C01,Cement,S0121,45.1,65.34,26.35,Active
P01817,Drywall Pro 1817,C02,Drywall,S0210,17.17,20.26,8.05,Active
P01818,Lumber Pro 1818,C03,Lumber,S0118,24.05,36.79,2.82,Active
P01819,Roofing Standard 1819,C04,Roofing,S0118,22.54,39.02,30.05,Active
P01820,Insulation Standard 1820,C05,Insulation,S0117,32.01,56.21,2.69,Active
P01821,Steel Standard 1821,C06,Steel,S0038,9.12,16.73,40.38,Active
P01822,Paint Standard 1822,C07,Paint,S0017,25.45,41.29,5.04,Active
P01823,Flooring Premium 1823,C08,,S0137,22.38,27.2,2.39,Active
P01824,Plumbing Commercial 1824,C09,Plumbing,S0117,73.42,95.78,6.34,Active
P01825,Electrical Standard 1825,C10,Electrical,S0004,70.61,82.18,9.45,Active
P01826,Tools Pro 1826,C11,Tools,S0207,73.75,89.55,11.37,Active
P01827,Fasteners Pro 1827,C12,Fasteners,S0154,49.27,69.73,17.24,Active
P01828,Doors Commercial 1828,C13,Doors,S0160,41.94,50.23,12.34,Active
P01829,Windows Commercial 1829,C14,Windows,S0101,23.03,34.13,50.6,Active
P01830,Concrete Accessories Premium 1830,C15,Concrete Accessories,S0155,14.37,17.87,9.06,Active
P01831,Cement Pro 1831,C01,Cement,S0051,27.4,37.63,12.96,Active
P01832,Drywall Premium 1832,C02,Drywall,S0025,20.07,27.12,11.98,Active
P01833,Lumber Standard 1833,C03,Lumber,S0059,24.09,31.82,2.17,Active
P01834,Roofing Pro 1834,C04,Roofing,S0097,27.29,31.33,3.35,Active
P01835,Insulation Commercial 1835,C05,Insulation,S0107,8.05,10.81,10.21,Active
P01836,Steel Premium 1836,C06,Steel,S0200,38.15,50.27,14.5,Active
P01837,Paint Premium 1837,C07,Paint,S0007,40.33,60.51,1.59,Active
P01838,Flooring Commercial 1838,C08,Flooring,S0201,10.46,15.73,53.31,Active
P01839,Plumbing Pro 1839,C09,Plumbing,S0180,13.03,16.91,15.64,Active
P01840,Electrical Premium 1840,C10,Electrical,S0176,16.76,21.91,9.7,Active
P01841,Tools Pro 1841,C11,Tools,S0209,17.4,30.09,14.96,Active
P01842,Fasteners Pro 1842,C12,Fasteners,S0114,29.84,41.17,6.03,Active
P01843,Doors Pro 1843,C13,Doors,S0098,13.0,15.71,11.48,Active
P01844,Windows Commercial 1844,C14,Windows,S0094,11.6,14.0,13.26,Active
P01845,Concrete Accessories Premium 1845,C15,Concrete Accessories,S0217,170.47,245.16,30.42,Active
P01846,Cement Pro 1846,C01,Cement,S0133,44.83,56.42,8.36,Active
P01847,Drywall Standard 1847,C02,Drywall,S0042,6.98,8.98,2.75,Active
P01848,Lumber Commercial 1848,C03,Lumber,S0124,66.55,101.77,4.43,Active
P01849,Roofing Pro 1849,C04,Roofing,S0039,16.62,20.1,7.78,Active
P01850,Insulation Commercial 1850,C05,Insulation,S0154,12.89,22.41,2.99,Active
P01851,Steel Premium 1851,C06,Steel,S0106,26.17,30.83,4.05,Active
P01852,Paint Premium 1852,C07,Paint,S0201,16.14,24.93,4.47,Active
P01853,Flooring Commercial 1853,C08,Flooring,S0050,39.08,54.77,7.32,Active
P01854,Plumbing Premium 1854,C09,Plumbing,S0070,23.93,40.81,15.44,Active
P01855,Electrical Commercial 1855,C10,,S0011,24.55,30.09,7.03,Active
P01856,Tools Standard 1856,C11,Tools,S0005,37.69,46.64,16.47,Active
P01857,Fasteners Pro 1857,C12,Fasteners,S0150,24.46,31.0,9.7,Active
P01858,Doors Commercial 1858,C13,Doors,S0133,15.69,20.75,4.16,Active
P01859,Windows Standard 1859,C14,Windows,S0142,46.45,73.06,13.47,Active
P01860,Concrete Accessories Pro 1860,C15,Concrete Accessories,S0116,37.29,54.65,11.62,Active
P01861,Cement Premium 1861,C01,Cement,S0231,28.0,43.54,16.89,Active
P01862,Drywall Pro 1862,C02,Drywall,S0175,52.17,93.41,20.49,Active
P01863,Lumber Standard 1863,C03,Lumber,S0179,25.27,40.02,31.45,Active
P01864,Roofing Standard 1864,C04,Roofing,S0178,31.81,57.65,15.94,Active
P01865,Insulation Premium 1865,C05,Insulation,S0173,33.03,52.07,11.27,Active
P01866,Steel Premium 1866,C06,Steel,S0041,16.2,23.73,16.97,Active
P01867,Paint Pro 1867,C07,Paint,S0140,198.68,237.81,6.44,Active
P01868,Flooring Standard 1868,C08,Flooring,S0174,28.49,49.84,6.04,Active
P01869,Plumbing Premium 1869,C09,Plumbing,S0244,19.27,26.35,36.23,Active
P01870,Electrical Standard 1870,C10,Electrical,S0239,16.93,24.76,5.89,Active
P01871,Tools Premium 1871,C11,Tools,S0237,8.92,10.57,4.56,Active
P01872,Fasteners Pro 1872,C12,Fasteners,S0098,8.2,13.67,15.94,Active
P01873,Doors Pro 1873,C13,Doors,S0052,192.44,269.01,6.49,Active
P01874,Windows Commercial 1874,C14,Windows,S0220,8.44,12.82,20.29,Active
P01875,Concrete Accessories Commercial 1875,C15,Concrete Accessories,S0066,16.3,22.72,29.06,Active
P01876,Cement Pro 1876,C01,Cement,S0064,22.26,32.13,5.11,Active
P01877,Drywall Premium 1877,C02,Drywall,S0248,23.94,32.59,17.85,Active
P01878,Lumber Standard 1878,C03,Lumber,S0073,23.12,39.81,5.77,Active
P01879,Roofing Premium 1879,C04,Roofing,S0041,23.59,30.64,2.87,Active
P01880,Insulation Premium 1880,C05,Insulation,S0229,35.8,52.22,1.81,Active
P01881,Steel Premium 1881,C06,Steel,S0002,19.87,23.2,17.88,Active
P01882,Paint Standard 1882,C07,Paint,S0212,33.52,41.6,15.35,Active
P01883,Flooring Commercial 1883,C08,Flooring,S0050,25.91,38.84,25.86,Active
P01884,Plumbing Commercial 1884,C09,Plumbing,S0239,51.79,86.87,13.48,Active
P01885,Electrical Premium 1885,C10,Electrical,S0018,51.9,81.87,17.73,Active
P01886,Tools Premium 1886,C11,Tools,S0157,19.93,27.05,2.69,Active
P01887,Fasteners Commercial 1887,C12,Fasteners,S0017,36.39,43.08,14.75,Active
P01888,Doors Standard 1888,C13,Doors,S0057,58.17,66.1,3.89,Active
P01889,Windows Standard 1889,C14,Windows,S0138,14.38,21.85,13.65,Active
P01890,Concrete Accessories Premium 1890,C15,Concrete Accessories,S0164,25.8,42.99,1.65,Active
P01891,Cement Standard 1891,C01,Cement,S0088,35.25,56.19,1.7,Active
P01892,Drywall Premium 1892,C02,Drywall,S0223,13.99,17.29,30.46,Active
P01893,Lumber Premium 1893,C03,Lumber,S0045,97.26,146.74,3.02,Active
P01894,Roofing Pro 1894,C04,Roofing,S0243,21.53,29.57,9.38,Active
P01895,Insulation Pro 1895,C05,Insulation,S0054,94.34,168.11,5.79,Active
P01896,Steel Premium 1896,C06,Steel,S0112,19.42,34.42,36.37,Active
P01897,Paint Standard 1897,C07,Paint,S0225,20.86,27.09,17.29,Active
P01898,Flooring Standard 1898,C08,Flooring,S0189,9.64,13.72,7.74,Active
P01899,Plumbing Standard 1899,C09,Plumbing,S0180,8.48,11.71,3.49,Active
P01900,Electrical Premium 1900,C10,Electrical,S0094,48.79,59.34,8.63,Active
P01901,Tools Pro 1901,C11,Tools,S0037,21.69,39.0,4.6,Active
P01902,Fasteners Premium 1902,C12,Fasteners,S0075,23.23,26.62,11.83,Active
P01903,Doors Premium 1903,C13,Doors,S0246,53.95,75.29,0.85,Active
P01904,Windows Pro 1904,C14,Windows,S0033,15.15,21.21,10.41,Active
P01905,Concrete Accessories Commercial 1905,C15,Concrete Accessories,S0015,25.3,40.25,12.98,Active
P01906,Cement Standard 1906,C01,Cement,S0203,32.7,41.05,6.86,Active
P01907,Drywall Pro 1907,C02,Drywall,S0049,18.75,28.08,7.24,Active
P01908,Lumber Commercial 1908,C03,Lumber,S0129,60.59,96.38,4.67,Active
P01909,Roofing Pro 1909,C04,Roofing,S0150,25.95,43.85,10.64,Active
P01910,Insulation Standard 1910,C05,Insulation,S0076,80.82,109.66,6.89,Active
P01911,Steel Standard 1911,C06,Steel,S0199,53.05,68.88,27.35,Active
P01912,Paint Pro 1912,C07,Paint,S0014,25.93,31.23,7.47,Active
P01913,Flooring Pro 1913,C08,Flooring,S0201,21.53,39.11,7.17,Active
P01914,Plumbing Standard 1914,C09,Plumbing,S0131,49.3,56.92,11.11,Active
P01915,Electrical Pro 1915,C10,Electrical,S0065,31.97,42.09,3.28,Active
P01916,Tools Standard 1916,C11,Tools,S0128,13.77,24.32,62.12,Active
P01917,Fasteners Commercial 1917,C12,Fasteners,S0010,23.94,27.93,4.49,Active
P01918,Doors Standard 1918,C13,Doors,S0083,73.83,84.03,11.63,Active
P01919,Windows Premium 1919,C14,Windows,S0144,40.64,56.25,7.97,Active
P01920,Concrete Accessories Standard 1920,C15,Concrete Accessories,S0215,21.69,32.61,7.75,Active
P01921,Cement Premium 1921,C01,Cement,S0140,10.3,16.59,8.34,Active
P01922,Drywall Standard 1922,C02,Drywall,S0197,33.36,42.42,47.72,Active
P01923,Lumber Pro 1923,C03,Lumber,S0204,28.79,50.61,1.1,Active
P01924,Roofing Commercial 1924,C04,Roofing,S0177,25.39,41.43,106.22,Active
P01925,Insulation Commercial 1925,C05,Insulation,S0120,49.72,59.97,4.35,Active
P01926,Steel Commercial 1926,C06,Steel,S0106,41.01,46.89,4.63,Active
P01927,Paint Standard 1927,C07,Paint,S0064,10.51,12.58,6.6,Active
P01928,Flooring Commercial 1928,C08,Flooring,S0024,28.91,48.54,1.67,Active
P01929,Plumbing Standard 1929,C09,Plumbing,S0197,12.13,17.14,9.11,Active
P01930,Electrical Commercial 1930,C10,Electrical,S0162,20.37,35.66,12.88,Active
P01931,Tools Commercial 1931,C11,Tools,S0206,11.59,13.61,17.16,Active
P01932,Fasteners Pro 1932,C12,Fasteners,S0070,11.84,14.73,39.59,Active
P01933,Doors Standard 1933,C13,Doors,S0188,8.16,11.88,3.38,Active
P01934,Windows Commercial 1934,C14,Windows,S0075,36.31,47.86,40.36,Active
P01935,Concrete Accessories Premium 1935,C15,Concrete Accessories,S0063,33.8,41.24,14.98,Active
P01936,Cement Premium 1936,C01,Cement,S0006,27.45,33.46,3.58,Active
P01937,Drywall Commercial 1937,C02,Drywall,S0141,19.24,23.59,3.03,Active
P01938,Lumber Pro 1938,C03,Lumber,S0158,11.08,15.74,12.96,Active
P01939,Roofing Premium 1939,C04,Roofing,S0097,12.35,22.12,12.03,Active
P01940,Insulation Pro 1940,C05,Insulation,S0161,10.9,16.9,11.78,Active
P01941,Steel Premium 1941,C06,Steel,S0213,19.26,34.5,32.01,Active
P01942,Paint Commercial 1942,C07,Paint,S0058,34.01,58.0,27.45,Active
P01943,Flooring Premium 1943,C08,Flooring,S0247,15.98,22.54,9.49,Active
P01944,Plumbing Premium 1944,C09,Plumbing,S0239,13.64,23.75,6.22,Active
P01945,Electrical Premium 1945,C10,Electrical,S0087,22.57,39.49,4.7,Active
P01946,Tools Premium 1946,C11,Tools,S0033,11.58,16.39,2.53,Active
P01947,Fasteners Premium 1947,C12,Fasteners,S0115,5.27,7.5,3.49,Active
P01948,Doors Pro 1948,C13,Doors,S0122,42.07,51.32,2.14,Active
P01949,Windows Commercial 1949,C14,Windows,S0229,10.41,16.91,45.23,Active
P01950,Concrete Accessories Standard 1950,C15,Concrete Accessories,S0079,17.36,23.32,12.05,Active
P01951,Cement Pro 1951,C01,Cement,S0080,42.51,55.81,16.38,Active
P01952,Drywall Standard 1952,C02,Drywall,S0216,9.34,12.87,7.33,Active
P01953,Lumber Premium 1953,C03,Lumber,S0113,8.73,14.74,81.59,Active
P01954,Roofing Commercial 1954,C04,Roofing,S0209,8.88,11.29,3.51,Active
P01955,Insulation Pro 1955,C05,Insulation,S0207,13.09,22.91,2.35,Active
P01956,Steel Standard 1956,C06,Steel,S0224,69.88,108.37,79.85,Active
P01957,Paint Standard 1957,C07,Paint,S0115,19.43,32.05,2.75,Active
P01958,Flooring Pro 1958,C08,Flooring,S0178,5.66,7.48,7.24,Active
P01959,Plumbing Pro 1959,C09,Plumbing,S0056,21.73,27.03,5.02,Active
P01960,Electrical Premium 1960,C10,Electrical,S0089,31.66,40.52,12.88,Active
P01961,Tools Commercial 1961,C11,Tools,S0036,33.99,55.27,6.79,Active
P01962,Fasteners Premium 1962,C12,Fasteners,S0111,12.54,19.77,16.43,Active
P01963,Doors Commercial 1963,C13,Doors,S0109,27.35,45.97,20.08,Active
P01964,Windows Commercial 1964,C14,Windows,S0187,47.14,63.97,2.51,Active
P01965,Concrete Accessories Standard 1965,C15,Concrete Accessories,S0236,9.93,13.99,4.57,Active
P01966,Cement Standard 1966,C01,Cement,S0221,12.94,14.96,17.81,Active
P01967,Drywall Standard 1967,C02,Drywall,S0081,34.67,49.07,24.27,Active
P01968,Lumber Pro 1968,C03,Lumber,S0145,35.79,53.36,10.89,Active
P01969,Roofing Standard 1969,C04,Roofing,S0024,62.79,85.08,13.77,Active
P01970,Insulation Commercial 1970,C05,Insulation,S0214,28.44,38.95,34.21,Active
P01971,Steel Commercial 1971,C06,Steel,S0060,29.39,34.69,6.86,Active
P01972,Paint Pro 1972,C07,Paint,S0101,15.08,19.57,16.99,Active
P01973,Flooring Standard 1973,C08,Flooring,S0166,64.45,114.63,8.62,Active
P01974,Plumbing Premium 1974,C09,Plumbing,S0203,67.73,79.26,1.53,Active
P01975,Electrical Premium 1975,C10,Electrical,S0066,26.08,30.17,8.71,Active
P01976,Tools Premium 1976,C11,Tools,S0223,16.3,21.64,77.13,Active
P01977,Fasteners Standard 1977,C12,Fasteners,S0090,25.89,33.44,6.25,Active
P01978,Doors Standard 1978,C13,Doors,S0140,27.61,31.38,1.49,Active
P01979,Windows Commercial 1979,C14,Windows,S0160,15.93,27.31,21.87,Active
P01980,Concrete Accessories Pro 1980,C15,Concrete Accessories,S0002,17.46,20.73,4.28,Active
P01981,Cement Commercial 1981,C01,Cement,S0199,67.81,81.94,30.15,Active
P01982,Drywall Commercial 1982,C02,Drywall,S0050,38.93,66.54,5.99,Active
P01983,Lumber Premium 1983,C03,Lumber,S0109,22.93,32.81,4.38,Active
P01984,Roofing Standard 1984,C04,Roofing,S0001,13.51,15.94,3.53,Active
P01985,Insulation Standard 1985,C05,Insulation,S0013,17.59,21.96,3.56,Active
P01986,Steel Pro 1986,C06,Steel,S0250,9.07,13.68,11.0,Active
P01987,Paint Premium 1987,C07,Paint,S0180,31.95,53.87,41.71,Active
P01988,Flooring Premium 1988,C08,Flooring,S0244,16.98,31.4,11.78,Active
P01989,Plumbing Premium 1989,C09,Plumbing,S0088,33.75,38.95,7.18,Active
P01990,Electrical Commercial 1990,C10,Electrical,S0074,45.65,55.74,18.13,Active
P01991,Tools Commercial 1991,C11,Tools,S0116,34.1,46.19,7.17,Active
P01992,Fasteners Premium 1992,C12,Fasteners,S0155,21.11,37.82,2.64,Active
P01993,Doors Commercial 1993,C13,Doors,S0184,15.42,27.89,5.16,Active
P01994,Windows Commercial 1994,C14,Windows,S0179,12.34,20.66,13.41,Active
P01995,Concrete Accessories Commercial 1995,C15,Concrete Accessories,S0037,62.65,87.67,3.99,Active
P01996,Cement Standard 1996,C01,Cement,S0197,33.06,39.8,3.56,Active
P01997,Drywall Premium 1997,C02,Drywall,S0167,21.9,29.1,4.85,Active
P01998,Lumber Pro 1998,C03,Lumber,S0187,41.32,67.49,4.9,Active
P01999,Roofing Standard 1999,C04,Roofing,S0108,55.05,65.88,7.23,Active
P02000,Insulation Pro 2000,C05,Insulation,S0222,17.21,29.8,2.92,Active
P02001,Steel Commercial 2001,C06,Steel,S0057,32.37,49.14,20.2,Active
P02002,Paint Pro 2002,C07,Paint,S0093,32.83,50.99,67.69,Active
P02003,Flooring Premium 2003,C08,Flooring,S0181,73.76,99.37,6.84,Active
P02004,Plumbing Pro 2004,C09,Plumbing,S0224,21.7,25.49,13.77,Active
P02005,Electrical Standard 2005,C10,Electrical,S0071,15.08,23.66,25.78,Active
P02006,Tools Premium 2006,C11,Tools,S0174,34.92,47.22,11.37,Active
P02007,Fasteners Premium 2007,C12,Fasteners,S0141,43.85,50.13,42.54,Active
P02008,Doors Standard 2008,C13,Doors,S0069,30.56,47.08,8.15,Active
P02009,Windows Standard 2009,C14,Windows,S0158,77.95,89.89,21.56,Active
P02010,Concrete Accessories Premium 2010,C15,Concrete Accessories,S0006,21.66,29.45,9.07,Active
P02011,Cement Commercial 2011,C01,Cement,S0168,31.09,35.87,12.5,Active
P02012,Drywall Commercial 2012,C02,Drywall,S0036,10.49,14.46,2.25,Active
P02013,Lumber Commercial 2013,C03,Lumber,S0143,14.57,19.97,3.79,Active
P02014,Roofing Standard 2014,C04,Roofing,S0058,17.28,23.3,15.98,Active
P02015,Insulation Pro 2015,C05,Insulation,S0065,24.09,43.93,10.77,Active
P02016,Steel Commercial 2016,C06,Steel,S0186,11.51,20.73,5.96,Active
P02017,Paint Standard 2017,C07,Paint,S0171,40.9,49.26,15.42,Active
P02018,Flooring Premium 2018,C08,Flooring,S0248,16.33,24.94,10.44,Active
P02019,Plumbing Commercial 2019,C09,Plumbing,S0207,126.37,176.7,8.88,Active
P02020,Electrical Standard 2020,C10,Electrical,S0030,16.69,26.27,7.72,Active
P02021,Tools Standard 2021,C11,Tools,S0141,28.92,37.7,7.88,Active
P02022,Fasteners Standard 2022,C12,Fasteners,S0110,26.52,37.17,2.46,Active
P02023,Doors Premium 2023,C13,Doors,S0078,13.82,16.15,7.89,Active
P02024,Windows Standard 2024,C14,Windows,S0056,24.15,31.85,5.42,Active
P02025,Concrete Accessories Premium 2025,C15,Concrete Accessories,S0113,23.95,28.01,9.53,Active
P02026,Cement Premium 2026,C01,Cement,S0026,50.53,68.04,8.25,Active
P02027,Drywall Commercial 2027,C02,Drywall,S0006,35.85,43.76,5.54,Active
P02028,Lumber Pro 2028,C03,Lumber,S0212,40.47,53.04,12.66,Active
P02029,Roofing Premium 2029,C04,Roofing,S0162,49.7,63.76,17.15,Active
P02030,Insulation Commercial 2030,C05,Insulation,S0170,40.94,57.82,8.26,Active
P02031,Steel Premium 2031,C06,Steel,S0020,32.18,42.05,23.5,Active
P02032,Paint Premium 2032,C07,Paint,S0189,17.18,19.76,5.13,Active
P02033,Flooring Commercial 2033,C08,Flooring,S0161,30.78,54.05,13.11,Active
P02034,Plumbing Pro 2034,C09,Plumbing,S0093,15.23,28.1,8.44,Active
P02035,Electrical Premium 2035,C10,Electrical,S0197,25.39,34.0,1.23,Active
P02036,Tools Standard 2036,C11,Tools,S0209,23.25,30.75,7.83,Active
P02037,Fasteners Pro 2037,C12,Fasteners,S0195,24.23,39.24,32.28,Active
P02038,Doors Pro 2038,C13,Doors,S0080,11.58,13.9,4.3,Active
P02039,Windows Pro 2039,C14,Windows,S0222,4.36,7.08,5.85,Active
P02040,Concrete Accessories Commercial 2040,C15,Concrete Accessories,S0052,20.55,27.27,5.7,Active
P02041,Cement Pro 2041,C01,Cement,S0160,58.87,81.73,19.58,Active
P02042,Drywall Pro 2042,C02,Drywall,S0033,28.63,34.42,6.47,Active
P02043,Lumber Commercial 2043,C03,Lumber,S0228,55.61,86.99,8.87,Active
P02044,Roofing Commercial 2044,C04,Roofing,S0025,15.29,23.85,1.93,Active
P02045,Insulation Commercial 2045,C05,Insulation,S0110,19.91,28.42,17.8,Active
P02046,Steel Standard 2046,C06,Steel,S0050,133.43,205.5,9.54,Active
P02047,Paint Standard 2047,C07,Paint,S0113,15.87,23.31,3.11,Active
P02048,Flooring Commercial 2048,C08,Flooring,S0129,39.9,71.23,1.84,Active
P02049,Plumbing Premium 2049,C09,Plumbing,S0205,39.85,45.4,18.84,Active
P02050,Electrical Premium 2050,C10,Electrical,S0037,36.8,48.73,7.41,Active
P02051,Tools Premium 2051,C11,Tools,S0045,40.26,48.42,10.53,Active
P02052,Fasteners Commercial 2052,C12,Fasteners,S0009,15.73,25.49,47.72,Active
P02053,Doors Commercial 2053,C13,Doors,S0108,21.2,31.99,18.14,Active
P02054,Windows Pro 2054,C14,Windows,S0081,4.99,6.19,28.47,Active
P02055,Concrete Accessories Premium 2055,C15,Concrete Accessories,S0241,75.8,97.37,9.27,Active
P02056,Cement Standard 2056,C01,Cement,S0026,40.09,53.9,14.92,Active
P02057,Drywall Premium 2057,C02,Drywall,S0027,17.29,24.25,14.77,Active
P02058,Lumber Standard 2058,C03,Lumber,S0103,15.39,28.37,5.22,Active
P02059,Roofing Standard 2059,C04,Roofing,S0135,59.67,69.17,21.7,Active
P02060,Insulation Pro 2060,C05,Insulation,S0074,16.54,23.96,4.66,Active
P02061,Steel Commercial 2061,C06,Steel,S0025,17.25,20.9,17.45,Active
P02062,Paint Commercial 2062,C07,Paint,S0142,13.46,23.71,12.44,Active
P02063,Flooring Pro 2063,C08,Flooring,S0130,45.73,83.36,8.34,Active
P02064,Plumbing Pro 2064,C09,Plumbing,S0025,54.98,99.83,6.86,Active
P02065,Electrical Premium 2065,C10,Electrical,S0092,23.34,40.43,3.75,Active
P02066,Tools Pro 2066,C11,Tools,S0143,55.26,67.64,4.53,Active
P02067,Fasteners Premium 2067,C12,Fasteners,S0155,34.63,44.28,8.46,Active
P02068,Doors Commercial 2068,C13,Doors,S0235,12.98,16.41,5.22,Active
P02069,Windows Pro 2069,C14,Windows,S0121,71.38,87.17,10.82,Active
P02070,Concrete Accessories Commercial 2070,C15,Concrete Accessories,S0079,13.38,22.14,11.88,Active
P02071,Cement Commercial 2071,C01,Cement,S0224,24.48,40.37,202.08,Active
P02072,Drywall Pro 2072,C02,Drywall,S0105,33.1,37.74,6.41,Active
P02073,Lumber Standard 2073,C03,Lumber,S0144,73.26,85.94,1.72,Active
P02074,Roofing Premium 2074,C04,Roofing,S0129,28.96,36.92,54.33,Active
P02075,Insulation Pro 2075,C05,Insulation,S0187,24.99,31.54,1.9,Active
P02076,Steel Pro 2076,C06,Steel,S0009,20.55,24.16,33.42,Active
P02077,Paint Standard 2077,C07,Paint,S0232,35.28,45.76,4.24,Active
P02078,Flooring Commercial 2078,C08,Flooring,S0028,16.78,22.54,5.45,Active
P02079,Plumbing Commercial 2079,C09,Plumbing,S0112,34.91,63.54,30.1,Active
P02080,Electrical Premium 2080,C10,Electrical,S0197,56.64,81.72,13.6,Active
P02081,Tools Commercial 2081,C11,Tools,S0211,10.67,14.7,2.73,Active
P02082,Fasteners Pro 2082,C12,Fasteners,S0050,39.38,59.12,2.69,Active
P02083,Doors Pro 2083,C13,Doors,S0174,23.15,27.46,11.87,Active
P02084,Windows Standard 2084,C14,Windows,S0235,12.23,13.92,3.59,Active
P02085,Concrete Accessories Standard 2085,C15,Concrete Accessories,S0212,25.38,41.77,14.2,Active
P02086,Cement Pro 2086,C01,Cement,S0079,57.0,66.59,15.59,Active
P02087,Drywall Pro 2087,C02,Drywall,S0051,28.55,33.64,4.61,Active
P02088,Lumber Premium 2088,C03,Lumber,S0017,12.81,20.12,5.7,Active
P02089,Roofing Standard 2089,C04,Roofing,S0017,36.12,53.69,12.22,Active
P02090,Insulation Pro 2090,C05,Insulation,S0115,6.23,9.41,4.45,Active
P02091,Steel Premium 2091,C06,Steel,S0086,63.0,94.23,9.69,Active
P02092,Paint Pro 2092,C07,Paint,S0060,10.06,18.17,75.21,Active
P02093,Flooring Pro 2093,C08,Flooring,S0146,26.57,47.89,12.75,Active
P02094,Plumbing Premium 2094,C09,Plumbing,S0152,35.86,56.38,6.48,Active
P02095,Electrical Pro 2095,C10,Electrical,S0012,16.29,21.77,60.92,Active
P02096,Tools Premium 2096,C11,Tools,S0030,54.72,65.17,18.91,Active
P02097,Fasteners Commercial 2097,C12,Fasteners,S0234,40.59,63.72,3.66,Active
P02098,Doors Standard 2098,C13,Doors,S0118,66.31,90.67,4.23,Active
P02099,Windows Commercial 2099,C14,Windows,S0103,33.06,39.28,2.06,Active
P02100,Concrete Accessories Premium 2100,C15,Concrete Accessories,S0158,6.5,8.15,12.02,Active
P02101,Cement Premium 2101,C01,Cement,S0094,15.39,28.35,1.51,Active
P02102,Drywall Pro 2102,C02,Drywall,S0156,39.58,71.25,60.83,Active
P02103,Lumber Premium 2103,C03,Lumber,S0059,71.71,110.52,7.16,Active
P02104,Roofing Standard 2104,C04,Roofing,S0184,27.28,40.44,20.06,Active
P02105,Insulation Premium 2105,C05,Insulation,S0110,59.47,86.75,6.62,Active
P02106,Steel Commercial 2106,C06,Steel,S0088,27.77,40.54,11.83,Active
P02107,Paint Pro 2107,C07,Paint,S0120,39.95,50.74,8.01,Active
P02108,Flooring Pro 2108,C08,Flooring,S0152,24.93,43.71,31.24,Active
P02109,Plumbing Commercial 2109,C09,Plumbing,S0143,63.22,84.7,13.87,Active
P02110,Electrical Commercial 2110,C10,Electrical,S0110,90.32,144.38,6.37,Active
P02111,Tools Standard 2111,C11,Tools,S0028,84.44,118.28,14.71,Active
P02112,Fasteners Pro 2112,C12,Fasteners,S0207,267.66,397.05,3.09,Active
P02113,Doors Commercial 2113,C13,Doors,S0179,16.73,25.07,13.16,Active
P02114,Windows Pro 2114,C14,Windows,S0176,35.8,46.86,52.2,Active
P02115,Concrete Accessories Commercial 2115,C15,Concrete Accessories,S0036,16.98,22.7,20.38,Active
P02116,Cement Standard 2116,C01,Cement,S0222,61.17,90.19,17.02,Active
P02117,Drywall Premium 2117,C02,Drywall,S0123,13.84,20.02,32.04,Active
P02118,Lumber Premium 2118,C03,,S0022,64.11,108.96,15.48,Active
P02119,Roofing Pro 2119,C04,Roofing,S0222,31.28,43.91,11.06,Active
P02120,Insulation Standard 2120,C05,Insulation,S0238,25.66,33.01,16.07,Active
P02121,Steel Premium 2121,C06,Steel,S0001,27.71,33.33,4.21,Active
P02122,Paint Premium 2122,C07,Paint,S0082,13.01,15.84,4.59,Active
P02123,Flooring Premium 2123,C08,Flooring,S0244,31.67,39.62,8.81,Active
P02124,Plumbing Premium 2124,C09,Plumbing,S0070,31.52,51.52,14.16,Active
P02125,Electrical Commercial 2125,C10,Electrical,S0230,17.48,28.81,33.75,Active
P02126,Tools Commercial 2126,C11,Tools,S0030,22.48,35.86,6.11,Active
P02127,Fasteners Commercial 2127,C12,Fasteners,S0134,38.0,46.49,1.73,Active
P02128,Doors Standard 2128,C13,Doors,S0110,15.59,23.47,21.82,Active
P02129,Windows Standard 2129,C14,Windows,S0212,8.03,13.82,24.68,Active
P02130,Concrete Accessories Pro 2130,C15,Concrete Accessories,S0067,78.08,97.46,6.47,Active
P02131,Cement Standard 2131,C01,Cement,S0250,33.26,39.0,24.71,Active
P02132,Drywall Commercial 2132,C02,Drywall,S0066,19.56,22.59,19.71,Active
P02133,Lumber Standard 2133,C03,Lumber,S0074,16.95,24.07,5.87,Active
P02134,Roofing Commercial 2134,C04,Roofing,S0193,15.49,20.06,12.29,Active
P02135,Insulation Commercial 2135,C05,Insulation,S0028,60.98,83.56,7.65,Active
P02136,Steel Commercial 2136,C06,Steel,S0129,11.14,15.29,3.41,Active
P02137,Paint Pro 2137,C07,Paint,S0220,35.74,46.91,47.45,Active
P02138,Flooring Premium 2138,C08,Flooring,S0128,35.72,41.12,6.37,Active
P02139,Plumbing Commercial 2139,C09,Plumbing,S0077,46.35,76.52,7.28,Active
P02140,Electrical Pro 2140,C10,Electrical,S0097,20.81,30.67,3.81,Active
P02141,Tools Commercial 2141,C11,Tools,S0244,72.67,130.37,0.92,Active
P02142,Fasteners Pro 2142,C12,Fasteners,S0186,47.39,54.98,5.95,Active
P02143,Doors Premium 2143,C13,Doors,S0248,20.34,25.39,41.39,Active
P02144,Windows Premium 2144,C14,Windows,S0076,16.45,28.72,4.89,Active
P02145,Concrete Accessories Premium 2145,C15,Concrete Accessories,S0185,24.75,33.46,13.1,Active
P02146,Cement Commercial 2146,C01,Cement,S0231,19.9,29.0,2.19,Active
P02147,Drywall Commercial 2147,C02,Drywall,S0213,14.79,23.58,28.59,Active
P02148,Lumber Commercial 2148,C03,Lumber,S0198,28.57,38.25,13.54,Active
P02149,Roofing Pro 2149,C04,Roofing,S0179,22.58,34.48,4.99,Active
P02150,Insulation Commercial 2150,C05,Insulation,S0061,87.73,125.32,7.62,Active
P02151,Steel Premium 2151,C06,Steel,S0238,19.88,30.34,24.2,Active
P02152,Paint Pro 2152,C07,Paint,S0245,16.35,23.21,5.28,Active
P02153,Flooring Premium 2153,C08,Flooring,S0084,27.31,39.16,9.03,Active
P02154,Plumbing Commercial 2154,C09,Plumbing,S0118,32.52,41.18,59.29,Active
P02155,Electrical Commercial 2155,C10,Electrical,S0024,34.31,55.38,1.06,Active
P02156,Tools Commercial 2156,C11,Tools,S0071,34.07,38.85,9.34,Active
P02157,Fasteners Premium 2157,C12,Fasteners,S0161,27.95,48.02,11.26,Active
P02158,Doors Pro 2158,C13,Doors,S0072,26.57,30.84,8.61,Active
P02159,Windows Premium 2159,C14,Windows,S0191,41.64,60.69,5.54,Active
P02160,Concrete Accessories Standard 2160,C15,Concrete Accessories,S0121,13.97,18.32,137.2,Active
P02161,Cement Pro 2161,C01,Cement,S0135,16.43,23.66,9.88,Active
P02162,Drywall Pro 2162,C02,Drywall,S0217,9.52,13.29,10.02,Active
P02163,Lumber Standard 2163,C03,Lumber,S0078,14.11,17.29,6.06,Active
P02164,Roofing Standard 2164,C04,Roofing,S0006,56.35,66.48,13.8,Active
P02165,Insulation Commercial 2165,C05,Insulation,S0137,40.36,71.0,1.83,Active
P02166,Steel Premium 2166,C06,Steel,S0028,98.08,125.97,3.09,Active
P02167,Paint Pro 2167,C07,Paint,S0225,79.04,113.06,22.63,Active
P02168,Flooring Premium 2168,C08,Flooring,S0026,40.61,58.35,4.18,Active
P02169,Plumbing Commercial 2169,C09,Plumbing,S0108,30.15,45.03,5.91,Active
P02170,Electrical Pro 2170,C10,Electrical,S0180,27.67,42.93,7.21,Active
P02171,Tools Pro 2171,C11,Tools,S0151,6.51,8.96,24.77,Active
P02172,Fasteners Standard 2172,C12,Fasteners,S0088,25.62,34.49,5.83,Active
P02173,Doors Standard 2173,C13,Doors,S0039,18.32,30.63,12.46,Active
P02174,Windows Pro 2174,C14,Windows,S0054,14.5,17.92,1.19,Active
P02175,Concrete Accessories Commercial 2175,C15,Concrete Accessories,S0088,36.05,48.9,14.4,Active
P02176,Cement Standard 2176,C01,Cement,S0010,23.58,37.59,3.21,Active
P02177,Drywall Premium 2177,C02,Drywall,S0115,28.85,45.86,2.42,Active
P02178,Lumber Commercial 2178,C03,Lumber,S0130,13.21,16.44,4.59,Active
P02179,Roofing Commercial 2179,C04,Roofing,S0044,48.95,73.54,6.51,Active
P02180,Insulation Pro 2180,C05,Insulation,S0050,19.82,33.72,52.42,Active
P02181,Steel Commercial 2181,C06,Steel,S0164,34.7,52.5,12.24,Active
P02182,Paint Pro 2182,C07,Paint,S0197,20.93,26.01,5.28,Active
P02183,Flooring Standard 2183,C08,Flooring,S0142,5.87,7.46,21.58,Active
P02184,Plumbing Standard 2184,C09,Plumbing,S0039,37.11,56.14,7.68,Active
P02185,Electrical Commercial 2185,C10,Electrical,S0239,24.63,31.98,17.51,Active
P02186,Tools Commercial 2186,C11,Tools,S0241,9.13,12.55,5.31,Active
P02187,Fasteners Premium 2187,C12,Fasteners,S0170,12.24,14.12,44.45,Active
P02188,Doors Standard 2188,C13,Doors,S0137,50.05,64.38,1.24,Active
P02189,Windows Premium 2189,C14,Windows,S0145,9.4,16.23,8.01,Active
P02190,Concrete Accessories Commercial 2190,C15,Concrete Accessories,S0222,19.48,33.23,2.74,Active
P02191,Cement Commercial 2191,C01,Cement,S0244,105.78,133.88,11.96,Active
P02192,Drywall Premium 2192,C02,Drywall,S0125,37.8,47.69,4.84,Active
P02193,Lumber Premium 2193,C03,Lumber,S0153,44.95,69.71,6.41,Active
P02194,Roofing Commercial 2194,C04,Roofing,S0010,22.23,36.99,15.64,Active
P02195,Insulation Pro 2195,C05,Insulation,S0091,8.67,10.81,37.99,Active
P02196,Steel Standard 2196,C06,Steel,S0111,30.8,54.24,28.58,Active
P02197,Paint Standard 2197,C07,Paint,S0197,12.77,16.01,3.93,Active
P02198,Flooring Pro 2198,C08,Flooring,S0130,12.02,21.68,11.31,Active
P02199,Plumbing Premium 2199,C09,Plumbing,S0086,28.39,36.68,5.94,Active
P02200,Electrical Premium 2200,C10,Electrical,S0028,13.33,19.8,2.89,Active
P02201,Tools Standard 2201,C11,Tools,S0192,26.21,29.89,5.94,Active
P02202,Fasteners Premium 2202,C12,Fasteners,S0202,16.78,24.04,36.32,Active
P02203,Doors Premium 2203,C13,Doors,S0074,25.59,36.54,28.31,Active
P02204,Windows Premium 2204,C14,Windows,S0166,18.67,22.04,11.25,Active
P02205,Concrete Accessories Standard 2205,C15,Concrete Accessories,S0215,26.08,30.67,1.96,Active
P02206,Cement Standard 2206,C01,Cement,S0212,73.69,124.66,7.99,Active
P02207,Drywall Commercial 2207,C02,Drywall,S0074,45.72,58.77,4.59,Active
P02208,Lumber Premium 2208,C03,Lumber,S0134,24.16,28.73,4.14,Active
P02209,Roofing Standard 2209,C04,Roofing,S0224,64.41,82.03,11.94,Active
P02210,Insulation Pro 2210,C05,Insulation,S0140,35.06,40.38,30.64,Active
P02211,Steel Standard 2211,C06,Steel,S0076,60.91,73.34,17.97,Active
P02212,Paint Commercial 2212,C07,Paint,S0052,10.02,13.33,4.83,Active
P02213,Flooring Standard 2213,C08,Flooring,S0157,13.43,19.99,17.37,Active
P02214,Plumbing Commercial 2214,C09,Plumbing,S0238,30.55,34.91,2.58,Active
P02215,Electrical Standard 2215,C10,Electrical,S0248,23.76,36.43,2.35,Active
P02216,Tools Pro 2216,C11,Tools,S0030,26.12,30.68,2.03,Active
P02217,Fasteners Commercial 2217,C12,Fasteners,S0068,39.26,47.66,12.68,Active
P02218,Doors Commercial 2218,C13,Doors,S0075,103.09,126.23,19.36,Active
P02219,Windows Standard 2219,C14,Windows,S0051,20.17,25.96,18.85,Active
P02220,Concrete Accessories Standard 2220,C15,Concrete Accessories,S0160,10.19,18.71,3.8,Active
P02221,Cement Premium 2221,C01,Cement,S0200,34.23,40.55,1.29,Active
P02222,Drywall Commercial 2222,C02,Drywall,S0188,26.42,30.96,3.6,Active
P02223,Lumber Standard 2223,C03,Lumber,S0050,29.11,51.16,3.42,Active
P02224,Roofing Commercial 2224,C04,Roofing,S0207,36.49,46.67,9.18,Active
P02225,Insulation Premium 2225,C05,Insulation,S0020,72.26,122.98,9.08,Active
P02226,Steel Pro 2226,C06,Steel,S0005,15.83,24.32,7.23,Active
P02227,Paint Pro 2227,C07,Paint,S0199,10.58,14.95,13.01,Active
P02228,Flooring Premium 2228,C08,Flooring,S0079,40.97,57.91,83.29,Active
P02229,Plumbing Premium 2229,C09,Plumbing,S0188,17.54,23.06,7.09,Active
P02230,Electrical Commercial 2230,C10,Electrical,S0156,18.12,21.16,10.92,Active
P02231,Tools Pro 2231,C11,Tools,S0119,35.42,45.49,8.6,Active
P02232,Fasteners Pro 2232,C12,Fasteners,S0069,58.0,71.49,5.18,Active
P02233,Doors Commercial 2233,C13,Doors,S0097,54.07,94.46,14.65,Active
P02234,Windows Premium 2234,C14,Windows,S0081,26.89,35.72,6.8,Active
P02235,Concrete Accessories Premium 2235,C15,Concrete Accessories,S0118,148.22,226.37,4.33,Active
P02236,Cement Pro 2236,C01,Cement,S0243,33.4,41.58,4.59,Active
P02237,Drywall Standard 2237,C02,Drywall,S0148,94.63,174.02,20.05,Active
P02238,Lumber Premium 2238,C03,Lumber,S0168,16.86,19.6,14.32,Active
P02239,Roofing Pro 2239,C04,Roofing,S0124,32.47,43.76,5.67,Active
P02240,Insulation Commercial 2240,C05,Insulation,S0123,46.1,63.62,12.81,Active
P02241,Steel Premium 2241,C06,Steel,S0057,31.53,56.48,8.69,Active
P02242,Paint Pro 2242,C07,Paint,S0201,36.66,49.6,11.09,Active
P02243,Flooring Commercial 2243,C08,Flooring,S0070,28.26,33.75,5.07,Active
P02244,Plumbing Commercial 2244,C09,Plumbing,S0158,88.73,143.92,3.51,Active
P02245,Electrical Premium 2245,C10,Electrical,S0099,36.57,55.27,6.77,Active
P02246,Tools Pro 2246,C11,Tools,S0167,92.91,140.37,4.0,Active
P02247,Fasteners Standard 2247,C12,Fasteners,S0017,16.2,19.18,3.77,Active
P02248,Doors Premium 2248,C13,Doors,S0064,34.0,42.33,2.62,Active
P02249,Windows Premium 2249,C14,Windows,S0184,19.4,28.61,1.3,Active
P02250,Concrete Accessories Standard 2250,C15,Concrete Accessories,S0210,32.08,56.7,5.75,Active
P02251,Cement Premium 2251,C01,Cement,S0133,9.57,12.43,23.98,Active
P02252,Drywall Premium 2252,C02,Drywall,S0035,10.86,13.31,18.49,Active
P02253,Lumber Commercial 2253,C03,Lumber,S0139,16.6,23.88,38.15,Active
P02254,Roofing Standard 2254,C04,Roofing,S0156,45.82,59.22,3.64,Active
P02255,Insulation Pro 2255,C05,Insulation,S0228,14.27,19.99,15.56,Active
P02256,Steel Commercial 2256,C06,Steel,S0249,22.56,40.32,7.75,Active
P02257,Paint Pro 2257,C07,Paint,S0063,66.06,86.4,4.6,Active
P02258,Flooring Commercial 2258,C08,Flooring,S0180,28.9,43.44,21.31,Active
P02259,Plumbing Pro 2259,C09,Plumbing,S0150,47.77,65.6,7.82,Active
P02260,Electrical Premium 2260,C10,Electrical,S0039,22.15,28.86,1.89,Active
P02261,Tools Pro 2261,C11,Tools,S0040,12.94,18.77,12.02,Active
P02262,Fasteners Pro 2262,C12,Fasteners,S0142,24.62,44.89,9.65,Active
P02263,Doors Commercial 2263,C13,Doors,S0072,56.12,86.1,3.1,Active
P02264,Windows Pro 2264,C14,Windows,S0222,22.98,33.61,10.7,Active
P02265,Concrete Accessories Premium 2265,C15,Concrete Accessories,S0220,16.56,27.32,32.73,Active
P02266,Cement Pro 2266,C01,Cement,S0141,51.21,79.48,11.72,Active
P02267,Drywall Standard 2267,C02,Drywall,S0075,95.2,123.75,2.34,Active
P02268,Lumber Commercial 2268,C03,Lumber,S0060,26.97,44.4,12.55,Active
P02269,Roofing Pro 2269,C04,Roofing,S0219,14.29,26.18,11.83,Active
P02270,Insulation Premium 2270,C05,Insulation,S0205,12.5,17.64,16.8,Active
P02271,Steel Premium 2271,C06,Steel,S0084,56.85,104.11,11.53,Active
P02272,Paint Commercial 2272,C07,Paint,S0092,7.41,8.45,3.78,Active
P02273,Flooring Premium 2273,C08,Flooring,S0050,40.26,45.9,9.2,Active
P02274,Plumbing Pro 2274,C09,Plumbing,S0057,4.11,4.73,27.62,Active
P02275,Electrical Commercial 2275,C10,Electrical,S0152,29.83,46.75,4.32,Active
P02276,Tools Pro 2276,C11,Tools,S0020,54.41,74.1,4.9,Active
P02277,Fasteners Commercial 2277,C12,Fasteners,S0057,16.74,20.03,12.46,Active
P02278,Doors Standard 2278,C13,Doors,S0180,94.32,108.97,38.91,Active
P02279,Windows Premium 2279,C14,Windows,S0069,34.88,59.79,13.68,Active
P02280,Concrete Accessories Commercial 2280,C15,Concrete Accessories,S0111,47.18,58.69,2.91,Active
P02281,Cement Pro 2281,C01,Cement,S0052,42.56,50.68,4.66,Active
P02282,Drywall Pro 2282,C02,Drywall,S0037,33.88,57.96,7.35,Active
P02283,Lumber Standard 2283,C03,Lumber,S0011,38.51,47.08,10.04,Active
P02284,Roofing Pro 2284,C04,Roofing,S0218,3.15,4.25,10.6,Active
P02285,Insulation Commercial 2285,C05,Insulation,S0077,42.5,49.93,13.48,Active
P02286,Steel Premium 2286,C06,Steel,S0102,25.23,35.75,39.57,Active
P02287,Paint Pro 2287,C07,Paint,S0212,33.72,56.77,13.38,Active
P02288,Flooring Pro 2288,C08,Flooring,S0200,56.33,95.18,12.51,Active
P02289,Plumbing Pro 2289,C09,Plumbing,S0127,14.46,18.49,1.01,Active
P02290,Electrical Pro 2290,C10,Electrical,S0139,19.41,23.3,17.9,Active
P02291,Tools Commercial 2291,C11,Tools,S0054,21.18,35.32,18.56,Active
P02292,Fasteners Pro 2292,C12,Fasteners,S0239,30.09,37.82,28.77,Active
P02293,Doors Pro 2293,C13,Doors,S0053,22.05,36.75,13.75,Active
P02294,Windows Standard 2294,C14,Windows,S0051,38.63,53.62,34.86,Active
P02295,Concrete Accessories Standard 2295,C15,Concrete Accessories,S0051,8.21,12.81,5.97,Active
P02296,Cement Pro 2296,C01,Cement,S0118,49.11,57.35,36.28,Active
P02297,Drywall Pro 2297,C02,Drywall,S0065,32.07,46.1,6.93,Active
P02298,Lumber Standard 2298,C03,Lumber,S0058,46.06,74.9,19.72,Active
P02299,Roofing Pro 2299,C04,Roofing,S0078,21.08,28.87,12.15,Active
P02300,Insulation Standard 2300,C05,Insulation,S0246,61.95,105.04,49.47,Active
P02301,Steel Standard 2301,C06,Steel,S0071,45.6,74.7,9.39,Active
P02302,Paint Standard 2302,C07,Paint,S0224,26.11,43.77,14.9,Active
P02303,Flooring Commercial 2303,C08,Flooring,S0029,25.0,39.95,10.7,Active
P02304,Plumbing Commercial 2304,C09,Plumbing,S0074,12.93,16.36,29.0,Active
P02305,Electrical Standard 2305,C10,Electrical,S0016,12.21,18.14,6.12,Active
P02306,Tools Pro 2306,C11,Tools,S0233,29.03,36.0,54.16,Active
P02307,Fasteners Pro 2307,C12,Fasteners,S0144,20.17,29.98,4.96,Active
P02308,Doors Commercial 2308,C13,Doors,S0167,18.44,22.1,40.17,Active
P02309,Windows Commercial 2309,C14,Windows,S0229,3.79,6.68,3.66,Active
P02310,Concrete Accessories Premium 2310,C15,Concrete Accessories,S0136,183.44,225.26,15.36,Active
P02311,Cement Standard 2311,C01,Cement,S0062,12.5,16.73,8.69,Active
P02312,Drywall Pro 2312,C02,Drywall,S0051,28.42,51.41,19.33,Active
P02313,Lumber Pro 2313,C03,Lumber,S0069,98.26,166.37,12.8,Active
P02314,Roofing Standard 2314,C04,Roofing,S0099,18.58,27.47,18.33,Active
P02315,Insulation Pro 2315,C05,Insulation,S0011,16.63,28.25,3.56,Active
P02316,Steel Commercial 2316,C06,Steel,S0154,7.91,13.09,2.21,Active
P02317,Paint Premium 2317,C07,Paint,S0184,14.48,18.75,3.13,Active
P02318,Flooring Standard 2318,C08,Flooring,S0026,33.76,44.15,3.07,Active
P02319,Plumbing Standard 2319,C09,Plumbing,S0110,3.0,3.9,3.53,Active
P02320,Electrical Premium 2320,C10,Electrical,S0221,19.49,31.49,5.23,Active
P02321,Tools Standard 2321,C11,Tools,S0126,78.54,118.31,5.2,Active
P02322,Fasteners Commercial 2322,C12,Fasteners,S0201,50.23,67.99,8.87,Active
P02323,Doors Premium 2323,C13,Doors,S0142,26.32,34.06,4.26,Active
P02324,Windows Standard 2324,C14,Windows,S0211,26.02,37.02,4.53,Active
P02325,Concrete Accessories Commercial 2325,C15,Concrete Accessories,S0059,30.54,40.17,7.3,Active
P02326,Cement Standard 2326,C01,Cement,S0243,14.0,16.35,22.04,Active
P02327,Drywall Commercial 2327,C02,Drywall,S0069,36.55,42.54,6.03,Active
P02328,Lumber Premium 2328,C03,Lumber,S0136,30.02,51.02,8.37,Active
P02329,Roofing Commercial 2329,C04,Roofing,S0233,14.77,19.06,9.62,Active
P02330,Insulation Premium 2330,C05,Insulation,S0201,17.55,24.39,3.86,Active
P02331,Steel Standard 2331,C06,Steel,S0019,8.71,15.81,6.54,Active
P02332,Paint Commercial 2332,C07,Paint,S0217,40.32,55.82,4.83,Active
P02333,Flooring Pro 2333,C08,Flooring,S0238,158.3,233.44,20.03,Active
P02334,Plumbing Standard 2334,C09,Plumbing,S0066,67.56,114.21,18.46,Active
P02335,Electrical Commercial 2335,C10,Electrical,S0220,99.19,112.88,4.44,Active
P02336,Tools Commercial 2336,C11,Tools,S0065,4.52,6.79,6.04,Active
P02337,Fasteners Commercial 2337,C12,Fasteners,S0154,40.08,65.23,10.34,Active
P02338,Doors Standard 2338,C13,Doors,S0168,32.88,42.4,29.63,Active
P02339,Windows Pro 2339,C14,Windows,S0033,35.43,54.29,18.52,Active
P02340,Concrete Accessories Premium 2340,C15,Concrete Accessories,S0151,14.05,18.31,3.37,Active
P02341,Cement Standard 2341,C01,Cement,S0193,83.92,101.67,9.88,Active
P02342,Drywall Pro 2342,C02,Drywall,S0132,17.53,23.3,5.16,Active
P02343,Lumber Premium 2343,C03,Lumber,S0180,17.21,26.43,4.77,Active
P02344,Roofing Pro 2344,C04,Roofing,S0110,11.04,16.04,2.34,Active
P02345,Insulation Premium 2345,C05,Insulation,S0102,23.65,28.32,5.29,Active
P02346,Steel Pro 2346,C06,Steel,S0040,58.85,107.48,11.75,Active
P02347,Paint Premium 2347,C07,Paint,S0138,32.65,59.3,4.62,Active
P02348,Flooring Standard 2348,C08,Flooring,S0204,24.91,29.18,12.49,Active
P02349,Plumbing Commercial 2349,C09,Plumbing,S0071,44.76,53.98,8.29,Active
P02350,Electrical Pro 2350,C10,Electrical,S0064,57.71,104.72,9.09,Active
P02351,Tools Premium 2351,C11,Tools,S0154,47.23,54.54,5.81,Active
P02352,Fasteners Premium 2352,C12,Fasteners,S0003,7.62,12.99,11.49,Active
P02353,Doors Commercial 2353,C13,Doors,S0002,45.05,71.75,15.15,Active
P02354,Windows Standard 2354,C14,Windows,S0230,36.44,56.6,6.59,Active
P02355,Concrete Accessories Pro 2355,C15,Concrete Accessories,S0055,15.41,18.21,14.83,Active
P02356,Cement Pro 2356,C01,Cement,S0028,36.54,43.6,5.45,Active
P02357,Drywall Premium 2357,C02,Drywall,S0181,58.94,77.87,4.08,Active
P02358,Lumber Standard 2358,C03,Lumber,S0233,18.02,29.39,39.36,Active
P02359,Roofing Standard 2359,C04,Roofing,S0008,49.8,91.02,6.54,Active
P02360,Insulation Commercial 2360,C05,Insulation,S0120,33.15,40.53,10.37,Active
P02361,Steel Premium 2361,C06,Steel,S0176,3.97,5.69,3.99,Active
P02362,Paint Standard 2362,C07,Paint,S0046,26.16,37.28,6.55,Active
P02363,Flooring Standard 2363,C08,Flooring,S0047,32.23,55.98,24.94,Active
P02364,Plumbing Commercial 2364,C09,Plumbing,S0137,21.65,27.93,3.48,Active
P02365,Electrical Premium 2365,C10,Electrical,S0113,34.04,47.82,6.73,Active
P02366,Tools Premium 2366,C11,Tools,S0227,24.31,40.62,6.94,Active
P02367,Fasteners Standard 2367,C12,Fasteners,S0192,130.23,229.8,1.2,Active
P02368,Doors Standard 2368,C13,Doors,S0105,20.66,27.58,9.0,Active
P02369,Windows Standard 2369,C14,Windows,S0024,15.69,18.82,20.28,Active
P02370,Concrete Accessories Pro 2370,C15,Concrete Accessories,S0193,47.91,56.91,8.65,Active
P02371,Cement Commercial 2371,C01,Cement,S0223,22.43,28.79,8.16,Active
P02372,Drywall Standard 2372,C02,Drywall,S0225,25.2,32.81,8.41,Active
P02373,Lumber Commercial 2373,C03,Lumber,S0108,23.77,37.52,11.33,Active
P02374,Roofing Standard 2374,C04,Roofing,S0229,45.94,57.02,2.98,Active
P02375,Insulation Pro 2375,C05,Insulation,S0224,12.99,18.96,1.87,Active
P02376,Steel Commercial 2376,C06,Steel,S0238,49.72,78.86,11.31,Active
P02377,Paint Standard 2377,C07,Paint,S0064,38.62,62.64,2.49,Active
P02378,Flooring Pro 2378,C08,Flooring,S0225,94.58,158.21,5.22,Active
P02379,Plumbing Standard 2379,C09,Plumbing,S0044,30.5,37.17,19.47,Active
P02380,Electrical Pro 2380,C10,Electrical,S0218,13.59,18.28,5.52,Active
P02381,Tools Standard 2381,C11,Tools,S0053,30.74,52.87,118.12,Active
P02382,Fasteners Commercial 2382,C12,Fasteners,S0145,33.47,39.06,38.31,Active
P02383,Doors Pro 2383,C13,Doors,S0089,63.05,100.37,12.57,Active
P02384,Windows Standard 2384,C14,Windows,S0012,13.57,24.04,23.42,Active
P02385,Concrete Accessories Premium 2385,C15,Concrete Accessories,S0096,9.5,12.09,38.12,Active
P02386,Cement Premium 2386,C01,Cement,S0248,31.19,48.81,0.83,Active
P02387,Drywall Premium 2387,C02,Drywall,S0150,21.36,34.52,16.26,Active
P02388,Lumber Premium 2388,C03,Lumber,S0004,22.97,27.8,17.18,Active
P02389,Roofing Pro 2389,C04,Roofing,S0247,14.95,19.46,2.79,Active
P02390,Insulation Premium 2390,C05,Insulation,S0049,25.79,34.74,9.29,Active
P02391,Steel Premium 2391,C06,Steel,S0028,21.25,30.25,27.24,Active
P02392,Paint Pro 2392,C07,Paint,S0056,14.95,22.05,11.96,Active
P02393,Flooring Standard 2393,C08,Flooring,S0032,28.43,34.92,2.22,Active
P02394,Plumbing Commercial 2394,C09,Plumbing,S0127,10.77,14.19,9.12,Active
P02395,Electrical Pro 2395,C10,Electrical,S0195,108.51,199.96,15.2,Active
P02396,Tools Commercial 2396,C11,Tools,S0009,8.1,14.55,0.55,Active
P02397,Fasteners Premium 2397,C12,Fasteners,S0180,45.29,83.45,8.28,Active
P02398,Doors Pro 2398,C13,Doors,S0135,60.27,69.39,4.09,Active
P02399,Windows Premium 2399,C14,Windows,S0187,34.64,63.11,19.33,Active
P02400,Concrete Accessories Premium 2400,C15,Concrete Accessories,S0125,19.82,30.09,6.15,Active
P02401,Cement Standard 2401,C01,Cement,S0199,27.6,49.15,14.71,Active
P02402,Drywall Pro 2402,C02,Drywall,S0227,26.84,49.24,21.68,Active
P02403,Lumber Pro 2403,C03,Lumber,S0069,19.62,26.65,2.73,Active
P02404,Roofing Premium 2404,C04,Roofing,S0138,108.19,138.81,5.24,Active
P02405,Insulation Pro 2405,C05,Insulation,S0203,18.21,26.06,8.51,Active
P02406,Steel Standard 2406,C06,Steel,S0067,28.42,48.72,6.37,Active
P02407,Paint Premium 2407,C07,Paint,S0080,26.78,37.48,8.71,Active
P02408,Flooring Commercial 2408,C08,Flooring,S0231,30.64,47.36,1.08,Active
P02409,Plumbing Premium 2409,C09,Plumbing,S0022,101.15,171.21,7.9,Active
P02410,Electrical Commercial 2410,C10,Electrical,S0244,40.71,47.98,2.61,Active
P02411,Tools Premium 2411,C11,Tools,S0020,19.5,27.25,4.93,Active
P02412,Fasteners Premium 2412,C12,Fasteners,S0041,75.85,113.47,5.33,Active
P02413,Doors Commercial 2413,C13,Doors,S0074,46.09,52.63,5.03,Active
P02414,Windows Commercial 2414,C14,Windows,S0178,19.75,31.76,7.24,Active
P02415,Concrete Accessories Commercial 2415,C15,Concrete Accessories,S0210,66.6,107.28,1.65,Active
P02416,Cement Commercial 2416,C01,Cement,S0240,10.79,18.78,1.56,Active
P02417,Drywall Pro 2417,C02,Drywall,S0053,12.66,15.32,4.35,Active
P02418,Lumber Pro 2418,C03,Lumber,S0165,8.76,10.01,4.66,Active
P02419,Roofing Premium 2419,C04,Roofing,S0121,6.62,7.75,3.61,Active
P02420,Insulation Commercial 2420,C05,Insulation,S0106,62.82,92.66,12.98,Active
P02421,Steel Commercial 2421,C06,Steel,S0208,30.91,41.54,3.66,Active
P02422,Paint Premium 2422,C07,Paint,S0199,9.25,13.6,3.24,Active
P02423,Flooring Premium 2423,C08,Flooring,S0131,26.3,33.18,19.71,Active
P02424,Plumbing Standard 2424,C09,Plumbing,S0098,50.99,63.46,15.92,Active
P02425,Electrical Standard 2425,C10,Electrical,S0194,16.18,29.57,9.23,Active
P02426,Tools Commercial 2426,C11,Tools,S0189,21.65,25.99,7.53,Active
P02427,Fasteners Pro 2427,C12,Fasteners,S0203,112.84,198.41,1.85,Active
P02428,Doors Premium 2428,C13,Doors,S0186,23.01,35.49,26.86,Active
P02429,Windows Premium 2429,C14,Windows,S0155,9.72,17.42,5.06,Active
P02430,Concrete Accessories Standard 2430,C15,Concrete Accessories,S0139,18.72,27.36,7.38,Active
P02431,Cement Standard 2431,C01,Cement,S0240,8.87,15.54,15.42,Active
P02432,Drywall Premium 2432,C02,Drywall,S0152,43.22,63.53,14.26,Active
P02433,Lumber Premium 2433,C03,Lumber,S0019,14.74,17.36,9.76,Active
P02434,Roofing Premium 2434,C04,Roofing,S0103,14.45,24.7,6.69,Active
P02435,Insulation Premium 2435,C05,Insulation,S0093,122.42,159.23,9.84,Active
P02436,Steel Pro 2436,C06,Steel,S0166,11.81,13.47,10.62,Active
P02437,Paint Premium 2437,C07,Paint,S0129,10.52,15.59,3.07,Active
P02438,Flooring Commercial 2438,C08,Flooring,S0090,13.08,20.51,6.05,Active
P02439,Plumbing Pro 2439,C09,Plumbing,S0055,52.24,74.28,15.19,Active
P02440,Electrical Pro 2440,C10,Electrical,S0207,39.1,54.6,3.36,Active
P02441,Tools Premium 2441,C11,Tools,S0137,18.56,28.2,11.53,Active
P02442,Fasteners Commercial 2442,C12,Fasteners,S0086,17.46,21.7,7.02,Active
P02443,Doors Commercial 2443,C13,Doors,S0050,36.93,49.52,6.59,Active
P02444,Windows Standard 2444,C14,Windows,S0039,31.76,39.88,37.84,Active
P02445,Concrete Accessories Premium 2445,C15,Concrete Accessories,S0167,24.04,35.41,26.09,Active
P02446,Cement Premium 2446,C01,Cement,S0023,40.11,48.17,2.41,Active
P02447,Drywall Premium 2447,C02,Drywall,S0156,12.53,15.74,4.26,Active
P02448,Lumber Standard 2448,C03,Lumber,S0210,14.9,19.82,8.32,Active
P02449,Roofing Standard 2449,C04,Roofing,S0223,41.69,53.14,27.93,Active
P02450,Insulation Commercial 2450,C05,Insulation,S0023,33.64,38.37,6.04,Active
P02451,Steel Standard 2451,C06,Steel,S0129,6.31,8.6,9.62,Active
P02452,Paint Commercial 2452,C07,Paint,S0190,27.61,43.05,10.64,Active
P02453,Flooring Standard 2453,C08,Flooring,S0199,118.44,135.33,27.56,Active
P02454,Plumbing Premium 2454,C09,Plumbing,S0178,46.97,62.4,3.8,Active
P02455,Electrical Premium 2455,C10,Electrical,S0064,18.93,26.55,8.29,Active
P02456,Tools Standard 2456,C11,Tools,S0215,15.76,18.45,14.16,Active
P02457,Fasteners Pro 2457,C12,Fasteners,S0063,34.81,43.44,3.39,Active
P02458,Doors Standard 2458,C13,Doors,S0008,62.66,100.3,9.9,Active
P02459,Windows Commercial 2459,C14,Windows,S0020,8.08,10.29,8.62,Active
P02460,Concrete Accessories Pro 2460,C15,Concrete Accessories,S0085,33.01,44.05,21.66,Active
P02461,Cement Pro 2461,C01,Cement,S0059,21.41,32.84,19.01,Active
P02462,Drywall Premium 2462,C02,Drywall,S0057,30.91,46.62,2.76,Active
P02463,Lumber Standard 2463,C03,Lumber,S0241,10.07,16.26,24.79,Active
P02464,Roofing Premium 2464,C04,Roofing,S0099,62.63,90.39,12.07,Active
P02465,Insulation Commercial 2465,C05,Insulation,S0018,77.25,121.92,23.36,Active
P02466,Steel Pro 2466,C06,Steel,S0100,43.75,64.88,3.97,Active
P02467,Paint Commercial 2467,C07,Paint,S0006,91.1,138.27,14.62,Active
P02468,Flooring Pro 2468,C08,Flooring,S0211,20.7,30.52,4.95,Active
P02469,Plumbing Standard 2469,C09,Plumbing,S0138,32.45,41.42,2.01,Active
P02470,Electrical Standard 2470,C10,Electrical,S0099,44.25,67.24,3.83,Active
P02471,Tools Pro 2471,C11,Tools,S0243,35.14,51.95,5.64,Active
P02472,Fasteners Premium 2472,C12,Fasteners,S0063,22.53,27.54,4.57,Active
P02473,Doors Pro 2473,C13,Doors,S0132,24.22,43.69,49.42,Active
P02474,Windows Commercial 2474,C14,Windows,S0233,71.49,82.83,12.42,Active
P02475,Concrete Accessories Standard 2475,C15,Concrete Accessories,S0055,26.64,34.44,19.29,Active
P02476,Cement Commercial 2476,C01,Cement,S0035,59.8,70.18,4.28,Active
P02477,Drywall Commercial 2477,C02,Drywall,S0025,25.68,29.28,1.75,Active
P02478,Lumber Pro 2478,C03,Lumber,S0224,59.51,82.86,57.89,Active
P02479,Roofing Premium 2479,C04,Roofing,S0126,28.68,49.19,1.33,Active
P02480,Insulation Pro 2480,C05,Insulation,S0218,41.52,59.75,4.0,Active
P02481,Steel Pro 2481,C06,Steel,S0186,17.04,24.49,15.86,Active
P02482,Paint Pro 2482,C07,Paint,S0215,32.4,45.64,5.82,Active
P02483,Flooring Commercial 2483,C08,Flooring,S0027,17.21,24.12,10.11,Active
P02484,Plumbing Pro 2484,C09,Plumbing,S0202,20.36,31.66,3.33,Active
P02485,Electrical Pro 2485,C10,Electrical,S0067,21.48,37.22,12.25,Active
P02486,Tools Standard 2486,C11,Tools,S0213,23.93,34.11,2.53,Active
P02487,Fasteners Standard 2487,C12,Fasteners,S0099,54.18,86.97,0.77,Active
P02488,Doors Premium 2488,C13,Doors,S0100,19.84,35.56,5.16,Active
P02489,Windows Standard 2489,C14,Windows,S0183,30.08,34.57,14.96,Active
P02490,Concrete Accessories Premium 2490,C15,Concrete Accessories,S0023,59.66,71.03,4.75,Active
P02491,Cement Commercial 2491,C01,Cement,S0134,40.88,72.03,10.76,Active
P02492,Drywall Pro 2492,C02,Drywall,S0210,8.18,10.48,49.92,Active
P02493,Lumber Commercial 2493,C03,Lumber,S0159,9.9,17.37,13.16,Active
P02494,Roofing Standard 2494,C04,Roofing,S0082,35.62,45.71,11.57,Active
P02495,Insulation Standard 2495,C05,Insulation,S0058,19.18,22.64,19.0,Active
P02496,Steel Commercial 2496,C06,Steel,S0017,9.1,11.42,8.51,Active
P02497,Paint Commercial 2497,C07,Paint,S0216,18.27,21.43,4.91,Active
P02498,Flooring Commercial 2498,C08,Flooring,S0002,36.6,55.88,23.8,Active
P02499,Plumbing Commercial 2499,C09,Plumbing,S0169,21.32,26.7,18.22,Active
P02500,Electrical Commercial 2500,C10,Electrical,S0101,28.07,39.88,4.04,Active
P02501,Tools Commercial 2501,C11,Tools,S0235,22.63,29.13,6.89,Active
P02502,Fasteners Commercial 2502,C12,Fasteners,S0187,16.65,19.83,13.27,Active
P02503,Doors Pro 2503,C13,Doors,S0004,31.95,46.09,2.16,Active
P02504,Windows Standard 2504,C14,Windows,S0237,8.53,12.85,13.23,Active
P02505,Concrete Accessories Premium 2505,C15,Concrete Accessories,S0014,15.32,26.08,11.84,Active
P02506,Cement Premium 2506,C01,Cement,S0120,46.84,67.19,2.88,Active
P02507,Drywall Premium 2507,C02,Drywall,S0054,10.09,16.19,40.73,Active
P02508,Lumber Standard 2508,C03,Lumber,S0245,34.68,54.86,6.19,Active
P02509,Roofing Commercial 2509,C04,Roofing,S0114,14.1,23.96,5.7,Active
P02510,Insulation Commercial 2510,C05,Insulation,S0245,11.78,14.48,19.99,Active
P02511,Steel Pro 2511,C06,Steel,S0214,15.74,21.34,24.15,Active
P02512,Paint Premium 2512,C07,Paint,S0008,20.48,30.46,3.53,Active
P02513,Flooring Standard 2513,C08,Flooring,S0072,20.12,25.92,0.85,Active
P02514,Plumbing Commercial 2514,C09,Plumbing,S0104,24.91,29.71,7.74,Active
P02515,Electrical Standard 2515,C10,Electrical,S0027,48.29,74.99,1.65,Active
P02516,Tools Standard 2516,C11,Tools,S0097,61.15,69.63,18.89,Active
P02517,Fasteners Premium 2517,C12,Fasteners,S0235,65.13,106.11,8.61,Active
P02518,Doors Premium 2518,C13,Doors,S0126,55.13,72.69,2.4,Active
P02519,Windows Standard 2519,C14,Windows,S0072,44.66,64.07,4.51,Active
P02520,Concrete Accessories Commercial 2520,C15,Concrete Accessories,S0110,8.53,10.47,3.28,Active
P02521,Cement Pro 2521,C01,Cement,S0016,27.22,38.29,4.3,Active
P02522,Drywall Premium 2522,C02,Drywall,S0037,35.28,62.06,1.77,Active
P02523,Lumber Commercial 2523,C03,Lumber,S0051,6.12,7.06,31.04,Active
P02524,Roofing Premium 2524,C04,Roofing,S0080,51.04,74.33,3.51,Active
P02525,Insulation Pro 2525,C05,Insulation,S0048,27.06,32.38,22.59,Active
P02526,Steel Pro 2526,C06,Steel,S0161,36.36,51.97,10.31,Active
P02527,Paint Commercial 2527,C07,Paint,S0092,58.36,75.32,4.68,Active
P02528,Flooring Standard 2528,C08,Flooring,S0077,27.71,37.03,8.88,Active
P02529,Plumbing Pro 2529,C09,Plumbing,S0002,22.4,30.23,6.35,Active
P02530,Electrical Commercial 2530,C10,Electrical,S0055,28.53,36.85,9.31,Active
P02531,Tools Commercial 2531,C11,Tools,S0213,13.01,21.87,18.57,Active
P02532,Fasteners Commercial 2532,C12,Fasteners,S0135,13.69,21.89,7.42,Active
P02533,Doors Pro 2533,C13,Doors,S0034,22.05,30.76,12.46,Active
P02534,Windows Standard 2534,C14,Windows,S0070,6.15,8.57,20.12,Active
P02535,Concrete Accessories Commercial 2535,C15,Concrete Accessories,S0140,16.88,20.42,27.06,Active
P02536,Cement Standard 2536,C01,Cement,S0243,19.4,24.69,8.64,Active
P02537,Drywall Pro 2537,C02,Drywall,S0127,103.51,158.9,7.03,Active
P02538,Lumber Pro 2538,C03,Lumber,S0052,64.53,97.65,9.35,Active
P02539,Roofing Pro 2539,C04,Roofing,S0222,36.26,55.65,9.61,Active
P02540,Insulation Standard 2540,C05,Insulation,S0023,49.08,57.63,4.87,Active
P02541,Steel Commercial 2541,C06,Steel,S0221,13.61,21.22,5.08,Active
P02542,Paint Pro 2542,C07,Paint,S0225,29.07,34.13,7.4,Active
P02543,Flooring Premium 2543,C08,Flooring,S0029,44.58,81.28,29.2,Active
P02544,Plumbing Standard 2544,C09,Plumbing,S0201,13.69,16.21,4.66,Active
P02545,Electrical Standard 2545,C10,Electrical,S0142,9.92,12.35,56.11,Active
P02546,Tools Premium 2546,C11,Tools,S0147,33.56,43.83,13.9,Active
P02547,Fasteners Commercial 2547,C12,Fasteners,S0095,10.61,14.81,9.02,Active
P02548,Doors Pro 2548,C13,Doors,S0178,38.72,59.47,7.19,Active
P02549,Windows Premium 2549,C14,Windows,S0221,57.57,75.61,72.29,Active
P02550,Concrete Accessories Standard 2550,C15,Concrete Accessories,S0144,13.97,19.14,3.6,Active
P02551,Cement Standard 2551,C01,Cement,S0011,14.67,25.48,38.3,Active
P02552,Drywall Standard 2552,C02,Drywall,S0250,56.24,104.05,7.99,Active
P02553,Lumber Commercial 2553,C03,Lumber,S0087,27.82,35.06,4.33,Active
P02554,Roofing Commercial 2554,C04,Roofing,S0180,50.55,85.92,6.41,Active
P02555,Insulation Standard 2555,C05,Insulation,S0119,22.6,38.78,15.61,Active
P02556,Steel Premium 2556,C06,Steel,S0137,23.77,27.8,7.3,Active
P02557,Paint Pro 2557,C07,Paint,S0027,27.31,44.74,18.46,Active
P02558,Flooring Pro 2558,C08,Flooring,S0109,85.85,133.72,15.29,Active
P02559,Plumbing Standard 2559,C09,Plumbing,S0063,47.58,58.36,7.54,Active
P02560,Electrical Pro 2560,C10,Electrical,S0054,16.52,25.43,16.26,Active
P02561,Tools Pro 2561,C11,Tools,S0072,30.57,38.58,2.51,Active
P02562,Fasteners Pro 2562,C12,Fasteners,S0112,21.55,26.32,8.38,Active
P02563,Doors Standard 2563,C13,Doors,S0250,18.97,30.36,34.25,Active
P02564,Windows Standard 2564,C14,Windows,S0213,37.94,51.6,31.06,Active
P02565,Concrete Accessories Commercial 2565,C15,Concrete Accessories,S0083,32.6,47.82,9.71,Active
P02566,Cement Pro 2566,C01,Cement,S0243,14.07,16.69,9.12,Active
P02567,Drywall Pro 2567,C02,Drywall,S0102,27.36,42.31,2.64,Active
P02568,Lumber Premium 2568,C03,Lumber,S0073,18.58,28.33,6.75,Active
P02569,Roofing Premium 2569,C04,Roofing,S0214,36.21,43.08,13.67,Active
P02570,Insulation Standard 2570,C05,Insulation,S0038,18.05,22.78,13.76,Active
P02571,Steel Pro 2571,C06,Steel,S0106,23.87,27.61,0.68,Active
P02572,Paint Standard 2572,C07,Paint,S0134,19.31,28.61,23.83,Active
P02573,Flooring Commercial 2573,C08,Flooring,S0169,8.35,14.82,9.99,Active
P02574,Plumbing Commercial 2574,C09,Plumbing,S0237,82.24,105.19,4.55,Active
P02575,Electrical Standard 2575,C10,Electrical,S0074,27.15,36.44,2.79,Active
P02576,Tools Commercial 2576,C11,Tools,S0235,84.7,103.51,8.37,Active
P02577,Fasteners Pro 2577,C12,Fasteners,S0141,28.01,36.2,30.53,Active
P02578,Doors Premium 2578,C13,Doors,S0116,43.08,57.91,4.1,Active
P02579,Windows Premium 2579,C14,Windows,S0003,17.23,25.84,14.09,Active
P02580,Concrete Accessories Premium 2580,C15,Concrete Accessories,S0248,17.52,21.99,1.34,Active
P02581,Cement Pro 2581,C01,Cement,S0018,26.12,40.12,2.38,Active
P02582,Drywall Pro 2582,C02,Drywall,S0200,84.05,154.57,10.58,Active
P02583,Lumber Standard 2583,C03,Lumber,S0098,14.39,19.75,4.81,Active
P02584,Roofing Premium 2584,C04,Roofing,S0171,7.22,8.93,3.36,Active
P02585,Insulation Commercial 2585,C05,Insulation,S0096,55.23,76.39,67.26,Active
P02586,Steel Commercial 2586,C06,Steel,S0237,45.08,72.07,8.31,Active
P02587,Paint Standard 2587,C07,Paint,S0025,20.04,23.52,3.82,Active
P02588,Flooring Pro 2588,C08,Flooring,S0187,114.64,156.31,7.62,Active
P02589,Plumbing Premium 2589,C09,Plumbing,S0122,119.22,159.45,31.63,Active
P02590,Electrical Commercial 2590,C10,Electrical,S0160,8.02,13.64,4.96,Active
P02591,Tools Commercial 2591,C11,Tools,S0116,16.97,21.68,8.4,Active
P02592,Fasteners Commercial 2592,C12,Fasteners,S0191,25.99,39.43,133.84,Active
P02593,Doors Premium 2593,C13,Doors,S0032,12.76,16.16,11.09,Active
P02594,Windows Standard 2594,C14,Windows,S0065,41.74,58.89,9.01,Active
P02595,Concrete Accessories Premium 2595,C15,Concrete Accessories,S0040,29.29,50.33,3.52,Active
P02596,Cement Premium 2596,C01,Cement,S0225,29.21,37.72,14.3,Active
P02597,Drywall Standard 2597,C02,Drywall,S0084,34.1,52.5,15.08,Active
P02598,Lumber Standard 2598,C03,Lumber,S0085,72.88,92.9,20.97,Active
P02599,Roofing Standard 2599,C04,Roofing,S0204,28.5,33.1,3.14,Active
P02600,Insulation Pro 2600,C05,Insulation,S0162,17.81,27.84,7.41,Active
P02601,Steel Commercial 2601,C06,Steel,S0021,32.35,47.71,5.87,Active
P02602,Paint Premium 2602,C07,Paint,S0136,14.08,17.17,3.1,Active
P02603,Flooring Premium 2603,C08,Flooring,S0091,8.54,10.52,7.3,Active
P02604,Plumbing Commercial 2604,C09,Plumbing,S0047,9.69,13.62,3.67,Active
P02605,Electrical Pro 2605,C10,Electrical,S0204,20.58,36.35,2.71,Active
P02606,Tools Standard 2606,C11,Tools,S0225,35.37,41.85,17.57,Active
P02607,Fasteners Standard 2607,C12,Fasteners,S0127,18.46,33.63,6.09,Active
P02608,Doors Premium 2608,C13,Doors,S0145,39.5,46.24,4.75,Active
P02609,Windows Premium 2609,C14,Windows,S0139,15.68,21.78,26.49,Active
P02610,Concrete Accessories Premium 2610,C15,Concrete Accessories,S0225,50.35,81.53,15.51,Active
P02611,Cement Commercial 2611,C01,Cement,S0213,51.83,69.28,1.52,Active
P02612,Drywall Premium 2612,C02,Drywall,S0151,69.94,90.53,12.84,Active
P02613,Lumber Premium 2613,C03,Lumber,S0112,55.01,77.69,12.79,Active
P02614,Roofing Standard 2614,C04,Roofing,S0075,28.06,36.63,7.04,Active
P02615,Insulation Pro 2615,C05,Insulation,S0140,35.06,52.71,6.82,Active
P02616,Steel Premium 2616,C06,Steel,S0229,49.78,72.54,2.16,Active
P02617,Paint Standard 2617,C07,Paint,S0197,18.56,22.32,56.85,Active
P02618,Flooring Pro 2618,C08,Flooring,S0150,17.49,29.82,7.28,Active
P02619,Plumbing Commercial 2619,C09,Plumbing,S0195,14.62,20.06,12.21,Active
P02620,Electrical Commercial 2620,C10,Electrical,S0113,16.19,18.87,7.64,Active
P02621,Tools Premium 2621,C11,Tools,S0229,49.12,60.13,4.81,Active
P02622,Fasteners Premium 2622,C12,Fasteners,S0012,47.09,87.19,18.92,Active
P02623,Doors Premium 2623,C13,Doors,S0164,56.74,67.22,10.24,Active
P02624,Windows Commercial 2624,C14,Windows,S0112,262.14,476.47,23.31,Active
P02625,Concrete Accessories Pro 2625,C15,Concrete Accessories,S0086,34.04,40.47,4.1,Active
P02626,Cement Premium 2626,C01,Cement,S0033,25.33,34.78,32.58,Active
P02627,Drywall Pro 2627,C02,Drywall,S0160,89.72,128.93,34.14,Active
P02628,Lumber Premium 2628,C03,Lumber,S0179,46.98,68.82,2.92,Active
P02629,Roofing Standard 2629,C04,Roofing,S0147,38.13,45.33,2.95,Active
P02630,Insulation Premium 2630,C05,Insulation,S0146,9.57,16.48,11.19,Active
P02631,Steel Pro 2631,C06,Steel,S0118,39.1,51.21,20.35,Active
P02632,Paint Standard 2632,C07,Paint,S0006,38.4,50.43,14.56,Active
P02633,Flooring Standard 2633,C08,Flooring,S0247,13.61,19.36,8.21,Active
P02634,Plumbing Standard 2634,C09,Plumbing,S0125,9.44,12.45,1.49,Active
P02635,Electrical Standard 2635,C10,Electrical,S0227,45.53,52.71,4.58,Active
P02636,Tools Commercial 2636,C11,Tools,S0170,49.94,85.51,24.47,Active
P02637,Fasteners Premium 2637,C12,Fasteners,S0064,17.58,24.59,15.35,Active
P02638,Doors Commercial 2638,C13,Doors,S0177,17.07,30.17,1.71,Active
P02639,Windows Premium 2639,C14,Windows,S0218,29.56,43.37,5.91,Active
P02640,Concrete Accessories Commercial 2640,C15,Concrete Accessories,S0015,19.92,30.77,53.4,Active
P02641,Cement Pro 2641,C01,Cement,S0236,9.32,12.15,12.74,Active
P02642,Drywall Premium 2642,C02,Drywall,S0077,13.51,19.41,20.44,Active
P02643,Lumber Pro 2643,C03,Lumber,S0106,33.41,51.42,12.7,Active
P02644,Roofing Pro 2644,C04,Roofing,S0024,13.99,16.96,4.53,Active
P02645,Insulation Pro 2645,C05,Insulation,S0040,51.89,67.05,44.42,Active
P02646,Steel Pro 2646,C06,Steel,S0023,37.95,68.22,4.02,Active
P02647,Paint Pro 2647,C07,Paint,S0073,34.37,56.61,80.22,Active
P02648,Flooring Standard 2648,C08,Flooring,S0006,29.13,49.49,33.64,Active
P02649,Plumbing Premium 2649,C09,Plumbing,S0058,16.15,28.54,8.69,Active
P02650,Electrical Pro 2650,C10,Electrical,S0091,41.83,51.9,12.9,Active
P02651,Tools Standard 2651,C11,Tools,S0088,15.86,19.94,4.36,Active
P02652,Fasteners Premium 2652,C12,Fasteners,S0218,54.15,93.26,26.37,Active
P02653,Doors Pro 2653,C13,Doors,S0117,78.14,117.7,45.77,Active
P02654,Windows Commercial 2654,C14,Windows,S0048,29.79,36.73,6.82,Active
P02655,Concrete Accessories Commercial 2655,C15,Concrete Accessories,S0234,69.8,84.66,17.15,Active
P02656,Cement Pro 2656,C01,Cement,S0119,13.63,24.15,3.56,Active
P02657,Drywall Premium 2657,C02,Drywall,S0206,38.26,55.68,7.69,Active
P02658,Lumber Pro 2658,C03,Lumber,S0068,26.62,34.49,23.7,Active
P02659,Roofing Premium 2659,C04,Roofing,S0034,46.12,52.59,29.87,Active
P02660,Insulation Premium 2660,C05,Insulation,S0066,7.01,8.68,11.34,Active
P02661,Steel Commercial 2661,C06,Steel,S0150,44.09,68.1,2.28,Active
P02662,Paint Premium 2662,C07,Paint,S0172,17.14,21.68,4.24,Active
P02663,Flooring Standard 2663,C08,Flooring,S0076,27.53,46.02,39.06,Active
P02664,Plumbing Standard 2664,C09,Plumbing,S0094,111.7,141.19,4.34,Active
P02665,Electrical Standard 2665,C10,Electrical,S0060,39.2,45.85,14.92,Active
P02666,Tools Commercial 2666,C11,Tools,S0066,35.56,63.8,12.92,Active
P02667,Fasteners Standard 2667,C12,Fasteners,S0125,33.54,50.78,41.22,Active
P02668,Doors Standard 2668,C13,Doors,S0171,58.66,74.6,3.48,Active
P02669,Windows Pro 2669,C14,Windows,S0169,47.32,60.32,20.15,Active
P02670,Concrete Accessories Commercial 2670,C15,Concrete Accessories,S0164,33.8,41.32,24.99,Active
P02671,Cement Pro 2671,C01,Cement,S0130,30.93,52.85,10.81,Active
P02672,Drywall Pro 2672,C02,Drywall,S0186,29.51,41.37,1.47,Active
P02673,Lumber Premium 2673,C03,Lumber,S0119,25.63,37.38,4.95,Active
P02674,Roofing Premium 2674,C04,Roofing,S0235,11.82,14.16,32.81,Active
P02675,Insulation Standard 2675,C05,Insulation,S0082,38.59,61.69,8.79,Active
P02676,Steel Pro 2676,C06,Steel,S0144,18.26,24.82,11.78,Active
P02677,Paint Standard 2677,C07,Paint,S0205,54.27,76.33,4.29,Active
P02678,Flooring Standard 2678,C08,Flooring,S0200,27.02,35.35,19.71,Active
P02679,Plumbing Commercial 2679,C09,Plumbing,S0102,6.99,10.44,8.57,Active
P02680,Electrical Commercial 2680,C10,Electrical,S0084,20.08,23.61,8.0,Active
P02681,Tools Pro 2681,C11,Tools,S0151,19.08,25.14,10.22,Active
P02682,Fasteners Standard 2682,C12,Fasteners,S0250,104.22,177.3,6.74,Active
P02683,Doors Premium 2683,C13,Doors,S0116,33.25,50.47,54.34,Active
P02684,Windows Commercial 2684,C14,Windows,S0073,18.45,21.82,46.21,Active
P02685,Concrete Accessories Pro 2685,C15,Concrete Accessories,S0250,27.21,36.11,44.87,Active
P02686,Cement Premium 2686,C01,Cement,S0141,45.84,62.84,11.9,Active
P02687,Drywall Premium 2687,C02,Drywall,S0012,25.9,42.85,5.15,Active
P02688,Lumber Premium 2688,C03,Lumber,S0089,28.59,45.49,20.24,Active
P02689,Roofing Commercial 2689,C04,Roofing,S0089,26.86,33.61,6.79,Active
P02690,Insulation Commercial 2690,C05,Insulation,S0227,22.75,32.96,22.05,Active
P02691,Steel Pro 2691,C06,Steel,S0138,63.92,100.51,4.95,Active
P02692,Paint Premium 2692,C07,Paint,S0200,16.98,26.49,12.7,Active
P02693,Flooring Standard 2693,C08,Flooring,S0006,78.99,141.92,25.31,Active
P02694,Plumbing Premium 2694,C09,Plumbing,S0001,11.29,17.07,7.12,Active
P02695,Electrical Pro 2695,C10,Electrical,S0099,14.13,23.03,7.09,Active
P02696,Tools Standard 2696,C11,Tools,S0193,83.35,103.07,2.51,Active
P02697,Fasteners Commercial 2697,C12,Fasteners,S0004,8.73,13.41,4.28,Active
P02698,Doors Commercial 2698,C13,Doors,S0026,33.15,43.29,15.78,Active
P02699,Windows Commercial 2699,C14,Windows,S0023,36.83,49.63,26.0,Active
P02700,Concrete Accessories Standard 2700,C15,Concrete Accessories,S0023,7.89,9.02,26.3,Active
P02701,Cement Standard 2701,C01,Cement,S0073,21.79,27.64,17.43,Active
P02702,Drywall Commercial 2702,C02,Drywall,S0144,10.74,15.13,9.07,Active
P02703,Lumber Pro 2703,C03,Lumber,S0088,31.99,39.02,25.54,Active
P02704,Roofing Standard 2704,C04,Roofing,S0031,8.94,10.76,9.28,Active
P02705,Insulation Pro 2705,C05,Insulation,S0230,12.68,15.09,14.22,Active
P02706,Steel Pro 2706,C06,Steel,S0187,46.71,60.64,28.74,Active
P02707,Paint Standard 2707,C07,Paint,S0095,18.64,32.98,20.79,Active
P02708,Flooring Premium 2708,C08,Flooring,S0114,70.29,106.01,2.06,Active
P02709,Plumbing Standard 2709,C09,Plumbing,S0248,41.62,69.04,21.38,Active
P02710,Electrical Pro 2710,C10,Electrical,S0032,22.62,39.78,3.04,Active
P02711,Tools Premium 2711,C11,Tools,S0114,52.46,85.84,3.07,Active
P02712,Fasteners Commercial 2712,C12,Fasteners,S0168,23.93,27.33,8.7,Active
P02713,Doors Premium 2713,C13,Doors,S0106,44.74,55.64,5.13,Active
P02714,Windows Standard 2714,C14,Windows,S0115,16.79,21.21,9.87,Active
P02715,Concrete Accessories Commercial 2715,C15,Concrete Accessories,S0086,54.84,99.18,70.72,Active
P02716,Cement Premium 2716,C01,Cement,S0234,9.44,11.71,11.99,Active
P02717,Drywall Premium 2717,C02,Drywall,S0143,12.67,16.31,22.58,Active
P02718,Lumber Pro 2718,C03,Lumber,S0077,14.06,16.36,4.92,Active
P02719,Roofing Premium 2719,C04,Roofing,S0156,17.95,20.41,8.43,Active
P02720,Insulation Pro 2720,C05,Insulation,S0183,34.0,47.68,13.95,Active
P02721,Steel Standard 2721,C06,Steel,S0023,27.0,45.53,2.73,Active
P02722,Paint Pro 2722,C07,Paint,S0195,45.13,71.32,8.6,Active
P02723,Flooring Commercial 2723,C08,Flooring,S0078,61.14,81.46,4.77,Active
P02724,Plumbing Commercial 2724,C09,Plumbing,S0015,8.83,14.94,8.75,Active
P02725,Electrical Commercial 2725,C10,Electrical,S0120,67.17,82.8,10.43,Active
P02726,Tools Commercial 2726,C11,Tools,S0042,23.58,41.68,4.12,Active
P02727,Fasteners Pro 2727,C12,Fasteners,S0225,92.8,147.33,3.57,Active
P02728,Doors Premium 2728,C13,Doors,S0140,16.32,23.35,15.07,Active
P02729,Windows Commercial 2729,C14,Windows,S0116,7.39,10.3,28.42,Active
P02730,Concrete Accessories Standard 2730,C15,Concrete Accessories,S0210,41.97,56.78,20.27,Active
P02731,Cement Standard 2731,C01,Cement,S0072,40.07,50.55,7.81,Active
P02732,Drywall Pro 2732,C02,Drywall,S0172,12.88,16.81,7.96,Active
P02733,Lumber Premium 2733,C03,Lumber,S0189,13.7,17.37,13.98,Active
P02734,Roofing Pro 2734,C04,Roofing,S0183,47.69,75.76,34.09,Active
P02735,Insulation Standard 2735,C05,Insulation,S0143,35.17,52.92,20.74,Active
P02736,Steel Standard 2736,C06,Steel,S0129,22.02,30.09,5.87,Active
P02737,Paint Standard 2737,C07,Paint,S0032,37.77,52.62,6.37,Active
P02738,Flooring Premium 2738,C08,Flooring,S0125,32.73,40.51,3.47,Active
P02739,Plumbing Commercial 2739,C09,Plumbing,S0069,14.63,21.73,15.99,Active
P02740,Electrical Pro 2740,C10,Electrical,S0040,50.43,62.19,3.72,Active
P02741,Tools Pro 2741,C11,Tools,S0116,43.36,57.94,5.59,Active
P02742,Fasteners Pro 2742,C12,Fasteners,S0081,27.43,43.01,32.31,Active
P02743,Doors Commercial 2743,C13,Doors,S0143,47.71,54.67,18.47,Active
P02744,Windows Pro 2744,C14,Windows,S0038,103.15,139.32,4.79,Active
P02745,Concrete Accessories Standard 2745,C15,Concrete Accessories,S0050,13.6,17.47,4.71,Active
P02746,Cement Commercial 2746,C01,Cement,S0068,22.69,39.47,1.08,Active
P02747,Drywall Pro 2747,C02,Drywall,S0022,23.45,30.1,5.53,Active
P02748,Lumber Premium 2748,C03,Lumber,S0203,46.93,60.63,12.39,Active
P02749,Roofing Commercial 2749,C04,Roofing,S0167,17.81,24.34,15.35,Active
P02750,Insulation Premium 2750,C05,Insulation,S0042,44.98,55.23,4.52,Active
P02751,Steel Pro 2751,C06,Steel,S0229,19.2,27.78,1.22,Active
P02752,Paint Standard 2752,C07,Paint,S0045,12.64,15.92,4.63,Active
P02753,Flooring Commercial 2753,C08,Flooring,S0119,28.56,36.05,3.85,Active
P02754,Plumbing Standard 2754,C09,Plumbing,S0149,18.93,25.77,3.0,Active
P02755,Electrical Premium 2755,C10,Electrical,S0108,30.56,35.28,13.24,Active
P02756,Tools Standard 2756,C11,Tools,S0090,35.93,55.04,9.13,Active
P02757,Fasteners Premium 2757,C12,Fasteners,S0204,9.22,11.66,5.17,Active
P02758,Doors Premium 2758,C13,Doors,S0083,20.39,36.64,6.28,Active
P02759,Windows Commercial 2759,C14,Windows,S0203,28.57,44.06,32.56,Active
P02760,Concrete Accessories Standard 2760,C15,Concrete Accessories,S0243,47.87,68.63,3.71,Active
P02761,Cement Commercial 2761,C01,Cement,S0061,43.59,50.47,16.06,Active
P02762,Drywall Pro 2762,C02,Drywall,S0243,15.42,23.58,19.37,Active
P02763,Lumber Pro 2763,C03,Lumber,S0135,24.23,31.73,2.54,Active
P02764,Roofing Pro 2764,C04,Roofing,S0020,37.29,54.7,10.97,Active
P02765,Insulation Standard 2765,C05,Insulation,S0145,23.12,34.9,8.73,Active
P02766,Steel Commercial 2766,C06,Steel,S0106,16.39,25.74,15.63,Active
P02767,Paint Standard 2767,C07,Paint,S0171,26.3,43.57,10.48,Active
P02768,Flooring Premium 2768,C08,Flooring,S0086,34.81,40.6,3.19,Active
P02769,Plumbing Premium 2769,C09,Plumbing,S0069,14.5,17.26,1.23,Active
P02770,Electrical Commercial 2770,C10,Electrical,S0113,40.26,51.24,3.03,Active
P02771,Tools Premium 2771,C11,Tools,S0094,29.75,51.8,12.6,Active
P02772,Fasteners Premium 2772,C12,Fasteners,S0109,41.33,55.57,3.05,Active
P02773,Doors Pro 2773,C13,Doors,S0001,25.9,38.78,40.58,Active
P02774,Windows Standard 2774,C14,Windows,S0074,90.02,105.95,21.95,Active
P02775,Concrete Accessories Premium 2775,C15,Concrete Accessories,S0222,34.34,48.57,3.65,Active
P02776,Cement Commercial 2776,C01,Cement,S0236,44.84,67.45,7.83,Active
P02777,Drywall Standard 2777,C02,Drywall,S0051,40.14,49.79,5.11,Active
P02778,Lumber Commercial 2778,C03,Lumber,S0050,24.02,31.72,10.46,Active
P02779,Roofing Commercial 2779,C04,Roofing,S0137,32.21,56.4,14.07,Active
P02780,Insulation Premium 2780,C05,Insulation,S0158,18.08,30.59,2.69,Active
P02781,Steel Premium 2781,C06,Steel,S0213,84.55,117.3,84.8,Active
P02782,Paint Pro 2782,C07,Paint,S0030,37.08,48.47,2.74,Active
P02783,Flooring Standard 2783,C08,Flooring,S0118,15.78,25.02,14.27,Active
P02784,Plumbing Standard 2784,C09,Plumbing,S0046,69.32,99.21,3.03,Active
P02785,Electrical Commercial 2785,C10,Electrical,S0225,24.85,33.75,10.77,Active
P02786,Tools Standard 2786,C11,Tools,S0072,49.66,76.74,6.62,Active
P02787,Fasteners Pro 2787,C12,Fasteners,S0184,9.07,13.96,15.79,Active
P02788,Doors Standard 2788,C13,Doors,S0134,59.58,107.07,8.38,Active
P02789,Windows Standard 2789,C14,Windows,S0230,36.01,44.6,5.89,Active
P02790,Concrete Accessories Premium 2790,C15,Concrete Accessories,S0225,15.0,17.63,22.73,Active
P02791,Cement Standard 2791,C01,Cement,S0165,35.56,61.88,14.03,Active
P02792,Drywall Commercial 2792,C02,Drywall,S0203,77.59,91.91,3.49,Active
P02793,Lumber Standard 2793,C03,Lumber,S0114,18.42,31.19,10.4,Active
P02794,Roofing Commercial 2794,C04,Roofing,S0034,18.26,29.64,18.26,Active
P02795,Insulation Standard 2795,C05,Insulation,S0162,23.78,27.27,3.69,Active
P02796,Steel Commercial 2796,C06,Steel,S0017,28.39,44.15,10.52,Active
P02797,Paint Pro 2797,C07,Paint,S0056,52.16,70.4,12.86,Active
P02798,Flooring Commercial 2798,C08,Flooring,S0097,37.44,64.31,12.04,Active
P02799,Plumbing Pro 2799,C09,Plumbing,S0024,23.77,38.44,4.74,Active
P02800,Electrical Standard 2800,C10,Electrical,S0115,33.19,39.55,6.69,Active
P02801,Tools Standard 2801,C11,Tools,S0001,88.49,131.5,30.2,Active
P02802,Fasteners Standard 2802,C12,Fasteners,S0093,42.22,75.07,12.69,Active
P02803,Doors Pro 2803,C13,Doors,S0077,25.49,42.6,2.9,Active
P02804,Windows Premium 2804,C14,Windows,S0023,23.31,40.59,9.89,Active
P02805,Concrete Accessories Commercial 2805,C15,Concrete Accessories,S0097,31.84,55.79,13.77,Active
P02806,Cement Pro 2806,C01,Cement,S0029,51.67,72.13,4.84,Active
P02807,Drywall Commercial 2807,C02,Drywall,S0202,16.81,20.07,33.31,Active
P02808,Lumber Standard 2808,C03,,S0052,46.51,52.9,6.35,Active
P02809,Roofing Commercial 2809,C04,Roofing,S0183,25.15,34.45,8.23,Active
P02810,Insulation Premium 2810,C05,Insulation,S0048,27.72,44.68,13.81,Active
P02811,Steel Standard 2811,C06,Steel,S0165,159.89,186.87,10.71,Active
P02812,Paint Premium 2812,C07,Paint,S0044,43.11,78.96,1.98,Active
P02813,Flooring Pro 2813,C08,Flooring,S0052,19.31,24.66,27.27,Active
P02814,Plumbing Commercial 2814,C09,Plumbing,S0017,35.93,62.91,0.17,Active
P02815,Electrical Commercial 2815,C10,Electrical,S0051,43.46,54.7,50.72,Active
P02816,Tools Premium 2816,C11,Tools,S0015,6.71,7.69,35.43,Active
P02817,Fasteners Commercial 2817,C12,Fasteners,S0122,3.89,6.51,20.99,Active
P02818,Doors Standard 2818,C13,Doors,S0205,26.95,39.71,1.09,Active
P02819,Windows Premium 2819,C14,Windows,S0070,37.05,45.76,25.43,Active
P02820,Concrete Accessories Pro 2820,C15,Concrete Accessories,S0031,34.98,55.99,15.28,Active
P02821,Cement Premium 2821,C01,Cement,S0006,20.32,34.48,1.69,Active
P02822,Drywall Pro 2822,C02,Drywall,S0017,44.01,78.11,43.59,Active
P02823,Lumber Premium 2823,C03,Lumber,S0197,59.78,102.49,1.51,Active
P02824,Roofing Pro 2824,C04,Roofing,S0225,9.39,11.74,4.21,Active
P02825,Insulation Standard 2825,C05,Insulation,S0203,8.89,12.86,9.39,Active
P02826,Steel Pro 2826,C06,Steel,S0067,35.71,47.42,2.49,Active
P02827,Paint Standard 2827,C07,Paint,S0120,46.71,68.02,15.5,Active
P02828,Flooring Standard 2828,C08,Flooring,S0196,18.47,32.71,7.73,Active
P02829,Plumbing Commercial 2829,C09,Plumbing,S0002,6.93,11.51,6.69,Active
P02830,Electrical Commercial 2830,C10,Electrical,S0080,27.25,37.47,10.51,Active
P02831,Tools Premium 2831,C11,Tools,S0217,35.35,44.57,11.24,Active
P02832,Fasteners Premium 2832,C12,Fasteners,S0035,22.53,25.72,11.68,Active
P02833,Doors Pro 2833,C13,Doors,S0095,54.68,84.29,8.28,Active
P02834,Windows Pro 2834,C14,Windows,S0090,33.86,54.57,7.63,Active
P02835,Concrete Accessories Standard 2835,C15,Concrete Accessories,S0118,17.24,21.04,14.45,Active
P02836,Cement Premium 2836,C01,Cement,S0117,18.38,21.27,12.78,Active
P02837,Drywall Commercial 2837,C02,Drywall,S0195,27.65,37.72,6.87,Active
P02838,Lumber Pro 2838,C03,Lumber,S0090,21.55,27.28,5.71,Active
P02839,Roofing Premium 2839,C04,Roofing,S0227,8.57,13.28,12.74,Active
P02840,Insulation Standard 2840,C05,Insulation,S0228,31.88,50.95,19.39,Active
P02841,Steel Commercial 2841,C06,Steel,S0232,18.69,28.86,49.69,Active
P02842,Paint Commercial 2842,C07,Paint,S0036,20.78,27.96,4.11,Active
P02843,Flooring Commercial 2843,C08,Flooring,S0136,13.52,19.8,1.9,Active
P02844,Plumbing Commercial 2844,C09,Plumbing,S0127,79.27,92.23,31.0,Active
P02845,Electrical Pro 2845,C10,Electrical,S0034,41.29,56.47,4.03,Active
P02846,Tools Commercial 2846,C11,Tools,S0139,96.34,113.74,6.58,Active
P02847,Fasteners Standard 2847,C12,Fasteners,S0038,22.46,37.39,32.9,Active
P02848,Doors Commercial 2848,C13,Doors,S0145,43.0,51.03,65.43,Active
P02849,Windows Standard 2849,C14,Windows,S0015,32.27,56.75,6.31,Active
P02850,Concrete Accessories Pro 2850,C15,Concrete Accessories,S0176,17.67,22.69,1.71,Active
P02851,Cement Premium 2851,C01,Cement,S0076,22.31,29.74,25.28,Active
P02852,Drywall Commercial 2852,C02,Drywall,S0081,41.23,65.14,9.19,Active
P02853,Lumber Pro 2853,C03,Lumber,S0165,13.51,21.22,11.07,Active
P02854,Roofing Premium 2854,C04,Roofing,S0007,55.09,67.18,13.3,Active
P02855,Insulation Standard 2855,C05,Insulation,S0050,30.47,36.27,4.4,Active
P02856,Steel Pro 2856,C06,Steel,S0137,49.75,68.65,0.54,Active
P02857,Paint Commercial 2857,C07,Paint,S0101,35.45,42.23,91.22,Active
P02858,Flooring Pro 2858,C08,Flooring,S0121,9.43,12.75,7.26,Active
P02859,Plumbing Standard 2859,C09,Plumbing,S0193,26.96,44.82,5.95,Active
P02860,Electrical Standard 2860,C10,Electrical,S0022,56.01,69.03,13.81,Active
P02861,Tools Standard 2861,C11,Tools,S0223,30.16,38.7,18.5,Active
P02862,Fasteners Premium 2862,C12,Fasteners,S0097,27.43,34.52,157.89,Active
P02863,Doors Pro 2863,C13,Doors,S0134,30.14,45.58,10.76,Active
P02864,Windows Commercial 2864,C14,Windows,S0175,8.19,9.83,5.53,Active
P02865,Concrete Accessories Premium 2865,C15,Concrete Accessories,S0220,60.53,81.74,2.71,Active
P02866,Cement Premium 2866,C01,Cement,S0042,5.99,8.78,9.29,Active
P02867,Drywall Premium 2867,C02,Drywall,S0134,70.78,98.8,9.38,Active
P02868,Lumber Pro 2868,C03,Lumber,S0157,21.43,26.13,1.69,Active
P02869,Roofing Standard 2869,C04,Roofing,S0179,37.21,44.22,16.37,Active
P02870,Insulation Pro 2870,C05,Insulation,S0065,7.79,12.23,25.06,Active
P02871,Steel Premium 2871,C06,Steel,S0201,46.34,60.71,25.01,Active
P02872,Paint Pro 2872,C07,Paint,S0169,40.79,71.0,16.25,Active
P02873,Flooring Standard 2873,C08,Flooring,S0227,39.04,71.28,19.72,Active
P02874,Plumbing Premium 2874,C09,Plumbing,S0087,7.59,10.38,2.34,Active
P02875,Electrical Premium 2875,C10,Electrical,S0011,16.2,23.02,8.03,Active
P02876,Tools Commercial 2876,C11,Tools,S0056,35.58,44.72,12.09,Active
P02877,Fasteners Premium 2877,C12,Fasteners,S0084,59.26,78.23,25.37,Active
P02878,Doors Standard 2878,C13,Doors,S0153,14.72,19.21,11.19,Active
P02879,Windows Premium 2879,C14,Windows,S0098,14.98,18.83,7.62,Active
P02880,Concrete Accessories Commercial 2880,C15,Concrete Accessories,S0003,33.96,52.83,0.42,Active
P02881,Cement Standard 2881,C01,Cement,S0040,146.62,211.35,15.03,Active
P02882,Drywall Commercial 2882,C02,Drywall,S0224,17.87,23.55,51.14,Active
P02883,Lumber Premium 2883,C03,Lumber,S0019,21.26,33.27,10.17,Active
P02884,Roofing Standard 2884,C04,Roofing,S0084,19.28,22.46,39.92,Active
P02885,Insulation Standard 2885,C05,Insulation,S0232,25.19,40.22,10.32,Active
P02886,Steel Standard 2886,C06,Steel,S0214,62.97,77.77,15.28,Active
P02887,Paint Standard 2887,C07,Paint,S0238,26.1,44.53,24.52,Active
P02888,Flooring Premium 2888,C08,Flooring,S0085,160.28,223.59,12.01,Active
P02889,Plumbing Standard 2889,C09,Plumbing,S0083,29.42,33.91,10.52,Active
P02890,Electrical Standard 2890,C10,Electrical,S0034,67.85,114.82,5.26,Active
P02891,Tools Standard 2891,C11,Tools,S0149,22.31,25.67,2.26,Active
P02892,Fasteners Pro 2892,C12,Fasteners,S0102,11.84,13.61,5.66,Active
P02893,Doors Standard 2893,C13,Doors,S0095,26.07,30.22,44.35,Active
P02894,Windows Commercial 2894,C14,Windows,S0169,39.46,69.13,3.97,Active
P02895,Concrete Accessories Standard 2895,C15,Concrete Accessories,S0170,16.29,26.42,31.1,Active
P02896,Cement Premium 2896,C01,Cement,S0057,59.66,106.69,9.26,Active
P02897,Drywall Commercial 2897,C02,Drywall,S0110,19.89,23.83,24.84,Active
P02898,Lumber Pro 2898,C03,Lumber,S0250,13.53,22.2,12.84,Active
P02899,Roofing Standard 2899,C04,Roofing,S0091,133.07,171.17,10.86,Active
P02900,Insulation Commercial 2900,C05,Insulation,S0127,15.75,27.2,13.06,Active
P02901,Steel Commercial 2901,C06,Steel,S0141,19.51,23.3,2.57,Active
P02902,Paint Standard 2902,C07,Paint,S0046,44.29,58.11,24.68,Active
P02903,Flooring Standard 2903,C08,Flooring,S0166,21.81,24.92,6.43,Active
P02904,Plumbing Premium 2904,C09,Plumbing,S0063,13.83,17.04,7.89,Active
P02905,Electrical Premium 2905,C10,Electrical,S0134,18.29,30.74,3.63,Active
P02906,Tools Premium 2906,C11,Tools,S0021,101.95,157.46,13.73,Active
P02907,Fasteners Standard 2907,C12,Fasteners,S0061,40.47,56.79,19.99,Active
P02908,Doors Commercial 2908,C13,Doors,S0154,46.51,63.74,6.22,Active
P02909,Windows Standard 2909,C14,Windows,S0013,32.81,53.67,7.08,Active
P02910,Concrete Accessories Premium 2910,C15,Concrete Accessories,S0043,36.85,57.41,12.27,Active
P02911,Cement Commercial 2911,C01,Cement,S0133,20.74,32.06,2.73,Active
P02912,Drywall Standard 2912,C02,Drywall,S0200,30.04,40.64,7.51,Active
P02913,Lumber Pro 2913,C03,Lumber,S0013,7.22,8.63,14.25,Active
P02914,Roofing Standard 2914,C04,Roofing,S0065,53.29,87.58,87.84,Active
P02915,Insulation Pro 2915,C05,Insulation,S0072,20.62,32.62,5.56,Active
P02916,Steel Standard 2916,C06,Steel,S0132,12.47,15.38,10.89,Active
P02917,Paint Pro 2917,C07,Paint,S0119,31.24,38.9,4.35,Active
P02918,Flooring Commercial 2918,C08,Flooring,S0228,23.99,39.78,1.52,Active
P02919,Plumbing Standard 2919,C09,Plumbing,S0078,51.86,65.29,4.51,Active
P02920,Electrical Standard 2920,C10,,S0228,26.46,38.36,2.5,Active
P02921,Tools Standard 2921,C11,Tools,S0092,18.04,21.97,7.02,Active
P02922,Fasteners Premium 2922,C12,Fasteners,S0151,26.9,43.57,13.9,Active
P02923,Doors Commercial 2923,C13,Doors,S0033,74.24,108.69,17.45,Active
P02924,Windows Commercial 2924,C14,Windows,S0097,53.17,78.62,33.16,Active
P02925,Concrete Accessories Standard 2925,C15,Concrete Accessories,S0144,40.4,48.9,8.73,Active
P02926,Cement Premium 2926,C01,Cement,S0236,54.95,84.97,23.71,Active
P02927,Drywall Commercial 2927,C02,Drywall,S0217,42.69,54.54,2.44,Active
P02928,Lumber Premium 2928,C03,Lumber,S0077,15.04,17.23,7.05,Active
P02929,Roofing Standard 2929,C04,Roofing,S0018,46.79,85.33,8.85,Active
P02930,Insulation Pro 2930,C05,Insulation,S0233,60.09,108.29,29.48,Active
P02931,Steel Pro 2931,C06,Steel,S0089,62.77,88.62,26.71,Active
P02932,Paint Commercial 2932,C07,Paint,S0146,13.12,24.27,13.93,Active
P02933,Flooring Standard 2933,C08,Flooring,S0033,17.72,21.07,2.05,Active
P02934,Plumbing Standard 2934,C09,Plumbing,S0204,22.17,31.49,29.73,Active
P02935,Electrical Commercial 2935,C10,Electrical,S0113,37.43,51.08,55.48,Active
P02936,Tools Pro 2936,C11,Tools,S0073,30.69,54.08,81.7,Active
P02937,Fasteners Premium 2937,C12,Fasteners,S0165,30.7,54.79,9.21,Active
P02938,Doors Commercial 2938,C13,,S0015,11.07,16.19,24.52,Active
P02939,Windows Premium 2939,C14,Windows,S0222,19.08,25.15,5.04,Active
P02940,Concrete Accessories Standard 2940,C15,Concrete Accessories,S0050,66.48,107.03,25.6,Active
P02941,Cement Pro 2941,C01,Cement,S0036,59.89,92.73,6.51,Active
P02942,Drywall Pro 2942,C02,Drywall,S0212,26.16,31.09,8.55,Active
P02943,Lumber Premium 2943,C03,Lumber,S0008,46.89,60.77,36.53,Active
P02944,Roofing Standard 2944,C04,Roofing,S0005,35.08,42.23,53.38,Active
P02945,Insulation Premium 2945,C05,Insulation,S0121,50.81,75.91,7.31,Active
P02946,Steel Pro 2946,C06,Steel,S0184,48.43,61.53,41.9,Active
P02947,Paint Commercial 2947,C07,Paint,S0129,109.82,129.99,26.26,Active
P02948,Flooring Standard 2948,C08,Flooring,S0187,27.6,43.54,7.43,Active
P02949,Plumbing Commercial 2949,C09,Plumbing,S0244,40.58,54.63,40.71,Active
P02950,Electrical Pro 2950,C10,Electrical,S0053,36.73,64.47,13.59,Active
P02951,Tools Standard 2951,C11,Tools,S0156,28.11,33.13,6.72,Active
P02952,Fasteners Premium 2952,C12,Fasteners,S0208,24.2,28.4,10.19,Active
P02953,Doors Commercial 2953,C13,Doors,S0039,90.26,107.83,7.27,Active
P02954,Windows Premium 2954,C14,Windows,S0227,28.13,35.42,4.14,Active
P02955,Concrete Accessories Standard 2955,C15,Concrete Accessories,S0225,44.77,57.55,30.88,Active
P02956,Cement Pro 2956,C01,Cement,S0083,84.53,119.29,10.84,Active
P02957,Drywall Premium 2957,C02,Drywall,S0063,40.53,54.93,7.86,Active
P02958,Lumber Pro 2958,C03,Lumber,S0153,39.24,46.84,11.97,Active
P02959,Roofing Commercial 2959,C04,Roofing,S0064,28.24,32.36,10.22,Active
P02960,Insulation Pro 2960,C05,Insulation,S0025,37.2,62.56,6.93,Active
P02961,Steel Commercial 2961,C06,Steel,S0114,22.88,26.65,41.96,Active
P02962,Paint Standard 2962,C07,Paint,S0217,180.8,314.33,3.05,Active
P02963,Flooring Premium 2963,C08,Flooring,S0238,11.23,14.84,3.81,Active
P02964,Plumbing Pro 2964,C09,Plumbing,S0176,25.22,31.39,20.21,Active
P02965,Electrical Premium 2965,C10,Electrical,S0205,41.01,67.91,10.54,Active
P02966,Tools Premium 2966,C11,Tools,S0224,39.26,47.89,4.84,Active
P02967,Fasteners Pro 2967,C12,Fasteners,S0185,22.85,26.95,8.86,Active
P02968,Doors Pro 2968,C13,Doors,S0027,8.94,10.41,3.17,Active
P02969,Windows Pro 2969,C14,Windows,S0245,12.37,15.94,17.95,Active
P02970,Concrete Accessories Standard 2970,C15,Concrete Accessories,S0164,32.19,59.09,15.64,Active
P02971,Cement Standard 2971,C01,Cement,S0172,7.48,9.96,2.37,Active
P02972,Drywall Commercial 2972,C02,Drywall,S0125,43.13,62.26,0.74,Active
P02973,Lumber Premium 2973,C03,Lumber,S0167,63.89,102.14,1.75,Active
P02974,Roofing Premium 2974,C04,Roofing,S0106,48.93,73.24,4.06,Active
P02975,Insulation Premium 2975,C05,Insulation,S0024,56.5,71.43,161.96,Active
P02976,Steel Commercial 2976,C06,Steel,S0017,5.52,7.4,16.88,Active
P02977,Paint Premium 2977,C07,Paint,S0077,7.65,12.93,13.25,Active
P02978,Flooring Standard 2978,C08,Flooring,S0036,23.46,31.7,10.14,Active
P02979,Plumbing Premium 2979,C09,Plumbing,S0109,14.32,16.93,18.22,Active
P02980,Electrical Standard 2980,C10,Electrical,S0239,9.84,17.12,27.59,Active
P02981,Tools Standard 2981,C11,Tools,S0222,20.36,23.96,2.55,Active
P02982,Fasteners Standard 2982,C12,Fasteners,S0156,82.8,152.03,8.49,Active
P02983,Doors Premium 2983,C13,Doors,S0086,103.06,161.52,27.09,Active
P02984,Windows Pro 2984,C14,Windows,S0106,15.51,25.7,8.36,Active
P02985,Concrete Accessories Premium 2985,C15,Concrete Accessories,S0021,29.51,35.64,35.65,Active
P02986,Cement Premium 2986,C01,Cement,S0013,36.83,52.53,10.58,Active
P02987,Drywall Standard 2987,C02,Drywall,S0120,23.57,30.23,8.62,Active
P02988,Lumber Pro 2988,C03,Lumber,S0205,67.57,96.16,9.06,Active
P02989,Roofing Premium 2989,C04,Roofing,S0099,20.56,27.35,5.43,Active
P02990,Insulation Standard 2990,C05,Insulation,S0203,18.4,26.63,2.56,Active
P02991,Steel Pro 2991,C06,Steel,S0241,16.03,26.15,34.76,Active
P02992,Paint Standard 2992,C07,Paint,S0172,23.46,31.85,17.01,Active
P02993,Flooring Premium 2993,C08,Flooring,S0080,4.78,6.56,15.05,Active
P02994,Plumbing Commercial 2994,C09,Plumbing,S0010,24.22,39.33,5.85,Active
P02995,Electrical Commercial 2995,C10,Electrical,S0116,30.77,37.81,5.78,Active
P02996,Tools Standard 2996,C11,Tools,S0027,6.13,8.38,20.7,Active
P02997,Fasteners Commercial 2997,C12,Fasteners,S0240,32.14,40.97,6.8,Active
P02998,Doors Standard 2998,C13,Doors,S0033,13.79,16.83,2.4,Active
P02999,Windows Premium 2999,C14,Windows,S0033,31.71,58.04,38.56,Active
P03000,Concrete Accessories Pro 3000,C15,Concrete Accessories,S0143,31.26,55.87,2.6,Active
