ReturnID,OrderID,ProductID,ReturnDate,ReturnQty,ReturnReason,Disposition,ReturnValue
RT0000001,O00040429,P00007,2025-06-20,1,Quality Issue,Credit Memo,33.89
RT0000002,O00024606,P02707,2023-08-23,2,Customer Changed Mind,Credit Memo,61.9
RT0000003,O00068439,P00002,2024-08-30,2,Quality Issue,Credit Memo,136.79
RT0000004,O00020208,P02450,2023-05-23,1,Damaged in Transit,Credit Memo,37.01
RT0000005,O00086847,P00005,2025-08-01,2,Late Delivery,Replacement,108.85
RT0000006,O00039371,P01281,2024-08-12,2,Quality Issue,Refund,85.6
RT0000007,O00051005,P00671,2025-06-16,1,Customer Changed Mind,Replacement,21.89
RT0000008,O00073427,P01714,2025-07-06,1,Excess Quantity,Replacement,54.54
RT0000009,O00072144,P01868,2023-06-06,16,Customer Changed Mind,Refund,598.17
RT0000010,O00048166,P00049,2025-10-09,3,Late Delivery,Credit Memo,46.48
RT0000011,O00032931,P01908,2024-02-27,1,Late Delivery,Credit Memo,95.04
RT0000012,O00054448,P01088,2025-09-30,2,Quality Issue,Replacement,113.31
RT0000013,O00011395,P00019,2025-06-13,1,Quality Issue,Replacement,38.18
RT0000014,O00007581,P02611,2026-02-16,8,Late Delivery,Replacement,594.76
RT0000015,O00010482,P00317,2023-10-13,3,Excess Quantity,Replacement,89.48
RT0000016,O00061128,P01484,2024-09-29,4,Quality Issue,Refund,399.34
RT0000017,O00000324,P01798,2025-11-21,12,Late Delivery,Refund,385.55
RT0000018,O00023689,P00714,2024-01-20,3,Quality Issue,Refund,203.2
RT0000019,O00019210,P00001,2024-06-10,10,Damaged in Transit,Credit Memo,379.46
RT0000020,O00059936,P00176,2023-11-29,3,Quality Issue,Refund,182.86
RT0000021,O00071508,P00014,2025-06-12,2,Excess Quantity,Refund,99.98
RT0000022,O00039061,P01013,2025-08-30,4,Damaged in Transit,Replacement,66.0
RT0000023,O00037339,P00625,2024-01-24,3,Excess Quantity,Refund,112.12
RT0000024,O00049813,P00031,2025-09-11,5,Customer Changed Mind,Credit Memo,52.06
RT0000025,O00039472,P01185,2026-02-06,3,Damaged in Transit,Replacement,57.69
RT0000026,O00013683,P00380,2023-08-01,1,Late Delivery,Credit Memo,53.95
RT0000027,O00051375,P01020,2025-05-19,3,Wrong Product,Credit Memo,56.74
RT0000028,O00048838,P00133,2023-11-09,6,Damaged in Transit,Credit Memo,381.22
RT0000029,O00034203,P00028,2023-05-18,4,Customer Changed Mind,Replacement,108.53
RT0000030,O00025937,P00291,2025-08-31,1,Excess Quantity,Refund,7.89
RT0000031,O00022053,P01941,2026-01-27,1,Damaged in Transit,Replacement,33.84
RT0000032,O00066200,P01184,2025-01-31,1,Damaged in Transit,Credit Memo,68.22
RT0000033,O00035385,P02369,2024-02-28,1,Wrong Product,Refund,19.4
RT0000034,O00048201,P00222,2024-01-07,2,Customer Changed Mind,Refund,106.67
RT0000035,O00008058,P02932,2025-09-01,2,Customer Changed Mind,Replacement,47.14
RT0000036,O00064847,P00547,2025-05-24,3,Late Delivery,Credit Memo,183.57
RT0000037,O00030872,P00179,2023-08-05,2,Quality Issue,Refund,89.66
RT0000038,O00041758,P01139,2024-09-28,2,Damaged in Transit,Replacement,31.54
RT0000039,O00001597,P01658,2024-06-02,1,Damaged in Transit,Credit Memo,80.29
RT0000040,O00026862,P00280,2025-09-23,1,Wrong Product,Refund,18.46
RT0000041,O00070995,P00007,2025-04-18,3,Damaged in Transit,Refund,108.98
RT0000042,O00002555,P01246,2023-06-06,7,Excess Quantity,Refund,540.96
RT0000043,O00074288,P00034,2024-04-06,2,Late Delivery,Credit Memo,51.04
RT0000044,O00094058,P00343,2025-10-07,6,Damaged in Transit,Credit Memo,169.31
RT0000045,O00053139,P00164,2024-04-02,1,Wrong Product,Refund,9.31
RT0000046,O00012624,P00010,2025-03-24,1,Damaged in Transit,Credit Memo,61.83
RT0000047,O00028319,P00681,2025-08-16,2,Excess Quantity,Credit Memo,59.81
RT0000048,O00041067,P00350,2024-03-08,2,Excess Quantity,Replacement,33.62
RT0000049,O00017387,P01924,2025-09-15,3,Excess Quantity,Replacement,114.11
RT0000050,O00018453,P00807,2025-04-21,1,Damaged in Transit,Refund,46.52
RT0000051,O00043033,P00704,2024-03-18,9,Late Delivery,Credit Memo,455.31
RT0000052,O00017281,P01383,2023-10-02,4,Quality Issue,Credit Memo,142.86
RT0000053,O00046669,P00004,2025-11-06,1,Damaged in Transit,Replacement,44.56
RT0000054,O00084839,P00160,2024-05-03,1,Damaged in Transit,Refund,67.72
RT0000055,O00074573,P00051,2023-07-06,3,Damaged in Transit,Credit Memo,95.11
RT0000056,O00009268,P00002,2025-06-21,3,Quality Issue,Credit Memo,229.83
RT0000057,O00075956,P00145,2023-04-12,3,Damaged in Transit,Credit Memo,70.45
RT0000058,O00032121,P00159,2023-04-10,3,Wrong Product,Refund,100.8
RT0000059,O00044807,P01154,2024-08-07,3,Quality Issue,Replacement,403.45
RT0000060,O00008663,P01999,2023-02-12,1,Damaged in Transit,Credit Memo,61.08
RT0000061,O00082452,P01144,2025-07-21,4,Wrong Product,Credit Memo,317.91
RT0000062,O00010681,P00508,2024-08-20,4,Customer Changed Mind,Refund,92.11
RT0000063,O00062459,P00002,2025-02-17,1,Customer Changed Mind,Refund,74.89
RT0000064,O00059687,P00002,2023-06-02,10,Late Delivery,Refund,617.35
RT0000065,O00049824,P02156,2023-12-01,5,Customer Changed Mind,Refund,198.65
RT0000066,O00022999,P01411,2023-12-02,6,Customer Changed Mind,Refund,87.88
RT0000067,O00058478,P01538,2024-01-21,9,Quality Issue,Credit Memo,850.27
RT0000068,O00040675,P00013,2023-05-17,2,Excess Quantity,Replacement,55.7
RT0000069,O00077825,P00620,2024-02-23,3,Damaged in Transit,Replacement,174.36
RT0000070,O00078394,P00241,2024-08-15,3,Quality Issue,Replacement,131.85
RT0000071,O00000483,P01061,2024-10-26,3,Late Delivery,Credit Memo,160.94
RT0000072,O00098957,P00397,2023-05-10,2,Late Delivery,Refund,114.08
RT0000073,O00097014,P00135,2023-12-14,7,Customer Changed Mind,Replacement,264.8
RT0000074,O00069747,P00215,2023-09-27,3,Damaged in Transit,Credit Memo,34.96
RT0000075,O00068108,P02696,2025-08-11,4,Quality Issue,Replacement,460.87
RT0000076,O00049088,P02511,2023-03-14,1,Wrong Product,Refund,21.21
RT0000077,O00059135,P02389,2023-05-25,1,Late Delivery,Refund,19.48
RT0000078,O00036416,P00005,2025-07-20,3,Customer Changed Mind,Credit Memo,156.05
RT0000079,O00089074,P00228,2023-04-25,1,Damaged in Transit,Refund,34.36
RT0000080,O00028581,P01094,2023-03-07,3,Damaged in Transit,Replacement,103.45
RT0000081,O00046480,P00001,2025-08-22,2,Damaged in Transit,Refund,80.26
RT0000082,O00069188,P00719,2025-07-04,2,Wrong Product,Credit Memo,60.72
RT0000083,O00037618,P00006,2025-11-02,1,Quality Issue,Refund,70.95
RT0000084,O00009008,P00003,2025-08-08,2,Wrong Product,Replacement,18.04
RT0000085,O00040516,P01617,2025-07-22,1,Quality Issue,Replacement,17.38
RT0000086,O00016341,P00001,2023-10-17,4,Damaged in Transit,Refund,147.02
RT0000087,O00090223,P00001,2025-06-28,3,Late Delivery,Refund,116.51
RT0000088,O00050832,P00241,2025-03-15,1,Damaged in Transit,Refund,48.45
RT0000089,O00075587,P00175,2023-10-26,2,Damaged in Transit,Refund,26.02
RT0000090,O00067817,P02117,2023-03-28,2,Wrong Product,Refund,43.6
RT0000091,O00051384,P02889,2025-04-01,2,Wrong Product,Replacement,69.4
RT0000092,O00069904,P01210,2024-06-06,2,Quality Issue,Refund,94.96
RT0000093,O00056040,P01539,2024-07-13,3,Quality Issue,Credit Memo,125.49
RT0000094,O00061403,P00718,2023-10-06,6,Quality Issue,Credit Memo,347.64
RT0000095,O00056460,P00148,2023-02-15,1,Customer Changed Mind,Replacement,32.46
RT0000096,O00078632,P00006,2025-02-03,3,Damaged in Transit,Replacement,177.66
RT0000097,O00035680,P00007,2024-09-21,2,Wrong Product,Replacement,69.86
RT0000098,O00038909,P01025,2025-08-09,8,Late Delivery,Refund,295.07
RT0000099,O00074959,P00237,2024-12-03,1,Customer Changed Mind,Refund,30.88
RT0000100,O00078613,P01028,2024-07-27,2,Customer Changed Mind,Replacement,95.1
RT0000101,O00099029,P00012,2023-05-19,5,Damaged in Transit,Replacement,572.49
RT0000102,O00060563,P01154,2024-05-24,7,Late Delivery,Refund,944.76
RT0000103,O00093599,P01235,2024-11-11,2,Late Delivery,Replacement,101.16
RT0000104,O00089328,P00108,2023-12-08,4,Late Delivery,Refund,113.53
RT0000105,O00059511,P00613,2025-02-24,2,Damaged in Transit,Refund,50.99
RT0000106,O00077154,P00005,2025-08-20,3,Damaged in Transit,Replacement,148.98
RT0000107,O00077528,P00911,2023-08-02,1,Damaged in Transit,Credit Memo,9.19
RT0000108,O00030859,P02495,2023-06-12,1,Damaged in Transit,Refund,22.36
RT0000109,O00014885,P00022,2025-05-10,1,Damaged in Transit,Refund,23.65
RT0000110,O00070396,P00538,2023-10-08,1,Excess Quantity,Replacement,14.97
RT0000111,O00070660,P02453,2024-07-27,4,Customer Changed Mind,Replacement,561.16
RT0000112,O00003724,P02195,2023-07-29,1,Quality Issue,Refund,10.65
RT0000113,O00067525,P00591,2024-10-17,1,Damaged in Transit,Replacement,17.28
RT0000114,O00021505,P02861,2024-10-16,6,Damaged in Transit,Credit Memo,244.38
RT0000115,O00028022,P00244,2025-07-31,3,Late Delivery,Credit Memo,72.82
RT0000116,O00004901,P00010,2025-07-07,7,Wrong Product,Replacement,460.58
RT0000117,O00025876,P01514,2025-06-03,2,Wrong Product,Credit Memo,109.35
RT0000118,O00034955,P01776,2025-02-13,2,Wrong Product,Replacement,61.83
RT0000119,O00023315,P01591,2023-07-04,4,Quality Issue,Replacement,89.41
RT0000120,O00095619,P02780,2023-05-21,1,Customer Changed Mind,Refund,27.13
RT0000121,O00079090,P01939,2024-07-13,1,Excess Quantity,Replacement,21.88
RT0000122,O00015275,P00097,2025-12-20,1,Wrong Product,Refund,29.03
RT0000123,O00059995,P02165,2025-11-26,4,Quality Issue,Replacement,308.48
RT0000124,O00075944,P00605,2023-08-08,2,Late Delivery,Refund,330.38
RT0000125,O00017029,P00021,2024-08-22,4,Wrong Product,Replacement,238.37
RT0000126,O00052772,P00052,2025-12-10,13,Late Delivery,Replacement,457.34
RT0000127,O00093648,P00347,2023-07-16,1,Quality Issue,Credit Memo,68.39
RT0000128,O00049017,P00104,2024-04-07,6,Late Delivery,Refund,125.04
RT0000129,O00001900,P00050,2025-10-07,5,Quality Issue,Refund,236.05
RT0000130,O00095424,P00002,2024-02-29,2,Wrong Product,Replacement,137.03
RT0000131,O00013365,P00688,2024-12-17,2,Excess Quantity,Refund,85.98
RT0000132,O00019413,P00305,2025-04-29,2,Wrong Product,Refund,23.82
RT0000133,O00070242,P02797,2023-09-14,1,Late Delivery,Credit Memo,61.88
RT0000134,O00088721,P02620,2025-10-12,4,Damaged in Transit,Credit Memo,74.15
RT0000135,O00062979,P00034,2024-01-13,5,Damaged in Transit,Credit Memo,125.65
RT0000136,O00063665,P02868,2025-06-26,3,Quality Issue,Replacement,76.35
RT0000137,O00047176,P00037,2025-08-11,2,Quality Issue,Refund,37.05
RT0000138,O00067402,P01745,2024-06-04,1,Wrong Product,Credit Memo,36.69
RT0000139,O00059996,P02188,2025-02-13,5,Quality Issue,Replacement,292.67
RT0000140,O00039111,P00012,2023-07-01,3,Customer Changed Mind,Replacement,314.61
RT0000141,O00070746,P00100,2023-05-30,2,Damaged in Transit,Replacement,73.02
RT0000142,O00096332,P02495,2023-10-27,3,Wrong Product,Credit Memo,65.44
RT0000143,O00050999,P00083,2023-03-10,6,Late Delivery,Credit Memo,383.76
RT0000144,O00048932,P00739,2024-08-16,1,Late Delivery,Credit Memo,184.23
RT0000145,O00075973,P01588,2023-04-09,1,Wrong Product,Refund,76.97
RT0000146,O00074905,P02330,2024-08-22,1,Wrong Product,Replacement,24.22
RT0000147,O00001639,P00002,2023-08-28,2,Quality Issue,Credit Memo,132.09
RT0000148,O00009685,P01302,2023-05-21,3,Customer Changed Mind,Replacement,114.84
RT0000149,O00017504,P00240,2023-07-31,1,Quality Issue,Replacement,32.07
RT0000150,O00070759,P00197,2024-10-29,1,Damaged in Transit,Credit Memo,24.61
RT0000151,O00087906,P00479,2025-12-14,1,Excess Quantity,Credit Memo,39.77
RT0000152,O00065088,P01450,2024-01-16,2,Late Delivery,Refund,35.28
RT0000153,O00050128,P02689,2024-09-01,2,Quality Issue,Replacement,67.84
RT0000154,O00075524,P00002,2025-12-12,7,Customer Changed Mind,Replacement,578.97
RT0000155,O00050616,P00001,2024-03-19,3,Quality Issue,Refund,114.99
RT0000156,O00000280,P01597,2023-04-29,1,Damaged in Transit,Refund,35.34
RT0000157,O00096804,P02131,2025-10-22,4,Late Delivery,Refund,152.8
RT0000158,O00027796,P00310,2024-01-04,2,Wrong Product,Refund,48.21
RT0000159,O00068886,P02258,2026-01-17,6,Customer Changed Mind,Refund,267.39
RT0000160,O00038981,P01163,2024-05-27,3,Damaged in Transit,Replacement,22.41
RT0000161,O00009825,P00706,2024-11-02,11,Damaged in Transit,Refund,376.4
RT0000162,O00057261,P00966,2024-01-06,1,Customer Changed Mind,Refund,9.34
RT0000163,O00019240,P00015,2025-03-06,2,Damaged in Transit,Credit Memo,95.74
RT0000164,O00070196,P00436,2023-08-27,1,Wrong Product,Refund,44.16
RT0000165,O00075667,P00007,2023-12-06,1,Damaged in Transit,Credit Memo,31.52
RT0000166,O00042652,P00173,2025-10-04,2,Quality Issue,Replacement,249.17
RT0000167,O00031616,P00041,2025-08-09,6,Wrong Product,Refund,384.75
RT0000168,O00073967,P01327,2023-10-01,1,Wrong Product,Refund,83.39
RT0000169,O00046459,P00417,2024-08-15,2,Damaged in Transit,Refund,38.03
RT0000170,O00051972,P00346,2024-11-17,2,Customer Changed Mind,Replacement,119.16
RT0000171,O00014540,P00347,2023-06-04,4,Customer Changed Mind,Replacement,296.02
RT0000172,O00028807,P00974,2025-07-25,6,Wrong Product,Credit Memo,113.76
RT0000173,O00063942,P00202,2024-12-23,1,Quality Issue,Credit Memo,57.27
RT0000174,O00041995,P00189,2023-10-24,1,Late Delivery,Replacement,26.74
RT0000175,O00046977,P00280,2025-07-19,1,Quality Issue,Refund,19.23
RT0000176,O00002500,P00236,2023-12-19,6,Quality Issue,Replacement,322.8
RT0000177,O00018542,P00295,2025-06-08,7,Quality Issue,Refund,455.28
RT0000178,O00074915,P01747,2024-06-21,2,Late Delivery,Refund,61.36
RT0000179,O00035924,P00628,2023-05-29,5,Late Delivery,Replacement,83.72
RT0000180,O00067252,P00190,2024-08-05,2,Wrong Product,Replacement,199.83
RT0000181,O00047549,P00155,2023-05-23,2,Quality Issue,Replacement,110.32
RT0000182,O00032038,P00209,2023-11-17,9,Quality Issue,Credit Memo,829.26
RT0000183,O00016474,P00069,2023-03-15,4,Damaged in Transit,Replacement,177.35
RT0000184,O00086034,P00495,2025-04-10,1,Damaged in Transit,Replacement,27.41
RT0000185,O00025262,P01321,2024-07-29,3,Damaged in Transit,Credit Memo,131.84
RT0000186,O00029645,P01141,2023-09-11,5,Quality Issue,Credit Memo,606.37
RT0000187,O00002949,P00006,2023-10-09,1,Wrong Product,Refund,59.98
RT0000188,O00008875,P00184,2024-03-20,7,Excess Quantity,Credit Memo,150.53
RT0000189,O00056273,P01272,2024-12-26,1,Quality Issue,Refund,22.68
RT0000190,O00061060,P00038,2024-08-31,1,Wrong Product,Refund,39.49
RT0000191,O00060103,P01166,2023-06-15,4,Quality Issue,Replacement,89.26
RT0000192,O00069870,P00428,2024-09-25,2,Customer Changed Mind,Refund,73.49
RT0000193,O00034019,P00006,2024-12-02,2,Quality Issue,Credit Memo,137.24
RT0000194,O00041858,P00220,2024-02-27,3,Quality Issue,Credit Memo,69.43
RT0000195,O00051807,P00906,2024-07-28,1,Damaged in Transit,Credit Memo,11.6
RT0000196,O00079618,P00408,2024-03-24,2,Quality Issue,Replacement,48.28
RT0000197,O00058231,P00148,2023-08-05,4,Wrong Product,Refund,104.03
RT0000198,O00021765,P00029,2023-11-21,4,Quality Issue,Refund,142.16
RT0000199,O00098811,P01968,2023-11-29,2,Excess Quantity,Replacement,98.07
RT0000200,O00096240,P00771,2025-10-19,2,Quality Issue,Credit Memo,73.77
RT0000201,O00058687,P00005,2025-08-15,4,Late Delivery,Credit Memo,213.2
RT0000202,O00099775,P00023,2025-12-01,1,Quality Issue,Credit Memo,40.23
RT0000203,O00013376,P00368,2023-09-10,1,Customer Changed Mind,Replacement,50.29
RT0000204,O00056783,P02051,2023-04-21,2,Wrong Product,Credit Memo,95.6
RT0000205,O00060156,P01330,2023-10-05,1,Damaged in Transit,Replacement,25.63
RT0000206,O00088087,P00435,2024-11-27,1,Customer Changed Mind,Refund,21.56
RT0000207,O00010608,P00001,2024-01-27,2,Quality Issue,Refund,70.04
RT0000208,O00047658,P01698,2024-04-24,1,Customer Changed Mind,Credit Memo,64.04
RT0000209,O00017215,P00041,2024-03-13,5,Quality Issue,Credit Memo,322.19
RT0000210,O00076363,P00149,2023-06-07,1,Customer Changed Mind,Replacement,51.4
RT0000211,O00049628,P01726,2023-07-07,4,Quality Issue,Refund,55.33
RT0000212,O00018955,P00062,2025-07-06,2,Damaged in Transit,Replacement,113.02
RT0000213,O00013749,P00263,2024-07-23,1,Customer Changed Mind,Refund,105.48
RT0000214,O00002908,P02730,2025-10-03,3,Excess Quantity,Refund,191.36
RT0000215,O00090557,P00432,2025-05-29,4,Wrong Product,Refund,133.16
RT0000216,O00046957,P00993,2023-08-09,2,Late Delivery,Refund,45.0
RT0000217,O00000452,P00350,2023-10-11,1,Customer Changed Mind,Replacement,18.25
RT0000218,O00024095,P00007,2024-02-18,1,Wrong Product,Replacement,34.0
RT0000219,O00055840,P00007,2025-07-05,3,Wrong Product,Credit Memo,102.43
RT0000220,O00031083,P01317,2024-08-12,2,Damaged in Transit,Replacement,72.81
RT0000221,O00085260,P01963,2025-05-14,1,Customer Changed Mind,Credit Memo,45.63
RT0000222,O00012252,P00089,2024-07-24,1,Damaged in Transit,Refund,114.74
RT0000223,O00032436,P00748,2025-12-31,2,Customer Changed Mind,Credit Memo,53.22
RT0000224,O00008429,P00163,2023-09-12,2,Wrong Product,Replacement,232.04
RT0000225,O00090744,P00001,2025-09-24,5,Late Delivery,Refund,181.98
RT0000226,O00099017,P00002,2023-04-02,1,Quality Issue,Credit Memo,72.28
RT0000227,O00076874,P01930,2025-05-11,2,Quality Issue,Credit Memo,72.13
RT0000228,O00034467,P00408,2025-09-12,5,Late Delivery,Refund,139.25
RT0000229,O00057148,P00103,2024-03-31,5,Customer Changed Mind,Credit Memo,53.51
RT0000230,O00024382,P00005,2025-05-13,1,Late Delivery,Replacement,55.76
RT0000231,O00077334,P00233,2025-07-07,1,Quality Issue,Refund,18.16
RT0000232,O00056753,P02797,2024-12-17,3,Quality Issue,Credit Memo,173.06
RT0000233,O00096157,P00408,2025-01-31,2,Customer Changed Mind,Refund,50.2
RT0000234,O00022756,P02021,2025-09-23,1,Customer Changed Mind,Refund,35.5
RT0000235,O00078905,P00853,2023-10-26,2,Damaged in Transit,Refund,88.11
RT0000236,O00096197,P00213,2024-05-28,1,Damaged in Transit,Credit Memo,25.93
RT0000237,O00047296,P00449,2023-06-10,10,Wrong Product,Replacement,310.93
RT0000238,O00086048,P00003,2025-05-24,2,Wrong Product,Credit Memo,18.99
RT0000239,O00046500,P02003,2025-07-12,3,Customer Changed Mind,Replacement,285.0
RT0000240,O00048295,P01847,2025-07-30,2,Quality Issue,Credit Memo,18.62
RT0000241,O00071863,P01688,2023-11-12,1,Customer Changed Mind,Replacement,48.77
RT0000242,O00055476,P02623,2025-11-23,4,Late Delivery,Credit Memo,260.91
RT0000243,O00023717,P00469,2025-04-02,5,Excess Quantity,Credit Memo,86.38
RT0000244,O00032138,P01418,2025-06-29,11,Excess Quantity,Refund,588.17
RT0000245,O00038326,P00014,2023-07-12,2,Damaged in Transit,Replacement,95.2
RT0000246,O00042416,P00215,2023-05-02,3,Quality Issue,Credit Memo,36.28
RT0000247,O00053949,P02595,2025-10-23,1,Quality Issue,Refund,52.08
RT0000248,O00084780,P00593,2025-01-26,1,Customer Changed Mind,Replacement,36.68
RT0000249,O00047117,P01466,2026-01-05,10,Damaged in Transit,Replacement,201.88
RT0000250,O00025478,P00139,2023-11-30,5,Quality Issue,Refund,81.14
RT0000251,O00009591,P02541,2025-06-13,2,Damaged in Transit,Refund,42.41
RT0000252,O00091487,P00429,2023-06-11,2,Customer Changed Mind,Replacement,97.34
RT0000253,O00053860,P00097,2024-10-12,4,Late Delivery,Credit Memo,110.85
RT0000254,O00037081,P02863,2023-11-14,1,Damaged in Transit,Refund,48.54
RT0000255,O00041307,P02321,2025-07-26,2,Damaged in Transit,Replacement,262.82
RT0000256,O00042548,P00001,2025-11-13,3,Damaged in Transit,Replacement,115.62
RT0000257,O00087456,P00003,2025-02-07,1,Quality Issue,Credit Memo,10.39
RT0000258,O00016104,P00694,2025-10-11,3,Quality Issue,Refund,257.24
RT0000259,O00098032,P00005,2024-08-10,1,Quality Issue,Refund,50.77
RT0000260,O00039249,P00393,2024-10-28,1,Late Delivery,Credit Memo,37.68
RT0000261,O00044223,P00454,2024-08-21,1,Quality Issue,Refund,25.94
RT0000262,O00015441,P02241,2024-04-17,3,Damaged in Transit,Refund,173.17
RT0000263,O00068489,P01181,2025-08-08,3,Damaged in Transit,Credit Memo,463.89
RT0000264,O00008931,P02723,2024-12-09,2,Damaged in Transit,Replacement,161.94
RT0000265,O00039368,P01813,2024-10-23,4,Wrong Product,Credit Memo,153.07
RT0000266,O00018299,P00349,2024-08-28,3,Quality Issue,Refund,25.83
RT0000267,O00025759,P00267,2024-07-29,1,Damaged in Transit,Replacement,26.13
RT0000268,O00097362,P01909,2023-03-16,1,Quality Issue,Refund,41.49
RT0000269,O00052930,P00117,2025-10-03,1,Late Delivery,Replacement,61.57
RT0000270,O00078982,P02222,2025-09-20,1,Late Delivery,Replacement,37.41
RT0000271,O00032693,P00479,2024-04-14,1,Quality Issue,Replacement,29.19
RT0000272,O00024282,P00001,2025-08-30,2,Quality Issue,Refund,80.09
RT0000273,O00027392,P00009,2024-08-05,1,Quality Issue,Refund,49.12
RT0000274,O00032890,P00924,2025-10-02,2,Excess Quantity,Replacement,61.3
RT0000275,O00029344,P02984,2023-06-29,1,Customer Changed Mind,Refund,23.26
RT0000276,O00057647,P00557,2024-04-28,2,Quality Issue,Refund,39.1
RT0000277,O00042255,P00216,2025-10-09,2,Customer Changed Mind,Replacement,37.17
RT0000278,O00028312,P00001,2024-05-09,1,Excess Quantity,Refund,43.13
RT0000279,O00055954,P00013,2023-12-21,4,Damaged in Transit,Replacement,104.66
RT0000280,O00079103,P01182,2023-06-26,2,Late Delivery,Replacement,61.32
RT0000281,O00024264,P00009,2025-04-18,4,Customer Changed Mind,Refund,196.29
RT0000282,O00060383,P00949,2025-07-05,3,Customer Changed Mind,Refund,34.14
RT0000283,O00086948,P02995,2024-10-06,4,Customer Changed Mind,Credit Memo,147.48
RT0000284,O00046921,P02768,2024-11-03,3,Damaged in Transit,Credit Memo,123.89
RT0000285,O00097302,P00007,2024-05-24,2,Damaged in Transit,Refund,63.89
RT0000286,O00094622,P00156,2024-06-22,1,Late Delivery,Replacement,75.5
RT0000287,O00076028,P00136,2025-10-02,4,Damaged in Transit,Refund,96.56
RT0000288,O00002543,P00256,2023-10-16,1,Wrong Product,Refund,15.04
RT0000289,O00064955,P00774,2025-02-05,2,Damaged in Transit,Credit Memo,29.35
RT0000290,O00010805,P00015,2023-07-20,7,Quality Issue,Credit Memo,291.44
RT0000291,O00016645,P00425,2024-12-03,1,Late Delivery,Replacement,20.89
RT0000292,O00028034,P00368,2025-09-30,2,Damaged in Transit,Replacement,112.66
RT0000293,O00032960,P00939,2025-10-14,1,Damaged in Transit,Refund,75.02
RT0000294,O00072308,P00804,2023-05-09,1,Quality Issue,Credit Memo,63.49
RT0000295,O00006934,P00051,2025-05-19,2,Damaged in Transit,Refund,78.84
RT0000296,O00000388,P00465,2025-03-13,4,Late Delivery,Replacement,144.56
RT0000297,O00040227,P01716,2025-09-09,2,Customer Changed Mind,Credit Memo,32.35
RT0000298,O00087373,P00067,2024-07-15,3,Damaged in Transit,Credit Memo,184.37
RT0000299,O00057862,P01774,2024-02-05,1,Customer Changed Mind,Credit Memo,148.18
RT0000300,O00030529,P00961,2025-09-20,3,Damaged in Transit,Replacement,42.27
RT0000301,O00081116,P00042,2024-10-15,1,Excess Quantity,Refund,33.53
RT0000302,O00038570,P02980,2025-06-24,1,Customer Changed Mind,Replacement,17.4
RT0000303,O00042139,P01243,2024-06-30,4,Wrong Product,Credit Memo,166.61
RT0000304,O00076008,P00005,2025-10-16,5,Late Delivery,Replacement,235.43
RT0000305,O00040708,P00015,2025-04-22,2,Late Delivery,Credit Memo,101.84
RT0000306,O00077736,P01171,2024-12-16,2,Wrong Product,Refund,247.97
RT0000307,O00052781,P01102,2025-06-25,2,Damaged in Transit,Replacement,105.96
RT0000308,O00009081,P00034,2023-12-15,3,Excess Quantity,Credit Memo,72.11
RT0000309,O00044175,P00697,2024-03-26,4,Late Delivery,Credit Memo,113.72
RT0000310,O00058067,P00003,2026-01-02,1,Wrong Product,Credit Memo,9.59
RT0000311,O00040894,P02286,2025-10-28,1,Quality Issue,Refund,37.9
RT0000312,O00000385,P00262,2023-05-08,1,Quality Issue,Credit Memo,85.09
RT0000313,O00064254,P00035,2024-04-20,1,Quality Issue,Replacement,64.58
RT0000314,O00049134,P02542,2023-07-23,2,Customer Changed Mind,Replacement,67.28
RT0000315,O00037564,P00011,2024-04-08,2,Quality Issue,Replacement,84.86
RT0000316,O00083709,P00163,2023-10-16,1,Late Delivery,Replacement,133.08
RT0000317,O00034775,P00007,2024-05-13,5,Customer Changed Mind,Refund,170.6
RT0000318,O00062186,P00087,2024-05-23,2,Damaged in Transit,Refund,49.37
RT0000319,O00005256,P00153,2025-07-02,3,Damaged in Transit,Credit Memo,104.7
RT0000320,O00084871,P00005,2024-07-24,4,Customer Changed Mind,Replacement,199.58
RT0000321,O00078628,P01851,2023-05-30,3,Damaged in Transit,Refund,81.86
RT0000322,O00041457,P00197,2024-05-18,1,Quality Issue,Credit Memo,31.32
RT0000323,O00002238,P00005,2023-06-13,6,Quality Issue,Replacement,308.18
RT0000324,O00083774,P02586,2024-11-24,5,Customer Changed Mind,Credit Memo,361.62
RT0000325,O00097059,P00157,2023-04-19,2,Damaged in Transit,Credit Memo,205.95
RT0000326,O00092415,P00158,2023-09-01,5,Wrong Product,Credit Memo,250.72
RT0000327,O00077416,P00239,2024-12-21,1,Damaged in Transit,Credit Memo,89.55
RT0000328,O00051311,P02884,2024-09-16,2,Quality Issue,Replacement,41.01
RT0000329,O00062891,P00017,2024-08-06,1,Damaged in Transit,Refund,27.45
RT0000330,O00072632,P00006,2024-05-12,6,Damaged in Transit,Refund,413.58
RT0000331,O00000109,P00225,2024-03-15,1,Excess Quantity,Replacement,97.12
RT0000332,O00045404,P02287,2024-06-03,2,Damaged in Transit,Replacement,112.02
RT0000333,O00095097,P00957,2024-02-10,3,Customer Changed Mind,Credit Memo,211.53
RT0000334,O00078369,P00678,2024-07-02,2,Late Delivery,Refund,290.74
RT0000335,O00096044,P00147,2024-05-17,6,Quality Issue,Credit Memo,581.4
RT0000336,O00054229,P00125,2024-06-05,1,Late Delivery,Credit Memo,305.66
RT0000337,O00089579,P00143,2025-08-07,3,Quality Issue,Replacement,58.62
RT0000338,O00078899,P02148,2024-12-14,3,Customer Changed Mind,Refund,112.92
RT0000339,O00048121,P01310,2024-11-03,3,Damaged in Transit,Credit Memo,58.93
RT0000340,O00080215,P02233,2023-08-16,1,Wrong Product,Replacement,96.36
RT0000341,O00085591,P00582,2023-10-22,3,Damaged in Transit,Replacement,96.21
RT0000342,O00086006,P01286,2025-05-21,2,Quality Issue,Refund,316.28
RT0000343,O00023216,P00567,2025-01-15,1,Late Delivery,Refund,25.67
RT0000344,O00025686,P00024,2024-12-12,10,Late Delivery,Refund,698.56
RT0000345,O00055095,P00425,2025-09-26,3,Customer Changed Mind,Credit Memo,65.66
RT0000346,O00028922,P00034,2025-05-20,1,Quality Issue,Credit Memo,25.62
RT0000347,O00033257,P01288,2025-11-05,4,Damaged in Transit,Replacement,150.71
RT0000348,O00047754,P02764,2025-05-02,1,Customer Changed Mind,Credit Memo,56.93
RT0000349,O00034238,P00178,2023-06-29,1,Late Delivery,Replacement,82.05
RT0000350,O00022187,P00003,2023-08-15,6,Late Delivery,Credit Memo,56.4
RT0000351,O00042115,P01308,2024-10-25,3,Wrong Product,Credit Memo,23.63
RT0000352,O00072232,P01296,2025-08-09,2,Excess Quantity,Replacement,55.86
RT0000353,O00093911,P02267,2024-07-21,1,Damaged in Transit,Refund,124.5
RT0000354,O00014675,P00125,2025-09-19,3,Damaged in Transit,Refund,881.39
RT0000355,O00042707,P02871,2025-10-22,1,Customer Changed Mind,Replacement,58.99
RT0000356,O00050561,P00127,2025-08-13,4,Excess Quantity,Refund,552.52
RT0000357,O00081816,P00585,2026-01-21,1,Late Delivery,Credit Memo,25.79
RT0000358,O00083915,P00116,2024-07-14,3,Late Delivery,Refund,42.55
RT0000359,O00065112,P00130,2025-02-14,2,Wrong Product,Refund,57.46
RT0000360,O00011314,P00014,2025-02-14,4,Damaged in Transit,Refund,224.04
RT0000361,O00011279,P02374,2023-03-28,4,Customer Changed Mind,Replacement,239.63
RT0000362,O00069255,P00041,2025-10-11,1,Damaged in Transit,Credit Memo,56.21
RT0000363,O00063018,P01666,2024-08-29,2,Late Delivery,Credit Memo,69.98
RT0000364,O00019434,P00606,2025-10-21,9,Customer Changed Mind,Replacement,550.19
RT0000365,O00018494,P00338,2025-08-28,1,Damaged in Transit,Credit Memo,70.91
RT0000366,O00056118,P02510,2023-09-28,1,Damaged in Transit,Replacement,14.81
RT0000367,O00027523,P00004,2025-04-04,1,Quality Issue,Refund,43.2
RT0000368,O00044876,P02287,2024-08-29,1,Quality Issue,Credit Memo,55.31
RT0000369,O00099607,P00068,2024-11-17,1,Quality Issue,Replacement,17.95
RT0000370,O00032973,P00845,2024-04-11,5,Excess Quantity,Replacement,222.49
RT0000371,O00020617,P00001,2025-11-01,6,Damaged in Transit,Credit Memo,192.34
RT0000372,O00089487,P00002,2023-08-02,1,Damaged in Transit,Credit Memo,72.7
RT0000373,O00044562,P01078,2023-11-01,3,Damaged in Transit,Replacement,133.19
RT0000374,O00097776,P01281,2025-07-01,3,Wrong Product,Credit Memo,148.35
RT0000375,O00078793,P00536,2023-09-07,3,Damaged in Transit,Replacement,88.84
RT0000376,O00039508,P00134,2024-06-22,1,Wrong Product,Credit Memo,58.3
RT0000377,O00096700,P02445,2025-10-04,5,Excess Quantity,Credit Memo,196.7
RT0000378,O00052997,P01890,2024-04-30,1,Quality Issue,Refund,44.68
RT0000379,O00079497,P00022,2024-02-03,9,Damaged in Transit,Refund,215.86
RT0000380,O00013652,P00113,2025-04-20,3,Customer Changed Mind,Refund,144.15
RT0000381,O00088581,P00909,2023-07-03,2,Quality Issue,Refund,101.97
RT0000382,O00008469,P00918,2023-11-03,1,Damaged in Transit,Refund,72.68
RT0000383,O00008131,P00889,2025-04-21,1,Wrong Product,Replacement,14.98
RT0000384,O00000608,P02486,2025-07-08,3,Late Delivery,Refund,106.11
RT0000385,O00012174,P01384,2024-02-10,2,Customer Changed Mind,Replacement,21.93
RT0000386,O00064433,P00027,2024-07-01,7,Damaged in Transit,Credit Memo,99.54
RT0000387,O00075129,P00024,2023-12-28,2,Quality Issue,Replacement,117.02
RT0000388,O00016260,P00654,2024-05-19,2,Quality Issue,Replacement,45.78
RT0000389,O00047848,P02152,2024-07-05,1,Damaged in Transit,Replacement,22.56
RT0000390,O00082329,P00012,2026-01-09,3,Damaged in Transit,Credit Memo,334.65
RT0000391,O00071650,P02512,2025-08-03,3,Excess Quantity,Replacement,104.57
RT0000392,O00099530,P01858,2024-08-10,6,Damaged in Transit,Refund,125.23
RT0000393,O00067034,P00025,2024-02-28,2,Customer Changed Mind,Credit Memo,135.85
RT0000394,O00056864,P00870,2025-06-07,1,Damaged in Transit,Replacement,25.11
RT0000395,O00095409,P00106,2023-04-22,4,Damaged in Transit,Credit Memo,273.18
RT0000396,O00035130,P02164,2023-12-24,2,Quality Issue,Credit Memo,115.1
RT0000397,O00046104,P01120,2025-06-09,1,Late Delivery,Credit Memo,17.89
RT0000398,O00012235,P01737,2025-10-07,4,Damaged in Transit,Refund,265.7
RT0000399,O00073942,P00012,2024-12-12,2,Customer Changed Mind,Replacement,238.23
RT0000400,O00059845,P00020,2024-07-08,1,Wrong Product,Credit Memo,28.01
RT0000401,O00013103,P00782,2024-08-28,3,Damaged in Transit,Credit Memo,55.05
RT0000402,O00018620,P00737,2024-02-24,10,Wrong Product,Replacement,451.62
RT0000403,O00024542,P00880,2023-07-08,4,Quality Issue,Refund,95.47
RT0000404,O00044050,P00369,2023-12-20,1,Customer Changed Mind,Credit Memo,77.84
RT0000405,O00012690,P00018,2023-09-04,2,Customer Changed Mind,Replacement,107.33
RT0000406,O00079547,P00101,2023-06-04,1,Wrong Product,Refund,39.45
RT0000407,O00099013,P02270,2025-12-30,2,Wrong Product,Credit Memo,40.4
RT0000408,O00045534,P00781,2025-09-22,1,Quality Issue,Replacement,38.16
RT0000409,O00076597,P00181,2024-06-07,4,Customer Changed Mind,Credit Memo,107.65
RT0000410,O00042419,P00010,2024-08-08,5,Late Delivery,Refund,361.28
RT0000411,O00021714,P00151,2023-05-03,1,Damaged in Transit,Replacement,117.87
RT0000412,O00025657,P00349,2025-01-08,3,Late Delivery,Refund,26.88
RT0000413,O00064055,P00131,2024-07-20,3,Excess Quantity,Refund,98.38
RT0000414,O00018637,P00022,2023-09-19,10,Excess Quantity,Replacement,235.98
RT0000415,O00067639,P02605,2025-04-27,3,Late Delivery,Replacement,109.12
RT0000416,O00020839,P02320,2024-04-23,3,Late Delivery,Replacement,75.62
RT0000417,O00000116,P01145,2025-09-03,4,Late Delivery,Replacement,261.06
RT0000418,O00069764,P01491,2024-11-28,1,Excess Quantity,Credit Memo,26.74
RT0000419,O00007718,P00038,2024-05-25,3,Quality Issue,Credit Memo,135.38
RT0000420,O00022330,P00519,2024-01-24,6,Wrong Product,Replacement,364.29
RT0000421,O00087479,P02444,2023-04-03,1,Quality Issue,Credit Memo,38.86
RT0000422,O00060776,P00613,2025-07-01,1,Late Delivery,Credit Memo,23.36
RT0000423,O00063781,P00214,2025-06-05,9,Damaged in Transit,Replacement,544.16
RT0000424,O00096338,P00265,2023-05-21,3,Late Delivery,Replacement,101.79
RT0000425,O00048160,P00159,2025-06-09,1,Customer Changed Mind,Credit Memo,40.27
RT0000426,O00052263,P00688,2025-06-18,2,Damaged in Transit,Credit Memo,101.85
RT0000427,O00047594,P00277,2026-01-09,1,Quality Issue,Refund,48.09
RT0000428,O00049838,P02588,2024-08-01,3,Quality Issue,Refund,446.08
RT0000429,O00049956,P00712,2023-11-27,2,Late Delivery,Replacement,80.89
RT0000430,O00085153,P00015,2025-06-30,3,Quality Issue,Refund,150.25
RT0000431,O00040014,P01746,2023-11-28,8,Quality Issue,Replacement,103.84
RT0000432,O00075154,P01776,2023-07-25,1,Damaged in Transit,Replacement,24.83
RT0000433,O00088856,P02132,2023-05-06,1,Wrong Product,Replacement,22.51
RT0000434,O00065832,P00158,2024-03-31,4,Excess Quantity,Refund,251.51
RT0000435,O00006574,P02008,2024-05-27,5,Customer Changed Mind,Credit Memo,226.11
RT0000436,O00078016,P00005,2024-03-20,3,Quality Issue,Replacement,146.64
RT0000437,O00040303,P00710,2025-11-26,1,Customer Changed Mind,Credit Memo,101.46
RT0000438,O00088891,P00112,2023-08-25,2,Excess Quantity,Refund,69.79
RT0000439,O00001077,P00053,2023-09-19,2,Quality Issue,Replacement,34.61
RT0000440,O00086629,P01595,2024-02-29,2,Quality Issue,Replacement,48.58
RT0000441,O00062150,P02714,2023-06-15,2,Damaged in Transit,Refund,41.64
RT0000442,O00025455,P00010,2025-12-30,5,Damaged in Transit,Refund,333.09
RT0000443,O00099846,P00804,2026-02-04,1,Excess Quantity,Refund,68.71
RT0000444,O00025515,P00008,2023-06-25,1,Wrong Product,Credit Memo,55.46
RT0000445,O00068897,P00274,2023-06-04,4,Customer Changed Mind,Replacement,165.79
RT0000446,O00058183,P00015,2025-04-02,4,Late Delivery,Replacement,195.56
RT0000447,O00006511,P00125,2024-06-24,2,Wrong Product,Refund,470.1
RT0000448,O00015591,P00702,2024-12-13,5,Wrong Product,Refund,192.27
RT0000449,O00043141,P00035,2025-12-19,2,Wrong Product,Replacement,143.0
RT0000450,O00040115,P00116,2024-08-28,2,Wrong Product,Replacement,30.63
RT0000451,O00084841,P00055,2025-10-04,5,Excess Quantity,Refund,302.27
RT0000452,O00057554,P02002,2024-05-14,3,Customer Changed Mind,Refund,159.72
RT0000453,O00033947,P01433,2023-09-21,1,Customer Changed Mind,Credit Memo,18.4
RT0000454,O00040490,P00309,2023-08-12,3,Wrong Product,Refund,156.35
RT0000455,O00065290,P00001,2023-09-19,3,Quality Issue,Credit Memo,106.25
RT0000456,O00064988,P01298,2024-10-22,4,Damaged in Transit,Credit Memo,59.01
RT0000457,O00076511,P01252,2025-12-04,3,Late Delivery,Credit Memo,245.17
RT0000458,O00095770,P02553,2024-04-23,1,Damaged in Transit,Credit Memo,39.08
RT0000459,O00070990,P00020,2023-10-05,1,Quality Issue,Replacement,24.52
RT0000460,O00079694,P01773,2024-08-21,1,Quality Issue,Refund,28.99
RT0000461,O00074280,P00020,2024-07-12,1,Damaged in Transit,Refund,26.31
RT0000462,O00029611,P00005,2025-08-12,5,Quality Issue,Credit Memo,264.85
RT0000463,O00077551,P00593,2023-06-05,1,Damaged in Transit,Replacement,33.73
RT0000464,O00041471,P00038,2025-05-24,5,Customer Changed Mind,Credit Memo,235.29
RT0000465,O00010570,P00579,2023-05-23,3,Damaged in Transit,Replacement,110.92
RT0000466,O00077469,P00001,2025-11-28,1,Quality Issue,Replacement,36.89
RT0000467,O00077249,P00505,2024-08-18,9,Excess Quantity,Replacement,485.01
RT0000468,O00009452,P00156,2023-03-03,4,Wrong Product,Refund,274.96
RT0000469,O00098402,P00009,2024-08-13,2,Excess Quantity,Refund,97.77
RT0000470,O00021087,P00489,2023-12-04,4,Customer Changed Mind,Credit Memo,318.72
RT0000471,O00055347,P00271,2023-06-20,1,Quality Issue,Replacement,9.89
RT0000472,O00098415,P00236,2025-06-06,4,Damaged in Transit,Credit Memo,254.4
RT0000473,O00095723,P00687,2025-01-21,4,Excess Quantity,Credit Memo,173.03
RT0000474,O00075732,P00620,2024-09-23,1,Customer Changed Mind,Replacement,63.67
RT0000475,O00026155,P00796,2023-07-18,1,Late Delivery,Credit Memo,12.33
RT0000476,O00091912,P01448,2024-11-18,3,Damaged in Transit,Replacement,63.7
RT0000477,O00013590,P00867,2024-11-14,2,Excess Quantity,Refund,59.56
RT0000478,O00005674,P00826,2023-05-03,2,Late Delivery,Refund,48.37
RT0000479,O00026538,P00728,2023-10-09,2,Quality Issue,Credit Memo,173.4
RT0000480,O00070757,P00046,2024-05-10,3,Late Delivery,Credit Memo,180.89
RT0000481,O00025361,P02546,2025-07-15,1,Late Delivery,Credit Memo,46.19
RT0000482,O00032934,P00547,2025-08-20,2,Wrong Product,Refund,98.6
RT0000483,O00056874,P00179,2025-08-02,3,Quality Issue,Credit Memo,172.39
RT0000484,O00050962,P01970,2024-07-17,1,Customer Changed Mind,Replacement,37.05
RT0000485,O00098460,P00012,2024-02-09,2,Wrong Product,Refund,268.86
RT0000486,O00010826,P00030,2025-06-16,6,Excess Quantity,Credit Memo,150.59
RT0000487,O00006085,P01856,2024-10-18,1,Excess Quantity,Replacement,54.59
RT0000488,O00074698,P01842,2023-06-09,3,Excess Quantity,Refund,102.56
RT0000489,O00082735,P00998,2023-06-23,1,Quality Issue,Credit Memo,31.22
RT0000490,O00098404,P00156,2025-07-20,2,Late Delivery,Refund,154.07
RT0000491,O00051849,P01571,2026-02-10,7,Quality Issue,Refund,206.82
RT0000492,O00055911,P02991,2025-11-09,1,Wrong Product,Replacement,26.08
RT0000493,O00085895,P02421,2024-05-10,1,Damaged in Transit,Replacement,40.33
RT0000494,O00082119,P01603,2025-08-05,6,Quality Issue,Credit Memo,314.16
RT0000495,O00039381,P00164,2023-05-08,6,Damaged in Transit,Refund,54.54
RT0000496,O00047122,P00008,2024-01-09,7,Damaged in Transit,Replacement,379.83
RT0000497,O00018338,P00941,2023-12-02,3,Damaged in Transit,Credit Memo,204.6
RT0000498,O00099810,P00082,2024-05-28,1,Wrong Product,Credit Memo,172.81
RT0000499,O00095974,P00611,2025-12-11,2,Damaged in Transit,Credit Memo,71.76
RT0000500,O00007786,P01583,2025-08-23,2,Damaged in Transit,Refund,50.43
RT0000501,O00056798,P00018,2023-10-31,7,Customer Changed Mind,Refund,378.22
RT0000502,O00062677,P00001,2023-03-18,6,Customer Changed Mind,Replacement,235.59
RT0000503,O00058877,P00053,2025-08-30,3,Customer Changed Mind,Refund,70.33
RT0000504,O00032280,P00106,2024-01-24,2,Damaged in Transit,Credit Memo,138.36
RT0000505,O00032037,P01043,2025-10-11,4,Quality Issue,Refund,310.71
RT0000506,O00036863,P00001,2025-07-03,4,Customer Changed Mind,Replacement,149.11
RT0000507,O00034192,P02456,2025-09-30,4,Excess Quantity,Refund,78.09
RT0000508,O00035142,P01400,2025-05-16,1,Customer Changed Mind,Credit Memo,49.91
RT0000509,O00071589,P00440,2024-12-16,3,Wrong Product,Replacement,107.01
RT0000510,O00005472,P00156,2024-02-04,1,Customer Changed Mind,Credit Memo,69.75
RT0000511,O00063323,P00692,2024-08-22,2,Damaged in Transit,Refund,72.94
RT0000512,O00014221,P00220,2025-08-20,5,Customer Changed Mind,Refund,110.45
RT0000513,O00060320,P00309,2025-04-09,1,Excess Quantity,Replacement,58.9
RT0000514,O00029221,P00453,2023-05-30,4,Quality Issue,Replacement,114.4
RT0000515,O00038620,P01728,2024-05-17,1,Damaged in Transit,Replacement,86.17
RT0000516,O00021151,P01823,2024-10-05,3,Late Delivery,Refund,79.46
RT0000517,O00030666,P01156,2024-09-23,1,Damaged in Transit,Refund,80.38
RT0000518,O00092264,P00032,2023-10-28,1,Quality Issue,Credit Memo,39.89
RT0000519,O00041978,P00351,2025-06-12,1,Damaged in Transit,Refund,81.01
RT0000520,O00037747,P02684,2026-01-12,4,Quality Issue,Credit Memo,92.31
RT0000521,O00061401,P00262,2023-08-26,2,Late Delivery,Replacement,151.4
RT0000522,O00029974,P01832,2024-04-07,3,Customer Changed Mind,Refund,87.57
RT0000523,O00041990,P01695,2024-06-04,1,Excess Quantity,Refund,11.15
RT0000524,O00044333,P02027,2024-10-18,3,Damaged in Transit,Refund,132.03
RT0000525,O00060161,P00012,2023-09-16,1,Wrong Product,Replacement,90.95
RT0000526,O00023398,P00683,2025-08-02,1,Damaged in Transit,Replacement,30.06
RT0000527,O00063916,P00033,2025-08-06,1,Damaged in Transit,Refund,64.16
RT0000528,O00087991,P00568,2023-07-26,1,Quality Issue,Replacement,28.3
RT0000529,O00043042,P00160,2025-04-10,1,Customer Changed Mind,Refund,80.51
RT0000530,O00009028,P00099,2024-04-09,1,Late Delivery,Credit Memo,55.29
RT0000531,O00009487,P00944,2024-08-09,1,Damaged in Transit,Credit Memo,25.41
RT0000532,O00062659,P00158,2024-12-24,2,Quality Issue,Replacement,135.98
RT0000533,O00023108,P00434,2024-12-26,4,Customer Changed Mind,Credit Memo,51.44
RT0000534,O00064489,P00166,2023-04-27,1,Late Delivery,Credit Memo,99.14
RT0000535,O00074930,P01799,2023-09-30,1,Quality Issue,Replacement,27.33
RT0000536,O00077017,P00001,2024-06-07,4,Quality Issue,Replacement,160.04
RT0000537,O00088586,P00694,2025-04-17,1,Excess Quantity,Credit Memo,107.37
RT0000538,O00053577,P01387,2024-11-10,1,Quality Issue,Credit Memo,27.46
RT0000539,O00020063,P00079,2025-02-09,6,Quality Issue,Refund,284.77
RT0000540,O00019908,P01069,2025-05-30,1,Excess Quantity,Replacement,53.63
RT0000541,O00058709,P00069,2025-03-04,3,Wrong Product,Credit Memo,129.04
RT0000542,O00054424,P00204,2023-11-21,2,Quality Issue,Replacement,83.13
RT0000543,O00076481,P00006,2023-08-20,2,Late Delivery,Credit Memo,133.32
RT0000544,O00040748,P00002,2025-08-15,2,Late Delivery,Replacement,155.96
RT0000545,O00071566,P00022,2023-12-08,5,Damaged in Transit,Refund,119.81
RT0000546,O00036849,P01557,2025-06-01,1,Excess Quantity,Credit Memo,105.58
RT0000547,O00060890,P00356,2023-06-01,1,Excess Quantity,Replacement,35.82
RT0000548,O00004667,P02953,2024-10-07,1,Late Delivery,Replacement,109.55
RT0000549,O00042199,P00586,2025-04-29,2,Excess Quantity,Credit Memo,32.67
RT0000550,O00056328,P00009,2024-05-19,5,Customer Changed Mind,Refund,215.72
RT0000551,O00015435,P01460,2023-06-17,3,Quality Issue,Refund,69.96
RT0000552,O00072785,P00022,2023-08-11,1,Customer Changed Mind,Replacement,23.43
RT0000553,O00083080,P00747,2023-10-18,7,Quality Issue,Replacement,136.99
RT0000554,O00024733,P00118,2024-09-04,3,Wrong Product,Credit Memo,61.88
RT0000555,O00064634,P01567,2024-07-24,3,Wrong Product,Refund,124.17
RT0000556,O00003051,P01250,2023-08-09,1,Quality Issue,Refund,31.9
RT0000557,O00000070,P00001,2023-11-10,7,Excess Quantity,Credit Memo,251.94
RT0000558,O00001941,P00144,2025-06-24,3,Customer Changed Mind,Credit Memo,151.65
RT0000559,O00096492,P01295,2025-11-08,2,Late Delivery,Replacement,91.79
RT0000560,O00078722,P00002,2024-07-04,3,Late Delivery,Replacement,216.4
RT0000561,O00029547,P00014,2024-11-08,3,Late Delivery,Replacement,160.69
RT0000562,O00030486,P00651,2025-11-16,1,Customer Changed Mind,Credit Memo,49.91
RT0000563,O00026421,P00003,2023-05-10,8,Wrong Product,Credit Memo,65.36
RT0000564,O00086866,P01335,2025-09-13,1,Customer Changed Mind,Credit Memo,40.21
RT0000565,O00082680,P01459,2023-07-05,8,Damaged in Transit,Refund,879.76
RT0000566,O00013259,P00828,2024-09-14,7,Wrong Product,Credit Memo,193.35
RT0000567,O00025415,P02839,2023-06-28,1,Damaged in Transit,Credit Memo,11.77
RT0000568,O00033374,P00277,2024-02-02,3,Damaged in Transit,Replacement,140.41
RT0000569,O00044996,P02044,2024-09-19,5,Damaged in Transit,Replacement,120.55
RT0000570,O00064497,P00004,2025-11-30,2,Late Delivery,Replacement,80.62
RT0000571,O00069496,P02504,2024-05-13,1,Quality Issue,Refund,13.72
RT0000572,O00009352,P00023,2025-03-28,2,Customer Changed Mind,Replacement,84.24
RT0000573,O00093239,P01605,2025-01-26,1,Quality Issue,Refund,74.14
RT0000574,O00068578,P00040,2023-03-08,3,Quality Issue,Replacement,166.79
RT0000575,O00030953,P00246,2024-11-28,7,Damaged in Transit,Credit Memo,849.24
RT0000576,O00085959,P00618,2024-07-25,3,Wrong Product,Credit Memo,119.2
RT0000577,O00035619,P01077,2023-10-27,3,Late Delivery,Credit Memo,67.01
RT0000578,O00097557,P00318,2023-10-13,1,Customer Changed Mind,Replacement,35.35
RT0000579,O00039725,P00386,2025-01-25,5,Quality Issue,Replacement,583.06
RT0000580,O00089203,P00653,2025-10-22,3,Quality Issue,Refund,86.22
RT0000581,O00052196,P01378,2025-12-01,3,Quality Issue,Credit Memo,211.33
RT0000582,O00074934,P02333,2023-07-17,2,Damaged in Transit,Credit Memo,407.55
RT0000583,O00025454,P00012,2023-05-09,1,Customer Changed Mind,Credit Memo,108.76
RT0000584,O00049565,P02029,2023-12-26,1,Customer Changed Mind,Credit Memo,57.85
RT0000585,O00041807,P00180,2025-03-12,1,Customer Changed Mind,Replacement,22.14
RT0000586,O00006224,P02432,2024-08-13,5,Excess Quantity,Replacement,341.59
RT0000587,O00094956,P02487,2025-07-27,1,Wrong Product,Credit Memo,88.88
RT0000588,O00093964,P00058,2024-11-15,8,Quality Issue,Refund,410.1
RT0000589,O00049572,P00138,2025-07-29,4,Excess Quantity,Credit Memo,434.58
RT0000590,O00059959,P00317,2024-04-21,1,Damaged in Transit,Replacement,30.58
RT0000591,O00039900,P00136,2024-09-02,7,Wrong Product,Refund,160.3
RT0000592,O00086692,P00871,2025-08-20,1,Customer Changed Mind,Credit Memo,25.6
RT0000593,O00071977,P00017,2024-06-01,13,Quality Issue,Refund,281.73
RT0000594,O00058758,P00354,2025-03-01,1,Quality Issue,Refund,25.17
RT0000595,O00042512,P01530,2025-10-30,1,Wrong Product,Replacement,31.82
RT0000596,O00033405,P00004,2024-10-05,1,Quality Issue,Refund,42.65
RT0000597,O00045774,P00004,2025-08-12,3,Damaged in Transit,Replacement,119.92
RT0000598,O00093465,P01603,2025-12-24,5,Damaged in Transit,Replacement,236.3
RT0000599,O00061039,P00101,2023-08-18,3,Damaged in Transit,Replacement,119.5
RT0000600,O00000425,P02249,2025-10-19,3,Wrong Product,Refund,87.18
RT0000601,O00068292,P02115,2023-10-16,1,Late Delivery,Refund,23.06
RT0000602,O00034036,P01105,2024-10-21,6,Late Delivery,Credit Memo,355.31
RT0000603,O00008018,P00020,2025-08-06,2,Quality Issue,Credit Memo,54.43
RT0000604,O00052933,P00027,2025-08-09,4,Quality Issue,Replacement,61.28
RT0000605,O00082585,P00823,2023-11-08,1,Late Delivery,Replacement,10.6
RT0000606,O00000058,P00010,2024-09-29,1,Excess Quantity,Refund,73.74
RT0000607,O00095500,P00024,2024-12-03,7,Damaged in Transit,Credit Memo,440.88
RT0000608,O00035963,P00643,2025-06-17,5,Customer Changed Mind,Replacement,179.17
RT0000609,O00011281,P00530,2025-11-22,2,Damaged in Transit,Refund,72.16
RT0000610,O00008920,P01251,2024-08-07,9,Quality Issue,Refund,460.94
RT0000611,O00088200,P01267,2024-08-31,1,Damaged in Transit,Replacement,42.59
RT0000612,O00008741,P00553,2025-02-23,4,Damaged in Transit,Credit Memo,80.82
RT0000613,O00078695,P00012,2024-04-18,6,Damaged in Transit,Credit Memo,702.76
RT0000614,O00098246,P00124,2023-10-05,5,Quality Issue,Replacement,81.94
RT0000615,O00021341,P00017,2025-09-25,2,Excess Quantity,Credit Memo,48.28
RT0000616,O00010077,P00442,2024-08-14,1,Customer Changed Mind,Refund,15.19
RT0000617,O00036096,P00021,2025-07-11,5,Damaged in Transit,Replacement,335.49
RT0000618,O00095411,P00025,2025-10-26,3,Wrong Product,Credit Memo,177.63
RT0000619,O00075440,P00481,2023-11-09,8,Customer Changed Mind,Replacement,704.14
RT0000620,O00079704,P00692,2023-06-26,1,Damaged in Transit,Credit Memo,35.97
RT0000621,O00054967,P02873,2023-10-24,4,Damaged in Transit,Refund,267.86
RT0000622,O00032788,P00027,2024-11-18,1,Wrong Product,Refund,14.68
RT0000623,O00079774,P01193,2025-11-27,1,Late Delivery,Replacement,64.68
RT0000624,O00001341,P02277,2025-07-18,2,Damaged in Transit,Credit Memo,46.58
RT0000625,O00098543,P00002,2025-01-02,1,Quality Issue,Replacement,76.0
RT0000626,O00056551,P00201,2023-11-04,2,Wrong Product,Credit Memo,62.43
RT0000627,O00077931,P00149,2025-12-29,1,Quality Issue,Refund,50.2
RT0000628,O00046326,P01155,2025-01-08,7,Damaged in Transit,Credit Memo,502.95
RT0000629,O00051363,P00129,2025-09-25,4,Wrong Product,Credit Memo,224.15
RT0000630,O00061261,P00003,2024-01-04,2,Damaged in Transit,Credit Memo,16.45
RT0000631,O00081935,P00003,2023-08-01,2,Quality Issue,Credit Memo,16.5
RT0000632,O00074964,P02167,2023-10-01,4,Quality Issue,Refund,404.87
RT0000633,O00009768,P00026,2023-11-27,3,Customer Changed Mind,Replacement,140.29
RT0000634,O00051620,P00003,2025-11-12,1,Damaged in Transit,Refund,8.95
RT0000635,O00022634,P00073,2023-03-10,4,Damaged in Transit,Replacement,100.76
RT0000636,O00004363,P01823,2023-05-02,3,Excess Quantity,Refund,80.1
RT0000637,O00002459,P01484,2026-02-04,2,Customer Changed Mind,Credit Memo,187.86
RT0000638,O00020117,P00133,2024-12-13,2,Wrong Product,Replacement,146.68
RT0000639,O00092675,P00093,2023-06-25,1,Quality Issue,Replacement,38.86
RT0000640,O00051792,P02100,2024-01-19,1,Wrong Product,Replacement,8.22
RT0000641,O00060227,P00051,2024-04-20,2,Quality Issue,Credit Memo,64.84
RT0000642,O00090330,P01113,2023-07-22,2,Customer Changed Mind,Refund,29.9
RT0000643,O00014480,P00092,2024-08-11,1,Wrong Product,Credit Memo,29.56
RT0000644,O00005770,P00435,2026-01-25,1,Wrong Product,Replacement,21.15
RT0000645,O00036195,P01680,2025-06-19,2,Damaged in Transit,Credit Memo,45.15
RT0000646,O00074933,P01744,2025-02-01,3,Customer Changed Mind,Replacement,180.97
RT0000647,O00091520,P00045,2025-10-06,2,Damaged in Transit,Refund,135.08
RT0000648,O00056191,P01894,2025-05-30,6,Damaged in Transit,Refund,186.47
RT0000649,O00046792,P00001,2025-10-02,6,Wrong Product,Refund,229.14
RT0000650,O00044808,P00430,2023-06-07,1,Excess Quantity,Replacement,8.95
RT0000651,O00073911,P00001,2023-08-02,3,Wrong Product,Replacement,118.18
RT0000652,O00010366,P00120,2023-10-29,1,Damaged in Transit,Refund,14.72
RT0000653,O00051102,P00016,2024-01-08,3,Quality Issue,Refund,384.33
RT0000654,O00072164,P00760,2024-10-09,5,Quality Issue,Replacement,201.43
RT0000655,O00018970,P00001,2023-09-27,2,Damaged in Transit,Replacement,69.66
RT0000656,O00085901,P00086,2025-08-09,2,Late Delivery,Replacement,49.0
RT0000657,O00059518,P02165,2025-05-23,2,Late Delivery,Refund,163.6
RT0000658,O00042725,P00046,2023-07-01,1,Customer Changed Mind,Replacement,62.81
RT0000659,O00089801,P01478,2024-03-13,2,Wrong Product,Refund,15.38
RT0000660,O00072107,P02784,2023-07-11,6,Excess Quantity,Credit Memo,528.6
RT0000661,O00029567,P02126,2023-03-04,3,Quality Issue,Replacement,99.98
RT0000662,O00079548,P00034,2024-06-20,10,Customer Changed Mind,Credit Memo,261.44
RT0000663,O00033308,P00056,2025-11-05,2,Customer Changed Mind,Credit Memo,138.98
RT0000664,O00024406,P01385,2024-04-30,1,Damaged in Transit,Credit Memo,76.52
RT0000665,O00013079,P02972,2024-11-21,4,Customer Changed Mind,Refund,247.35
RT0000666,O00042645,P00209,2024-01-29,1,Late Delivery,Replacement,91.84
RT0000667,O00024118,P00089,2026-01-14,2,Excess Quantity,Refund,276.56
RT0000668,O00075694,P00240,2024-12-30,1,Quality Issue,Replacement,36.22
RT0000669,O00056541,P00352,2024-06-08,2,Customer Changed Mind,Credit Memo,44.33
RT0000670,O00053629,P01476,2026-01-08,1,Customer Changed Mind,Refund,16.92
RT0000671,O00035128,P01135,2023-06-19,7,Quality Issue,Replacement,65.6
RT0000672,O00074702,P00239,2024-02-28,2,Damaged in Transit,Credit Memo,167.83
RT0000673,O00073565,P00004,2023-08-29,2,Damaged in Transit,Replacement,80.83
RT0000674,O00002283,P00037,2023-09-27,1,Damaged in Transit,Replacement,16.46
RT0000675,O00044673,P00735,2024-07-04,4,Wrong Product,Credit Memo,51.0
RT0000676,O00060112,P00002,2025-02-26,1,Damaged in Transit,Refund,75.03
RT0000677,O00051153,P00057,2024-07-29,3,Late Delivery,Refund,81.69
RT0000678,O00013556,P00252,2023-09-13,2,Customer Changed Mind,Replacement,41.06
RT0000679,O00025526,P00064,2025-03-28,1,Customer Changed Mind,Credit Memo,100.59
RT0000680,O00016047,P00628,2023-09-07,2,Excess Quantity,Credit Memo,36.45
RT0000681,O00052710,P00424,2024-11-17,1,Quality Issue,Credit Memo,397.98
RT0000682,O00005598,P00001,2026-01-08,3,Wrong Product,Replacement,114.29
RT0000683,O00056776,P00935,2023-07-09,1,Wrong Product,Credit Memo,27.99
RT0000684,O00005826,P02114,2025-06-01,2,Quality Issue,Refund,103.14
RT0000685,O00058096,P00126,2025-04-15,2,Quality Issue,Refund,50.79
RT0000686,O00028822,P02761,2025-11-10,3,Late Delivery,Replacement,164.79
RT0000687,O00045650,P00080,2025-07-10,3,Customer Changed Mind,Refund,85.26
RT0000688,O00006299,P02901,2023-08-27,3,Customer Changed Mind,Refund,65.84
RT0000689,O00061901,P00007,2025-04-16,3,Damaged in Transit,Refund,107.55
RT0000690,O00097202,P02805,2023-11-20,3,Damaged in Transit,Credit Memo,174.9
RT0000691,O00070561,P00189,2024-06-20,1,Customer Changed Mind,Refund,27.71
RT0000692,O00051810,P00014,2023-01-30,3,Wrong Product,Replacement,150.23
RT0000693,O00072560,P00616,2024-08-30,5,Quality Issue,Refund,109.2
RT0000694,O00018824,P01915,2025-06-30,6,Quality Issue,Credit Memo,209.86
RT0000695,O00080101,P00038,2025-05-16,5,Damaged in Transit,Refund,232.21
RT0000696,O00053242,P00178,2023-12-04,10,Damaged in Transit,Credit Memo,762.22
RT0000697,O00075636,P01163,2024-05-09,1,Customer Changed Mind,Credit Memo,7.96
RT0000698,O00069161,P00798,2023-09-26,2,Customer Changed Mind,Replacement,108.09
RT0000699,O00092268,P00198,2025-10-13,3,Wrong Product,Credit Memo,192.2
RT0000700,O00069261,P00114,2023-05-02,3,Wrong Product,Credit Memo,646.98
RT0000701,O00014732,P00003,2025-09-24,2,Damaged in Transit,Replacement,19.1
RT0000702,O00095153,P01123,2023-05-06,4,Quality Issue,Refund,179.44
RT0000703,O00089035,P01592,2023-09-02,5,Quality Issue,Credit Memo,109.12
RT0000704,O00087989,P00366,2024-11-14,1,Quality Issue,Replacement,55.1
RT0000705,O00002470,P01106,2023-05-25,4,Quality Issue,Refund,253.83
RT0000706,O00024174,P02053,2025-11-23,2,Customer Changed Mind,Refund,59.23
RT0000707,O00039996,P00435,2025-08-26,2,Late Delivery,Refund,41.15
RT0000708,O00079084,P00605,2024-06-02,3,Late Delivery,Refund,509.2
RT0000709,O00097840,P00008,2025-06-27,4,Wrong Product,Refund,271.2
RT0000710,O00037434,P01844,2023-10-14,3,Wrong Product,Replacement,43.49
RT0000711,O00072586,P00469,2023-12-16,4,Wrong Product,Replacement,71.14
RT0000712,O00065665,P00007,2025-03-17,5,Quality Issue,Replacement,195.26
RT0000713,O00064523,P00877,2023-07-17,1,Wrong Product,Replacement,21.66
RT0000714,O00007252,P00006,2023-07-20,3,Wrong Product,Credit Memo,197.01
RT0000715,O00014915,P00076,2023-05-05,5,Late Delivery,Refund,161.99
RT0000716,O00091381,P01943,2024-03-27,1,Damaged in Transit,Refund,22.65
RT0000717,O00091778,P00671,2023-07-13,2,Quality Issue,Replacement,38.44
RT0000718,O00070132,P00867,2025-12-31,3,Excess Quantity,Refund,92.94
RT0000719,O00034094,P01101,2025-06-07,1,Late Delivery,Replacement,32.95
RT0000720,O00062868,P02770,2024-01-29,1,Late Delivery,Refund,43.57
RT0000721,O00026505,P00007,2024-03-27,3,Quality Issue,Credit Memo,89.47
RT0000722,O00020552,P00032,2023-07-04,1,Wrong Product,Refund,44.09
RT0000723,O00096264,P00344,2024-04-18,6,Quality Issue,Replacement,386.64
RT0000724,O00067720,P01630,2023-09-15,2,Customer Changed Mind,Refund,31.14
RT0000725,O00059309,P00141,2023-11-08,1,Late Delivery,Replacement,50.38
RT0000726,O00088682,P00006,2024-04-20,1,Damaged in Transit,Replacement,65.2
RT0000727,O00011713,P00889,2025-01-15,2,Late Delivery,Credit Memo,31.06
RT0000728,O00039283,P02202,2023-10-26,1,Damaged in Transit,Replacement,24.66
RT0000729,O00014136,P00040,2023-05-10,2,Damaged in Transit,Refund,123.01
RT0000730,O00081407,P00012,2023-12-24,8,Wrong Product,Credit Memo,928.17
RT0000731,O00097277,P00060,2024-10-04,2,Quality Issue,Replacement,265.49
RT0000732,O00071715,P00112,2025-03-05,1,Excess Quantity,Refund,36.26
RT0000733,O00040174,P01527,2024-12-15,8,Late Delivery,Replacement,150.78
RT0000734,O00072095,P01055,2024-09-16,5,Quality Issue,Replacement,135.79
RT0000735,O00001063,P02952,2023-04-18,1,Damaged in Transit,Replacement,28.43
RT0000736,O00030552,P00001,2024-06-06,5,Late Delivery,Replacement,169.23
RT0000737,O00049045,P00679,2023-10-21,1,Customer Changed Mind,Refund,30.85
RT0000738,O00049702,P00993,2023-03-12,5,Quality Issue,Credit Memo,116.35
RT0000739,O00089421,P02648,2025-07-19,1,Quality Issue,Replacement,50.95
RT0000740,O00060686,P00331,2023-10-07,1,Damaged in Transit,Credit Memo,14.81
RT0000741,O00062342,P00548,2024-04-10,4,Damaged in Transit,Refund,109.44
RT0000742,O00044384,P00804,2025-11-23,5,Damaged in Transit,Refund,307.27
RT0000743,O00060383,P02627,2025-06-26,3,Damaged in Transit,Replacement,391.62
RT0000744,O00001043,P01332,2024-01-23,1,Customer Changed Mind,Refund,24.01
RT0000745,O00047975,P01462,2025-01-15,4,Damaged in Transit,Credit Memo,64.69
RT0000746,O00005003,P00139,2023-04-04,4,Customer Changed Mind,Replacement,63.72
RT0000747,O00020760,P00647,2023-04-20,2,Quality Issue,Replacement,59.04
RT0000748,O00053272,P00332,2023-05-23,1,Damaged in Transit,Replacement,20.68
RT0000749,O00015886,P01407,2025-07-12,4,Late Delivery,Credit Memo,102.97
RT0000750,O00003722,P00009,2023-01-21,3,Quality Issue,Refund,140.19
RT0000751,O00043382,P00238,2024-05-23,4,Customer Changed Mind,Replacement,223.67
RT0000752,O00008665,P00489,2023-03-08,2,Customer Changed Mind,Refund,141.64
RT0000753,O00060101,P00007,2025-09-08,2,Wrong Product,Refund,65.34
RT0000754,O00026136,P00070,2024-07-21,3,Damaged in Transit,Refund,352.28
RT0000755,O00075558,P00222,2024-07-29,3,Quality Issue,Credit Memo,178.72
RT0000756,O00042503,P00178,2025-07-29,1,Quality Issue,Refund,82.7
RT0000757,O00030587,P00090,2025-08-04,1,Damaged in Transit,Replacement,30.41
RT0000758,O00003509,P00567,2025-02-16,3,Quality Issue,Replacement,84.64
RT0000759,O00020734,P00051,2024-03-04,3,Customer Changed Mind,Refund,109.41
RT0000760,O00026768,P01411,2025-08-04,2,Damaged in Transit,Refund,30.42
RT0000761,O00039840,P00904,2025-03-27,7,Excess Quantity,Replacement,321.57
RT0000762,O00016894,P00473,2023-05-24,3,Damaged in Transit,Credit Memo,101.49
RT0000763,O00018915,P00150,2023-07-22,4,Excess Quantity,Refund,48.68
RT0000764,O00039377,P00021,2025-07-04,1,Excess Quantity,Replacement,64.77
RT0000765,O00054442,P00210,2024-12-29,2,Excess Quantity,Credit Memo,67.72
RT0000766,O00053766,P00253,2025-05-26,2,Damaged in Transit,Credit Memo,14.06
RT0000767,O00072466,P00009,2024-05-03,1,Late Delivery,Refund,47.59
RT0000768,O00069813,P02475,2024-11-23,1,Customer Changed Mind,Refund,31.02
RT0000769,O00006741,P00684,2025-09-04,3,Late Delivery,Replacement,55.69
RT0000770,O00078614,P00401,2025-02-10,4,Excess Quantity,Credit Memo,71.24
RT0000771,O00040465,P00276,2024-10-06,1,Damaged in Transit,Replacement,62.42
RT0000772,O00098086,P01710,2024-10-18,2,Damaged in Transit,Refund,68.79
RT0000773,O00082161,P00015,2025-02-14,4,Customer Changed Mind,Replacement,184.49
RT0000774,O00076105,P00809,2023-05-11,2,Quality Issue,Refund,511.06
RT0000775,O00031989,P00066,2025-04-04,1,Quality Issue,Replacement,25.56
RT0000776,O00096203,P00766,2025-11-25,1,Wrong Product,Replacement,56.04
RT0000777,O00007078,P00003,2025-01-15,5,Customer Changed Mind,Refund,42.64
RT0000778,O00090829,P00245,2023-05-25,2,Excess Quantity,Replacement,42.78
RT0000779,O00025442,P01759,2026-01-24,6,Quality Issue,Refund,386.53
RT0000780,O00027645,P00055,2025-04-10,3,Quality Issue,Refund,195.64
RT0000781,O00093287,P00205,2025-12-15,3,Quality Issue,Credit Memo,36.0
RT0000782,O00099533,P00449,2024-07-11,2,Wrong Product,Replacement,65.49
RT0000783,O00030471,P01083,2025-05-31,1,Wrong Product,Credit Memo,80.21
RT0000784,O00009605,P01479,2024-03-24,6,Damaged in Transit,Credit Memo,357.36
RT0000785,O00090237,P01073,2023-03-23,1,Damaged in Transit,Replacement,21.79
RT0000786,O00042181,P00102,2024-07-03,3,Damaged in Transit,Credit Memo,151.94
RT0000787,O00008648,P00412,2025-08-24,1,Quality Issue,Credit Memo,18.4
RT0000788,O00020139,P01608,2025-04-24,1,Late Delivery,Credit Memo,72.87
RT0000789,O00082708,P01809,2023-07-18,1,Damaged in Transit,Replacement,89.56
RT0000790,O00001016,P00576,2024-10-22,2,Quality Issue,Credit Memo,73.95
RT0000791,O00097052,P00374,2024-06-20,3,Late Delivery,Refund,344.66
RT0000792,O00097443,P02936,2025-05-26,1,Quality Issue,Replacement,53.55
RT0000793,O00028977,P02326,2025-10-23,6,Wrong Product,Refund,105.68
RT0000794,O00056018,P00398,2024-12-26,1,Wrong Product,Refund,9.22
RT0000795,O00046556,P00753,2025-09-17,1,Damaged in Transit,Refund,43.0
RT0000796,O00015879,P01000,2025-11-18,4,Damaged in Transit,Credit Memo,110.42
RT0000797,O00068395,P00569,2024-06-09,5,Quality Issue,Refund,182.1
RT0000798,O00005477,P01845,2024-03-20,4,Damaged in Transit,Refund,950.13
RT0000799,O00076839,P02830,2025-03-08,1,Quality Issue,Refund,34.76
RT0000800,O00095197,P00510,2025-04-21,1,Late Delivery,Replacement,34.11
RT0000801,O00086295,P02489,2025-03-05,3,Damaged in Transit,Credit Memo,105.11
RT0000802,O00093351,P02842,2025-01-13,1,Late Delivery,Refund,29.75
RT0000803,O00088758,P02931,2023-09-01,1,Wrong Product,Refund,88.46
RT0000804,O00057756,P00186,2025-12-20,5,Late Delivery,Refund,228.09
RT0000805,O00094992,P00082,2023-06-01,2,Excess Quantity,Credit Memo,353.59
RT0000806,O00022210,P00157,2023-07-25,4,Wrong Product,Refund,462.84
RT0000807,O00034776,P00538,2023-10-20,4,Customer Changed Mind,Credit Memo,62.68
RT0000808,O00017241,P00111,2023-03-15,4,Late Delivery,Credit Memo,141.63
RT0000809,O00084443,P00409,2024-02-03,1,Damaged in Transit,Credit Memo,26.5
RT0000810,O00017521,P00222,2024-09-24,2,Excess Quantity,Credit Memo,93.91
RT0000811,O00085362,P01915,2023-08-12,12,Damaged in Transit,Refund,424.42
RT0000812,O00070884,P00948,2024-01-22,1,Wrong Product,Refund,23.84
RT0000813,O00006084,P01332,2025-08-23,5,Late Delivery,Refund,145.65
RT0000814,O00009844,P01700,2023-05-20,2,Late Delivery,Refund,20.4
RT0000815,O00026081,P00007,2023-03-21,1,Quality Issue,Refund,30.46
RT0000816,O00045185,P00113,2024-07-24,4,Quality Issue,Replacement,191.44
RT0000817,O00079833,P00006,2025-06-14,7,Excess Quantity,Replacement,468.96
RT0000818,O00069118,P00535,2024-08-22,2,Excess Quantity,Refund,210.6
RT0000819,O00016801,P00165,2024-04-30,2,Excess Quantity,Replacement,28.31
RT0000820,O00019410,P00029,2024-03-14,2,Damaged in Transit,Credit Memo,71.75
RT0000821,O00059464,P02636,2024-08-23,1,Quality Issue,Refund,81.5
RT0000822,O00060630,P01334,2024-08-05,2,Late Delivery,Replacement,54.83
RT0000823,O00031156,P00051,2025-04-01,1,Quality Issue,Replacement,38.73
RT0000824,O00036532,P01022,2025-03-23,1,Quality Issue,Replacement,117.29
RT0000825,O00092468,P00038,2024-10-08,1,Late Delivery,Refund,38.62
RT0000826,O00075659,P02769,2025-08-18,1,Late Delivery,Credit Memo,16.73
RT0000827,O00022166,P00013,2024-02-10,3,Excess Quantity,Refund,87.64
RT0000828,O00000492,P00031,2023-06-14,1,Late Delivery,Replacement,10.88
RT0000829,O00083776,P00520,2023-08-22,3,Quality Issue,Credit Memo,268.1
RT0000830,O00037443,P01422,2025-10-09,16,Customer Changed Mind,Credit Memo,828.25
RT0000831,O00003900,P00104,2024-01-01,5,Wrong Product,Replacement,82.96
RT0000832,O00074994,P00045,2024-09-02,1,Wrong Product,Refund,68.06
RT0000833,O00049939,P00078,2024-05-14,2,Wrong Product,Credit Memo,73.86
RT0000834,O00077059,P02317,2024-03-08,13,Excess Quantity,Refund,233.14
RT0000835,O00078107,P00002,2023-05-22,2,Late Delivery,Credit Memo,143.5
RT0000836,O00058171,P02903,2024-02-06,6,Customer Changed Mind,Credit Memo,148.88
RT0000837,O00036846,P00811,2023-09-06,3,Late Delivery,Refund,172.2
RT0000838,O00044010,P00655,2024-10-23,4,Late Delivery,Credit Memo,21.6
RT0000839,O00057043,P00017,2023-07-02,2,Wrong Product,Credit Memo,41.69
RT0000840,O00082958,P00457,2023-04-07,5,Late Delivery,Credit Memo,251.8
RT0000841,O00041517,P01490,2023-05-23,1,Customer Changed Mind,Replacement,28.84
RT0000842,O00037826,P00865,2025-11-09,1,Quality Issue,Refund,34.79
RT0000843,O00026025,P01182,2024-04-13,2,Damaged in Transit,Replacement,62.57
RT0000844,O00044003,P00172,2025-11-04,1,Damaged in Transit,Refund,44.53
RT0000845,O00012329,P01698,2024-08-27,1,Excess Quantity,Credit Memo,62.03
RT0000846,O00064960,P00078,2025-02-05,2,Late Delivery,Refund,76.03
RT0000847,O00013802,P00143,2025-02-18,5,Damaged in Transit,Replacement,97.25
RT0000848,O00047977,P00006,2025-01-05,2,Quality Issue,Replacement,137.63
RT0000849,O00085989,P01933,2023-06-26,5,Quality Issue,Credit Memo,55.22
RT0000850,O00078545,P00337,2025-05-12,2,Late Delivery,Refund,55.87
RT0000851,O00044117,P00248,2025-12-17,4,Wrong Product,Refund,157.64
RT0000852,O00062689,P00829,2023-01-24,1,Wrong Product,Replacement,43.85
RT0000853,O00069916,P00001,2023-05-07,4,Wrong Product,Credit Memo,135.18
RT0000854,O00081054,P01038,2023-04-14,1,Late Delivery,Credit Memo,35.47
RT0000855,O00099421,P02805,2024-08-11,1,Quality Issue,Replacement,54.58
RT0000856,O00062158,P01380,2025-09-22,3,Damaged in Transit,Credit Memo,211.73
RT0000857,O00004277,P01623,2023-09-14,1,Quality Issue,Replacement,43.96
RT0000858,O00046356,P01377,2024-08-12,3,Quality Issue,Refund,29.08
RT0000859,O00043692,P00501,2024-09-21,7,Wrong Product,Replacement,231.71
RT0000860,O00061638,P01811,2023-07-05,2,Excess Quantity,Refund,74.87
RT0000861,O00069679,P02019,2023-04-19,3,Wrong Product,Replacement,484.03
RT0000862,O00051841,P02530,2023-09-23,1,Late Delivery,Credit Memo,35.95
RT0000863,O00000085,P00475,2024-06-19,2,Damaged in Transit,Refund,112.23
RT0000864,O00056228,P00004,2023-04-27,1,Excess Quantity,Replacement,36.35
RT0000865,O00068627,P01341,2023-10-29,3,Damaged in Transit,Credit Memo,355.68
RT0000866,O00030875,P00301,2024-01-30,3,Excess Quantity,Credit Memo,178.3
RT0000867,O00096029,P02973,2024-09-18,6,Wrong Product,Credit Memo,593.12
RT0000868,O00075506,P01924,2024-08-13,2,Damaged in Transit,Refund,77.3
RT0000869,O00087170,P01184,2024-06-07,2,Damaged in Transit,Replacement,131.25
RT0000870,O00041429,P00073,2024-07-19,1,Quality Issue,Replacement,20.03
RT0000871,O00085709,P00022,2025-08-06,9,Wrong Product,Credit Memo,225.75
RT0000872,O00025072,P00486,2023-11-05,5,Late Delivery,Refund,133.66
RT0000873,O00091378,P02902,2024-01-17,4,Damaged in Transit,Credit Memo,233.17
RT0000874,O00007917,P00202,2023-08-21,1,Damaged in Transit,Credit Memo,64.02
RT0000875,O00002828,P00652,2025-07-18,5,Quality Issue,Credit Memo,231.12
RT0000876,O00049073,P00020,2025-01-13,2,Damaged in Transit,Replacement,49.45
RT0000877,O00062916,P00028,2024-12-19,1,Customer Changed Mind,Refund,26.66
RT0000878,O00073353,P00259,2023-11-20,1,Late Delivery,Refund,69.64
RT0000879,O00090618,P00680,2023-09-17,3,Quality Issue,Refund,61.59
RT0000880,O00015482,P00055,2024-05-07,1,Excess Quantity,Replacement,68.56
RT0000881,O00091685,P00987,2025-10-01,1,Damaged in Transit,Replacement,43.18
RT0000882,O00097839,P00001,2025-05-21,7,Damaged in Transit,Refund,282.74
RT0000883,O00007881,P02991,2024-03-07,2,Damaged in Transit,Credit Memo,51.87
RT0000884,O00072719,P00005,2024-03-01,2,Customer Changed Mind,Refund,79.6
RT0000885,O00075253,P00034,2023-04-20,1,Quality Issue,Credit Memo,24.3
RT0000886,O00095513,P00212,2023-08-31,1,Late Delivery,Replacement,28.5
RT0000887,O00042254,P00072,2023-04-15,11,Damaged in Transit,Replacement,123.97
RT0000888,O00000764,P00822,2026-01-12,7,Quality Issue,Credit Memo,48.51
RT0000889,O00077929,P00005,2025-08-28,4,Customer Changed Mind,Credit Memo,194.56
RT0000890,O00019563,P00017,2023-04-05,5,Wrong Product,Replacement,105.16
RT0000891,O00089838,P01027,2024-03-14,4,Damaged in Transit,Refund,431.72
RT0000892,O00008289,P00059,2025-09-11,1,Wrong Product,Refund,62.82
RT0000893,O00056397,P00985,2025-11-26,2,Damaged in Transit,Replacement,55.35
RT0000894,O00033591,P00221,2024-08-29,1,Damaged in Transit,Credit Memo,37.11
RT0000895,O00051261,P00085,2024-10-12,6,Quality Issue,Refund,247.8
RT0000896,O00077762,P02439,2025-08-10,3,Damaged in Transit,Refund,257.37
RT0000897,O00088603,P00959,2025-07-07,1,Late Delivery,Credit Memo,21.85
RT0000898,O00013629,P00167,2024-12-07,2,Customer Changed Mind,Replacement,55.6
RT0000899,O00090020,P00002,2024-05-08,1,Quality Issue,Credit Memo,65.42
RT0000900,O00041710,P00269,2023-05-17,2,Damaged in Transit,Refund,63.72
RT0000901,O00030600,P00658,2024-05-13,1,Late Delivery,Refund,72.85
RT0000902,O00061524,P00017,2023-06-15,1,Late Delivery,Refund,22.78
RT0000903,O00043484,P00667,2025-12-28,3,Wrong Product,Refund,233.53
RT0000904,O00011669,P01165,2024-06-05,1,Late Delivery,Credit Memo,49.26
RT0000905,O00087647,P01569,2025-09-26,6,Excess Quantity,Replacement,427.73
RT0000906,O00005890,P00092,2024-01-07,4,Quality Issue,Refund,118.65
RT0000907,O00044458,P01031,2025-09-01,1,Excess Quantity,Credit Memo,12.42
RT0000908,O00057642,P00114,2023-02-27,4,Wrong Product,Credit Memo,691.63
RT0000909,O00065499,P00141,2023-09-17,2,Quality Issue,Replacement,90.97
RT0000910,O00056584,P00772,2023-06-07,3,Customer Changed Mind,Replacement,137.94
RT0000911,O00082302,P00493,2025-02-07,3,Quality Issue,Credit Memo,189.44
RT0000912,O00023833,P00154,2025-02-04,2,Wrong Product,Replacement,61.59
RT0000913,O00028273,P02262,2023-10-16,3,Wrong Product,Replacement,126.5
RT0000914,O00025577,P00001,2024-05-30,2,Wrong Product,Replacement,77.08
RT0000915,O00016276,P00067,2024-10-29,1,Customer Changed Mind,Replacement,67.79
RT0000916,O00081650,P00014,2024-07-30,7,Excess Quantity,Refund,371.2
RT0000917,O00027251,P00006,2023-08-30,1,Excess Quantity,Credit Memo,74.25
RT0000918,O00030613,P01315,2024-10-24,3,Quality Issue,Refund,60.08
RT0000919,O00025963,P00052,2024-10-25,2,Wrong Product,Credit Memo,62.66
RT0000920,O00054141,P01792,2023-08-21,4,Wrong Product,Credit Memo,169.92
RT0000921,O00024961,P02022,2024-05-07,1,Quality Issue,Refund,38.61
RT0000922,O00021600,P00205,2025-08-04,1,Damaged in Transit,Replacement,11.61
RT0000923,O00075219,P00864,2024-10-30,1,Quality Issue,Replacement,15.92
RT0000924,O00062610,P02803,2025-11-12,3,Late Delivery,Replacement,154.65
RT0000925,O00036408,P01969,2025-11-10,1,Late Delivery,Replacement,89.96
RT0000926,O00041832,P01268,2026-01-29,4,Late Delivery,Refund,118.94
RT0000927,O00093672,P01613,2025-07-02,2,Damaged in Transit,Credit Memo,76.88
RT0000928,O00024719,P00521,2025-06-05,7,Damaged in Transit,Credit Memo,149.18
RT0000929,O00031375,P01306,2023-04-22,1,Excess Quantity,Replacement,14.2
RT0000930,O00006836,P00339,2023-09-14,3,Damaged in Transit,Refund,707.97
RT0000931,O00030845,P00589,2025-09-05,2,Excess Quantity,Refund,44.07
RT0000932,O00019933,P01463,2024-01-25,6,Quality Issue,Credit Memo,159.57
RT0000933,O00052927,P02276,2024-06-01,1,Excess Quantity,Replacement,72.35
RT0000934,O00016200,P00499,2023-10-01,1,Damaged in Transit,Refund,73.65
RT0000935,O00090421,P00006,2024-08-09,5,Damaged in Transit,Replacement,308.79
RT0000936,O00003402,P00092,2025-02-15,1,Quality Issue,Replacement,28.96
RT0000937,O00074972,P00086,2025-04-22,2,Excess Quantity,Refund,46.96
RT0000938,O00091380,P00001,2023-02-28,1,Quality Issue,Replacement,37.6
RT0000939,O00093692,P02531,2024-09-29,1,Excess Quantity,Refund,21.18
RT0000940,O00070661,P02138,2024-10-15,3,Damaged in Transit,Refund,103.94
RT0000941,O00002153,P00072,2023-11-27,2,Quality Issue,Replacement,21.75
RT0000942,O00075665,P00741,2023-05-09,4,Customer Changed Mind,Credit Memo,270.92
RT0000943,O00040432,P00895,2023-07-05,7,Excess Quantity,Refund,348.88
RT0000944,O00042774,P00792,2025-09-11,6,Damaged in Transit,Credit Memo,325.22
RT0000945,O00077022,P00025,2024-10-13,2,Damaged in Transit,Refund,132.13
RT0000946,O00080611,P00297,2023-04-30,2,Customer Changed Mind,Credit Memo,247.42
RT0000947,O00024448,P00564,2024-02-23,4,Wrong Product,Credit Memo,568.54
RT0000948,O00000913,P01017,2023-06-23,1,Wrong Product,Refund,75.47
RT0000949,O00020945,P00920,2024-10-11,6,Wrong Product,Credit Memo,562.25
RT0000950,O00097546,P00013,2025-03-01,1,Customer Changed Mind,Credit Memo,26.79
RT0000951,O00010077,P00005,2024-09-16,6,Damaged in Transit,Credit Memo,291.84
RT0000952,O00024541,P01973,2023-10-21,1,Customer Changed Mind,Replacement,108.72
RT0000953,O00053153,P02072,2023-09-14,1,Late Delivery,Credit Memo,38.28
RT0000954,O00009171,P01892,2024-09-11,3,Wrong Product,Refund,47.78
RT0000955,O00062317,P00959,2025-05-16,3,Wrong Product,Credit Memo,56.39
RT0000956,O00068057,P00032,2023-05-22,10,Late Delivery,Credit Memo,390.82
RT0000957,O00057248,P02625,2023-02-15,2,Damaged in Transit,Replacement,89.86
RT0000958,O00088319,P00007,2024-06-30,6,Quality Issue,Credit Memo,191.1
RT0000959,O00065223,P02677,2023-08-10,4,Quality Issue,Refund,304.44
RT0000960,O00012415,P02680,2025-05-19,2,Damaged in Transit,Credit Memo,44.04
RT0000961,O00039362,P00203,2025-04-13,1,Excess Quantity,Replacement,65.71
RT0000962,O00078784,P00212,2023-07-27,2,Late Delivery,Refund,55.46
RT0000963,O00084470,P00003,2025-07-07,2,Damaged in Transit,Replacement,21.14
RT0000964,O00047832,P00369,2025-11-01,1,Late Delivery,Replacement,68.63
RT0000965,O00063170,P00113,2023-09-11,3,Late Delivery,Credit Memo,122.6
RT0000966,O00006304,P00693,2025-08-08,1,Wrong Product,Refund,13.26
RT0000967,O00098694,P00091,2024-04-13,1,Wrong Product,Refund,114.53
RT0000968,O00011632,P01255,2024-09-18,1,Quality Issue,Replacement,73.83
RT0000969,O00093486,P00005,2025-07-14,2,Late Delivery,Refund,87.13
RT0000970,O00054477,P00192,2024-04-16,5,Wrong Product,Refund,64.69
RT0000971,O00097113,P00256,2023-03-10,4,Quality Issue,Refund,57.11
RT0000972,O00002351,P02700,2024-08-31,7,Late Delivery,Replacement,65.73
RT0000973,O00021794,P00006,2023-10-15,1,Wrong Product,Credit Memo,65.6
RT0000974,O00003124,P00065,2025-09-11,5,Excess Quantity,Credit Memo,121.44
RT0000975,O00071960,P00059,2024-05-19,5,Customer Changed Mind,Refund,233.55
RT0000976,O00085905,P00032,2025-08-10,3,Damaged in Transit,Replacement,117.88
RT0000977,O00051034,P02848,2025-04-13,8,Wrong Product,Refund,402.05
RT0000978,O00010157,P00007,2025-03-31,5,Damaged in Transit,Refund,185.75
RT0000979,O00099513,P00133,2023-09-22,1,Quality Issue,Refund,65.15
RT0000980,O00092197,P02179,2023-06-13,3,Customer Changed Mind,Credit Memo,228.81
RT0000981,O00045420,P00409,2023-09-07,1,Customer Changed Mind,Refund,31.33
RT0000982,O00078973,P00891,2023-12-08,6,Quality Issue,Replacement,411.96
RT0000983,O00085767,P01884,2023-12-11,7,Damaged in Transit,Replacement,554.29
RT0000984,O00085451,P00777,2023-08-14,1,Late Delivery,Replacement,27.96
RT0000985,O00054787,P02718,2025-02-20,2,Excess Quantity,Credit Memo,30.36
RT0000986,O00027692,P00749,2023-04-16,1,Customer Changed Mind,Replacement,62.53
RT0000987,O00024934,P00818,2025-03-27,3,Quality Issue,Replacement,116.21
RT0000988,O00067481,P00065,2023-06-17,4,Wrong Product,Replacement,96.66
RT0000989,O00074823,P00156,2025-11-21,6,Wrong Product,Replacement,427.74
RT0000990,O00092608,P00321,2024-12-31,4,Damaged in Transit,Credit Memo,48.13
RT0000991,O00068236,P00459,2025-03-16,3,Quality Issue,Credit Memo,350.67
RT0000992,O00091823,P00002,2025-07-18,4,Late Delivery,Replacement,260.41
RT0000993,O00055663,P00262,2023-05-07,8,Damaged in Transit,Refund,626.48
RT0000994,O00007412,P00091,2024-09-15,1,Damaged in Transit,Refund,123.43
RT0000995,O00017484,P01837,2024-01-19,5,Quality Issue,Credit Memo,293.71
RT0000996,O00077170,P00660,2024-07-17,6,Damaged in Transit,Refund,89.53
RT0000997,O00037674,P01255,2024-07-29,1,Damaged in Transit,Credit Memo,73.62
RT0000998,O00085543,P01428,2023-02-26,3,Damaged in Transit,Credit Memo,71.85
RT0000999,O00077904,P00092,2025-08-31,1,Late Delivery,Replacement,26.0
RT0001000,O00006300,P01279,2024-06-22,2,Quality Issue,Replacement,14.23
RT0001001,O00007874,P01395,2024-04-13,3,Damaged in Transit,Refund,67.6
RT0001002,O00012518,P00939,2024-08-08,3,Wrong Product,Replacement,231.72
RT0001003,O00041849,P00264,2025-08-18,2,Damaged in Transit,Credit Memo,224.18
RT0001004,O00020117,P00133,2024-12-13,2,Late Delivery,Credit Memo,146.68
RT0001005,O00072016,P01707,2023-11-07,6,Wrong Product,Replacement,322.26
RT0001006,O00093055,P00101,2023-07-12,1,Quality Issue,Refund,35.22
RT0001007,O00039460,P00002,2024-04-02,1,Quality Issue,Replacement,72.75
RT0001008,O00089028,P02051,2024-08-17,5,Excess Quantity,Refund,247.4
RT0001009,O00005460,P01908,2023-08-21,1,Damaged in Transit,Refund,98.58
RT0001010,O00084947,P02498,2023-08-20,2,Excess Quantity,Replacement,96.82
RT0001011,O00014625,P00144,2025-07-13,1,Quality Issue,Refund,43.41
RT0001012,O00066649,P01940,2023-06-11,2,Customer Changed Mind,Replacement,33.54
RT0001013,O00077803,P00428,2023-06-30,3,Excess Quantity,Replacement,116.88
RT0001014,O00018270,P01009,2025-06-05,2,Damaged in Transit,Refund,76.36
RT0001015,O00021825,P00454,2023-08-09,2,Customer Changed Mind,Credit Memo,54.55
RT0001016,O00037920,P02014,2023-07-15,3,Customer Changed Mind,Replacement,66.92
RT0001017,O00063094,P02378,2024-02-25,1,Damaged in Transit,Refund,158.29
RT0001018,O00021436,P00186,2025-12-29,10,Damaged in Transit,Refund,442.22
RT0001019,O00087601,P00214,2023-10-31,6,Damaged in Transit,Refund,325.4
RT0001020,O00013560,P01596,2024-04-29,2,Damaged in Transit,Credit Memo,33.5
RT0001021,O00046882,P00019,2025-08-14,1,Damaged in Transit,Credit Memo,40.72
RT0001022,O00019483,P00021,2025-07-21,6,Damaged in Transit,Refund,379.89
RT0001023,O00007734,P00188,2025-07-16,1,Quality Issue,Refund,57.6
RT0001024,O00027369,P01212,2023-11-19,1,Customer Changed Mind,Credit Memo,114.37
RT0001025,O00053461,P02898,2024-08-28,4,Quality Issue,Credit Memo,94.47
RT0001026,O00036607,P00024,2024-04-29,4,Quality Issue,Credit Memo,281.92
RT0001027,O00096726,P00062,2025-06-04,2,Quality Issue,Replacement,101.08
RT0001028,O00042418,P00312,2025-06-09,1,Customer Changed Mind,Refund,44.51
RT0001029,O00076483,P00817,2025-06-15,1,Customer Changed Mind,Credit Memo,53.19
RT0001030,O00024224,P00240,2025-09-08,1,Late Delivery,Replacement,34.98
RT0001031,O00074380,P00997,2025-03-14,2,Customer Changed Mind,Refund,120.29
RT0001032,O00016708,P01368,2024-06-03,5,Late Delivery,Refund,192.9
RT0001033,O00001056,P00216,2024-04-03,6,Late Delivery,Replacement,104.71
RT0001034,O00083304,P01827,2023-07-11,7,Wrong Product,Replacement,437.98
RT0001035,O00094897,P00786,2023-09-11,5,Excess Quantity,Refund,167.4
RT0001036,O00080286,P01351,2023-06-26,6,Customer Changed Mind,Credit Memo,443.76
RT0001037,O00066302,P00009,2024-05-17,3,Wrong Product,Credit Memo,135.2
RT0001038,O00078729,P01867,2025-05-03,3,Excess Quantity,Refund,751.62
RT0001039,O00064553,P00021,2023-09-09,2,Wrong Product,Replacement,116.19
RT0001040,O00029982,P00183,2023-03-13,4,Quality Issue,Refund,160.24
RT0001041,O00002520,P00072,2023-06-06,4,Quality Issue,Replacement,43.76
RT0001042,O00052449,P00008,2025-04-07,1,Wrong Product,Replacement,63.19
RT0001043,O00098857,P00200,2025-07-25,1,Customer Changed Mind,Refund,43.14
RT0001044,O00097924,P00450,2023-12-17,1,Late Delivery,Credit Memo,49.21
RT0001045,O00038083,P01323,2023-08-22,1,Wrong Product,Credit Memo,87.69
RT0001046,O00031637,P00482,2023-07-22,1,Damaged in Transit,Replacement,17.31
RT0001047,O00012438,P02975,2023-09-18,4,Damaged in Transit,Replacement,291.23
RT0001048,O00065609,P01504,2025-12-31,4,Wrong Product,Refund,37.87
RT0001049,O00088956,P00146,2025-08-27,1,Late Delivery,Credit Memo,30.18
RT0001050,O00062131,P00047,2023-08-11,4,Damaged in Transit,Replacement,111.3
RT0001051,O00081895,P00032,2023-10-15,5,Wrong Product,Refund,173.02
RT0001052,O00059134,P00005,2023-09-16,2,Quality Issue,Credit Memo,92.85
RT0001053,O00043167,P02644,2025-04-21,2,Damaged in Transit,Credit Memo,36.36
RT0001054,O00002280,P01134,2024-02-19,1,Quality Issue,Refund,56.98
RT0001055,O00049284,P02395,2023-07-29,3,Damaged in Transit,Refund,538.22
RT0001056,O00069623,P02805,2024-09-02,1,Customer Changed Mind,Refund,59.35
RT0001057,O00070114,P00571,2023-10-15,1,Damaged in Transit,Replacement,136.82
RT0001058,O00004736,P02232,2023-05-31,1,Quality Issue,Credit Memo,68.05
RT0001059,O00060139,P02553,2025-04-12,2,Damaged in Transit,Refund,60.83
RT0001060,O00020871,P00004,2024-02-01,7,Customer Changed Mind,Replacement,247.94
RT0001061,O00072341,P02704,2023-09-25,1,Damaged in Transit,Credit Memo,10.19
RT0001062,O00013227,P00002,2025-11-15,1,Excess Quantity,Credit Memo,81.26
RT0001063,O00010692,P00029,2024-07-21,6,Damaged in Transit,Refund,221.34
RT0001064,O00091131,P00345,2025-02-07,1,Damaged in Transit,Refund,27.16
RT0001065,O00087561,P00109,2024-10-22,4,Damaged in Transit,Refund,268.24
RT0001066,O00012702,P01558,2025-09-24,2,Quality Issue,Credit Memo,103.34
RT0001067,O00079676,P00479,2024-05-24,2,Quality Issue,Replacement,72.3
RT0001068,O00026153,P01068,2023-11-20,2,Damaged in Transit,Refund,35.45
RT0001069,O00074843,P00447,2024-10-12,4,Damaged in Transit,Replacement,101.87
RT0001070,O00066478,P00993,2023-10-23,3,Damaged in Transit,Credit Memo,59.75
RT0001071,O00094502,P00008,2024-11-02,1,Customer Changed Mind,Credit Memo,52.45
RT0001072,O00080971,P01785,2025-12-22,3,Damaged in Transit,Credit Memo,147.1
RT0001073,O00021276,P00168,2023-09-18,2,Excess Quantity,Replacement,61.18
RT0001074,O00006686,P00266,2024-03-24,6,Late Delivery,Replacement,169.85
RT0001075,O00059148,P00917,2025-02-16,3,Quality Issue,Replacement,51.25
RT0001076,O00057704,P00303,2024-02-27,2,Wrong Product,Replacement,42.5
RT0001077,O00018752,P01227,2023-03-16,3,Wrong Product,Refund,159.17
RT0001078,O00029864,P02828,2023-11-17,3,Late Delivery,Credit Memo,98.23
RT0001079,O00059100,P00347,2023-08-25,1,Damaged in Transit,Replacement,69.0
RT0001080,O00055640,P00018,2025-02-28,9,Quality Issue,Refund,522.93
RT0001081,O00057162,P00244,2024-10-23,1,Quality Issue,Refund,23.98
RT0001082,O00032639,P01547,2023-09-04,2,Late Delivery,Replacement,151.91
RT0001083,O00051225,P01527,2023-08-03,3,Damaged in Transit,Replacement,56.46
RT0001084,O00053873,P00392,2024-12-29,2,Quality Issue,Credit Memo,241.7
RT0001085,O00023731,P00046,2025-03-01,9,Damaged in Transit,Credit Memo,616.45
RT0001086,O00071858,P02161,2023-03-27,2,Wrong Product,Credit Memo,46.18
RT0001087,O00020948,P00939,2025-11-29,1,Wrong Product,Credit Memo,79.42
RT0001088,O00024625,P00106,2023-08-31,1,Wrong Product,Replacement,64.25
RT0001089,O00003527,P00001,2025-12-09,1,Quality Issue,Refund,34.55
RT0001090,O00016695,P00574,2024-08-24,2,Damaged in Transit,Refund,117.01
RT0001091,O00093590,P00051,2023-09-29,2,Damaged in Transit,Refund,65.42
RT0001092,O00040109,P00404,2024-08-03,4,Wrong Product,Replacement,114.46
RT0001093,O00099334,P00520,2024-06-04,4,Late Delivery,Refund,349.06
RT0001094,O00051119,P01772,2024-04-27,1,Late Delivery,Credit Memo,26.19
RT0001095,O00093779,P00547,2025-09-08,1,Damaged in Transit,Refund,60.95
RT0001096,O00009141,P02653,2023-08-29,8,Damaged in Transit,Credit Memo,982.76
RT0001097,O00007680,P00773,2023-06-08,1,Damaged in Transit,Refund,99.72
RT0001098,O00098074,P00151,2024-07-08,2,Quality Issue,Replacement,267.68
RT0001099,O00005328,P00637,2023-04-08,2,Damaged in Transit,Refund,51.35
RT0001100,O00089440,P00079,2025-01-25,1,Damaged in Transit,Replacement,50.66
RT0001101,O00055870,P00411,2024-04-30,3,Late Delivery,Replacement,64.26
RT0001102,O00013913,P00013,2025-12-30,2,Quality Issue,Credit Memo,55.9
RT0001103,O00017614,P01145,2023-11-07,1,Excess Quantity,Replacement,63.53
RT0001104,O00049807,P00399,2024-10-19,1,Wrong Product,Refund,83.89
RT0001105,O00047056,P00243,2025-10-18,3,Customer Changed Mind,Refund,112.46
RT0001106,O00073291,P00702,2023-08-05,3,Late Delivery,Replacement,124.23
RT0001107,O00092642,P02392,2025-12-14,3,Damaged in Transit,Credit Memo,69.0
RT0001108,O00086746,P00311,2024-11-21,1,Late Delivery,Replacement,32.13
RT0001109,O00005924,P00017,2023-05-07,5,Late Delivery,Refund,112.86
RT0001110,O00031937,P00303,2023-11-24,2,Damaged in Transit,Refund,45.34
RT0001111,O00067511,P01252,2023-12-07,3,Customer Changed Mind,Refund,211.06
RT0001112,O00077794,P00531,2024-06-02,1,Excess Quantity,Replacement,29.38
RT0001113,O00055531,P02701,2024-05-23,1,Customer Changed Mind,Replacement,28.18
RT0001114,O00092297,P02952,2023-05-28,4,Quality Issue,Credit Memo,121.64
RT0001115,O00063172,P00019,2023-04-18,5,Customer Changed Mind,Refund,178.66
RT0001116,O00015733,P01342,2023-07-03,1,Excess Quantity,Replacement,65.33
RT0001117,O00079252,P00417,2024-06-23,2,Damaged in Transit,Refund,36.78
RT0001118,O00004004,P00473,2024-05-29,2,Wrong Product,Refund,86.47
RT0001119,O00095653,P00340,2023-12-18,3,Wrong Product,Refund,127.1
RT0001120,O00021405,P00294,2024-11-18,1,Damaged in Transit,Replacement,13.67
RT0001121,O00045070,P00640,2024-09-11,5,Excess Quantity,Refund,205.29
RT0001122,O00024420,P00098,2024-07-15,6,Excess Quantity,Credit Memo,88.65
RT0001123,O00035419,P02607,2023-12-22,5,Late Delivery,Credit Memo,172.95
RT0001124,O00051345,P00169,2024-05-02,1,Customer Changed Mind,Replacement,17.55
RT0001125,O00081813,P01340,2023-07-18,2,Late Delivery,Credit Memo,19.41
RT0001126,O00008973,P01495,2025-11-01,2,Late Delivery,Refund,94.03
RT0001127,O00050155,P01558,2024-12-27,1,Quality Issue,Refund,42.9
RT0001128,O00068015,P00130,2024-03-03,2,Late Delivery,Credit Memo,70.98
RT0001129,O00060421,P00021,2024-11-07,5,Excess Quantity,Refund,322.48
RT0001130,O00095793,P02058,2025-05-27,1,Quality Issue,Replacement,27.31
RT0001131,O00041485,P00258,2024-10-07,1,Quality Issue,Credit Memo,71.76
RT0001132,O00027453,P02967,2023-08-19,4,Damaged in Transit,Credit Memo,101.53
RT0001133,O00035476,P00024,2023-03-08,1,Damaged in Transit,Credit Memo,67.15
RT0001134,O00080703,P00011,2025-07-17,4,Wrong Product,Refund,172.3
RT0001135,O00048562,P01165,2025-10-18,1,Damaged in Transit,Replacement,56.24
RT0001136,O00010025,P00061,2025-10-27,2,Late Delivery,Refund,43.15
RT0001137,O00057266,P01080,2023-03-24,2,Wrong Product,Refund,125.68
RT0001138,O00002025,P00814,2024-04-15,2,Excess Quantity,Refund,17.93
RT0001139,O00033188,P01405,2025-07-15,1,Customer Changed Mind,Replacement,47.43
RT0001140,O00095347,P00993,2024-08-04,4,Excess Quantity,Credit Memo,93.52
RT0001141,O00084666,P01411,2025-11-26,1,Damaged in Transit,Credit Memo,15.41
RT0001142,O00035218,P02110,2024-11-30,2,Quality Issue,Refund,273.85
RT0001143,O00060065,P00212,2025-10-23,1,Wrong Product,Replacement,30.99
RT0001144,O00072887,P00024,2023-05-20,3,Excess Quantity,Replacement,180.34
RT0001145,O00091263,P00089,2026-01-04,6,Excess Quantity,Replacement,726.16
RT0001146,O00053176,P01549,2024-05-29,2,Damaged in Transit,Credit Memo,175.66
RT0001147,O00010161,P00017,2025-06-14,2,Late Delivery,Replacement,46.5
RT0001148,O00019225,P00013,2025-12-23,1,Quality Issue,Refund,29.77
RT0001149,O00028529,P02294,2024-11-18,3,Quality Issue,Refund,176.85
RT0001150,O00087623,P01610,2025-04-27,2,Quality Issue,Credit Memo,421.64
RT0001151,O00060335,P00126,2025-09-17,20,Late Delivery,Refund,536.0
RT0001152,O00022266,P02042,2025-03-17,1,Wrong Product,Refund,35.52
RT0001153,O00016741,P00128,2024-08-19,3,Late Delivery,Refund,97.76
RT0001154,O00094090,P00955,2024-08-19,9,Quality Issue,Refund,334.53
RT0001155,O00049369,P00003,2024-03-31,2,Damaged in Transit,Replacement,17.46
RT0001156,O00019710,P00100,2024-07-16,1,Quality Issue,Refund,38.01
RT0001157,O00094403,P02953,2025-06-16,7,Damaged in Transit,Refund,732.71
RT0001158,O00078663,P01125,2025-08-12,1,Late Delivery,Refund,48.05
RT0001159,O00028924,P00047,2024-01-03,5,Customer Changed Mind,Refund,135.2
RT0001160,O00068187,P02143,2025-08-16,1,Late Delivery,Refund,26.63
RT0001161,O00095386,P01441,2023-08-31,1,Quality Issue,Refund,48.75
RT0001162,O00044741,P00032,2025-06-16,1,Damaged in Transit,Credit Memo,44.93
RT0001163,O00027356,P01756,2024-08-31,4,Customer Changed Mind,Refund,160.21
RT0001164,O00045788,P00048,2024-05-22,2,Customer Changed Mind,Replacement,27.47
RT0001165,O00094185,P00574,2025-06-17,1,Damaged in Transit,Credit Memo,49.9
RT0001166,O00061115,P01204,2025-11-18,1,Damaged in Transit,Credit Memo,61.35
RT0001167,O00042800,P00166,2024-09-24,1,Late Delivery,Credit Memo,94.97
RT0001168,O00042782,P00042,2023-08-15,1,Quality Issue,Replacement,37.66
RT0001169,O00046581,P01514,2025-06-19,3,Customer Changed Mind,Refund,175.07
RT0001170,O00006073,P02351,2024-02-09,1,Quality Issue,Replacement,58.16
RT0001171,O00078806,P01494,2023-12-06,2,Customer Changed Mind,Refund,84.49
RT0001172,O00009344,P00020,2024-02-28,3,Wrong Product,Replacement,85.21
RT0001173,O00049112,P01781,2024-01-09,1,Wrong Product,Replacement,87.38
RT0001174,O00032960,P01896,2025-10-21,1,Quality Issue,Replacement,32.45
RT0001175,O00034127,P00053,2024-11-29,8,Wrong Product,Replacement,141.58
RT0001176,O00057635,P00010,2024-03-23,5,Wrong Product,Refund,359.63
RT0001177,O00078261,P00011,2025-02-28,2,Damaged in Transit,Refund,80.24
RT0001178,O00019466,P00009,2025-07-17,1,Late Delivery,Refund,45.97
RT0001179,O00017670,P01432,2024-09-11,11,Quality Issue,Refund,222.24
RT0001180,O00051264,P00927,2023-03-16,4,Quality Issue,Refund,96.48
RT0001181,O00009765,P00632,2024-06-14,10,Quality Issue,Credit Memo,610.11
RT0001182,O00094541,P00450,2024-05-25,1,Damaged in Transit,Replacement,56.77
RT0001183,O00088198,P02055,2025-10-02,2,Wrong Product,Credit Memo,188.08
RT0001184,O00070963,P00043,2024-03-06,3,Customer Changed Mind,Credit Memo,45.15
RT0001185,O00086428,P00171,2024-06-30,2,Quality Issue,Replacement,13.52
RT0001186,O00014403,P00439,2024-08-04,11,Damaged in Transit,Replacement,515.15
RT0001187,O00024933,P00001,2025-05-31,1,Late Delivery,Replacement,35.83
RT0001188,O00083829,P02472,2024-03-12,3,Customer Changed Mind,Refund,78.54
RT0001189,O00037695,P00112,2023-07-07,3,Customer Changed Mind,Credit Memo,113.02
RT0001190,O00097168,P01201,2025-09-01,5,Late Delivery,Credit Memo,125.26
RT0001191,O00007814,P00171,2025-04-26,2,Customer Changed Mind,Refund,16.2
RT0001192,O00098284,P00010,2025-07-04,4,Wrong Product,Replacement,303.61
RT0001193,O00088305,P02947,2023-12-01,2,Wrong Product,Refund,228.82
RT0001194,O00002816,P00831,2023-11-03,3,Damaged in Transit,Replacement,520.01
RT0001195,O00043397,P00152,2024-06-13,4,Quality Issue,Refund,236.64
RT0001196,O00047618,P01379,2023-08-02,3,Customer Changed Mind,Refund,133.14
RT0001197,O00024683,P00045,2025-08-02,4,Late Delivery,Refund,265.73
RT0001198,O00071295,P02617,2023-11-07,2,Customer Changed Mind,Credit Memo,41.08
RT0001199,O00049848,P02851,2025-11-27,3,Quality Issue,Credit Memo,76.94
RT0001200,O00083481,P00443,2024-06-21,4,Quality Issue,Credit Memo,75.49
RT0001201,O00089733,P00160,2024-10-22,2,Customer Changed Mind,Refund,144.08
RT0001202,O00047961,P00175,2024-02-28,2,Quality Issue,Credit Memo,25.24
RT0001203,O00047691,P01327,2023-11-19,2,Customer Changed Mind,Replacement,142.73
RT0001204,O00016346,P02716,2025-04-14,2,Damaged in Transit,Replacement,27.76
RT0001205,O00008611,P00001,2025-07-28,1,Damaged in Transit,Credit Memo,40.14
RT0001206,O00016207,P01721,2024-09-04,3,Quality Issue,Credit Memo,447.28
RT0001207,O00067668,P00564,2025-05-24,1,Late Delivery,Refund,136.06
RT0001208,O00051032,P00257,2025-11-25,1,Damaged in Transit,Credit Memo,37.44
RT0001209,O00062978,P00391,2024-05-08,1,Damaged in Transit,Refund,39.34
RT0001210,O00008196,P02831,2024-11-21,1,Late Delivery,Refund,43.66
RT0001211,O00038032,P00027,2024-08-12,2,Wrong Product,Refund,28.08
RT0001212,O00086937,P00738,2023-04-28,11,Customer Changed Mind,Refund,294.43
RT0001213,O00091270,P00166,2024-01-29,1,Quality Issue,Credit Memo,104.92
RT0001214,O00016782,P00884,2023-05-27,1,Late Delivery,Refund,14.03
RT0001215,O00095362,P00008,2026-02-06,7,Excess Quantity,Credit Memo,391.36
RT0001216,O00096618,P02650,2025-08-22,1,Damaged in Transit,Replacement,55.4
RT0001217,O00080608,P00100,2025-01-05,10,Quality Issue,Refund,329.18
RT0001218,O00053550,P01691,2023-08-19,2,Customer Changed Mind,Refund,81.7
RT0001219,O00020626,P02246,2024-07-31,1,Customer Changed Mind,Replacement,131.12
RT0001220,O00063922,P00007,2024-06-14,3,Customer Changed Mind,Credit Memo,109.33
RT0001221,O00088664,P01627,2023-09-29,5,Damaged in Transit,Replacement,57.8
RT0001222,O00025305,P01650,2025-03-11,1,Quality Issue,Replacement,27.09
RT0001223,O00082594,P01159,2024-06-14,1,Customer Changed Mind,Refund,27.19
RT0001224,O00022041,P00015,2023-09-23,1,Damaged in Transit,Credit Memo,47.92
RT0001225,O00035976,P00096,2024-04-28,4,Wrong Product,Credit Memo,418.36
RT0001226,O00092906,P00076,2024-09-14,2,Excess Quantity,Refund,77.74
RT0001227,O00023448,P01034,2025-04-18,2,Wrong Product,Credit Memo,160.04
RT0001228,O00072549,P00102,2024-07-13,1,Damaged in Transit,Credit Memo,52.11
RT0001229,O00005648,P00018,2025-01-15,4,Damaged in Transit,Credit Memo,194.08
RT0001230,O00084795,P01204,2023-03-15,1,Excess Quantity,Replacement,60.54
RT0001231,O00041144,P01419,2025-08-11,1,Damaged in Transit,Credit Memo,49.03
RT0001232,O00087721,P00542,2024-07-03,3,Quality Issue,Credit Memo,148.42
RT0001233,O00027233,P02387,2024-09-22,2,Customer Changed Mind,Refund,69.46
RT0001234,O00024782,P00668,2025-07-08,1,Late Delivery,Refund,55.8
RT0001235,O00019116,P00553,2023-05-18,2,Quality Issue,Credit Memo,41.46
RT0001236,O00019041,P00056,2025-07-11,4,Damaged in Transit,Refund,232.78
RT0001237,O00020662,P00778,2024-07-25,1,Quality Issue,Replacement,12.32
RT0001238,O00005121,P00701,2023-06-23,1,Excess Quantity,Refund,94.1
RT0001239,O00098381,P02672,2025-03-19,1,Late Delivery,Replacement,49.71
RT0001240,O00080370,P00543,2024-09-03,1,Damaged in Transit,Replacement,53.5
RT0001241,O00026115,P02920,2025-08-29,3,Damaged in Transit,Credit Memo,120.41
RT0001242,O00097718,P01851,2024-12-29,2,Quality Issue,Credit Memo,65.6
RT0001243,O00042476,P00003,2026-01-15,2,Customer Changed Mind,Replacement,19.4
RT0001244,O00016265,P00023,2024-06-09,1,Late Delivery,Credit Memo,43.26
RT0001245,O00065193,P00465,2025-10-08,3,Damaged in Transit,Refund,101.9
RT0001246,O00040463,P00065,2024-05-31,3,Damaged in Transit,Refund,68.47
RT0001247,O00036147,P00001,2023-07-30,7,Damaged in Transit,Replacement,253.03
RT0001248,O00099620,P00001,2025-07-29,2,Late Delivery,Refund,71.64
RT0001249,O00092334,P00513,2024-07-05,2,Damaged in Transit,Credit Memo,21.67
RT0001250,O00077957,P00005,2023-04-20,5,Quality Issue,Credit Memo,252.26
RT0001251,O00081619,P00096,2025-09-14,5,Damaged in Transit,Credit Memo,548.39
RT0001252,O00026897,P00003,2024-09-25,2,Late Delivery,Credit Memo,18.22
RT0001253,O00090136,P00026,2023-09-10,2,Late Delivery,Refund,89.5
RT0001254,O00074255,P01243,2023-09-12,1,Late Delivery,Replacement,45.37
RT0001255,O00095334,P00192,2023-06-17,1,Quality Issue,Credit Memo,11.43
RT0001256,O00022004,P00657,2023-09-20,9,Wrong Product,Refund,195.64
RT0001257,O00081832,P00295,2025-02-06,2,Wrong Product,Refund,121.39
RT0001258,O00066455,P02149,2023-11-02,1,Damaged in Transit,Credit Memo,35.21
RT0001259,O00025074,P01578,2025-09-12,5,Excess Quantity,Refund,144.3
RT0001260,O00046546,P01065,2024-08-28,2,Quality Issue,Refund,143.21
RT0001261,O00069791,P00138,2024-10-12,2,Quality Issue,Replacement,215.8
RT0001262,O00011261,P00116,2024-12-09,4,Wrong Product,Credit Memo,64.49
RT0001263,O00091674,P01171,2023-06-12,5,Late Delivery,Replacement,556.14
RT0001264,O00042360,P00034,2024-07-12,1,Excess Quantity,Refund,25.89
RT0001265,O00063604,P00002,2025-01-07,3,Quality Issue,Replacement,200.02
RT0001266,O00038625,P00484,2025-04-01,2,Customer Changed Mind,Refund,57.58
RT0001267,O00065445,P01622,2023-06-14,1,Late Delivery,Refund,49.22
RT0001268,O00002630,P02460,2025-03-11,5,Customer Changed Mind,Refund,237.55
RT0001269,O00079831,P00020,2024-07-13,1,Damaged in Transit,Refund,26.15
RT0001270,O00094946,P02230,2025-12-04,1,Late Delivery,Replacement,21.7
RT0001271,O00024073,P00065,2023-02-06,1,Customer Changed Mind,Credit Memo,21.21
RT0001272,O00000852,P01593,2025-05-28,1,Damaged in Transit,Credit Memo,86.0
RT0001273,O00081330,P00026,2025-08-17,1,Damaged in Transit,Credit Memo,46.09
RT0001274,O00090041,P00021,2024-09-13,6,Wrong Product,Refund,441.04
RT0001275,O00022775,P00071,2024-09-19,7,Quality Issue,Replacement,489.3
RT0001276,O00082072,P00004,2023-08-15,6,Quality Issue,Credit Memo,249.09
RT0001277,O00091041,P00262,2024-05-31,4,Damaged in Transit,Refund,318.49
RT0001278,O00073805,P01427,2023-10-15,4,Quality Issue,Replacement,292.4
RT0001279,O00094517,P00953,2023-07-20,2,Wrong Product,Replacement,101.02
RT0001280,O00083466,P00018,2023-08-13,2,Quality Issue,Credit Memo,106.58
RT0001281,O00056909,P02128,2023-05-07,1,Wrong Product,Refund,21.23
RT0001282,O00077185,P02803,2025-11-10,3,Damaged in Transit,Credit Memo,123.9
RT0001283,O00056785,P00005,2025-06-25,1,Customer Changed Mind,Replacement,50.13
RT0001284,O00006967,P00001,2023-06-12,3,Quality Issue,Credit Memo,105.43
RT0001285,O00025877,P02381,2025-07-25,3,Damaged in Transit,Refund,154.73
RT0001286,O00081207,P00001,2025-08-16,1,Wrong Product,Replacement,35.88
RT0001287,O00030360,P01227,2024-07-01,1,Excess Quantity,Refund,59.75
RT0001288,O00018201,P00710,2024-06-29,2,Wrong Product,Replacement,171.84
RT0001289,O00091662,P01200,2024-11-01,2,Wrong Product,Credit Memo,42.56
RT0001290,O00061716,P02984,2025-08-15,5,Quality Issue,Credit Memo,126.16
RT0001291,O00001570,P00565,2023-11-09,11,Wrong Product,Replacement,404.93
RT0001292,O00013268,P00005,2024-06-01,6,Quality Issue,Refund,293.1
RT0001293,O00017097,P01231,2024-04-01,3,Late Delivery,Credit Memo,43.75
RT0001294,O00005944,P01263,2023-05-17,1,Excess Quantity,Credit Memo,115.85
RT0001295,O00055528,P00002,2024-09-15,1,Damaged in Transit,Replacement,68.15
RT0001296,O00073913,P00004,2026-01-20,2,Damaged in Transit,Refund,87.44
RT0001297,O00070334,P01500,2025-10-14,2,Wrong Product,Credit Memo,143.85
RT0001298,O00071652,P01602,2024-06-11,2,Quality Issue,Credit Memo,53.6
RT0001299,O00006559,P00030,2025-02-10,13,Customer Changed Mind,Replacement,348.52
RT0001300,O00061025,P00578,2023-04-01,2,Late Delivery,Refund,118.22
RT0001301,O00051267,P00005,2023-08-02,8,Customer Changed Mind,Replacement,348.72
RT0001302,O00071031,P02767,2023-06-16,4,Damaged in Transit,Credit Memo,176.36
RT0001303,O00016301,P00197,2023-08-27,4,Customer Changed Mind,Refund,122.84
RT0001304,O00035133,P00950,2026-01-13,1,Wrong Product,Credit Memo,31.96
RT0001305,O00004273,P00777,2023-04-26,13,Excess Quantity,Refund,328.38
RT0001306,O00043906,P00048,2024-04-30,2,Late Delivery,Refund,28.08
RT0001307,O00042742,P00489,2024-07-13,8,Quality Issue,Credit Memo,610.25
RT0001308,O00052101,P00001,2024-12-22,1,Excess Quantity,Refund,39.24
RT0001309,O00032391,P00364,2024-10-14,1,Wrong Product,Refund,42.29
RT0001310,O00002892,P00693,2025-10-11,2,Customer Changed Mind,Refund,22.78
RT0001311,O00020924,P00894,2024-06-27,2,Wrong Product,Refund,202.69
RT0001312,O00008115,P00050,2025-08-26,4,Customer Changed Mind,Credit Memo,197.28
RT0001313,O00074971,P00063,2023-04-17,2,Late Delivery,Credit Memo,146.7
RT0001314,O00068190,P01676,2025-04-11,4,Wrong Product,Replacement,139.88
RT0001315,O00001133,P01249,2025-02-06,1,Excess Quantity,Refund,29.06
RT0001316,O00009327,P01635,2024-04-08,6,Late Delivery,Credit Memo,190.08
RT0001317,O00080273,P00177,2023-07-11,3,Damaged in Transit,Refund,62.73
RT0001318,O00078995,P00018,2025-08-16,3,Customer Changed Mind,Replacement,182.75
RT0001319,O00036565,P02886,2024-07-14,2,Wrong Product,Refund,173.44
RT0001320,O00020891,P00059,2023-06-30,1,Late Delivery,Credit Memo,52.91
RT0001321,O00097839,P02162,2025-04-16,1,Damaged in Transit,Refund,13.66
RT0001322,O00041295,P00154,2023-08-20,8,Damaged in Transit,Credit Memo,261.29
RT0001323,O00006962,P00003,2025-09-14,4,Quality Issue,Refund,40.01
RT0001324,O00034286,P00888,2024-10-10,4,Customer Changed Mind,Replacement,288.4
RT0001325,O00037377,P00157,2023-08-02,1,Damaged in Transit,Refund,107.67
RT0001326,O00027406,P02427,2025-01-26,2,Excess Quantity,Refund,423.82
RT0001327,O00097605,P01263,2025-06-25,4,Late Delivery,Refund,519.76
RT0001328,O00077782,P00118,2024-10-12,2,Quality Issue,Replacement,48.58
RT0001329,O00079937,P00867,2025-05-21,1,Customer Changed Mind,Credit Memo,25.27
RT0001330,O00099020,P00233,2025-07-10,2,Excess Quantity,Replacement,32.42
RT0001331,O00090904,P02729,2024-07-02,2,Damaged in Transit,Refund,21.76
RT0001332,O00078088,P01461,2025-06-16,3,Damaged in Transit,Replacement,61.8
RT0001333,O00078985,P00007,2024-10-23,2,Damaged in Transit,Replacement,67.9
RT0001334,O00000411,P00055,2024-04-04,3,Quality Issue,Credit Memo,182.6
RT0001335,O00095399,P01042,2024-06-26,3,Quality Issue,Refund,60.45
RT0001336,O00074550,P00276,2024-05-26,4,Customer Changed Mind,Replacement,241.16
RT0001337,O00085334,P01023,2023-09-18,4,Customer Changed Mind,Refund,46.87
RT0001338,O00048170,P00611,2023-04-11,1,Quality Issue,Credit Memo,35.66
RT0001339,O00032057,P00317,2025-08-08,2,Excess Quantity,Replacement,56.11
RT0001340,O00052788,P00125,2025-10-08,11,Quality Issue,Replacement,2756.38
RT0001341,O00015132,P00073,2023-05-28,1,Quality Issue,Credit Memo,25.55
RT0001342,O00022522,P00163,2024-06-03,1,Damaged in Transit,Refund,121.46
RT0001343,O00037670,P01660,2023-07-20,2,Wrong Product,Credit Memo,151.96
RT0001344,O00015989,P01383,2023-08-08,1,Customer Changed Mind,Refund,36.05
RT0001345,O00028150,P00544,2025-10-15,5,Damaged in Transit,Credit Memo,85.36
RT0001346,O00051661,P00294,2023-11-06,3,Wrong Product,Refund,39.13
RT0001347,O00039985,P01159,2023-12-05,1,Wrong Product,Replacement,27.36
RT0001348,O00020046,P02711,2024-06-12,5,Damaged in Transit,Credit Memo,415.53
RT0001349,O00049123,P00007,2024-11-02,1,Excess Quantity,Refund,34.91
RT0001350,O00016039,P00836,2023-08-16,3,Customer Changed Mind,Credit Memo,87.88
RT0001351,O00030318,P00589,2023-06-05,1,Excess Quantity,Refund,21.58
RT0001352,O00040926,P00001,2023-03-03,1,Wrong Product,Replacement,30.52
RT0001353,O00051398,P00006,2023-03-18,1,Customer Changed Mind,Replacement,65.3
RT0001354,O00057393,P00006,2024-06-16,4,Quality Issue,Credit Memo,263.71
RT0001355,O00099031,P01553,2025-06-17,1,Quality Issue,Credit Memo,30.32
RT0001356,O00067691,P00113,2025-03-07,4,Late Delivery,Refund,192.32
RT0001357,O00000307,P01294,2023-12-23,6,Late Delivery,Credit Memo,186.63
RT0001358,O00031230,P01908,2025-11-30,1,Wrong Product,Credit Memo,95.44
RT0001359,O00010769,P00038,2025-06-22,3,Wrong Product,Credit Memo,149.67
RT0001360,O00099816,P00001,2024-08-20,6,Late Delivery,Replacement,239.82
RT0001361,O00053113,P00551,2023-10-23,1,Quality Issue,Refund,91.16
RT0001362,O00019577,P00131,2025-07-23,3,Quality Issue,Replacement,92.46
RT0001363,O00093213,P01257,2024-07-14,6,Excess Quantity,Replacement,205.25
RT0001364,O00005504,P00905,2024-01-31,2,Wrong Product,Replacement,89.74
RT0001365,O00007816,P01130,2025-11-27,1,Damaged in Transit,Refund,94.4
RT0001366,O00092436,P00142,2024-07-29,2,Damaged in Transit,Credit Memo,132.0
RT0001367,O00043997,P00498,2025-03-26,4,Wrong Product,Refund,164.92
RT0001368,O00070151,P00986,2023-06-07,1,Excess Quantity,Replacement,38.6
RT0001369,O00008666,P00774,2025-10-24,6,Customer Changed Mind,Refund,83.88
RT0001370,O00017080,P01960,2023-03-11,1,Customer Changed Mind,Refund,40.56
RT0001371,O00042216,P01424,2026-02-18,1,Late Delivery,Credit Memo,26.54
RT0001372,O00055669,P02135,2023-07-22,2,Quality Issue,Replacement,168.98
RT0001373,O00067011,P02407,2024-05-10,1,Excess Quantity,Refund,36.08
RT0001374,O00092412,P02017,2025-04-09,2,Wrong Product,Replacement,96.18
RT0001375,O00097536,P01827,2024-11-24,2,Quality Issue,Replacement,132.2
RT0001376,O00035126,P02623,2025-03-14,2,Excess Quantity,Refund,132.79
RT0001377,O00088038,P00219,2024-06-19,1,Quality Issue,Replacement,25.8
RT0001378,O00008962,P00005,2024-07-05,1,Damaged in Transit,Refund,53.78
RT0001379,O00075418,P00460,2026-01-03,1,Late Delivery,Credit Memo,98.55
RT0001380,O00056642,P00082,2024-11-02,1,Wrong Product,Refund,194.82
RT0001381,O00054915,P00084,2025-07-28,3,Damaged in Transit,Credit Memo,224.03
RT0001382,O00087331,P00021,2023-08-18,1,Customer Changed Mind,Credit Memo,67.88
RT0001383,O00013903,P00009,2023-07-11,3,Damaged in Transit,Replacement,127.93
RT0001384,O00006202,P00244,2023-07-05,4,Wrong Product,Replacement,86.18
RT0001385,O00067056,P00005,2025-04-29,4,Quality Issue,Refund,220.25
RT0001386,O00010605,P00124,2024-08-28,3,Quality Issue,Credit Memo,46.84
RT0001387,O00001642,P00040,2025-04-06,4,Late Delivery,Replacement,254.56
RT0001388,O00060314,P00009,2024-08-29,9,Wrong Product,Credit Memo,436.14
RT0001389,O00092866,P00405,2025-05-13,1,Damaged in Transit,Credit Memo,29.46
RT0001390,O00043376,P00442,2023-06-28,1,Damaged in Transit,Refund,14.81
RT0001391,O00034322,P00032,2023-08-01,1,Damaged in Transit,Credit Memo,39.89
RT0001392,O00015060,P00001,2025-11-17,21,Quality Issue,Replacement,878.67
RT0001393,O00049458,P00149,2023-10-19,2,Damaged in Transit,Refund,96.26
RT0001394,O00033779,P01552,2025-01-15,1,Late Delivery,Refund,72.83
RT0001395,O00058028,P00061,2023-06-22,3,Customer Changed Mind,Replacement,61.8
RT0001396,O00031104,P00046,2023-11-13,1,Wrong Product,Replacement,63.76
RT0001397,O00052246,P00306,2025-04-29,3,Damaged in Transit,Credit Memo,53.27
RT0001398,O00063475,P01309,2024-08-29,1,Damaged in Transit,Credit Memo,34.62
RT0001399,O00060827,P00003,2023-08-15,3,Wrong Product,Credit Memo,25.94
RT0001400,O00005194,P00155,2024-08-21,2,Damaged in Transit,Credit Memo,115.72
RT0001401,O00084916,P00067,2023-12-25,4,Customer Changed Mind,Credit Memo,223.82
RT0001402,O00061210,P01917,2023-09-12,7,Wrong Product,Refund,173.46
RT0001403,O00080094,P00098,2025-08-13,5,Quality Issue,Credit Memo,74.24
RT0001404,O00027662,P01394,2023-12-14,2,Wrong Product,Replacement,93.88
RT0001405,O00080902,P00090,2024-05-12,3,Late Delivery,Replacement,91.93
RT0001406,O00024603,P01265,2025-11-16,2,Damaged in Transit,Refund,192.64
RT0001407,O00013104,P00085,2025-04-15,2,Late Delivery,Refund,81.46
RT0001408,O00080436,P01807,2025-07-20,2,Wrong Product,Refund,42.04
RT0001409,O00097564,P01651,2024-04-16,1,Customer Changed Mind,Replacement,69.46
RT0001410,O00057215,P00921,2024-09-25,6,Damaged in Transit,Refund,130.38
RT0001411,O00049705,P01144,2024-03-29,3,Excess Quantity,Refund,246.33
RT0001412,O00038853,P01926,2024-12-28,2,Quality Issue,Refund,95.53
RT0001413,O00064696,P02203,2025-04-21,2,Damaged in Transit,Replacement,67.47
RT0001414,O00096389,P02053,2025-12-29,1,Damaged in Transit,Credit Memo,32.64
RT0001415,O00069786,P00731,2024-11-24,1,Quality Issue,Replacement,64.45
RT0001416,O00036859,P00138,2024-07-25,1,Wrong Product,Replacement,97.47
RT0001417,O00043347,P00003,2023-12-05,5,Customer Changed Mind,Refund,43.56
RT0001418,O00044740,P00853,2024-05-25,2,Quality Issue,Replacement,99.69
RT0001419,O00061685,P01759,2025-06-20,5,Damaged in Transit,Credit Memo,349.36
RT0001420,O00069607,P01552,2024-09-03,4,Late Delivery,Refund,304.68
RT0001421,O00048049,P01300,2023-07-11,6,Wrong Product,Refund,59.95
RT0001422,O00049763,P00775,2024-10-23,2,Quality Issue,Replacement,104.48
RT0001423,O00018153,P02176,2025-08-06,3,Damaged in Transit,Refund,117.08
RT0001424,O00001315,P01445,2025-01-22,8,Late Delivery,Refund,280.88
RT0001425,O00078965,P01076,2024-05-24,1,Damaged in Transit,Refund,38.3
RT0001426,O00073148,P00756,2024-03-29,1,Quality Issue,Credit Memo,34.76
RT0001427,O00015218,P00163,2025-04-15,6,Quality Issue,Refund,744.55
RT0001428,O00020214,P00208,2025-03-22,10,Customer Changed Mind,Replacement,328.8
RT0001429,O00088996,P00018,2025-04-07,4,Damaged in Transit,Replacement,210.94
RT0001430,O00083379,P00001,2024-08-19,3,Quality Issue,Credit Memo,114.71
RT0001431,O00054596,P00040,2023-02-24,1,Damaged in Transit,Replacement,62.39
RT0001432,O00015875,P01839,2024-06-15,4,Damaged in Transit,Refund,62.03
RT0001433,O00067474,P00034,2023-06-01,1,Wrong Product,Credit Memo,26.09
RT0001434,O00037191,P01162,2023-10-21,8,Late Delivery,Refund,586.88
RT0001435,O00097837,P00044,2023-09-01,13,Wrong Product,Credit Memo,360.84
RT0001436,O00062626,P00138,2025-04-02,9,Damaged in Transit,Refund,1068.48
RT0001437,O00051118,P00073,2025-04-23,3,Excess Quantity,Refund,75.34
RT0001438,O00090570,P00015,2024-09-30,1,Late Delivery,Credit Memo,49.15
RT0001439,O00024274,P01731,2023-05-12,3,Late Delivery,Replacement,135.89
RT0001440,O00041746,P00529,2024-02-01,1,Wrong Product,Replacement,38.24
RT0001441,O00079774,P01193,2026-01-10,1,Wrong Product,Credit Memo,64.68
RT0001442,O00071207,P00006,2023-08-24,1,Damaged in Transit,Credit Memo,68.43
RT0001443,O00016666,P00438,2025-09-06,2,Quality Issue,Credit Memo,24.64
RT0001444,O00088265,P00001,2025-02-07,1,Wrong Product,Refund,31.74
RT0001445,O00016214,P00384,2025-03-18,1,Damaged in Transit,Credit Memo,40.47
RT0001446,O00020651,P00251,2025-12-17,1,Damaged in Transit,Credit Memo,101.4
RT0001447,O00061425,P00074,2023-09-23,1,Damaged in Transit,Replacement,23.12
RT0001448,O00054745,P00011,2024-06-09,3,Quality Issue,Credit Memo,123.35
RT0001449,O00038838,P01205,2024-06-16,2,Customer Changed Mind,Credit Memo,16.51
RT0001450,O00071579,P02849,2024-06-02,1,Quality Issue,Replacement,56.85
RT0001451,O00080988,P01700,2023-02-01,1,Quality Issue,Refund,10.3
RT0001452,O00015467,P01118,2023-08-05,9,Quality Issue,Replacement,164.47
RT0001453,O00055397,P02874,2024-02-25,1,Damaged in Transit,Credit Memo,10.59
RT0001454,O00021161,P00158,2024-12-22,2,Excess Quantity,Credit Memo,108.67
RT0001455,O00097928,P00034,2025-01-30,3,Damaged in Transit,Refund,80.43
RT0001456,O00041221,P00259,2024-03-22,1,Customer Changed Mind,Replacement,60.65
RT0001457,O00081222,P00367,2024-02-11,5,Damaged in Transit,Replacement,260.37
RT0001458,O00027156,P01401,2025-12-05,1,Damaged in Transit,Credit Memo,36.93
RT0001459,O00060086,P01625,2023-10-05,5,Quality Issue,Credit Memo,402.01
RT0001460,O00024843,P00039,2024-12-12,4,Excess Quantity,Replacement,137.07
RT0001461,O00026644,P00118,2025-07-27,1,Late Delivery,Credit Memo,25.01
RT0001462,O00064178,P00023,2024-06-29,1,Damaged in Transit,Replacement,37.0
RT0001463,O00093841,P00665,2025-10-30,4,Customer Changed Mind,Credit Memo,138.04
RT0001464,O00015897,P02123,2024-02-14,1,Late Delivery,Refund,34.73
RT0001465,O00075695,P01422,2023-09-10,1,Quality Issue,Credit Memo,48.66
RT0001466,O00015224,P00011,2024-05-18,1,Quality Issue,Refund,46.11
RT0001467,O00056924,P00001,2025-09-13,1,Excess Quantity,Credit Memo,43.33
RT0001468,O00077667,P00673,2024-05-31,5,Wrong Product,Refund,72.08
RT0001469,O00072063,P00191,2024-09-02,2,Damaged in Transit,Credit Memo,115.84
RT0001470,O00014930,P00646,2023-05-31,1,Quality Issue,Credit Memo,33.22
RT0001471,O00001023,P01353,2023-08-28,1,Late Delivery,Credit Memo,37.94
RT0001472,O00078250,P00041,2024-12-08,3,Damaged in Transit,Credit Memo,159.61
RT0001473,O00016987,P00015,2025-05-03,3,Customer Changed Mind,Refund,127.96
RT0001474,O00071342,P00003,2024-04-26,1,Wrong Product,Refund,9.4
RT0001475,O00050500,P01582,2023-06-06,2,Customer Changed Mind,Refund,87.0
RT0001476,O00060386,P02659,2023-10-05,1,Excess Quantity,Credit Memo,55.0
RT0001477,O00073022,P00060,2024-05-27,1,Damaged in Transit,Refund,122.09
RT0001478,O00037776,P02450,2024-09-23,1,Customer Changed Mind,Replacement,37.8
RT0001479,O00017779,P00003,2024-06-05,3,Excess Quantity,Refund,24.71
RT0001480,O00091261,P00008,2023-06-10,6,Damaged in Transit,Credit Memo,324.27
RT0001481,O00049870,P01164,2023-07-09,15,Excess Quantity,Refund,106.95
RT0001482,O00064226,P02544,2024-02-22,3,Wrong Product,Replacement,47.74
RT0001483,O00060353,P01713,2024-04-20,2,Wrong Product,Replacement,687.3
RT0001484,O00008242,P01389,2024-08-08,1,Quality Issue,Credit Memo,60.29
RT0001485,O00006046,P01979,2025-02-08,3,Late Delivery,Refund,78.35
RT0001486,O00095618,P01706,2023-03-24,2,Excess Quantity,Refund,17.53
RT0001487,O00062325,P00047,2023-07-18,3,Damaged in Transit,Replacement,77.22
RT0001488,O00043941,P00045,2024-04-28,2,Damaged in Transit,Credit Memo,129.5
RT0001489,O00067562,P00232,2025-01-18,8,Late Delivery,Replacement,91.6
RT0001490,O00053265,P01189,2025-08-22,1,Excess Quantity,Credit Memo,49.31
RT0001491,O00024453,P02054,2023-08-10,8,Damaged in Transit,Replacement,41.28
RT0001492,O00052814,P00579,2026-02-05,3,Customer Changed Mind,Credit Memo,121.84
RT0001493,O00044475,P01038,2024-03-24,1,Quality Issue,Refund,32.26
RT0001494,O00064372,P01424,2023-03-18,1,Wrong Product,Replacement,26.72
RT0001495,O00083697,P00065,2025-04-19,3,Late Delivery,Refund,87.54
RT0001496,O00091810,P01086,2025-04-19,8,Damaged in Transit,Replacement,156.31
RT0001497,O00078649,P00768,2025-12-03,2,Late Delivery,Refund,299.42
RT0001498,O00044765,P00487,2023-04-03,5,Damaged in Transit,Credit Memo,204.82
RT0001499,O00047614,P00136,2025-06-13,3,Customer Changed Mind,Credit Memo,71.73
RT0001500,O00007645,P01193,2024-11-17,3,Excess Quantity,Credit Memo,193.46
RT0001501,O00016089,P02035,2024-11-24,1,Damaged in Transit,Refund,32.98
RT0001502,O00010569,P00511,2024-08-26,2,Late Delivery,Credit Memo,91.06
RT0001503,O00006445,P00211,2025-07-05,2,Damaged in Transit,Refund,74.48
RT0001504,O00074848,P00230,2024-06-01,3,Quality Issue,Replacement,125.94
RT0001505,O00028995,P00583,2025-05-22,2,Customer Changed Mind,Replacement,29.71
RT0001506,O00080538,P00023,2024-10-13,2,Late Delivery,Replacement,77.21
RT0001507,O00035231,P00066,2023-06-06,1,Quality Issue,Credit Memo,25.77
RT0001508,O00002790,P00039,2025-06-25,1,Customer Changed Mind,Replacement,32.73
RT0001509,O00087125,P01201,2025-10-27,1,Late Delivery,Refund,22.26
RT0001510,O00038057,P01356,2023-10-27,2,Wrong Product,Replacement,59.2
RT0001511,O00073647,P00192,2024-05-17,1,Customer Changed Mind,Refund,13.02
RT0001512,O00058994,P01871,2024-06-20,1,Quality Issue,Credit Memo,10.71
RT0001513,O00039265,P01787,2025-03-22,3,Damaged in Transit,Replacement,147.35
RT0001514,O00009734,P00316,2025-01-16,1,Quality Issue,Credit Memo,103.01
RT0001515,O00062629,P02174,2023-10-26,1,Excess Quantity,Replacement,15.56
RT0001516,O00039002,P01917,2025-03-07,1,Damaged in Transit,Credit Memo,29.99
RT0001517,O00082369,P00009,2025-03-22,1,Customer Changed Mind,Refund,53.69
RT0001518,O00024718,P02407,2024-05-22,1,Wrong Product,Credit Memo,42.36
RT0001519,O00088250,P00038,2023-06-23,3,Wrong Product,Refund,131.49
RT0001520,O00092414,P00567,2023-07-16,6,Damaged in Transit,Replacement,146.32
RT0001521,O00024197,P00005,2024-11-08,6,Excess Quantity,Replacement,297.31
RT0001522,O00051332,P00782,2025-06-16,3,Late Delivery,Credit Memo,59.46
RT0001523,O00063862,P00007,2025-06-27,1,Damaged in Transit,Refund,37.58
RT0001524,O00056288,P01652,2023-02-22,2,Quality Issue,Refund,162.98
RT0001525,O00059267,P02598,2024-09-14,1,Damaged in Transit,Refund,89.26
RT0001526,O00040409,P00100,2024-10-07,4,Customer Changed Mind,Credit Memo,132.12
RT0001527,O00033556,P01023,2025-05-30,6,Damaged in Transit,Replacement,78.66
RT0001528,O00032608,P00895,2025-08-17,1,Damaged in Transit,Replacement,54.19
RT0001529,O00084106,P01205,2023-09-28,1,Wrong Product,Credit Memo,9.41
RT0001530,O00075466,P00234,2025-03-26,10,Late Delivery,Credit Memo,342.66
RT0001531,O00009683,P00874,2025-09-08,3,Damaged in Transit,Refund,69.69
RT0001532,O00057570,P02941,2023-06-25,1,Damaged in Transit,Replacement,91.24
RT0001533,O00048834,P00128,2023-11-15,3,Customer Changed Mind,Credit Memo,99.43
RT0001534,O00082645,P00001,2024-06-27,11,Excess Quantity,Refund,407.03
RT0001535,O00089366,P00074,2025-07-04,8,Wrong Product,Refund,194.24
RT0001536,O00021616,P02793,2023-05-25,2,Damaged in Transit,Refund,62.12
RT0001537,O00014246,P00448,2024-09-11,6,Customer Changed Mind,Credit Memo,188.62
RT0001538,O00083250,P01431,2024-05-21,1,Wrong Product,Replacement,13.69
RT0001539,O00055006,P01838,2025-04-06,1,Damaged in Transit,Refund,16.77
RT0001540,O00099656,P01266,2025-08-08,7,Late Delivery,Replacement,725.97
RT0001541,O00010756,P02085,2023-06-23,1,Quality Issue,Credit Memo,40.85
RT0001542,O00052669,P00858,2025-07-31,5,Quality Issue,Refund,89.43
RT0001543,O00031362,P01930,2023-12-18,2,Customer Changed Mind,Refund,63.61
RT0001544,O00072555,P00014,2025-05-14,1,Wrong Product,Replacement,62.75
RT0001545,O00004317,P00047,2025-02-13,2,Damaged in Transit,Refund,54.0
RT0001546,O00087668,P00001,2025-01-15,9,Damaged in Transit,Credit Memo,302.55
RT0001547,O00083754,P00007,2025-01-09,1,Damaged in Transit,Replacement,37.49
RT0001548,O00070922,P02683,2025-06-20,4,Quality Issue,Replacement,193.86
RT0001549,O00073941,P02935,2023-09-10,1,Damaged in Transit,Credit Memo,47.44
RT0001550,O00039919,P00334,2025-10-03,1,Wrong Product,Replacement,16.24
RT0001551,O00084419,P00008,2024-06-29,3,Damaged in Transit,Credit Memo,183.28
RT0001552,O00023299,P01926,2023-07-18,4,Customer Changed Mind,Credit Memo,166.04
RT0001553,O00016766,P00819,2024-08-31,2,Customer Changed Mind,Credit Memo,32.14
RT0001554,O00006378,P00114,2025-11-06,3,Wrong Product,Refund,525.76
RT0001555,O00084108,P00774,2024-01-02,1,Late Delivery,Replacement,13.37
RT0001556,O00014039,P00413,2025-09-28,3,Quality Issue,Refund,32.18
RT0001557,O00007671,P00096,2025-11-23,1,Quality Issue,Refund,104.39
RT0001558,O00004633,P00380,2024-08-10,7,Excess Quantity,Credit Memo,353.99
RT0001559,O00076336,P02458,2023-11-25,2,Excess Quantity,Refund,214.74
RT0001560,O00049794,P01274,2025-06-15,1,Quality Issue,Replacement,29.19
RT0001561,O00064125,P00140,2023-04-30,4,Excess Quantity,Credit Memo,333.72
RT0001562,O00035349,P01970,2023-05-30,4,Wrong Product,Replacement,142.54
RT0001563,O00040978,P00532,2026-02-07,4,Damaged in Transit,Replacement,101.38
RT0001564,O00094397,P02312,2024-08-31,5,Customer Changed Mind,Refund,249.74
RT0001565,O00088495,P01813,2023-03-18,2,Damaged in Transit,Replacement,73.13
RT0001566,O00053805,P02389,2023-05-25,1,Damaged in Transit,Refund,19.4
RT0001567,O00048869,P01718,2024-05-30,6,Excess Quantity,Refund,104.86
RT0001568,O00057388,P00160,2023-05-26,2,Customer Changed Mind,Replacement,137.79
RT0001569,O00008098,P00617,2025-07-13,1,Wrong Product,Credit Memo,19.22
RT0001570,O00079482,P00243,2024-03-19,1,Damaged in Transit,Credit Memo,35.62
RT0001571,O00074151,P00322,2025-06-19,7,Wrong Product,Refund,1702.68
RT0001572,O00038404,P00001,2024-05-21,1,Wrong Product,Replacement,39.72
RT0001573,O00031204,P00281,2024-12-03,2,Quality Issue,Refund,85.1
RT0001574,O00057485,P00030,2025-01-15,1,Damaged in Transit,Credit Memo,24.4
RT0001575,O00073399,P02496,2023-03-10,2,Quality Issue,Replacement,22.19
RT0001576,O00098158,P02075,2025-04-30,3,Quality Issue,Credit Memo,100.83
RT0001577,O00017830,P01847,2025-08-24,10,Damaged in Transit,Refund,95.96
RT0001578,O00041097,P00550,2024-09-15,3,Late Delivery,Credit Memo,188.22
RT0001579,O00013908,P01612,2025-07-09,1,Late Delivery,Replacement,10.49
RT0001580,O00074479,P00896,2025-05-13,4,Quality Issue,Replacement,41.07
RT0001581,O00016735,P00801,2024-06-06,6,Quality Issue,Replacement,267.24
RT0001582,O00026534,P00002,2023-06-28,2,Wrong Product,Refund,126.22
RT0001583,O00040904,P00246,2024-08-24,2,Wrong Product,Replacement,209.95
RT0001584,O00054307,P00001,2024-09-22,2,Customer Changed Mind,Refund,79.6
RT0001585,O00010697,P00010,2024-04-18,4,Late Delivery,Replacement,264.52
RT0001586,O00086655,P02519,2024-10-22,1,Late Delivery,Replacement,67.19
RT0001587,O00089373,P00515,2023-08-26,1,Damaged in Transit,Refund,29.62
RT0001588,O00018745,P00402,2023-04-14,8,Wrong Product,Refund,296.98
RT0001589,O00007892,P00043,2025-09-29,2,Wrong Product,Refund,28.46
RT0001590,O00085331,P01737,2023-08-17,4,Late Delivery,Refund,264.5
RT0001591,O00010351,P00003,2023-10-19,2,Wrong Product,Refund,18.58
RT0001592,O00067556,P00707,2024-06-26,3,Damaged in Transit,Refund,40.3
RT0001593,O00066308,P00204,2023-10-08,1,Excess Quantity,Replacement,46.44
RT0001594,O00033600,P00117,2023-07-04,5,Excess Quantity,Refund,255.25
RT0001595,O00028188,P02336,2025-05-25,4,Damaged in Transit,Refund,25.42
RT0001596,O00037026,P00001,2024-05-17,2,Customer Changed Mind,Replacement,81.13
RT0001597,O00031540,P00068,2024-09-06,4,Wrong Product,Credit Memo,65.72
RT0001598,O00021020,P00329,2023-10-04,7,Quality Issue,Credit Memo,148.49
RT0001599,O00046885,P00016,2026-02-09,2,Excess Quantity,Replacement,270.98
RT0001600,O00078060,P00369,2024-10-18,1,Excess Quantity,Replacement,76.13
RT0001601,O00083176,P00410,2024-08-30,5,Wrong Product,Refund,277.81
RT0001602,O00068782,P01173,2023-08-13,10,Quality Issue,Credit Memo,606.4
RT0001603,O00075066,P00006,2023-04-14,4,Damaged in Transit,Credit Memo,274.84
RT0001604,O00010447,P02882,2025-04-14,3,Late Delivery,Replacement,69.71
RT0001605,O00032335,P00038,2025-12-28,3,Excess Quantity,Credit Memo,136.84
RT0001606,O00009638,P00050,2024-08-08,1,Quality Issue,Refund,52.13
RT0001607,O00039215,P00122,2024-04-29,3,Damaged in Transit,Refund,28.11
RT0001608,O00004804,P00005,2024-06-24,8,Damaged in Transit,Refund,386.69
RT0001609,O00029852,P00056,2023-08-12,3,Quality Issue,Credit Memo,161.38
RT0001610,O00014638,P00778,2026-02-17,4,Late Delivery,Credit Memo,68.24
RT0001611,O00080325,P00232,2023-06-24,2,Customer Changed Mind,Replacement,18.76
RT0001612,O00082616,P00200,2025-12-12,2,Damaged in Transit,Replacement,82.4
RT0001613,O00091172,P00057,2025-05-14,4,Late Delivery,Credit Memo,99.83
RT0001614,O00025037,P02997,2025-04-19,1,Excess Quantity,Refund,43.17
RT0001615,O00019876,P00011,2025-02-11,3,Wrong Product,Replacement,110.82
RT0001616,O00091918,P01017,2024-09-09,1,Damaged in Transit,Credit Memo,74.39
RT0001617,O00020147,P00292,2023-11-01,3,Damaged in Transit,Credit Memo,81.67
RT0001618,O00089290,P00076,2025-12-01,1,Late Delivery,Replacement,34.55
RT0001619,O00028621,P00001,2024-12-20,1,Late Delivery,Refund,36.72
RT0001620,O00057424,P02476,2025-07-19,5,Customer Changed Mind,Credit Memo,346.51
RT0001621,O00040188,P02187,2025-09-10,1,Damaged in Transit,Refund,14.3
RT0001622,O00006897,P00479,2024-07-03,2,Late Delivery,Replacement,64.04
RT0001623,O00099860,P00048,2023-04-25,1,Quality Issue,Credit Memo,13.9
RT0001624,O00086104,P00169,2023-12-26,2,Wrong Product,Replacement,39.7
RT0001625,O00006763,P00685,2025-03-23,1,Customer Changed Mind,Replacement,100.88
RT0001626,O00086917,P01215,2026-02-24,1,Quality Issue,Credit Memo,34.98
RT0001627,O00029299,P00033,2025-05-01,3,Customer Changed Mind,Replacement,176.07
RT0001628,O00021339,P00987,2023-07-03,2,Quality Issue,Credit Memo,75.79
RT0001629,O00044688,P00003,2024-07-15,2,Excess Quantity,Refund,16.95
RT0001630,O00079238,P02341,2024-01-07,4,Late Delivery,Credit Memo,411.68
RT0001631,O00011708,P00099,2023-10-08,2,Late Delivery,Replacement,96.23
RT0001632,O00057989,P00160,2024-07-08,8,Customer Changed Mind,Refund,572.76
RT0001633,O00094418,P02007,2023-10-31,1,Customer Changed Mind,Credit Memo,50.3
RT0001634,O00045723,P00571,2024-11-24,1,Damaged in Transit,Replacement,167.34
RT0001635,O00001961,P01483,2023-03-02,7,Wrong Product,Refund,298.04
RT0001636,O00084450,P00020,2024-12-18,2,Customer Changed Mind,Refund,45.53
RT0001637,O00047399,P02561,2024-11-01,5,Wrong Product,Replacement,212.25
RT0001638,O00006449,P00336,2024-04-14,6,Wrong Product,Replacement,378.73
RT0001639,O00009660,P02985,2025-05-18,1,Excess Quantity,Credit Memo,36.89
RT0001640,O00019104,P01540,2023-05-07,4,Quality Issue,Replacement,47.19
RT0001641,O00005034,P02037,2025-11-06,1,Quality Issue,Credit Memo,41.18
RT0001642,O00009927,P01091,2024-05-05,1,Damaged in Transit,Credit Memo,178.18
RT0001643,O00099452,P02332,2025-06-01,1,Late Delivery,Credit Memo,57.84
RT0001644,O00037002,P00004,2023-02-07,5,Quality Issue,Credit Memo,190.36
RT0001645,O00047606,P00138,2025-12-16,3,Quality Issue,Refund,297.0
RT0001646,O00054862,P01566,2024-11-11,8,Quality Issue,Replacement,522.0
RT0001647,O00052244,P00128,2024-08-05,4,Damaged in Transit,Replacement,142.78
RT0001648,O00014353,P01549,2025-05-21,6,Damaged in Transit,Credit Memo,574.96
RT0001649,O00065334,P00014,2025-07-17,4,Quality Issue,Replacement,211.39
RT0001650,O00055737,P00076,2025-01-13,4,Quality Issue,Replacement,127.55
RT0001651,O00037287,P02075,2023-06-03,2,Customer Changed Mind,Credit Memo,62.3
RT0001652,O00099571,P01840,2023-09-24,1,Customer Changed Mind,Credit Memo,20.86
RT0001653,O00061891,P00102,2025-03-24,8,Quality Issue,Refund,367.2
RT0001654,O00091253,P02273,2025-08-18,4,Wrong Product,Credit Memo,162.52
RT0001655,O00046918,P00069,2025-01-12,1,Quality Issue,Credit Memo,41.94
RT0001656,O00020112,P00525,2025-07-24,1,Customer Changed Mind,Credit Memo,18.87
RT0001657,O00024021,P00968,2023-12-16,1,Late Delivery,Refund,16.46
RT0001658,O00038025,P02605,2023-05-09,2,Damaged in Transit,Refund,81.64
RT0001659,O00067074,P00146,2024-07-03,5,Excess Quantity,Credit Memo,162.52
RT0001660,O00019803,P01380,2024-10-14,1,Quality Issue,Credit Memo,65.81
RT0001661,O00040298,P00664,2023-03-25,5,Customer Changed Mind,Credit Memo,202.72
RT0001662,O00010369,P00101,2025-05-28,3,Late Delivery,Credit Memo,125.51
RT0001663,O00046834,P00533,2025-04-02,6,Excess Quantity,Replacement,134.41
RT0001664,O00023279,P00610,2025-07-27,3,Quality Issue,Credit Memo,54.65
RT0001665,O00053052,P01278,2025-02-22,3,Wrong Product,Credit Memo,143.61
RT0001666,O00014532,P00047,2025-10-21,7,Quality Issue,Refund,182.45
RT0001667,O00049103,P00613,2023-11-20,1,Damaged in Transit,Refund,21.4
RT0001668,O00025798,P00005,2023-04-17,7,Damaged in Transit,Credit Memo,323.59
RT0001669,O00076883,P00232,2025-08-01,1,Late Delivery,Credit Memo,11.65
RT0001670,O00058452,P00001,2023-09-14,2,Quality Issue,Credit Memo,70.29
RT0001671,O00061478,P02971,2023-09-20,3,Quality Issue,Refund,30.57
RT0001672,O00048275,P02818,2025-03-14,1,Wrong Product,Replacement,40.38
RT0001673,O00020565,P01453,2025-05-08,1,Wrong Product,Credit Memo,31.51
RT0001674,O00014009,P00988,2025-09-04,2,Wrong Product,Replacement,27.42
RT0001675,O00060792,P01158,2023-11-07,1,Damaged in Transit,Credit Memo,37.38
RT0001676,O00059300,P00429,2025-02-12,3,Damaged in Transit,Replacement,137.11
RT0001677,O00035712,P00704,2023-09-26,1,Damaged in Transit,Replacement,43.91
RT0001678,O00076727,P00005,2023-08-18,2,Customer Changed Mind,Refund,99.28
RT0001679,O00046763,P01614,2024-02-10,5,Late Delivery,Refund,87.34
RT0001680,O00030196,P00011,2023-10-14,3,Late Delivery,Refund,125.66
RT0001681,O00097014,P00135,2024-01-20,1,Late Delivery,Replacement,37.83
RT0001682,O00037965,P02781,2025-04-24,1,Damaged in Transit,Credit Memo,106.96
RT0001683,O00087672,P02079,2025-10-13,3,Wrong Product,Credit Memo,221.42
RT0001684,O00039462,P00058,2023-11-12,11,Wrong Product,Credit Memo,497.7
RT0001685,O00086502,P00056,2023-04-24,1,Damaged in Transit,Refund,61.39
RT0001686,O00075704,P00059,2025-07-09,1,Late Delivery,Refund,58.23
RT0001687,O00018266,P02976,2025-01-06,1,Damaged in Transit,Credit Memo,7.12
RT0001688,O00022794,P01777,2023-08-13,3,Excess Quantity,Refund,249.45
RT0001689,O00044180,P01681,2023-05-09,1,Excess Quantity,Replacement,30.87
RT0001690,O00064645,P01330,2024-09-16,2,Quality Issue,Replacement,54.59
RT0001691,O00012896,P00874,2024-10-06,4,Quality Issue,Refund,77.62
RT0001692,O00088423,P02566,2023-06-04,1,Quality Issue,Credit Memo,15.55
RT0001693,O00015398,P00002,2023-04-01,2,Damaged in Transit,Credit Memo,131.1
RT0001694,O00016284,P00703,2024-10-13,4,Quality Issue,Refund,94.82
RT0001695,O00078621,P00110,2025-08-16,7,Damaged in Transit,Refund,223.46
RT0001696,O00090045,P00688,2023-06-30,2,Quality Issue,Refund,91.39
RT0001697,O00032466,P00068,2025-07-21,2,Damaged in Transit,Replacement,38.11
RT0001698,O00009400,P00745,2025-06-27,2,Customer Changed Mind,Refund,116.84
RT0001699,O00064294,P00505,2024-05-12,5,Late Delivery,Credit Memo,308.45
RT0001700,O00088305,P02947,2023-11-29,4,Excess Quantity,Refund,457.64
RT0001701,O00069646,P02133,2024-05-11,3,Quality Issue,Refund,75.96
RT0001702,O00031502,P02380,2024-11-13,5,Damaged in Transit,Refund,82.28
RT0001703,O00033758,P00002,2024-09-01,2,Quality Issue,Replacement,131.45
RT0001704,O00001667,P00112,2024-10-08,5,Late Delivery,Replacement,167.58
RT0001705,O00047864,P00004,2023-12-06,3,Damaged in Transit,Credit Memo,117.68
RT0001706,O00028261,P00638,2025-04-01,5,Damaged in Transit,Replacement,149.98
RT0001707,O00065014,P00528,2023-08-20,2,Damaged in Transit,Credit Memo,29.39
RT0001708,O00049782,P00001,2023-02-23,1,Excess Quantity,Replacement,34.14
RT0001709,O00070116,P00981,2025-04-02,2,Damaged in Transit,Credit Memo,72.09
RT0001710,O00062785,P00831,2023-03-30,1,Quality Issue,Refund,163.5
RT0001711,O00018283,P00136,2024-06-21,6,Damaged in Transit,Refund,138.02
RT0001712,O00060429,P00324,2025-12-25,2,Late Delivery,Credit Memo,100.08
RT0001713,O00080544,P00113,2025-11-16,2,Excess Quantity,Replacement,82.37
RT0001714,O00041992,P00043,2026-01-30,1,Customer Changed Mind,Replacement,14.34
RT0001715,O00074116,P02680,2023-08-24,2,Damaged in Transit,Credit Memo,43.72
RT0001716,O00011457,P02805,2023-10-29,2,Quality Issue,Replacement,102.87
RT0001717,O00090296,P01287,2024-06-02,2,Quality Issue,Credit Memo,205.29
RT0001718,O00033346,P00077,2024-09-19,2,Damaged in Transit,Refund,26.42
RT0001719,O00087331,P02461,2023-08-25,1,Excess Quantity,Credit Memo,30.8
RT0001720,O00024413,P00062,2024-07-27,4,Excess Quantity,Replacement,203.43
RT0001721,O00062354,P00061,2024-11-15,2,Quality Issue,Credit Memo,43.44
RT0001722,O00011725,P00062,2025-05-22,1,Damaged in Transit,Replacement,51.55
RT0001723,O00099210,P00451,2023-10-21,7,Quality Issue,Credit Memo,380.52
RT0001724,O00043910,P00406,2024-11-08,3,Wrong Product,Credit Memo,94.47
RT0001725,O00003064,P02277,2023-09-15,1,Excess Quantity,Replacement,21.14
RT0001726,O00015583,P01901,2025-11-08,4,Late Delivery,Credit Memo,146.21
RT0001727,O00045949,P00019,2023-09-15,1,Customer Changed Mind,Replacement,35.43
RT0001728,O00058451,P02536,2024-08-17,4,Wrong Product,Refund,104.27
RT0001729,O00095712,P01391,2023-04-23,3,Customer Changed Mind,Refund,317.73
RT0001730,O00070406,P02373,2025-02-26,3,Quality Issue,Refund,117.45
RT0001731,O00086470,P00028,2024-10-23,2,Wrong Product,Credit Memo,50.72
RT0001732,O00075042,P00146,2025-07-04,1,Quality Issue,Replacement,31.97
RT0001733,O00074675,P00128,2025-07-23,1,Wrong Product,Refund,34.29
RT0001734,O00041461,P01831,2025-03-26,2,Customer Changed Mind,Replacement,83.7
RT0001735,O00041136,P00373,2025-02-28,5,Customer Changed Mind,Replacement,199.58
RT0001736,O00021626,P00658,2024-08-26,2,Late Delivery,Replacement,142.75
RT0001737,O00063047,P00573,2024-12-26,2,Customer Changed Mind,Replacement,101.76
RT0001738,O00084650,P00012,2023-10-10,3,Customer Changed Mind,Refund,336.84
RT0001739,O00071326,P00014,2023-08-14,5,Quality Issue,Replacement,281.61
RT0001740,O00021320,P00066,2025-12-12,2,Excess Quantity,Refund,48.17
RT0001741,O00071202,P02531,2024-03-05,1,Quality Issue,Replacement,20.92
RT0001742,O00090546,P00045,2023-10-12,1,Wrong Product,Credit Memo,59.28
RT0001743,O00041444,P00003,2024-12-18,7,Excess Quantity,Replacement,61.24
RT0001744,O00081851,P00035,2025-01-23,1,Customer Changed Mind,Refund,61.24
RT0001745,O00015236,P00787,2025-05-05,7,Customer Changed Mind,Refund,290.83
RT0001746,O00051152,P00001,2025-02-07,2,Excess Quantity,Credit Memo,73.69
RT0001747,O00010364,P00070,2024-10-10,9,Quality Issue,Credit Memo,1153.49
RT0001748,O00003250,P00008,2025-04-27,1,Quality Issue,Refund,60.45
RT0001749,O00029599,P00045,2025-01-16,2,Excess Quantity,Credit Memo,143.72
RT0001750,O00041853,P00029,2023-04-04,3,Damaged in Transit,Credit Memo,109.02
RT0001751,O00094949,P00023,2025-05-04,1,Late Delivery,Credit Memo,37.39
RT0001752,O00085362,P01915,2023-07-29,12,Quality Issue,Replacement,424.42
RT0001753,O00020816,P00003,2024-10-26,2,Customer Changed Mind,Replacement,19.13
RT0001754,O00098921,P00637,2025-05-30,2,Damaged in Transit,Replacement,65.9
RT0001755,O00058355,P01334,2025-05-22,3,Excess Quantity,Credit Memo,103.86
RT0001756,O00030784,P00684,2024-07-19,3,Damaged in Transit,Credit Memo,53.05
RT0001757,O00077405,P00660,2024-03-19,2,Wrong Product,Refund,29.44
RT0001758,O00030104,P00080,2025-10-04,1,Customer Changed Mind,Replacement,25.29
RT0001759,O00029632,P00017,2025-09-23,1,Excess Quantity,Credit Memo,23.53
RT0001760,O00006352,P00013,2024-07-16,2,Customer Changed Mind,Credit Memo,58.9
RT0001761,O00026907,P00253,2024-09-10,5,Damaged in Transit,Replacement,33.42
RT0001762,O00009496,P01556,2023-04-12,2,Late Delivery,Credit Memo,113.22
RT0001763,O00066209,P01820,2023-05-06,5,Customer Changed Mind,Refund,243.14
RT0001764,O00041551,P00141,2024-05-12,1,Quality Issue,Credit Memo,52.58
RT0001765,O00036448,P00071,2024-05-19,2,Excess Quantity,Refund,141.05
RT0001766,O00029521,P00001,2024-11-02,1,Quality Issue,Credit Memo,40.81
RT0001767,O00024349,P00251,2025-12-22,5,Customer Changed Mind,Refund,553.25
RT0001768,O00086517,P02657,2023-08-12,4,Excess Quantity,Credit Memo,226.21
RT0001769,O00077373,P00001,2024-01-01,7,Late Delivery,Refund,280.3
RT0001770,O00068497,P00895,2023-05-21,2,Customer Changed Mind,Refund,100.53
RT0001771,O00081256,P00019,2023-10-02,4,Wrong Product,Credit Memo,125.15
RT0001772,O00048014,P00009,2023-08-03,1,Damaged in Transit,Credit Memo,47.81
RT0001773,O00064748,P02767,2025-08-03,3,Wrong Product,Credit Memo,141.06
RT0001774,O00073346,P00033,2025-05-22,4,Quality Issue,Refund,261.76
RT0001775,O00019176,P01191,2025-06-28,5,Quality Issue,Credit Memo,140.16
RT0001776,O00040170,P00022,2024-04-01,1,Quality Issue,Refund,25.04
RT0001777,O00040407,P00288,2024-02-18,8,Quality Issue,Refund,384.94
RT0001778,O00019277,P00044,2025-04-13,3,Customer Changed Mind,Refund,107.0
RT0001779,O00064978,P00028,2025-04-19,4,Customer Changed Mind,Credit Memo,111.15
RT0001780,O00080662,P00008,2024-08-05,2,Quality Issue,Refund,123.36
RT0001781,O00090056,P00136,2024-05-03,2,Excess Quantity,Replacement,46.15
RT0001782,O00099908,P00003,2024-05-02,3,Excess Quantity,Credit Memo,24.16
RT0001783,O00082993,P00240,2024-10-01,4,Wrong Product,Credit Memo,128.37
RT0001784,O00010205,P01456,2024-04-30,1,Damaged in Transit,Replacement,29.01
RT0001785,O00027753,P01003,2025-11-25,6,Damaged in Transit,Replacement,113.6
RT0001786,O00071692,P00146,2024-05-18,4,Damaged in Transit,Refund,116.82
RT0001787,O00013541,P01806,2023-04-13,1,Customer Changed Mind,Credit Memo,70.41
RT0001788,O00068030,P00308,2025-11-10,1,Late Delivery,Replacement,25.53
RT0001789,O00007804,P00091,2025-11-03,2,Wrong Product,Credit Memo,267.5
RT0001790,O00037000,P00378,2023-10-10,1,Quality Issue,Replacement,142.7
RT0001791,O00037597,P00527,2024-01-13,7,Wrong Product,Replacement,231.46
RT0001792,O00004177,P00001,2024-09-11,1,Late Delivery,Refund,32.55
RT0001793,O00047624,P00427,2023-09-03,1,Customer Changed Mind,Replacement,56.22
RT0001794,O00028980,P00457,2023-10-01,2,Late Delivery,Replacement,102.14
RT0001795,O00048306,P00589,2025-06-24,4,Excess Quantity,Refund,90.17
RT0001796,O00078694,P00006,2025-10-11,1,Wrong Product,Replacement,75.78
RT0001797,O00087512,P00023,2024-08-01,4,Wrong Product,Credit Memo,152.24
RT0001798,O00015873,P00086,2023-10-28,2,Customer Changed Mind,Credit Memo,48.32
RT0001799,O00017502,P02415,2023-11-17,2,Customer Changed Mind,Credit Memo,175.12
RT0001800,O00053200,P00046,2023-05-23,1,Late Delivery,Replacement,65.67
RT0001801,O00085946,P00038,2023-06-21,1,Customer Changed Mind,Replacement,43.95
RT0001802,O00007467,P00081,2024-07-23,9,Quality Issue,Replacement,170.82
RT0001803,O00086176,P00318,2025-05-28,3,Late Delivery,Replacement,99.58
RT0001804,O00051110,P01231,2025-07-25,2,Customer Changed Mind,Replacement,28.19
RT0001805,O00031795,P02266,2024-07-27,2,Wrong Product,Replacement,147.85
RT0001806,O00065660,P02895,2024-06-29,1,Customer Changed Mind,Credit Memo,21.44
RT0001807,O00093795,P01035,2024-09-07,2,Excess Quantity,Credit Memo,89.03
RT0001808,O00023391,P00098,2023-09-09,4,Quality Issue,Refund,61.34
RT0001809,O00008251,P00072,2023-10-09,2,Damaged in Transit,Refund,19.09
RT0001810,O00014374,P00196,2026-01-08,1,Wrong Product,Refund,7.91
RT0001811,O00072910,P02153,2024-06-30,4,Excess Quantity,Refund,170.02
RT0001812,O00087338,P00164,2023-12-16,2,Wrong Product,Credit Memo,20.85
RT0001813,O00065928,P01574,2023-08-10,1,Wrong Product,Credit Memo,62.19
RT0001814,O00077430,P00356,2025-08-06,1,Late Delivery,Credit Memo,38.61
RT0001815,O00038844,P02011,2024-08-04,1,Customer Changed Mind,Refund,37.39
RT0001816,O00097300,P01485,2023-09-08,3,Quality Issue,Refund,406.25
RT0001817,O00038830,P00437,2024-08-10,2,Wrong Product,Replacement,146.32
RT0001818,O00089744,P00882,2023-06-09,2,Customer Changed Mind,Replacement,37.52
RT0001819,O00095190,P02525,2025-02-27,1,Quality Issue,Replacement,32.29
RT0001820,O00083478,P00018,2023-08-29,5,Quality Issue,Credit Memo,247.09
RT0001821,O00073381,P00983,2024-03-05,3,Customer Changed Mind,Credit Memo,61.65
RT0001822,O00069704,P00849,2023-12-16,2,Quality Issue,Replacement,49.57
RT0001823,O00068189,P01478,2024-08-10,3,Late Delivery,Credit Memo,23.31
RT0001824,O00074206,P02450,2023-09-03,2,Excess Quantity,Replacement,76.38
RT0001825,O00081852,P00001,2023-03-05,10,Damaged in Transit,Refund,381.3
RT0001826,O00021606,P01371,2025-05-15,9,Damaged in Transit,Refund,227.86
RT0001827,O00012785,P00625,2024-04-17,2,Damaged in Transit,Replacement,81.78
RT0001828,O00019990,P00366,2024-06-13,1,Wrong Product,Refund,56.35
RT0001829,O00063070,P00088,2025-12-02,2,Wrong Product,Replacement,26.37
RT0001830,O00081484,P00324,2024-08-22,2,Customer Changed Mind,Replacement,103.63
RT0001831,O00083481,P00161,2024-05-02,2,Quality Issue,Refund,114.56
RT0001832,O00084481,P01869,2023-06-29,3,Damaged in Transit,Replacement,68.01
RT0001833,O00033536,P00051,2025-11-28,5,Wrong Product,Credit Memo,190.55
RT0001834,O00052941,P02064,2024-12-18,1,Quality Issue,Credit Memo,104.22
RT0001835,O00038908,P02517,2024-06-05,2,Quality Issue,Replacement,226.61
RT0001836,O00072945,P00036,2025-11-17,1,Quality Issue,Refund,16.44
RT0001837,O00058126,P00700,2023-06-30,2,Damaged in Transit,Replacement,120.88
RT0001838,O00087785,P00053,2023-11-30,4,Late Delivery,Replacement,82.44
RT0001839,O00039238,P01474,2023-07-18,3,Wrong Product,Replacement,386.95
RT0001840,O00029657,P00021,2024-07-17,2,Excess Quantity,Credit Memo,119.63
RT0001841,O00047562,P00155,2025-06-07,1,Customer Changed Mind,Replacement,73.13
RT0001842,O00014142,P01191,2025-08-13,2,Wrong Product,Replacement,52.14
RT0001843,O00055013,P00266,2024-01-31,2,Quality Issue,Refund,56.77
RT0001844,O00074197,P00080,2023-05-29,2,Customer Changed Mind,Replacement,47.95
RT0001845,O00017345,P00478,2023-05-25,2,Wrong Product,Refund,53.64
RT0001846,O00077737,P01260,2024-08-11,1,Wrong Product,Credit Memo,46.55
RT0001847,O00042125,P02749,2024-03-09,1,Quality Issue,Refund,25.06
RT0001848,O00059587,P01497,2025-09-17,5,Wrong Product,Replacement,170.2
RT0001849,O00028435,P02124,2024-11-01,5,Late Delivery,Replacement,270.13
RT0001850,O00012705,P00730,2023-05-23,1,Late Delivery,Refund,120.67
RT0001851,O00096539,P00430,2024-11-23,1,Wrong Product,Refund,8.25
RT0001852,O00066442,P00455,2025-01-02,1,Quality Issue,Refund,31.69
RT0001853,O00093300,P00484,2024-01-09,5,Late Delivery,Credit Memo,131.7
RT0001854,O00084446,P00006,2024-06-22,4,Damaged in Transit,Refund,276.99
RT0001855,O00099427,P01225,2023-09-07,2,Customer Changed Mind,Refund,144.8
RT0001856,O00067983,P00633,2026-01-22,5,Quality Issue,Refund,243.7
RT0001857,O00037442,P01060,2024-07-18,1,Late Delivery,Replacement,44.12
RT0001858,O00007446,P00021,2023-03-21,1,Customer Changed Mind,Credit Memo,67.66
RT0001859,O00080880,P01695,2023-05-24,1,Quality Issue,Replacement,10.3
RT0001860,O00061743,P01709,2025-10-20,5,Customer Changed Mind,Replacement,250.3
RT0001861,O00066646,P00208,2025-07-09,2,Damaged in Transit,Refund,57.32
RT0001862,O00019281,P02013,2023-10-17,1,Excess Quantity,Credit Memo,20.5
RT0001863,O00099878,P00865,2024-07-29,1,Wrong Product,Replacement,32.54
RT0001864,O00053612,P00224,2023-10-03,3,Quality Issue,Refund,219.09
RT0001865,O00087068,P00026,2024-10-14,5,Damaged in Transit,Credit Memo,208.72
RT0001866,O00055721,P00215,2025-03-03,3,Damaged in Transit,Credit Memo,42.52
RT0001867,O00092338,P00082,2025-01-11,1,Quality Issue,Refund,165.96
RT0001868,O00082788,P00510,2023-11-01,8,Damaged in Transit,Credit Memo,275.76
RT0001869,O00075448,P00367,2025-06-22,2,Damaged in Transit,Credit Memo,121.86
RT0001870,O00026784,P00017,2024-07-19,1,Damaged in Transit,Credit Memo,24.28
RT0001871,O00031985,P00050,2025-09-28,1,Damaged in Transit,Refund,48.64
RT0001872,O00007789,P00674,2024-07-09,3,Excess Quantity,Refund,156.85
RT0001873,O00060149,P00126,2025-08-12,1,Quality Issue,Replacement,22.62
RT0001874,O00086026,P00326,2025-10-03,1,Quality Issue,Credit Memo,174.74
RT0001875,O00046562,P00426,2024-10-21,2,Damaged in Transit,Credit Memo,66.63
RT0001876,O00028280,P00161,2023-10-02,2,Damaged in Transit,Credit Memo,126.04
RT0001877,O00001955,P02960,2025-10-10,2,Excess Quantity,Credit Memo,123.5
RT0001878,O00057243,P01725,2024-07-12,1,Damaged in Transit,Credit Memo,27.14
RT0001879,O00020373,P00386,2023-07-30,1,Quality Issue,Credit Memo,119.03
RT0001880,O00071913,P00091,2023-06-17,2,Damaged in Transit,Credit Memo,244.02
RT0001881,O00057706,P00235,2023-05-28,2,Quality Issue,Replacement,166.32
RT0001882,O00095660,P00773,2023-06-15,1,Customer Changed Mind,Replacement,104.28
RT0001883,O00055079,P00437,2023-08-15,3,Excess Quantity,Credit Memo,248.43
RT0001884,O00086297,P00074,2025-10-13,3,Quality Issue,Refund,66.23
RT0001885,O00011575,P02645,2024-04-09,1,Quality Issue,Refund,59.62
RT0001886,O00007861,P02849,2025-08-17,4,Wrong Product,Replacement,219.33
RT0001887,O00088676,P01740,2025-08-06,1,Wrong Product,Credit Memo,88.26
RT0001888,O00027572,P00136,2025-11-22,1,Excess Quantity,Credit Memo,21.52
RT0001889,O00025847,P01437,2023-10-28,5,Excess Quantity,Refund,103.49
RT0001890,O00071864,P02578,2024-06-24,2,Damaged in Transit,Credit Memo,113.39
RT0001891,O00093172,P01906,2023-12-21,2,Wrong Product,Credit Memo,72.25
RT0001892,O00039301,P00158,2023-10-10,2,Late Delivery,Credit Memo,123.5
RT0001893,O00096988,P00429,2025-11-14,7,Customer Changed Mind,Refund,318.78
RT0001894,O00060940,P01640,2025-08-09,6,Excess Quantity,Replacement,163.25
RT0001895,O00056438,P00307,2025-04-13,2,Late Delivery,Credit Memo,29.16
RT0001896,O00005422,P00024,2024-07-05,4,Damaged in Transit,Refund,259.04
RT0001897,O00028990,P00006,2024-08-25,4,Quality Issue,Credit Memo,316.56
RT0001898,O00066161,P00259,2025-10-17,2,Wrong Product,Credit Memo,118.37
RT0001899,O00039920,P00018,2025-06-07,2,Damaged in Transit,Credit Memo,111.93
RT0001900,O00019455,P02903,2025-07-19,3,Damaged in Transit,Credit Memo,75.94
RT0001901,O00007653,P00403,2024-04-16,1,Damaged in Transit,Refund,75.86
RT0001902,O00044160,P00479,2024-03-20,1,Customer Changed Mind,Refund,33.62
RT0001903,O00098631,P02361,2025-05-14,1,Customer Changed Mind,Refund,5.76
RT0001904,O00058031,P00440,2024-10-14,5,Quality Issue,Credit Memo,195.89
RT0001905,O00090701,P01273,2025-09-10,11,Damaged in Transit,Replacement,498.99
RT0001906,O00063169,P00008,2024-09-19,2,Quality Issue,Replacement,121.81
RT0001907,O00023326,P00069,2025-11-13,5,Late Delivery,Credit Memo,219.8
RT0001908,O00037624,P02581,2024-12-08,1,Quality Issue,Replacement,37.4
RT0001909,O00076800,P00313,2024-09-16,1,Wrong Product,Credit Memo,48.93
RT0001910,O00090458,P00069,2023-06-20,8,Damaged in Transit,Credit Memo,365.6
RT0001911,O00022852,P00188,2023-07-08,1,Wrong Product,Credit Memo,54.71
RT0001912,O00009307,P00126,2025-02-10,5,Customer Changed Mind,Refund,105.82
RT0001913,O00016804,P00021,2024-11-12,8,Wrong Product,Replacement,533.84
RT0001914,O00010907,P00954,2023-10-24,2,Late Delivery,Refund,86.87
RT0001915,O00098687,P00134,2024-10-21,1,Excess Quantity,Replacement,51.66
RT0001916,O00047357,P01005,2025-02-27,2,Damaged in Transit,Replacement,187.39
RT0001917,O00034967,P00153,2023-06-29,1,Quality Issue,Refund,30.34
RT0001918,O00070249,P02017,2024-10-06,1,Excess Quantity,Replacement,48.78
RT0001919,O00033394,P01037,2023-03-07,10,Excess Quantity,Replacement,88.46
RT0001920,O00075453,P00010,2024-10-22,3,Customer Changed Mind,Refund,179.11
RT0001921,O00073127,P00312,2024-04-10,4,Late Delivery,Credit Memo,201.78
RT0001922,O00037453,P00185,2025-03-18,1,Customer Changed Mind,Replacement,41.96
RT0001923,O00096098,P00674,2024-08-21,7,Excess Quantity,Credit Memo,358.83
RT0001924,O00000065,P00038,2025-08-02,5,Wrong Product,Refund,206.93
RT0001925,O00007506,P01841,2025-06-28,5,Damaged in Transit,Replacement,149.82
RT0001926,O00054059,P00027,2025-04-12,2,Wrong Product,Refund,27.29
RT0001927,O00068132,P01104,2024-03-18,3,Quality Issue,Credit Memo,78.15
RT0001928,O00038813,P01137,2025-06-09,4,Excess Quantity,Refund,284.9
RT0001929,O00054608,P01713,2024-09-01,3,Late Delivery,Replacement,1009.68
RT0001930,O00061425,P00138,2023-09-02,1,Customer Changed Mind,Credit Memo,100.04
RT0001931,O00046685,P00066,2023-10-25,7,Damaged in Transit,Credit Memo,157.39
RT0001932,O00013665,P01752,2024-07-05,2,Quality Issue,Credit Memo,130.68
RT0001933,O00080116,P00065,2023-08-18,4,Damaged in Transit,Refund,99.4
RT0001934,O00010495,P00429,2024-05-14,1,Customer Changed Mind,Credit Memo,48.52
RT0001935,O00057274,P00125,2025-09-06,1,Damaged in Transit,Refund,298.9
RT0001936,O00066627,P00427,2024-04-13,1,Wrong Product,Credit Memo,53.13
RT0001937,O00037246,P00093,2024-05-05,8,Damaged in Transit,Credit Memo,367.92
RT0001938,O00081648,P00103,2025-01-30,3,Damaged in Transit,Replacement,37.87
RT0001939,O00030342,P00270,2023-10-05,1,Customer Changed Mind,Refund,5.64
RT0001940,O00050450,P00754,2023-07-21,4,Late Delivery,Replacement,41.44
RT0001941,O00084086,P01076,2025-12-03,4,Quality Issue,Replacement,155.74
RT0001942,O00058105,P00004,2024-12-26,1,Damaged in Transit,Credit Memo,43.6
RT0001943,O00094749,P01564,2024-06-19,1,Damaged in Transit,Credit Memo,46.64
RT0001944,O00019521,P02427,2024-08-10,4,Quality Issue,Credit Memo,774.55
RT0001945,O00025948,P00091,2025-12-11,2,Customer Changed Mind,Refund,248.22
RT0001946,O00070088,P00016,2025-04-03,14,Excess Quantity,Refund,2059.4
RT0001947,O00037953,P00281,2024-10-15,4,Quality Issue,Credit Memo,175.47
RT0001948,O00080757,P01787,2024-07-25,4,Damaged in Transit,Credit Memo,193.61
RT0001949,O00054011,P01187,2023-03-30,1,Excess Quantity,Replacement,48.03
RT0001950,O00090136,P00026,2023-09-10,2,Late Delivery,Credit Memo,89.5
RT0001951,O00070559,P02811,2024-06-10,5,Damaged in Transit,Refund,896.23
RT0001952,O00094855,P01141,2024-01-29,6,Customer Changed Mind,Refund,727.08
RT0001953,O00053181,P00528,2024-08-21,5,Excess Quantity,Refund,79.7
RT0001954,O00049743,P00024,2023-12-11,1,Quality Issue,Replacement,66.44
RT0001955,O00057423,P01820,2025-09-08,3,Quality Issue,Refund,180.93
RT0001956,O00084043,P00324,2023-03-15,1,Wrong Product,Credit Memo,54.44
RT0001957,O00085956,P02416,2024-08-01,2,Quality Issue,Replacement,35.22
RT0001958,O00006042,P00569,2023-02-24,6,Customer Changed Mind,Refund,232.02
RT0001959,O00076589,P02818,2024-11-06,2,Damaged in Transit,Refund,82.12
RT0001960,O00028116,P00277,2025-09-09,1,Quality Issue,Replacement,50.94
RT0001961,O00002415,P02167,2025-08-16,2,Wrong Product,Refund,215.01
RT0001962,O00011260,P00418,2023-12-15,1,Quality Issue,Replacement,24.08
RT0001963,O00066773,P00872,2023-03-05,1,Quality Issue,Refund,55.85
RT0001964,O00012235,P01737,2025-10-28,7,Customer Changed Mind,Credit Memo,464.97
RT0001965,O00095388,P02667,2025-02-24,2,Wrong Product,Refund,101.24
RT0001966,O00011779,P00010,2024-08-22,1,Excess Quantity,Refund,67.0
RT0001967,O00085107,P01212,2024-07-30,5,Damaged in Transit,Credit Memo,524.07
RT0001968,O00048215,P00002,2023-02-18,3,Quality Issue,Refund,194.72
RT0001969,O00036890,P00138,2026-02-25,1,Quality Issue,Credit Memo,85.23
RT0001970,O00036048,P02920,2025-08-16,1,Customer Changed Mind,Credit Memo,43.24
RT0001971,O00074701,P02949,2024-12-25,1,Quality Issue,Refund,53.7
RT0001972,O00000039,P00131,2025-01-29,2,Damaged in Transit,Credit Memo,65.19
RT0001973,O00001493,P00005,2025-12-07,2,Customer Changed Mind,Refund,99.7
RT0001974,O00019556,P00093,2025-03-25,4,Wrong Product,Replacement,157.33
RT0001975,O00099317,P01562,2024-11-05,3,Late Delivery,Credit Memo,205.71
RT0001976,O00009668,P00003,2024-02-13,1,Quality Issue,Refund,9.6
RT0001977,O00087858,P00509,2025-10-17,1,Quality Issue,Replacement,39.5
RT0001978,O00034392,P00385,2025-03-23,1,Damaged in Transit,Refund,17.36
RT0001979,O00011673,P00391,2023-10-29,12,Damaged in Transit,Replacement,483.29
RT0001980,O00082599,P00371,2024-08-24,3,Damaged in Transit,Replacement,207.95
RT0001981,O00073176,P00606,2024-03-08,2,Quality Issue,Credit Memo,117.45
RT0001982,O00095898,P01044,2024-07-11,2,Late Delivery,Refund,67.81
RT0001983,O00043992,P01106,2025-07-04,1,Quality Issue,Replacement,74.61
RT0001984,O00094145,P02177,2023-03-31,3,Excess Quantity,Refund,109.63
RT0001985,O00034970,P00110,2025-04-16,4,Wrong Product,Credit Memo,127.07
RT0001986,O00005019,P00299,2025-10-25,5,Quality Issue,Credit Memo,140.5
RT0001987,O00091910,P00420,2025-01-20,1,Wrong Product,Refund,110.08
RT0001988,O00003061,P00742,2025-07-18,1,Customer Changed Mind,Credit Memo,39.66
RT0001989,O00091117,P00166,2024-09-25,4,Customer Changed Mind,Refund,439.24
RT0001990,O00029487,P02954,2025-11-15,3,Excess Quantity,Replacement,100.19
RT0001991,O00004666,P00055,2024-05-19,1,Damaged in Transit,Replacement,62.18
RT0001992,O00008810,P02418,2025-04-22,1,Quality Issue,Replacement,11.08
RT0001993,O00099270,P00109,2025-08-27,1,Customer Changed Mind,Credit Memo,73.55
RT0001994,O00078961,P02960,2023-06-17,1,Excess Quantity,Credit Memo,57.84
RT0001995,O00024436,P00090,2025-01-25,2,Excess Quantity,Refund,59.01
RT0001996,O00007477,P00144,2024-09-28,3,Excess Quantity,Credit Memo,118.4
RT0001997,O00016670,P00839,2025-10-02,7,Wrong Product,Credit Memo,490.71
RT0001998,O00056441,P00001,2025-03-16,6,Customer Changed Mind,Replacement,188.56
RT0001999,O00033371,P02027,2025-02-24,4,Quality Issue,Credit Memo,191.06
RT0002000,O00005841,P01035,2023-11-23,6,Customer Changed Mind,Refund,303.49
RT0002001,O00071109,P01026,2025-09-11,1,Damaged in Transit,Credit Memo,61.36
RT0002002,O00031368,P01825,2025-11-21,1,Quality Issue,Refund,92.88
RT0002003,O00000447,P00010,2025-03-13,2,Damaged in Transit,Replacement,155.94
RT0002004,O00081900,P01353,2023-01-22,1,Damaged in Transit,Refund,37.58
RT0002005,O00085940,P00310,2025-01-25,1,Damaged in Transit,Refund,25.42
RT0002006,O00087690,P01868,2023-02-24,1,Late Delivery,Replacement,48.87
RT0002007,O00023068,P00442,2023-12-23,4,Quality Issue,Credit Memo,57.7
RT0002008,O00091075,P00086,2024-09-24,2,Late Delivery,Replacement,46.49
RT0002009,O00046457,P00589,2023-02-25,8,Damaged in Transit,Refund,152.79
RT0002010,O00029589,P00023,2023-06-26,5,Damaged in Transit,Credit Memo,189.25
RT0002011,O00017553,P00002,2025-04-15,1,Late Delivery,Replacement,63.76
RT0002012,O00030701,P00599,2023-02-18,2,Quality Issue,Replacement,26.07
RT0002013,O00098045,P00208,2024-07-04,1,Quality Issue,Credit Memo,28.03
RT0002014,O00036857,P01047,2025-12-27,2,Quality Issue,Credit Memo,94.84
RT0002015,O00005597,P01189,2024-06-05,3,Late Delivery,Credit Memo,160.85
RT0002016,O00007001,P00085,2023-03-21,1,Excess Quantity,Replacement,32.34
RT0002017,O00076297,P00002,2024-08-17,7,Wrong Product,Credit Memo,513.32
RT0002018,O00048304,P00353,2023-03-03,1,Late Delivery,Refund,84.56
RT0002019,O00003945,P00054,2024-07-17,1,Customer Changed Mind,Refund,19.49
RT0002020,O00061758,P01601,2023-03-13,4,Customer Changed Mind,Credit Memo,92.89
RT0002021,O00077610,P00125,2023-11-09,5,Wrong Product,Refund,1245.69
RT0002022,O00060769,P00205,2023-09-16,4,Quality Issue,Credit Memo,43.86
RT0002023,O00096408,P02403,2024-11-04,3,Quality Issue,Replacement,73.49
RT0002024,O00042346,P02597,2024-01-27,2,Quality Issue,Refund,111.3
RT0002025,O00071629,P01036,2023-02-21,2,Late Delivery,Refund,59.63
RT0002026,O00028140,P00004,2024-10-21,1,Customer Changed Mind,Credit Memo,39.72
RT0002027,O00053988,P00177,2024-10-05,2,Excess Quantity,Replacement,40.16
RT0002028,O00031597,P00006,2023-09-13,1,Damaged in Transit,Refund,65.64
RT0002029,O00053550,P02415,2023-09-28,3,Quality Issue,Credit Memo,329.46
RT0002030,O00065462,P00002,2023-08-27,1,Quality Issue,Replacement,71.42
RT0002031,O00079893,P01096,2023-11-19,2,Quality Issue,Refund,118.13
RT0002032,O00004773,P01143,2024-11-03,1,Quality Issue,Refund,71.78
RT0002033,O00065385,P00204,2025-05-24,4,Damaged in Transit,Refund,169.46
RT0002034,O00031812,P00262,2025-08-27,5,Customer Changed Mind,Replacement,408.71
RT0002035,O00098649,P00463,2024-07-26,5,Customer Changed Mind,Refund,141.17
RT0002036,O00030798,P01229,2023-09-12,2,Wrong Product,Credit Memo,136.27
RT0002037,O00062522,P00005,2025-08-26,1,Wrong Product,Refund,59.51
RT0002038,O00060072,P02124,2025-06-16,2,Quality Issue,Credit Memo,104.59
RT0002039,O00022588,P02802,2023-05-30,2,Quality Issue,Credit Memo,164.22
RT0002040,O00053199,P02191,2023-11-07,1,Damaged in Transit,Refund,139.25
RT0002041,O00088461,P01102,2023-04-08,5,Quality Issue,Refund,242.74
RT0002042,O00073623,P00067,2023-08-15,1,Customer Changed Mind,Credit Memo,51.64
RT0002043,O00063925,P02312,2024-09-09,5,Late Delivery,Replacement,238.88
RT0002044,O00017253,P00573,2024-11-02,3,Damaged in Transit,Credit Memo,140.13
RT0002045,O00061953,P00223,2023-11-02,1,Wrong Product,Credit Memo,35.36
RT0002046,O00063262,P00210,2024-08-21,2,Excess Quantity,Replacement,56.61
RT0002047,O00055562,P00293,2025-07-10,5,Damaged in Transit,Replacement,314.24
RT0002048,O00077392,P02759,2025-11-02,2,Damaged in Transit,Replacement,97.7
RT0002049,O00008575,P02930,2024-01-20,3,Damaged in Transit,Refund,314.43
RT0002050,O00083809,P00340,2023-02-23,1,Wrong Product,Replacement,46.14
RT0002051,O00096089,P01528,2023-06-06,5,Wrong Product,Refund,164.5
RT0002052,O00009085,P00035,2025-06-21,2,Damaged in Transit,Replacement,140.94
RT0002053,O00041461,P00264,2025-03-21,2,Quality Issue,Replacement,196.74
RT0002054,O00095214,P01162,2025-04-27,7,Wrong Product,Credit Memo,630.48
RT0002055,O00097254,P02787,2024-04-08,3,Customer Changed Mind,Credit Memo,44.04
RT0002056,O00007415,P02647,2025-04-25,1,Wrong Product,Replacement,56.39
RT0002057,O00069455,P01347,2023-06-08,2,Quality Issue,Refund,66.59
RT0002058,O00090519,P02517,2023-11-20,2,Damaged in Transit,Replacement,166.96
RT0002059,O00059115,P02135,2023-04-16,3,Wrong Product,Refund,234.63
RT0002060,O00017442,P00160,2023-08-03,1,Wrong Product,Refund,66.28
RT0002061,O00001974,P01345,2024-04-23,1,Customer Changed Mind,Refund,96.47
RT0002062,O00085006,P00665,2024-05-09,1,Damaged in Transit,Replacement,28.3
RT0002063,O00073442,P01317,2024-04-17,5,Late Delivery,Credit Memo,169.99
RT0002064,O00019953,P02810,2023-12-08,2,Quality Issue,Refund,82.43
RT0002065,O00054314,P02179,2023-09-18,2,Damaged in Transit,Credit Memo,155.59
RT0002066,O00084159,P02999,2023-01-16,4,Customer Changed Mind,Credit Memo,214.03
RT0002067,O00041506,P02139,2023-07-22,6,Damaged in Transit,Credit Memo,444.26
RT0002068,O00062269,P02865,2024-09-14,1,Quality Issue,Replacement,81.11
RT0002069,O00093320,P01928,2024-10-23,1,Damaged in Transit,Replacement,44.39
RT0002070,O00033829,P02441,2024-05-26,3,Customer Changed Mind,Refund,75.85
RT0002071,O00091484,P00216,2025-06-12,2,Customer Changed Mind,Replacement,31.12
RT0002072,O00054649,P02812,2024-07-09,1,Wrong Product,Credit Memo,71.61
RT0002073,O00002353,P00150,2025-11-07,4,Quality Issue,Credit Memo,49.39
RT0002074,O00028676,P01631,2023-06-20,1,Wrong Product,Replacement,42.72
RT0002075,O00099936,P00474,2025-05-07,1,Wrong Product,Credit Memo,38.63
RT0002076,O00066489,P02491,2023-10-24,1,Quality Issue,Credit Memo,60.76
RT0002077,O00037471,P00381,2024-02-08,2,Quality Issue,Replacement,208.82
RT0002078,O00050046,P00001,2025-11-01,1,Customer Changed Mind,Refund,38.05
RT0002079,O00034983,P00001,2025-06-05,1,Damaged in Transit,Credit Memo,38.08
RT0002080,O00044255,P00029,2023-10-03,1,Wrong Product,Replacement,35.22
RT0002081,O00042587,P00668,2024-06-25,3,Damaged in Transit,Replacement,160.28
RT0002082,O00028711,P01907,2025-12-06,2,Customer Changed Mind,Credit Memo,53.3
RT0002083,O00068919,P00378,2025-06-22,1,Wrong Product,Refund,161.07
RT0002084,O00060065,P00117,2025-11-11,2,Late Delivery,Credit Memo,108.26
RT0002085,O00011208,P01412,2024-09-01,4,Wrong Product,Credit Memo,287.0
RT0002086,O00024876,P00002,2024-11-06,2,Excess Quantity,Refund,124.92
RT0002087,O00059224,P00106,2023-10-15,2,Late Delivery,Replacement,145.52
RT0002088,O00052300,P00922,2025-11-25,1,Excess Quantity,Refund,60.85
RT0002089,O00039962,P00291,2025-10-18,3,Customer Changed Mind,Refund,24.09
RT0002090,O00068815,P00794,2023-08-03,2,Quality Issue,Credit Memo,17.25
RT0002091,O00027414,P00903,2024-05-31,2,Quality Issue,Refund,94.93
RT0002092,O00061335,P02047,2023-07-10,1,Damaged in Transit,Credit Memo,21.54
RT0002093,O00001081,P01553,2023-07-01,5,Wrong Product,Credit Memo,143.18
RT0002094,O00007781,P00891,2024-08-29,1,Customer Changed Mind,Replacement,65.46
RT0002095,O00062770,P00403,2024-05-06,2,Customer Changed Mind,Replacement,175.59
RT0002096,O00066717,P00423,2025-06-07,2,Late Delivery,Refund,62.54
RT0002097,O00039509,P00213,2025-06-04,2,Damaged in Transit,Credit Memo,50.0
RT0002098,O00009845,P02186,2024-07-22,2,Damaged in Transit,Replacement,27.5
RT0002099,O00013161,P00110,2024-01-21,1,Late Delivery,Refund,28.08
RT0002100,O00089792,P00065,2024-06-29,1,Excess Quantity,Credit Memo,25.3
RT0002101,O00058680,P00012,2023-10-11,1,Damaged in Transit,Replacement,107.81
RT0002102,O00061341,P00507,2023-10-22,8,Late Delivery,Credit Memo,196.0
RT0002103,O00083978,P02165,2025-08-01,2,Quality Issue,Replacement,139.36
RT0002104,O00023335,P00318,2025-06-26,4,Quality Issue,Refund,145.32
RT0002105,O00091392,P00406,2025-03-20,1,Wrong Product,Credit Memo,33.46
RT0002106,O00087505,P00304,2024-09-16,2,Quality Issue,Credit Memo,117.29
RT0002107,O00036398,P01156,2024-08-18,1,Damaged in Transit,Credit Memo,79.59
RT0002108,O00043098,P00051,2023-12-16,1,Customer Changed Mind,Refund,33.97
RT0002109,O00087464,P02882,2025-04-04,5,Customer Changed Mind,Refund,121.81
RT0002110,O00089970,P00019,2026-01-16,2,Damaged in Transit,Credit Memo,77.65
RT0002111,O00059255,P00004,2023-03-18,11,Customer Changed Mind,Refund,413.24
RT0002112,O00004404,P00024,2024-09-26,3,Excess Quantity,Credit Memo,176.96
RT0002113,O00047137,P00266,2023-04-26,7,Customer Changed Mind,Replacement,210.56
RT0002114,O00024258,P02087,2024-04-26,2,Late Delivery,Replacement,57.22
RT0002115,O00016313,P01259,2023-10-29,5,Customer Changed Mind,Replacement,164.61
RT0002116,O00064792,P00404,2025-03-13,1,Damaged in Transit,Replacement,29.83
RT0002117,O00011286,P00530,2023-08-13,4,Quality Issue,Replacement,139.2
RT0002118,O00096781,P00014,2024-11-23,1,Excess Quantity,Replacement,55.87
RT0002119,O00078626,P00211,2023-11-07,2,Damaged in Transit,Replacement,64.92
RT0002120,O00046747,P02635,2025-04-02,1,Late Delivery,Refund,58.39
RT0002121,O00035304,P01326,2025-03-29,5,Quality Issue,Replacement,78.38
RT0002122,O00046727,P00534,2024-03-08,1,Damaged in Transit,Replacement,24.96
RT0002123,O00008498,P00028,2025-01-17,1,Customer Changed Mind,Credit Memo,25.41
RT0002124,O00092088,P00001,2025-08-25,9,Customer Changed Mind,Refund,348.09
RT0002125,O00071052,P01015,2025-07-11,3,Damaged in Transit,Replacement,127.52
RT0002126,O00027348,P02267,2023-10-21,3,Late Delivery,Refund,387.29
RT0002127,O00085565,P00025,2023-12-29,1,Damaged in Transit,Replacement,63.56
RT0002128,O00096111,P00426,2024-11-03,2,Excess Quantity,Replacement,70.07
RT0002129,O00000443,P00017,2026-01-10,4,Late Delivery,Replacement,87.19
RT0002130,O00052815,P01201,2023-09-27,9,Quality Issue,Replacement,183.9
RT0002131,O00005334,P00014,2025-06-23,1,Wrong Product,Replacement,63.41
RT0002132,O00054778,P00784,2023-07-12,1,Damaged in Transit,Refund,12.27
RT0002133,O00019380,P00635,2023-03-21,2,Damaged in Transit,Replacement,144.18
RT0002134,O00001238,P00039,2025-11-15,2,Damaged in Transit,Credit Memo,67.12
RT0002135,O00028802,P01765,2024-10-18,3,Excess Quantity,Credit Memo,36.07
RT0002136,O00041792,P00001,2023-09-23,2,Customer Changed Mind,Credit Memo,75.06
RT0002137,O00005773,P00233,2025-03-02,5,Quality Issue,Replacement,87.6
RT0002138,O00077675,P00005,2024-10-25,2,Damaged in Transit,Replacement,90.88
RT0002139,O00022888,P00004,2025-05-31,8,Damaged in Transit,Credit Memo,338.88
RT0002140,O00087898,P01272,2025-12-27,2,Late Delivery,Refund,43.95
RT0002141,O00071263,P00114,2023-03-10,7,Quality Issue,Refund,1253.29
RT0002142,O00081355,P01448,2024-10-23,1,Excess Quantity,Replacement,21.13
RT0002143,O00097658,P02238,2024-12-20,1,Damaged in Transit,Credit Memo,16.62
RT0002144,O00098311,P00914,2024-12-21,2,Damaged in Transit,Replacement,117.48
RT0002145,O00085577,P00515,2025-04-17,4,Damaged in Transit,Refund,146.6
RT0002146,O00092480,P02454,2025-05-09,2,Damaged in Transit,Refund,116.28
RT0002147,O00003182,P00868,2024-08-21,6,Late Delivery,Refund,167.64
RT0002148,O00054676,P00213,2023-09-02,1,Late Delivery,Refund,22.96
RT0002149,O00099868,P00303,2023-11-03,4,Damaged in Transit,Credit Memo,86.04
RT0002150,O00079566,P01634,2024-08-25,1,Damaged in Transit,Credit Memo,6.98
RT0002151,O00094634,P00356,2023-06-09,1,Customer Changed Mind,Replacement,36.0
RT0002152,O00091708,P01784,2023-08-27,2,Customer Changed Mind,Credit Memo,134.4
RT0002153,O00040864,P00209,2024-12-23,6,Late Delivery,Replacement,578.72
RT0002154,O00038165,P00087,2025-09-11,3,Quality Issue,Credit Memo,78.59
RT0002155,O00037633,P02294,2025-04-29,3,Customer Changed Mind,Refund,161.38
RT0002156,O00006375,P01888,2023-08-25,1,Damaged in Transit,Replacement,63.13
RT0002157,O00034513,P02331,2025-12-18,5,Quality Issue,Refund,72.38
RT0002158,O00019556,P00093,2025-03-20,6,Damaged in Transit,Refund,236.0
RT0002159,O00088447,P00366,2025-05-30,6,Damaged in Transit,Replacement,325.45
RT0002160,O00045571,P00477,2023-05-15,1,Damaged in Transit,Refund,61.29
RT0002161,O00012316,P00023,2023-11-27,11,Damaged in Transit,Replacement,410.27
RT0002162,O00049636,P00781,2024-11-14,1,Damaged in Transit,Refund,39.94
RT0002163,O00075822,P00001,2023-12-14,3,Customer Changed Mind,Refund,116.34
RT0002164,O00046275,P01140,2025-05-19,1,Excess Quantity,Refund,25.17
RT0002165,O00083868,P00196,2025-02-15,2,Excess Quantity,Credit Memo,15.42
RT0002166,O00057770,P01725,2025-07-11,2,Quality Issue,Replacement,63.22
RT0002167,O00021774,P00795,2024-11-03,5,Quality Issue,Replacement,79.85
RT0002168,O00051857,P02161,2025-12-03,1,Quality Issue,Refund,25.35
RT0002169,O00081575,P02412,2023-05-12,1,Customer Changed Mind,Refund,107.51
RT0002170,O00006199,P00756,2025-09-02,2,Quality Issue,Replacement,69.01
RT0002171,O00058912,P01370,2023-06-16,2,Damaged in Transit,Credit Memo,309.93
RT0002172,O00005617,P00051,2024-07-18,7,Damaged in Transit,Credit Memo,237.06
RT0002173,O00034403,P00380,2023-07-19,1,Late Delivery,Refund,47.73
RT0002174,O00007565,P02987,2023-08-18,1,Damaged in Transit,Credit Memo,31.03
RT0002175,O00047481,P02762,2023-08-28,3,Damaged in Transit,Credit Memo,60.33
RT0002176,O00035111,P00017,2025-09-02,9,Damaged in Transit,Replacement,217.98
RT0002177,O00091767,P01886,2025-09-29,1,Damaged in Transit,Refund,26.17
RT0002178,O00028082,P02947,2025-04-20,1,Excess Quantity,Credit Memo,136.34
RT0002179,O00060438,P00065,2025-10-09,5,Late Delivery,Replacement,142.01
RT0002180,O00093287,P00412,2025-11-05,1,Late Delivery,Credit Memo,17.42
RT0002181,O00083930,P00758,2023-08-29,1,Quality Issue,Refund,13.3
RT0002182,O00041597,P00066,2023-07-13,6,Late Delivery,Refund,161.4
RT0002183,O00068592,P00163,2026-02-13,2,Damaged in Transit,Replacement,230.26
RT0002184,O00051630,P00085,2024-01-06,2,Excess Quantity,Replacement,70.07
RT0002185,O00090588,P00215,2025-10-13,4,Customer Changed Mind,Credit Memo,57.58
RT0002186,O00055590,P00263,2024-01-22,1,Excess Quantity,Replacement,95.56
RT0002187,O00006887,P02770,2024-03-06,1,Late Delivery,Replacement,54.72
RT0002188,O00068065,P00001,2024-08-13,1,Excess Quantity,Credit Memo,37.49
RT0002189,O00084969,P00659,2024-01-31,1,Customer Changed Mind,Credit Memo,41.78
RT0002190,O00006175,P00071,2025-08-12,4,Damaged in Transit,Credit Memo,292.63
RT0002191,O00055850,P01297,2024-09-03,1,Late Delivery,Refund,62.02
RT0002192,O00058366,P02041,2023-06-26,3,Customer Changed Mind,Refund,251.97
RT0002193,O00038398,P00011,2023-04-01,1,Wrong Product,Credit Memo,43.07
RT0002194,O00001647,P02628,2024-08-12,5,Damaged in Transit,Replacement,349.2
RT0002195,O00050132,P01880,2023-08-29,1,Excess Quantity,Replacement,50.25
RT0002196,O00022188,P00001,2025-11-28,1,Excess Quantity,Credit Memo,38.8
RT0002197,O00093119,P02690,2023-10-13,2,Quality Issue,Replacement,64.57
RT0002198,O00087363,P00955,2024-01-09,2,Customer Changed Mind,Replacement,73.17
RT0002199,O00002309,P02250,2026-01-16,1,Wrong Product,Refund,53.76
RT0002200,O00081194,P01554,2025-02-25,2,Late Delivery,Refund,180.32
RT0002201,O00048600,P00099,2023-05-07,2,Late Delivery,Credit Memo,123.5
RT0002202,O00072400,P00017,2024-09-13,9,Damaged in Transit,Refund,201.2
RT0002203,O00075054,P00041,2024-06-14,4,Customer Changed Mind,Credit Memo,255.52
RT0002204,O00002653,P01314,2024-10-12,5,Damaged in Transit,Replacement,423.84
RT0002205,O00003226,P01404,2025-10-08,2,Wrong Product,Credit Memo,223.12
RT0002206,O00073295,P01732,2024-09-25,2,Quality Issue,Refund,31.74
RT0002207,O00085958,P01390,2023-12-04,4,Customer Changed Mind,Credit Memo,246.54
RT0002208,O00058245,P00345,2024-12-28,1,Excess Quantity,Replacement,28.29
RT0002209,O00097103,P00014,2023-09-23,4,Excess Quantity,Replacement,223.04
RT0002210,O00099867,P00014,2023-05-16,1,Customer Changed Mind,Refund,54.26
RT0002211,O00099463,P01622,2024-05-13,2,Wrong Product,Refund,111.47
RT0002212,O00055504,P00952,2025-11-28,2,Wrong Product,Replacement,173.98
RT0002213,O00004170,P00029,2025-03-20,3,Customer Changed Mind,Credit Memo,119.72
RT0002214,O00017589,P00120,2024-07-10,1,Excess Quantity,Refund,15.19
RT0002215,O00089635,P00818,2024-07-06,2,Damaged in Transit,Replacement,88.3
RT0002216,O00073570,P00946,2023-05-15,2,Damaged in Transit,Credit Memo,127.86
RT0002217,O00053278,P00578,2023-12-22,2,Quality Issue,Refund,99.28
RT0002218,O00000615,P01351,2023-09-26,2,Excess Quantity,Refund,151.22
RT0002219,O00098495,P02390,2024-11-09,2,Customer Changed Mind,Refund,78.52
RT0002220,O00012905,P00456,2024-09-22,5,Customer Changed Mind,Credit Memo,120.86
RT0002221,O00074195,P00036,2023-04-19,5,Wrong Product,Replacement,71.48
RT0002222,O00094819,P00496,2025-05-14,2,Quality Issue,Refund,132.48
RT0002223,O00065554,P00091,2023-08-25,1,Damaged in Transit,Refund,125.03
RT0002224,O00061525,P00403,2024-05-10,1,Damaged in Transit,Credit Memo,75.17
RT0002225,O00002395,P00255,2023-10-19,2,Damaged in Transit,Refund,45.16
RT0002226,O00054777,P00431,2023-12-15,2,Customer Changed Mind,Credit Memo,27.2
RT0002227,O00073754,P02366,2025-09-29,2,Excess Quantity,Credit Memo,85.68
RT0002228,O00048562,P00194,2025-09-22,8,Damaged in Transit,Refund,531.92
RT0002229,O00068981,P02368,2026-01-02,3,Damaged in Transit,Credit Memo,74.72
RT0002230,O00029112,P00093,2024-10-25,3,Customer Changed Mind,Refund,121.0
RT0002231,O00046620,P00176,2024-11-14,1,Customer Changed Mind,Credit Memo,71.25
RT0002232,O00021045,P02889,2024-07-20,5,Customer Changed Mind,Refund,166.38
RT0002233,O00078435,P00999,2023-08-29,7,Quality Issue,Credit Memo,346.6
RT0002234,O00015825,P02253,2023-07-23,4,Damaged in Transit,Credit Memo,91.66
RT0002235,O00009509,P00356,2023-12-19,2,Quality Issue,Refund,79.82
RT0002236,O00090100,P00073,2023-09-13,5,Late Delivery,Credit Memo,117.52
RT0002237,O00086146,P02757,2024-09-21,2,Damaged in Transit,Replacement,22.91
RT0002238,O00093276,P01486,2024-07-20,2,Damaged in Transit,Credit Memo,201.88
RT0002239,O00080542,P00568,2024-10-23,7,Damaged in Transit,Credit Memo,207.03
RT0002240,O00030605,P00038,2024-01-17,4,Damaged in Transit,Refund,167.04
RT0002241,O00013056,P00614,2025-06-12,2,Late Delivery,Replacement,166.95
RT0002242,O00098579,P00142,2023-05-11,1,Damaged in Transit,Refund,54.8
RT0002243,O00077414,P01588,2024-07-08,1,Quality Issue,Replacement,68.57
RT0002244,O00032229,P01416,2024-08-16,9,Damaged in Transit,Refund,189.3
RT0002245,O00010443,P01379,2026-01-16,3,Late Delivery,Replacement,130.69
RT0002246,O00043930,P00350,2023-06-10,1,Excess Quantity,Refund,16.38
RT0002247,O00004000,P00110,2024-07-24,5,Customer Changed Mind,Credit Memo,142.0
RT0002248,O00043605,P00007,2024-11-29,2,Customer Changed Mind,Replacement,61.73
RT0002249,O00039211,P02340,2025-05-01,1,Quality Issue,Refund,18.36
RT0002250,O00096259,P01164,2023-02-03,4,Quality Issue,Refund,30.79
RT0002251,O00003115,P00489,2024-05-11,2,Excess Quantity,Replacement,153.76
RT0002252,O00018195,P00156,2024-08-24,2,Damaged in Transit,Refund,131.82
RT0002253,O00051388,P00824,2024-01-04,1,Damaged in Transit,Replacement,45.2
RT0002254,O00001038,P00001,2025-02-16,4,Quality Issue,Credit Memo,172.94
RT0002255,O00038260,P02031,2023-06-02,2,Damaged in Transit,Replacement,74.54
RT0002256,O00074596,P01635,2025-08-28,4,Quality Issue,Credit Memo,130.72
RT0002257,O00083379,P02835,2024-09-20,2,Late Delivery,Replacement,44.9
RT0002258,O00055338,P02601,2024-12-18,1,Damaged in Transit,Refund,48.62
RT0002259,O00049352,P00001,2023-04-12,3,Customer Changed Mind,Replacement,94.46
RT0002260,O00053435,P02344,2023-05-17,1,Customer Changed Mind,Credit Memo,14.89
RT0002261,O00093634,P00016,2026-01-17,1,Excess Quantity,Replacement,159.12
RT0002262,O00066895,P00014,2025-02-01,1,Wrong Product,Refund,57.02
RT0002263,O00078996,P02209,2024-09-23,13,Customer Changed Mind,Replacement,1117.37
RT0002264,O00044893,P00898,2024-06-08,2,Quality Issue,Replacement,17.52
RT0002265,O00096712,P00380,2023-02-24,1,Damaged in Transit,Refund,51.0
RT0002266,O00045029,P00101,2023-03-26,1,Quality Issue,Replacement,42.8
RT0002267,O00004486,P00002,2023-08-17,3,Quality Issue,Credit Memo,180.27
RT0002268,O00020651,P02230,2025-11-17,1,Late Delivery,Credit Memo,20.69
RT0002269,O00030201,P01446,2023-09-19,1,Quality Issue,Refund,18.92
RT0002270,O00078063,P01173,2025-08-19,3,Quality Issue,Refund,168.45
RT0002271,O00057278,P00099,2024-07-04,5,Damaged in Transit,Replacement,283.53
RT0002272,O00004704,P01124,2025-07-21,1,Late Delivery,Credit Memo,16.43
RT0002273,O00089234,P00343,2024-11-19,3,Damaged in Transit,Replacement,81.15
RT0002274,O00078292,P00553,2023-04-03,2,Quality Issue,Refund,41.07
RT0002275,O00022688,P00011,2023-05-04,3,Customer Changed Mind,Credit Memo,117.33
RT0002276,O00074948,P00876,2023-11-25,2,Damaged in Transit,Credit Memo,57.79
RT0002277,O00076349,P01680,2024-03-07,5,Damaged in Transit,Credit Memo,130.95
RT0002278,O00037375,P00004,2023-05-21,5,Customer Changed Mind,Refund,191.07
RT0002279,O00040785,P01044,2023-10-22,1,Wrong Product,Credit Memo,36.04
RT0002280,O00025319,P00012,2023-09-21,6,Quality Issue,Credit Memo,665.82
RT0002281,O00059834,P00272,2023-12-02,2,Damaged in Transit,Refund,72.64
RT0002282,O00077990,P00006,2023-07-15,5,Excess Quantity,Replacement,311.28
RT0002283,O00084496,P00003,2025-03-08,6,Damaged in Transit,Credit Memo,54.54
RT0002284,O00058302,P01774,2023-06-19,3,Excess Quantity,Refund,407.62
RT0002285,O00068399,P00077,2024-11-07,2,Customer Changed Mind,Replacement,24.72
RT0002286,O00036268,P00707,2024-05-14,4,Wrong Product,Replacement,52.17
RT0002287,O00027694,P00576,2023-02-18,6,Customer Changed Mind,Credit Memo,223.56
RT0002288,O00034343,P00637,2025-06-11,2,Wrong Product,Refund,56.1
RT0002289,O00025534,P02341,2023-12-12,1,Wrong Product,Credit Memo,93.8
RT0002290,O00009295,P01129,2024-11-13,1,Customer Changed Mind,Credit Memo,45.37
RT0002291,O00041136,P00467,2025-02-11,1,Wrong Product,Replacement,101.34
RT0002292,O00072615,P00001,2023-04-26,1,Late Delivery,Credit Memo,40.07
RT0002293,O00008125,P00360,2024-09-02,2,Quality Issue,Replacement,47.45
RT0002294,O00052664,P01071,2024-08-09,4,Damaged in Transit,Credit Memo,134.13
RT0002295,O00059124,P00007,2024-07-22,2,Customer Changed Mind,Credit Memo,76.36
RT0002296,O00090862,P01520,2025-03-24,1,Quality Issue,Replacement,22.69
RT0002297,O00026824,P00176,2023-07-29,2,Quality Issue,Refund,114.46
RT0002298,O00070546,P00405,2025-05-26,1,Customer Changed Mind,Replacement,29.88
RT0002299,O00069996,P00058,2024-08-13,3,Late Delivery,Credit Memo,139.42
RT0002300,O00035854,P00263,2025-03-21,1,Damaged in Transit,Replacement,106.74
RT0002301,O00049064,P00619,2025-01-07,3,Wrong Product,Credit Memo,113.52
RT0002302,O00020605,P00087,2023-07-07,9,Quality Issue,Credit Memo,257.18
RT0002303,O00040468,P02454,2025-10-26,5,Damaged in Transit,Refund,257.76
RT0002304,O00032940,P00954,2023-04-16,1,Quality Issue,Credit Memo,36.45
RT0002305,O00086315,P00008,2024-10-19,3,Customer Changed Mind,Replacement,161.15
RT0002306,O00056288,P00005,2023-03-16,5,Excess Quantity,Replacement,196.56
RT0002307,O00003250,P00585,2025-05-11,4,Damaged in Transit,Credit Memo,106.74
RT0002308,O00042950,P00284,2024-08-05,7,Customer Changed Mind,Refund,168.03
RT0002309,O00012654,P00268,2025-11-24,1,Quality Issue,Replacement,10.98
RT0002310,O00043666,P00629,2026-02-08,1,Quality Issue,Replacement,80.29
RT0002311,O00075073,P00001,2024-04-09,2,Quality Issue,Refund,84.08
RT0002312,O00001732,P01259,2025-01-17,2,Customer Changed Mind,Credit Memo,67.85
RT0002313,O00049550,P00832,2023-04-01,5,Quality Issue,Refund,220.29
RT0002314,O00060753,P01910,2024-09-28,4,Customer Changed Mind,Credit Memo,453.63
RT0002315,O00087933,P02856,2024-05-24,2,Customer Changed Mind,Credit Memo,131.78
RT0002316,O00068279,P02444,2023-06-07,5,Quality Issue,Refund,199.1
RT0002317,O00015014,P00394,2026-01-19,1,Customer Changed Mind,Replacement,40.72
RT0002318,O00022218,P00748,2023-09-13,9,Quality Issue,Refund,249.03
RT0002319,O00004203,P00089,2024-09-20,4,Quality Issue,Refund,479.0
RT0002320,O00007284,P02837,2023-08-23,1,Damaged in Transit,Refund,34.63
RT0002321,O00053980,P00174,2025-09-27,1,Wrong Product,Credit Memo,35.19
RT0002322,O00050002,P00077,2023-05-19,4,Customer Changed Mind,Refund,50.31
RT0002323,O00039851,P00001,2023-11-03,1,Damaged in Transit,Credit Memo,36.21
RT0002324,O00076872,P00404,2026-01-05,7,Excess Quantity,Replacement,204.81
RT0002325,O00024258,P00319,2024-04-19,6,Quality Issue,Replacement,257.01
RT0002326,O00091517,P01090,2023-11-25,1,Late Delivery,Replacement,67.56
RT0002327,O00040213,P01638,2023-09-25,2,Wrong Product,Credit Memo,18.5
RT0002328,O00075379,P00789,2024-02-11,1,Customer Changed Mind,Credit Memo,30.62
RT0002329,O00093194,P01693,2023-11-26,1,Quality Issue,Replacement,42.21
RT0002330,O00073929,P00050,2025-06-27,3,Wrong Product,Refund,125.95
RT0002331,O00054357,P02428,2023-12-03,2,Customer Changed Mind,Replacement,69.75
RT0002332,O00081311,P00007,2025-09-29,2,Wrong Product,Replacement,71.93
RT0002333,O00063695,P00261,2023-11-25,1,Customer Changed Mind,Credit Memo,22.06
RT0002334,O00054973,P00239,2023-09-15,1,Damaged in Transit,Credit Memo,95.67
RT0002335,O00079460,P00017,2025-10-21,1,Damaged in Transit,Credit Memo,28.17
RT0002336,O00033911,P00046,2024-07-03,3,Customer Changed Mind,Credit Memo,167.62
RT0002337,O00038880,P02582,2025-12-14,1,Late Delivery,Credit Memo,165.55
RT0002338,O00003040,P01039,2025-06-23,3,Quality Issue,Credit Memo,138.33
RT0002339,O00009489,P00001,2025-09-19,12,Wrong Product,Credit Memo,460.56
RT0002340,O00000794,P00326,2023-04-15,2,Damaged in Transit,Replacement,288.94
RT0002341,O00035774,P00212,2025-10-30,1,Quality Issue,Replacement,34.02
RT0002342,O00072714,P02722,2025-10-31,1,Damaged in Transit,Credit Memo,78.47
RT0002343,O00041896,P00030,2025-08-27,1,Wrong Product,Credit Memo,23.02
RT0002344,O00011737,P00945,2024-01-08,12,Late Delivery,Credit Memo,165.96
RT0002345,O00034333,P01323,2024-12-23,1,Late Delivery,Refund,83.23
RT0002346,O00045786,P01854,2023-09-03,4,Damaged in Transit,Credit Memo,166.88
RT0002347,O00094711,P00789,2023-04-06,1,Late Delivery,Replacement,31.56
RT0002348,O00051765,P00298,2024-12-28,1,Excess Quantity,Refund,13.57
RT0002349,O00079525,P02706,2023-06-15,3,Damaged in Transit,Replacement,168.47
RT0002350,O00023979,P00191,2025-08-24,5,Wrong Product,Replacement,277.47
RT0002351,O00003530,P01675,2024-05-04,13,Customer Changed Mind,Refund,683.15
RT0002352,O00024772,P00897,2024-02-19,2,Excess Quantity,Credit Memo,113.69
RT0002353,O00056494,P00029,2024-12-30,2,Excess Quantity,Refund,68.87
RT0002354,O00098176,P00826,2024-09-13,4,Excess Quantity,Refund,98.29
RT0002355,O00051201,P02817,2024-09-02,1,Excess Quantity,Replacement,7.07
RT0002356,O00092387,P00601,2025-11-07,3,Excess Quantity,Credit Memo,59.45
RT0002357,O00029614,P00997,2024-09-06,1,Late Delivery,Replacement,61.95
RT0002358,O00075658,P00346,2023-02-23,6,Late Delivery,Replacement,364.91
RT0002359,O00018422,P00256,2024-11-20,2,Customer Changed Mind,Replacement,31.26
RT0002360,O00094487,P00095,2025-08-10,2,Damaged in Transit,Refund,24.32
RT0002361,O00013016,P00022,2024-09-11,10,Customer Changed Mind,Replacement,227.97
RT0002362,O00097265,P02756,2025-05-18,1,Wrong Product,Credit Memo,54.94
RT0002363,O00038006,P01380,2025-11-29,4,Customer Changed Mind,Replacement,252.56
RT0002364,O00083009,P01234,2023-09-12,1,Late Delivery,Replacement,21.78
RT0002365,O00058070,P00466,2025-03-05,2,Damaged in Transit,Replacement,74.3
RT0002366,O00001364,P00618,2024-12-19,1,Excess Quantity,Credit Memo,46.45
RT0002367,O00083209,P00942,2024-09-23,1,Quality Issue,Refund,23.75
RT0002368,O00068641,P00870,2025-01-30,3,Damaged in Transit,Credit Memo,73.67
RT0002369,O00041942,P00231,2024-05-09,14,Quality Issue,Credit Memo,504.44
RT0002370,O00099137,P00256,2023-12-25,2,Quality Issue,Replacement,28.98
RT0002371,O00019080,P01572,2025-08-25,9,Damaged in Transit,Credit Memo,330.4
RT0002372,O00078061,P00003,2023-09-12,2,Wrong Product,Replacement,17.21
RT0002373,O00078435,P00999,2023-10-21,1,Damaged in Transit,Replacement,49.51
RT0002374,O00058325,P00138,2025-07-22,3,Excess Quantity,Credit Memo,302.13
RT0002375,O00057434,P00078,2023-04-04,2,Damaged in Transit,Credit Memo,65.54
RT0002376,O00059550,P00003,2026-01-29,1,Quality Issue,Credit Memo,10.81
RT0002377,O00011814,P00039,2025-06-30,2,Damaged in Transit,Replacement,73.64
RT0002378,O00030220,P00001,2025-08-23,2,Damaged in Transit,Replacement,73.76
RT0002379,O00058583,P00006,2024-01-04,4,Customer Changed Mind,Refund,234.91
RT0002380,O00098767,P00185,2023-05-30,1,Quality Issue,Credit Memo,38.21
RT0002381,O00024652,P00172,2025-08-30,4,Customer Changed Mind,Refund,203.23
RT0002382,O00083133,P00194,2024-09-10,1,Quality Issue,Refund,55.74
RT0002383,O00032034,P00562,2025-05-31,1,Wrong Product,Refund,25.97
RT0002384,O00046532,P00271,2023-10-21,4,Quality Issue,Credit Memo,39.03
RT0002385,O00063757,P00382,2024-06-22,6,Quality Issue,Replacement,429.95
RT0002386,O00022520,P00234,2025-04-10,4,Late Delivery,Credit Memo,134.14
RT0002387,O00095427,P00304,2024-06-24,1,Damaged in Transit,Replacement,60.93
RT0002388,O00020016,P00002,2024-04-05,5,Damaged in Transit,Refund,393.73
RT0002389,O00034741,P00019,2025-05-15,4,Wrong Product,Credit Memo,170.53
RT0002390,O00092011,P00001,2023-07-28,3,Excess Quantity,Replacement,108.94
RT0002391,O00003389,P01070,2024-08-10,1,Wrong Product,Credit Memo,46.86
RT0002392,O00080386,P00118,2023-10-17,1,Excess Quantity,Replacement,19.92
RT0002393,O00006799,P00056,2025-07-27,8,Customer Changed Mind,Refund,478.87
RT0002394,O00047743,P00179,2025-06-01,4,Damaged in Transit,Replacement,200.56
RT0002395,O00097290,P00188,2025-04-08,6,Damaged in Transit,Credit Memo,309.69
RT0002396,O00060211,P00021,2023-06-29,1,Quality Issue,Refund,63.51
RT0002397,O00097814,P02861,2024-10-05,2,Late Delivery,Credit Memo,68.94
RT0002398,O00083190,P00157,2025-10-30,2,Customer Changed Mind,Credit Memo,227.92
RT0002399,O00003975,P00053,2024-01-09,4,Wrong Product,Credit Memo,77.75
RT0002400,O00055729,P00865,2025-08-06,8,Wrong Product,Refund,250.92
RT0002401,O00017532,P00371,2025-02-27,4,Customer Changed Mind,Credit Memo,309.52
RT0002402,O00034281,P00002,2025-02-06,1,Damaged in Transit,Replacement,80.91
RT0002403,O00021273,P01178,2024-04-25,1,Quality Issue,Credit Memo,15.74
RT0002404,O00073421,P00203,2025-12-09,1,Excess Quantity,Replacement,76.18
RT0002405,O00053085,P00521,2024-10-03,1,Quality Issue,Refund,23.64
RT0002406,O00043926,P02769,2023-03-29,3,Wrong Product,Refund,51.81
RT0002407,O00027146,P00022,2024-09-04,2,Customer Changed Mind,Credit Memo,46.76
RT0002408,O00089738,P00002,2025-07-07,2,Late Delivery,Replacement,156.41
RT0002409,O00026729,P02099,2023-06-03,1,Quality Issue,Credit Memo,37.58
RT0002410,O00002972,P00821,2023-06-30,6,Customer Changed Mind,Replacement,81.05
RT0002411,O00004464,P02564,2025-10-29,3,Customer Changed Mind,Replacement,182.85
RT0002412,O00005953,P00036,2023-06-18,2,Late Delivery,Credit Memo,32.98
RT0002413,O00018959,P00136,2023-10-02,2,Wrong Product,Refund,38.72
RT0002414,O00070690,P00789,2025-11-24,2,Damaged in Transit,Refund,71.64
RT0002415,O00053014,P02161,2025-12-24,9,Damaged in Transit,Refund,213.92
RT0002416,O00023899,P00423,2023-09-22,3,Excess Quantity,Replacement,83.76
RT0002417,O00002876,P02292,2023-12-20,2,Quality Issue,Replacement,72.96
RT0002418,O00012115,P02885,2025-05-11,6,Customer Changed Mind,Replacement,247.09
RT0002419,O00057605,P00486,2024-09-06,1,Damaged in Transit,Credit Memo,25.46
RT0002420,O00026905,P02437,2025-01-06,3,Wrong Product,Credit Memo,48.57
RT0002421,O00040047,P01057,2025-03-25,11,Customer Changed Mind,Credit Memo,758.6
RT0002422,O00035267,P00354,2023-05-20,2,Damaged in Transit,Refund,47.3
RT0002423,O00083468,P00575,2024-11-18,4,Excess Quantity,Refund,341.92
RT0002424,O00023702,P00859,2024-04-15,5,Customer Changed Mind,Replacement,108.77
RT0002425,O00019289,P00226,2025-04-07,2,Quality Issue,Refund,60.81
RT0002426,O00053874,P00744,2025-02-12,3,Wrong Product,Credit Memo,225.29
RT0002427,O00039232,P00080,2026-02-05,2,Quality Issue,Refund,50.31
RT0002428,O00080346,P00229,2024-08-30,2,Quality Issue,Credit Memo,139.33
RT0002429,O00012714,P00090,2023-10-09,7,Customer Changed Mind,Credit Memo,184.63
RT0002430,O00092409,P01327,2023-08-20,1,Wrong Product,Replacement,79.43
RT0002431,O00099998,P00883,2024-01-07,2,Customer Changed Mind,Refund,40.15
RT0002432,O00061669,P00772,2023-12-06,1,Customer Changed Mind,Credit Memo,43.53
RT0002433,O00038802,P00390,2024-04-17,2,Wrong Product,Replacement,85.44
RT0002434,O00036865,P00637,2024-09-14,4,Excess Quantity,Credit Memo,122.66
RT0002435,O00075513,P00089,2024-08-16,3,Customer Changed Mind,Credit Memo,416.55
RT0002436,O00070835,P00023,2024-09-01,1,Excess Quantity,Replacement,37.18
RT0002437,O00004096,P00803,2023-11-23,6,Wrong Product,Credit Memo,209.16
RT0002438,O00005582,P01520,2024-07-17,2,Customer Changed Mind,Replacement,42.02
RT0002439,O00010912,P00242,2025-07-26,1,Wrong Product,Refund,50.05
RT0002440,O00039386,P00016,2024-01-15,2,Damaged in Transit,Replacement,267.43
RT0002441,O00014846,P01902,2023-08-18,3,Damaged in Transit,Refund,72.2
RT0002442,O00078956,P00219,2023-08-04,3,Quality Issue,Replacement,65.61
RT0002443,O00040193,P01769,2023-12-10,1,Quality Issue,Replacement,62.21
RT0002444,O00096835,P01560,2024-05-03,5,Wrong Product,Credit Memo,85.56
RT0002445,O00070128,P00082,2024-08-30,2,Damaged in Transit,Credit Memo,340.02
RT0002446,O00081543,P01786,2025-02-08,2,Customer Changed Mind,Refund,107.63
RT0002447,O00076304,P00325,2024-12-19,2,Damaged in Transit,Credit Memo,76.28
RT0002448,O00033005,P00262,2023-10-01,3,Damaged in Transit,Replacement,246.39
RT0002449,O00067208,P00025,2023-09-26,1,Quality Issue,Credit Memo,62.12
RT0002450,O00049930,P00014,2023-05-01,3,Damaged in Transit,Refund,162.03
RT0002451,O00068701,P02004,2023-11-10,2,Wrong Product,Credit Memo,43.72
RT0002452,O00048319,P02627,2025-08-12,1,Quality Issue,Replacement,133.06
RT0002453,O00009439,P00016,2023-07-02,2,Wrong Product,Credit Memo,274.9
RT0002454,O00026027,P00252,2024-03-18,1,Late Delivery,Refund,19.95
RT0002455,O00056562,P00049,2025-10-18,3,Quality Issue,Credit Memo,46.51
RT0002456,O00030201,P00041,2023-09-09,2,Customer Changed Mind,Refund,117.42
RT0002457,O00011388,P00472,2023-08-08,1,Wrong Product,Credit Memo,50.19
RT0002458,O00025539,P00445,2023-09-19,3,Quality Issue,Credit Memo,21.52
RT0002459,O00015107,P00058,2024-07-18,3,Damaged in Transit,Credit Memo,149.4
RT0002460,O00026281,P00019,2023-07-30,1,Excess Quantity,Refund,38.21
RT0002461,O00099282,P00024,2025-02-28,1,Damaged in Transit,Refund,71.59
RT0002462,O00026211,P00992,2025-09-10,1,Quality Issue,Credit Memo,36.18
RT0002463,O00040485,P02858,2025-07-21,3,Customer Changed Mind,Replacement,35.45
RT0002464,O00008733,P01202,2024-07-08,1,Quality Issue,Refund,52.39
RT0002465,O00032859,P00502,2023-09-30,1,Quality Issue,Refund,33.52
RT0002466,O00005889,P01738,2023-07-29,3,Customer Changed Mind,Refund,39.75
RT0002467,O00012129,P00057,2024-05-14,2,Late Delivery,Credit Memo,51.6
RT0002468,O00054424,P00204,2023-11-13,2,Damaged in Transit,Replacement,83.13
RT0002469,O00022784,P00002,2024-08-11,3,Wrong Product,Credit Memo,199.63
RT0002470,O00073450,P00018,2025-10-03,1,Wrong Product,Refund,60.86
RT0002471,O00013328,P00343,2024-06-22,2,Late Delivery,Credit Memo,50.52
RT0002472,O00044918,P00074,2023-05-12,4,Quality Issue,Replacement,76.95
RT0002473,O00007901,P00021,2023-12-13,1,Damaged in Transit,Replacement,62.15
RT0002474,O00003366,P00026,2024-11-23,6,Quality Issue,Refund,231.85
RT0002475,O00018204,P00150,2023-08-16,1,Quality Issue,Credit Memo,11.11
RT0002476,O00079388,P00001,2023-07-23,5,Wrong Product,Credit Memo,190.4
RT0002477,O00035372,P01926,2023-12-13,10,Customer Changed Mind,Replacement,440.5
RT0002478,O00090210,P00041,2023-10-22,4,Wrong Product,Refund,231.95
RT0002479,O00015988,P00178,2024-06-20,1,Damaged in Transit,Credit Memo,83.96
RT0002480,O00079470,P02914,2024-08-02,1,Damaged in Transit,Refund,88.24
RT0002481,O00039516,P00976,2023-02-15,2,Damaged in Transit,Credit Memo,71.88
RT0002482,O00080028,P00073,2024-03-27,1,Wrong Product,Refund,23.02
RT0002483,O00012617,P00136,2023-02-28,1,Customer Changed Mind,Replacement,21.18
RT0002484,O00090764,P00003,2024-05-30,7,Quality Issue,Credit Memo,66.88
RT0002485,O00099001,P01819,2025-05-16,1,Wrong Product,Credit Memo,38.93
RT0002486,O00026935,P00204,2023-09-11,2,Excess Quantity,Replacement,81.47
RT0002487,O00054223,P00016,2024-05-02,1,Late Delivery,Replacement,128.35
RT0002488,O00046768,P00067,2025-06-24,3,Quality Issue,Replacement,182.43
RT0002489,O00092149,P00084,2024-08-23,4,Damaged in Transit,Credit Memo,341.65
RT0002490,O00003717,P00314,2024-07-30,6,Quality Issue,Credit Memo,192.26
RT0002491,O00053582,P00792,2025-12-07,3,Damaged in Transit,Replacement,139.34
RT0002492,O00047548,P00059,2026-01-21,5,Late Delivery,Refund,289.55
RT0002493,O00062282,P00051,2024-07-01,1,Quality Issue,Replacement,35.37
RT0002494,O00020755,P00169,2025-07-29,5,Quality Issue,Refund,99.64
RT0002495,O00082786,P00023,2025-12-12,8,Wrong Product,Replacement,353.55
RT0002496,O00089190,P00002,2025-06-30,2,Damaged in Transit,Replacement,147.55
RT0002497,O00098203,P00002,2024-11-10,1,Damaged in Transit,Credit Memo,72.67
RT0002498,O00009940,P01609,2025-06-01,2,Quality Issue,Credit Memo,29.77
RT0002499,O00075530,P02027,2024-03-31,2,Quality Issue,Replacement,81.0
RT0002500,O00093627,P00302,2025-09-07,6,Excess Quantity,Replacement,754.79
RT0002501,O00043133,P00308,2025-09-10,2,Wrong Product,Credit Memo,44.99
RT0002502,O00029116,P01013,2023-11-26,3,Damaged in Transit,Credit Memo,34.87
RT0002503,O00093662,P01811,2024-08-05,1,Excess Quantity,Replacement,39.61
RT0002504,O00012502,P01496,2024-02-27,6,Wrong Product,Replacement,459.42
RT0002505,O00005355,P00103,2024-04-23,1,Damaged in Transit,Credit Memo,12.08
RT0002506,O00032724,P00238,2024-10-01,1,Quality Issue,Refund,56.73
RT0002507,O00016956,P00002,2023-07-29,3,Late Delivery,Refund,187.38
RT0002508,O00069055,P00688,2024-08-07,8,Wrong Product,Refund,374.04
RT0002509,O00033111,P00040,2023-06-06,3,Excess Quantity,Credit Memo,169.8
RT0002510,O00087762,P02011,2023-04-26,3,Quality Issue,Refund,96.25
RT0002511,O00040651,P02976,2025-05-08,2,Quality Issue,Refund,14.93
RT0002512,O00095250,P00014,2025-07-11,5,Damaged in Transit,Replacement,288.23
RT0002513,O00015135,P02527,2025-08-15,1,Late Delivery,Credit Memo,87.87
RT0002514,O00078970,P01793,2025-02-18,4,Excess Quantity,Replacement,210.14
RT0002515,O00051701,P00001,2025-05-10,3,Damaged in Transit,Replacement,111.32
RT0002516,O00035599,P00002,2025-06-06,5,Damaged in Transit,Refund,350.66
RT0002517,O00085389,P01139,2024-05-21,1,Quality Issue,Credit Memo,16.12
RT0002518,O00021694,P00306,2024-02-13,1,Quality Issue,Replacement,16.69
RT0002519,O00072891,P00087,2024-11-18,1,Damaged in Transit,Credit Memo,25.25
RT0002520,O00075831,P00677,2025-04-18,2,Customer Changed Mind,Replacement,30.0
RT0002521,O00098165,P00030,2024-08-22,3,Quality Issue,Credit Memo,68.72
RT0002522,O00089462,P00068,2025-12-16,1,Quality Issue,Credit Memo,18.44
RT0002523,O00075828,P01919,2023-06-18,9,Late Delivery,Refund,514.89
RT0002524,O00064318,P01094,2025-06-22,4,Customer Changed Mind,Replacement,121.86
RT0002525,O00074209,P00258,2025-07-15,3,Customer Changed Mind,Refund,200.74
RT0002526,O00074158,P01184,2025-06-11,7,Damaged in Transit,Replacement,504.21
RT0002527,O00084986,P00015,2024-07-31,4,Late Delivery,Replacement,184.62
RT0002528,O00078522,P00382,2024-11-12,2,Quality Issue,Credit Memo,145.44
RT0002529,O00027470,P00368,2025-01-26,1,Excess Quantity,Replacement,57.67
RT0002530,O00094471,P00114,2024-10-15,1,Quality Issue,Refund,210.39
RT0002531,O00062541,P00529,2023-04-23,1,Quality Issue,Refund,42.91
RT0002532,O00015496,P00085,2025-06-07,2,Excess Quantity,Credit Memo,74.78
RT0002533,O00027350,P02049,2024-05-13,9,Late Delivery,Refund,426.46
RT0002534,O00004923,P01260,2024-06-25,4,Excess Quantity,Credit Memo,189.05
RT0002535,O00093349,P00385,2024-06-26,2,Wrong Product,Replacement,33.27
RT0002536,O00024867,P00182,2024-04-18,2,Wrong Product,Refund,143.42
RT0002537,O00025351,P00117,2024-10-22,1,Late Delivery,Replacement,59.48
RT0002538,O00058056,P00212,2024-03-08,1,Wrong Product,Credit Memo,33.25
RT0002539,O00086435,P01387,2024-09-22,5,Customer Changed Mind,Replacement,143.8
RT0002540,O00037124,P01839,2025-01-14,2,Damaged in Transit,Replacement,33.32
RT0002541,O00081509,P02666,2024-06-01,4,Damaged in Transit,Credit Memo,269.4
RT0002542,O00064448,P00449,2023-07-24,2,Quality Issue,Credit Memo,55.24
RT0002543,O00076650,P02285,2025-12-24,6,Damaged in Transit,Refund,348.3
RT0002544,O00041456,P02914,2024-10-20,4,Customer Changed Mind,Credit Memo,342.83
RT0002545,O00067441,P00525,2024-11-25,7,Quality Issue,Credit Memo,132.0
RT0002546,O00002296,P00003,2025-06-11,1,Customer Changed Mind,Replacement,9.95
RT0002547,O00080245,P02081,2024-04-19,2,Late Delivery,Replacement,31.29
RT0002548,O00005052,P01240,2023-03-08,1,Damaged in Transit,Refund,61.84
RT0002549,O00029081,P00359,2025-07-08,2,Customer Changed Mind,Refund,26.01
RT0002550,O00037886,P00830,2023-07-29,1,Damaged in Transit,Refund,46.98
RT0002551,O00050625,P01366,2024-07-25,2,Quality Issue,Refund,30.53
RT0002552,O00039440,P00366,2023-07-17,2,Quality Issue,Credit Memo,104.46
RT0002553,O00085841,P00949,2024-10-13,9,Quality Issue,Refund,87.72
RT0002554,O00025619,P00067,2025-05-17,2,Excess Quantity,Credit Memo,118.44
RT0002555,O00051103,P00016,2023-08-26,1,Damaged in Transit,Refund,153.75
RT0002556,O00043230,P00050,2024-10-24,1,Quality Issue,Replacement,44.36
RT0002557,O00008077,P01150,2024-01-01,1,Quality Issue,Refund,23.93
RT0002558,O00034737,P00012,2024-03-27,2,Damaged in Transit,Credit Memo,218.63
RT0002559,O00086040,P00599,2023-03-31,1,Customer Changed Mind,Replacement,14.68
RT0002560,O00044837,P00005,2023-06-27,2,Quality Issue,Refund,92.09
RT0002561,O00009768,P00026,2023-10-18,4,Late Delivery,Replacement,187.05
RT0002562,O00080579,P00075,2024-06-10,2,Customer Changed Mind,Replacement,135.42
RT0002563,O00084289,P02395,2023-12-24,1,Excess Quantity,Replacement,190.55
RT0002564,O00002584,P00001,2023-06-02,1,Wrong Product,Credit Memo,33.41
RT0002565,O00038472,P00213,2023-12-14,4,Customer Changed Mind,Refund,96.78
RT0002566,O00086183,P01785,2024-11-01,3,Wrong Product,Refund,132.87
RT0002567,O00006915,P00016,2024-09-20,1,Customer Changed Mind,Replacement,145.62
RT0002568,O00024817,P00063,2023-08-17,5,Damaged in Transit,Replacement,306.54
RT0002569,O00038286,P00985,2024-01-02,2,Wrong Product,Replacement,47.25
RT0002570,O00062091,P01428,2024-07-27,6,Quality Issue,Refund,153.79
RT0002571,O00067464,P02046,2024-08-18,5,Quality Issue,Credit Memo,1058.2
RT0002572,O00069466,P00092,2023-04-20,2,Excess Quantity,Credit Memo,59.52
RT0002573,O00029232,P00194,2025-12-14,1,Damaged in Transit,Credit Memo,63.19
RT0002574,O00025234,P00029,2024-08-26,2,Damaged in Transit,Credit Memo,82.14
RT0002575,O00094635,P02518,2023-08-23,2,Damaged in Transit,Credit Memo,128.49
RT0002576,O00077033,P01640,2023-05-03,2,Customer Changed Mind,Credit Memo,51.0
RT0002577,O00098814,P00737,2025-08-25,1,Wrong Product,Refund,50.34
RT0002578,O00077918,P00002,2024-02-01,2,Damaged in Transit,Credit Memo,135.68
RT0002579,O00007622,P01934,2025-01-26,3,Customer Changed Mind,Refund,143.16
RT0002580,O00037732,P00006,2025-09-29,1,Damaged in Transit,Refund,62.1
RT0002581,O00016663,P00023,2025-10-09,1,Damaged in Transit,Replacement,41.97
RT0002582,O00068546,P00505,2023-04-26,5,Wrong Product,Refund,288.16
RT0002583,O00070541,P02073,2026-01-03,3,Customer Changed Mind,Refund,260.75
RT0002584,O00096766,P00184,2025-09-04,6,Damaged in Transit,Replacement,118.4
RT0002585,O00015930,P02337,2025-05-20,3,Quality Issue,Replacement,186.19
RT0002586,O00083235,P00059,2024-06-01,3,Damaged in Transit,Refund,149.85
RT0002587,O00016569,P02509,2024-04-30,3,Damaged in Transit,Refund,65.37
RT0002588,O00038872,P00179,2024-01-31,2,Excess Quantity,Credit Memo,97.68
RT0002589,O00033189,P01871,2025-10-04,2,Excess Quantity,Refund,22.61
RT0002590,O00002764,P01277,2024-06-28,6,Customer Changed Mind,Replacement,190.46
RT0002591,O00007597,P00934,2024-11-09,3,Quality Issue,Credit Memo,93.96
RT0002592,O00083745,P00049,2023-04-08,2,Wrong Product,Credit Memo,28.73
RT0002593,O00025525,P00592,2025-10-09,5,Quality Issue,Replacement,120.91
RT0002594,O00024311,P00054,2023-10-25,3,Quality Issue,Replacement,56.55
RT0002595,O00095458,P00054,2023-11-28,1,Excess Quantity,Replacement,17.53
RT0002596,O00062182,P00471,2024-05-14,2,Quality Issue,Credit Memo,92.89
RT0002597,O00033536,P00009,2025-11-22,1,Customer Changed Mind,Replacement,46.56
RT0002598,O00071542,P00002,2025-07-26,5,Damaged in Transit,Refund,411.11
RT0002599,O00078058,P00101,2023-03-21,10,Quality Issue,Replacement,349.83
RT0002600,O00046138,P00152,2023-11-25,2,Customer Changed Mind,Credit Memo,134.33
RT0002601,O00080771,P00035,2025-09-05,2,Customer Changed Mind,Replacement,134.42
RT0002602,O00055722,P00067,2023-12-03,1,Quality Issue,Credit Memo,57.26
RT0002603,O00010375,P01236,2025-01-16,2,Damaged in Transit,Credit Memo,48.02
RT0002604,O00027588,P01705,2024-02-28,1,Quality Issue,Refund,53.08
RT0002605,O00095831,P00570,2024-03-11,4,Excess Quantity,Replacement,139.25
RT0002606,O00069586,P00986,2023-02-23,1,Customer Changed Mind,Replacement,35.4
RT0002607,O00050701,P02768,2024-08-10,1,Excess Quantity,Replacement,45.4
RT0002608,O00092402,P01914,2025-05-04,4,Quality Issue,Refund,228.49
RT0002609,O00017247,P02627,2023-08-06,4,Damaged in Transit,Replacement,472.04
RT0002610,O00064884,P00012,2024-04-23,1,Quality Issue,Credit Memo,109.53
RT0002611,O00080712,P00497,2023-03-28,4,Customer Changed Mind,Credit Memo,597.17
RT0002612,O00011285,P00150,2023-12-28,1,Damaged in Transit,Replacement,11.02
RT0002613,O00070609,P01379,2024-04-29,13,Damaged in Transit,Credit Memo,624.55
RT0002614,O00096865,P00068,2025-10-22,3,Quality Issue,Replacement,53.32
RT0002615,O00013561,P02505,2024-12-11,1,Damaged in Transit,Replacement,25.07
RT0002616,O00078254,P00042,2023-03-01,2,Wrong Product,Replacement,64.07
RT0002617,O00001391,P01804,2025-11-13,1,Late Delivery,Refund,10.16
RT0002618,O00019662,P00012,2025-07-26,1,Excess Quantity,Refund,117.47
RT0002619,O00047164,P00971,2025-11-10,3,Damaged in Transit,Refund,38.69
RT0002620,O00097819,P00045,2023-11-17,2,Quality Issue,Credit Memo,131.67
RT0002621,O00046385,P02610,2024-09-18,1,Excess Quantity,Credit Memo,81.51
RT0002622,O00028895,P00041,2024-08-03,1,Late Delivery,Replacement,61.46
RT0002623,O00046707,P02283,2023-11-25,4,Wrong Product,Credit Memo,176.99
RT0002624,O00053735,P00005,2024-06-22,2,Wrong Product,Credit Memo,100.02
RT0002625,O00048369,P01128,2024-09-08,1,Quality Issue,Credit Memo,66.8
RT0002626,O00058444,P02538,2023-11-17,1,Excess Quantity,Credit Memo,110.46
RT0002627,O00044782,P01493,2023-09-18,1,Customer Changed Mind,Replacement,16.93
RT0002628,O00064929,P00610,2024-05-31,10,Excess Quantity,Refund,171.4
RT0002629,O00047049,P00066,2023-05-03,4,Wrong Product,Refund,97.28
RT0002630,O00093319,P00031,2024-12-10,2,Quality Issue,Credit Memo,23.78
RT0002631,O00053341,P02161,2025-06-19,6,Wrong Product,Refund,143.24
RT0002632,O00082649,P00347,2025-08-19,1,Excess Quantity,Credit Memo,81.35
RT0002633,O00022894,P00824,2023-07-02,2,Excess Quantity,Refund,68.61
RT0002634,O00096557,P00002,2023-08-25,1,Damaged in Transit,Refund,68.93
RT0002635,O00003144,P00078,2024-05-28,5,Damaged in Transit,Refund,167.67
RT0002636,O00070817,P01650,2024-02-04,1,Late Delivery,Credit Memo,21.69
RT0002637,O00044857,P00135,2025-03-21,15,Customer Changed Mind,Replacement,621.41
RT0002638,O00079571,P00004,2023-08-13,2,Quality Issue,Replacement,77.56
RT0002639,O00076324,P00735,2023-09-07,4,Late Delivery,Credit Memo,44.43
RT0002640,O00096365,P00026,2024-04-21,1,Quality Issue,Refund,52.92
RT0002641,O00057574,P00477,2024-02-09,2,Customer Changed Mind,Replacement,142.6
RT0002642,O00090080,P00520,2023-05-26,2,Excess Quantity,Replacement,176.77
RT0002643,O00039867,P00950,2025-06-29,6,Damaged in Transit,Replacement,195.19
RT0002644,O00003570,P00002,2023-01-19,3,Wrong Product,Refund,217.92
RT0002645,O00024823,P00010,2023-06-03,2,Late Delivery,Credit Memo,120.11
RT0002646,O00027308,P00009,2024-05-30,1,Excess Quantity,Replacement,50.03
RT0002647,O00095897,P00911,2024-03-24,3,Quality Issue,Replacement,29.21
RT0002648,O00072692,P00727,2024-06-05,5,Damaged in Transit,Credit Memo,206.62
RT0002649,O00032902,P00763,2025-06-24,1,Late Delivery,Credit Memo,25.59
RT0002650,O00071706,P00703,2024-07-08,2,Damaged in Transit,Refund,43.53
RT0002651,O00080858,P00229,2025-03-18,3,Late Delivery,Refund,201.34
RT0002652,O00039896,P02857,2024-12-02,2,Damaged in Transit,Replacement,82.27
RT0002653,O00093025,P01111,2023-05-11,1,Damaged in Transit,Replacement,45.98
RT0002654,O00076217,P00209,2023-07-01,1,Quality Issue,Replacement,81.66
RT0002655,O00030576,P00020,2024-11-15,3,Quality Issue,Credit Memo,75.98
RT0002656,O00020978,P00996,2025-03-22,1,Quality Issue,Credit Memo,50.72
RT0002657,O00098387,P00004,2025-10-29,1,Damaged in Transit,Credit Memo,42.1
RT0002658,O00091945,P00001,2025-11-02,6,Quality Issue,Credit Memo,231.4
RT0002659,O00054404,P02609,2025-09-11,1,Damaged in Transit,Replacement,21.08
RT0002660,O00088708,P00055,2025-04-22,1,Late Delivery,Replacement,63.9
RT0002661,O00016865,P02165,2025-09-30,2,Customer Changed Mind,Refund,154.96
RT0002662,O00014794,P00011,2024-11-05,1,Quality Issue,Replacement,36.78
RT0002663,O00011504,P00001,2024-05-28,2,Customer Changed Mind,Credit Memo,81.03
RT0002664,O00067631,P02974,2025-04-30,8,Late Delivery,Refund,634.64
RT0002665,O00043793,P01662,2023-03-11,5,Customer Changed Mind,Credit Memo,200.51
RT0002666,O00076496,P02000,2024-08-22,1,Quality Issue,Credit Memo,28.43
RT0002667,O00025609,P00179,2024-12-14,2,Late Delivery,Credit Memo,100.3
RT0002668,O00004228,P00664,2023-06-11,2,Customer Changed Mind,Refund,76.93
RT0002669,O00034421,P00026,2023-07-04,2,Late Delivery,Credit Memo,95.3
RT0002670,O00085504,P02446,2023-08-04,4,Late Delivery,Credit Memo,206.96
RT0002671,O00034891,P00450,2025-04-16,3,Excess Quantity,Refund,192.12
RT0002672,O00058282,P00769,2024-07-15,1,Quality Issue,Replacement,84.56
RT0002673,O00055566,P01901,2025-12-17,1,Late Delivery,Replacement,44.18
RT0002674,O00006367,P00495,2023-08-07,4,Damaged in Transit,Credit Memo,113.76
RT0002675,O00010149,P00010,2025-01-08,2,Excess Quantity,Credit Memo,122.89
RT0002676,O00069803,P01211,2023-04-03,5,Quality Issue,Refund,55.15
RT0002677,O00070780,P00100,2023-06-12,1,Late Delivery,Credit Memo,31.8
RT0002678,O00036441,P01378,2025-12-19,1,Wrong Product,Credit Memo,76.47
RT0002679,O00088479,P01804,2024-05-25,2,Wrong Product,Credit Memo,22.78
RT0002680,O00003830,P00475,2024-12-05,1,Customer Changed Mind,Replacement,53.32
RT0002681,O00051893,P00001,2025-04-08,5,Excess Quantity,Refund,184.09
RT0002682,O00062935,P01758,2023-05-09,1,Quality Issue,Refund,57.66
RT0002683,O00046110,P01038,2023-02-19,3,Wrong Product,Replacement,99.99
RT0002684,O00006960,P00318,2024-03-24,2,Wrong Product,Credit Memo,71.5
RT0002685,O00092032,P00008,2026-01-19,2,Customer Changed Mind,Credit Memo,121.94
RT0002686,O00026976,P00022,2024-01-03,2,Customer Changed Mind,Replacement,50.46
RT0002687,O00038033,P00024,2025-07-21,3,Excess Quantity,Replacement,229.59
RT0002688,O00050401,P02118,2024-05-07,7,Damaged in Transit,Credit Memo,761.36
RT0002689,O00027989,P01355,2024-07-30,6,Excess Quantity,Replacement,266.42
RT0002690,O00034261,P00182,2025-10-07,2,Excess Quantity,Credit Memo,141.9
RT0002691,O00026070,P00704,2025-01-30,1,Quality Issue,Replacement,51.83
RT0002692,O00093969,P02317,2023-08-30,1,Damaged in Transit,Credit Memo,17.4
RT0002693,O00076234,P00348,2025-03-31,10,Damaged in Transit,Replacement,212.31
RT0002694,O00086180,P00235,2024-07-11,3,Quality Issue,Replacement,274.01
RT0002695,O00074025,P00089,2023-12-04,3,Late Delivery,Replacement,323.81
RT0002696,O00055741,P01112,2024-02-10,2,Excess Quantity,Credit Memo,71.63
RT0002697,O00062169,P02248,2025-05-26,7,Excess Quantity,Credit Memo,323.06
RT0002698,O00017423,P00378,2024-07-09,1,Quality Issue,Credit Memo,162.28
RT0002699,O00038171,P00197,2025-06-27,3,Customer Changed Mind,Credit Memo,97.51
RT0002700,O00006841,P00202,2025-04-11,1,Damaged in Transit,Refund,60.63
RT0002701,O00043362,P00124,2023-10-16,8,Damaged in Transit,Refund,113.76
RT0002702,O00032140,P01449,2025-09-10,2,Quality Issue,Refund,185.38
RT0002703,O00033008,P00283,2024-05-14,3,Excess Quantity,Credit Memo,178.98
RT0002704,O00020497,P00583,2025-06-15,1,Excess Quantity,Refund,15.7
RT0002705,O00077462,P00065,2025-12-02,2,Customer Changed Mind,Replacement,52.06
RT0002706,O00022565,P00780,2024-11-28,1,Wrong Product,Replacement,59.14
RT0002707,O00085453,P02270,2025-08-31,3,Quality Issue,Credit Memo,53.38
RT0002708,O00058055,P01705,2025-08-30,2,Damaged in Transit,Replacement,105.58
RT0002709,O00098833,P00089,2025-02-04,6,Late Delivery,Replacement,766.25
RT0002710,O00025393,P00913,2024-03-17,1,Late Delivery,Replacement,19.18
RT0002711,O00013145,P02336,2023-07-23,10,Wrong Product,Refund,67.3
RT0002712,O00025340,P00022,2025-10-15,2,Customer Changed Mind,Replacement,57.74
RT0002713,O00088391,P02177,2024-06-21,1,Quality Issue,Credit Memo,50.75
RT0002714,O00040981,P00218,2025-05-10,2,Wrong Product,Credit Memo,143.8
RT0002715,O00076526,P00143,2023-05-23,3,Quality Issue,Refund,51.21
RT0002716,O00067716,P02493,2023-03-23,3,Wrong Product,Refund,50.33
RT0002717,O00081757,P00097,2025-11-03,1,Quality Issue,Replacement,27.23
RT0002718,O00080227,P00001,2025-06-22,1,Excess Quantity,Refund,42.91
RT0002719,O00050645,P02952,2023-05-15,2,Damaged in Transit,Refund,54.49
RT0002720,O00038665,P02327,2024-07-22,3,Damaged in Transit,Credit Memo,136.68
RT0002721,O00092593,P00023,2023-07-31,1,Excess Quantity,Credit Memo,37.83
RT0002722,O00031354,P00004,2023-12-05,2,Quality Issue,Refund,90.22
RT0002723,O00032807,P00100,2023-11-09,2,Late Delivery,Credit Memo,54.1
RT0002724,O00076046,P01912,2024-12-10,4,Customer Changed Mind,Replacement,133.33
RT0002725,O00053405,P00952,2023-06-16,1,Quality Issue,Replacement,70.57
RT0002726,O00021038,P00162,2025-03-24,3,Wrong Product,Credit Memo,301.67
RT0002727,O00034777,P00720,2024-08-12,1,Customer Changed Mind,Refund,13.46
RT0002728,O00015930,P00102,2025-05-09,1,Quality Issue,Refund,52.72
RT0002729,O00014071,P00546,2024-05-24,3,Wrong Product,Refund,68.56
RT0002730,O00002973,P00914,2024-09-12,8,Damaged in Transit,Replacement,437.75
RT0002731,O00019268,P00079,2025-09-27,5,Late Delivery,Credit Memo,260.35
RT0002732,O00016692,P00168,2025-10-18,3,Damaged in Transit,Refund,109.97
RT0002733,O00012427,P00465,2024-11-14,2,Quality Issue,Replacement,61.16
RT0002734,O00084039,P00908,2024-11-30,1,Damaged in Transit,Refund,45.16
RT0002735,O00019505,P01384,2024-05-21,1,Excess Quantity,Replacement,11.09
RT0002736,O00093911,P02267,2024-09-06,3,Damaged in Transit,Refund,373.51
RT0002737,O00046111,P00008,2024-08-07,2,Damaged in Transit,Credit Memo,116.17
RT0002738,O00005181,P00130,2024-02-15,2,Wrong Product,Credit Memo,57.83
RT0002739,O00049132,P00132,2025-04-18,3,Customer Changed Mind,Credit Memo,148.58
RT0002740,O00010663,P00018,2023-04-15,4,Quality Issue,Replacement,195.98
RT0002741,O00016779,P01112,2025-01-14,1,Wrong Product,Refund,40.27
RT0002742,O00007918,P01424,2025-05-25,3,Quality Issue,Credit Memo,76.95
RT0002743,O00049711,P02596,2025-04-26,4,Damaged in Transit,Refund,132.29
RT0002744,O00091388,P00002,2024-08-13,2,Wrong Product,Replacement,137.05
RT0002745,O00087073,P00001,2025-10-27,4,Excess Quantity,Refund,165.92
RT0002746,O00054164,P00025,2024-04-16,2,Wrong Product,Refund,125.19
RT0002747,O00021216,P00790,2025-04-11,2,Damaged in Transit,Credit Memo,16.06
RT0002748,O00011772,P00001,2024-07-27,6,Customer Changed Mind,Refund,228.03
RT0002749,O00083227,P00650,2023-07-28,2,Quality Issue,Credit Memo,26.6
RT0002750,O00098481,P00638,2025-11-16,1,Late Delivery,Refund,27.34
RT0002751,O00030641,P00557,2023-11-21,1,Excess Quantity,Credit Memo,21.48
RT0002752,O00036289,P01543,2024-10-09,1,Damaged in Transit,Refund,25.73
RT0002753,O00079229,P02355,2025-04-27,6,Quality Issue,Credit Memo,115.32
RT0002754,O00080603,P01371,2025-12-25,2,Quality Issue,Replacement,43.75
RT0002755,O00034444,P01559,2024-03-25,1,Excess Quantity,Refund,25.23
RT0002756,O00007386,P00045,2025-06-04,2,Quality Issue,Refund,126.43
RT0002757,O00012797,P00034,2023-07-11,5,Customer Changed Mind,Credit Memo,123.69
RT0002758,O00075017,P00002,2025-10-15,9,Damaged in Transit,Credit Memo,686.64
RT0002759,O00025747,P00123,2024-07-01,3,Damaged in Transit,Replacement,394.27
RT0002760,O00021564,P00769,2023-10-20,1,Customer Changed Mind,Refund,68.47
RT0002761,O00049382,P00379,2025-09-02,4,Quality Issue,Refund,104.77
RT0002762,O00046153,P01332,2023-10-18,1,Damaged in Transit,Replacement,25.43
RT0002763,O00048219,P00009,2024-09-27,3,Wrong Product,Replacement,139.93
RT0002764,O00011132,P00055,2025-11-06,5,Quality Issue,Replacement,334.45
RT0002765,O00059454,P02903,2024-06-13,1,Quality Issue,Replacement,21.29
RT0002766,O00083661,P00001,2023-11-05,1,Quality Issue,Refund,39.93
RT0002767,O00056298,P02405,2024-11-06,9,Quality Issue,Refund,247.05
RT0002768,O00026611,P00090,2025-08-20,2,Damaged in Transit,Credit Memo,60.33
RT0002769,O00072930,P00147,2025-08-01,1,Late Delivery,Refund,99.35
RT0002770,O00005373,P00512,2024-06-16,1,Customer Changed Mind,Credit Memo,55.87
RT0002771,O00031324,P00623,2023-05-03,4,Quality Issue,Refund,361.61
RT0002772,O00023311,P00122,2023-11-11,1,Wrong Product,Credit Memo,9.13
RT0002773,O00024303,P00503,2025-09-29,6,Excess Quantity,Credit Memo,204.76
RT0002774,O00003350,P02538,2023-05-23,2,Quality Issue,Credit Memo,178.91
RT0002775,O00091110,P00002,2025-10-16,1,Excess Quantity,Replacement,69.86
RT0002776,O00023678,P02043,2025-08-11,1,Customer Changed Mind,Replacement,82.14
RT0002777,O00011778,P01399,2025-10-21,5,Damaged in Transit,Credit Memo,300.65
RT0002778,O00069673,P00778,2023-06-12,9,Customer Changed Mind,Refund,125.55
RT0002779,O00084366,P00008,2024-01-12,3,Quality Issue,Replacement,162.68
RT0002780,O00029492,P00046,2023-07-31,4,Quality Issue,Credit Memo,258.04
RT0002781,O00028112,P00093,2023-07-20,2,Damaged in Transit,Replacement,86.92
RT0002782,O00084017,P01036,2024-05-19,9,Customer Changed Mind,Replacement,279.24
RT0002783,O00001846,P01261,2024-10-11,2,Late Delivery,Credit Memo,77.62
RT0002784,O00092355,P00950,2025-05-03,9,Damaged in Transit,Credit Memo,303.37
RT0002785,O00016870,P00120,2023-07-06,1,Late Delivery,Replacement,14.48
RT0002786,O00057773,P02055,2025-12-07,8,Customer Changed Mind,Refund,790.32
RT0002787,O00035721,P00874,2024-01-04,7,Excess Quantity,Credit Memo,144.97
RT0002788,O00080159,P02107,2024-05-19,1,Quality Issue,Replacement,51.5
RT0002789,O00093979,P00001,2024-01-05,1,Quality Issue,Refund,37.94
RT0002790,O00069775,P00567,2024-07-11,1,Quality Issue,Replacement,26.44
RT0002791,O00091465,P01936,2023-07-09,1,Excess Quantity,Replacement,34.64
RT0002792,O00016452,P00451,2023-02-23,1,Customer Changed Mind,Refund,50.05
RT0002793,O00078674,P00256,2025-02-17,3,Damaged in Transit,Credit Memo,47.75
RT0002794,O00022080,P00056,2023-05-20,5,Wrong Product,Refund,311.18
RT0002795,O00099587,P00898,2023-11-04,5,Excess Quantity,Credit Memo,42.58
RT0002796,O00031089,P01442,2025-05-26,2,Customer Changed Mind,Credit Memo,157.95
RT0002797,O00037298,P00282,2023-06-23,1,Customer Changed Mind,Refund,41.89
RT0002798,O00000232,P01674,2023-12-12,3,Late Delivery,Credit Memo,119.5
RT0002799,O00097077,P02508,2024-09-24,1,Late Delivery,Refund,53.61
RT0002800,O00015987,P00519,2024-05-26,3,Excess Quantity,Credit Memo,192.45
RT0002801,O00008497,P00062,2025-03-29,1,Damaged in Transit,Refund,47.65
RT0002802,O00090344,P02238,2023-04-09,1,Excess Quantity,Refund,19.12
RT0002803,O00025038,P00602,2025-07-14,1,Damaged in Transit,Refund,46.92
RT0002804,O00005225,P00020,2025-07-26,1,Damaged in Transit,Credit Memo,26.54
RT0002805,O00001527,P02203,2023-07-13,1,Damaged in Transit,Replacement,34.83
RT0002806,O00012575,P02821,2023-07-04,1,Wrong Product,Replacement,29.94
RT0002807,O00009280,P00486,2024-08-25,1,Customer Changed Mind,Credit Memo,28.77
RT0002808,O00066012,P00008,2025-09-08,1,Damaged in Transit,Credit Memo,57.5
RT0002809,O00049676,P00011,2023-08-24,12,Late Delivery,Replacement,457.27
RT0002810,O00015467,P01118,2023-08-02,10,Wrong Product,Credit Memo,182.75
RT0002811,O00042151,P00065,2024-09-02,1,Damaged in Transit,Refund,27.17
RT0002812,O00029239,P00239,2025-11-04,4,Damaged in Transit,Refund,375.74
RT0002813,O00020594,P01625,2026-01-28,4,Quality Issue,Refund,344.12
RT0002814,O00016414,P00322,2024-04-25,2,Wrong Product,Replacement,437.41
RT0002815,O00078630,P01517,2025-05-03,2,Quality Issue,Credit Memo,37.17
RT0002816,O00083144,P02984,2023-09-19,2,Customer Changed Mind,Refund,46.29
RT0002817,O00050989,P00650,2023-04-01,3,Wrong Product,Credit Memo,40.42
RT0002818,O00076278,P01010,2024-07-19,4,Damaged in Transit,Replacement,239.12
RT0002819,O00072283,P01699,2025-11-10,2,Quality Issue,Refund,40.5
RT0002820,O00087131,P00147,2025-02-02,6,Damaged in Transit,Refund,540.09
RT0002821,O00032553,P00008,2023-03-11,4,Excess Quantity,Refund,228.88
RT0002822,O00001790,P01448,2024-11-09,2,Late Delivery,Credit Memo,40.57
RT0002823,O00036257,P01140,2025-12-13,1,Quality Issue,Credit Memo,27.18
RT0002824,O00088921,P00783,2024-08-31,10,Wrong Product,Credit Memo,194.8
RT0002825,O00042529,P01668,2025-10-13,5,Damaged in Transit,Credit Memo,204.25
RT0002826,O00089829,P01206,2023-09-26,5,Late Delivery,Credit Memo,96.09
RT0002827,O00062260,P01275,2025-05-26,3,Quality Issue,Credit Memo,35.03
RT0002828,O00053834,P02604,2023-12-22,8,Damaged in Transit,Refund,112.29
RT0002829,O00072236,P00007,2023-09-12,3,Late Delivery,Refund,94.2
RT0002830,O00047593,P01137,2024-04-21,2,Late Delivery,Refund,145.71
RT0002831,O00039615,P00153,2024-05-18,1,Damaged in Transit,Refund,29.52
RT0002832,O00048426,P01087,2024-06-01,8,Damaged in Transit,Refund,231.6
RT0002833,O00033019,P00012,2025-11-01,2,Damaged in Transit,Refund,213.44
RT0002834,O00078473,P00048,2023-06-06,1,Late Delivery,Credit Memo,15.63
RT0002835,O00067719,P00024,2023-06-15,1,Wrong Product,Refund,63.45
RT0002836,O00070214,P00003,2025-11-23,1,Customer Changed Mind,Credit Memo,8.72
RT0002837,O00037806,P00029,2025-06-30,1,Excess Quantity,Replacement,43.68
RT0002838,O00083706,P00230,2024-03-05,4,Damaged in Transit,Replacement,159.52
RT0002839,O00059443,P00160,2025-08-13,4,Wrong Product,Credit Memo,300.28
RT0002840,O00034074,P00110,2025-06-15,3,Customer Changed Mind,Refund,79.68
RT0002841,O00074050,P02204,2024-09-17,3,Quality Issue,Replacement,65.97
RT0002842,O00021063,P00105,2024-04-30,1,Wrong Product,Replacement,17.96
RT0002843,O00023059,P00352,2023-12-18,3,Damaged in Transit,Credit Memo,50.16
RT0002844,O00052028,P00400,2025-11-16,5,Quality Issue,Replacement,357.17
RT0002845,O00024272,P01811,2024-08-17,4,Quality Issue,Replacement,148.93
RT0002846,O00064579,P01248,2024-06-11,1,Late Delivery,Credit Memo,101.9
RT0002847,O00055896,P00194,2023-07-11,1,Wrong Product,Replacement,53.42
RT0002848,O00068177,P00266,2026-01-03,6,Quality Issue,Refund,192.3
RT0002849,O00055896,P00004,2023-07-27,1,Customer Changed Mind,Replacement,37.99
RT0002850,O00036002,P00319,2023-09-24,4,Wrong Product,Replacement,139.13
RT0002851,O00053646,P00880,2023-10-29,3,Quality Issue,Refund,77.17
RT0002852,O00083193,P01372,2023-11-20,1,Late Delivery,Replacement,20.96
RT0002853,O00030323,P00002,2024-11-24,6,Damaged in Transit,Credit Memo,427.52
RT0002854,O00023486,P00006,2023-10-20,1,Excess Quantity,Replacement,63.85
RT0002855,O00075697,P00579,2024-05-03,3,Quality Issue,Refund,116.82
RT0002856,O00049357,P00318,2024-10-23,1,Quality Issue,Replacement,37.45
RT0002857,O00012328,P01341,2025-08-03,4,Damaged in Transit,Replacement,481.72
RT0002858,O00095369,P00022,2023-04-29,1,Quality Issue,Credit Memo,22.09
RT0002859,O00035490,P02617,2023-05-13,1,Quality Issue,Replacement,24.5
RT0002860,O00004323,P00326,2023-08-16,4,Late Delivery,Refund,617.14
RT0002861,O00076007,P01201,2023-06-23,1,Wrong Product,Refund,20.82
RT0002862,O00053815,P00038,2024-06-27,3,Quality Issue,Refund,114.52
RT0002863,O00006705,P00072,2024-11-01,1,Damaged in Transit,Credit Memo,12.81
RT0002864,O00017442,P00091,2023-08-21,3,Quality Issue,Replacement,363.69
RT0002865,O00077019,P00007,2023-07-12,8,Late Delivery,Refund,232.88
RT0002866,O00089376,P00105,2023-08-08,2,Damaged in Transit,Refund,38.25
RT0002867,O00082580,P00665,2025-05-08,5,Quality Issue,Replacement,142.97
RT0002868,O00074823,P00156,2025-10-28,6,Quality Issue,Refund,427.74
RT0002869,O00083158,P00022,2025-01-18,1,Wrong Product,Refund,27.24
RT0002870,O00074723,P00306,2023-08-14,2,Quality Issue,Replacement,31.02
RT0002871,O00097432,P00474,2023-09-10,1,Wrong Product,Replacement,38.36
RT0002872,O00067543,P01200,2024-12-26,14,Wrong Product,Refund,298.14
RT0002873,O00009409,P00615,2025-01-01,4,Wrong Product,Refund,278.24
RT0002874,O00005361,P00050,2024-01-04,8,Excess Quantity,Replacement,341.97
RT0002875,O00002165,P00002,2025-12-24,1,Damaged in Transit,Credit Memo,76.42
RT0002876,O00058179,P00147,2023-09-18,2,Quality Issue,Credit Memo,193.97
RT0002877,O00054025,P00033,2025-08-11,3,Late Delivery,Replacement,152.88
RT0002878,O00057275,P00019,2025-10-05,7,Late Delivery,Replacement,272.99
RT0002879,O00040158,P00025,2023-10-26,2,Wrong Product,Credit Memo,134.55
RT0002880,O00093742,P00007,2024-02-15,3,Customer Changed Mind,Replacement,85.82
RT0002881,O00004818,P00141,2025-12-11,1,Quality Issue,Refund,54.23
RT0002882,O00099266,P00004,2023-04-20,2,Damaged in Transit,Replacement,74.94
RT0002883,O00044006,P01328,2023-06-03,3,Quality Issue,Credit Memo,90.32
RT0002884,O00038165,P00323,2025-09-06,3,Late Delivery,Replacement,96.47
RT0002885,O00068766,P00140,2024-05-20,2,Quality Issue,Refund,178.04
RT0002886,O00093696,P00005,2025-07-26,3,Damaged in Transit,Credit Memo,146.35
RT0002887,O00021035,P00647,2024-05-02,2,Quality Issue,Replacement,54.78
RT0002888,O00000720,P01143,2024-08-13,5,Damaged in Transit,Refund,262.12
RT0002889,O00074202,P02559,2025-06-29,3,Excess Quantity,Replacement,170.54
RT0002890,O00068362,P00131,2025-07-11,1,Quality Issue,Credit Memo,30.19
RT0002891,O00095036,P00306,2023-07-13,1,Damaged in Transit,Replacement,14.48
RT0002892,O00051416,P00332,2025-09-21,1,Damaged in Transit,Credit Memo,21.31
RT0002893,O00099547,P02043,2023-09-21,1,Quality Issue,Replacement,86.54
RT0002894,O00043891,P00040,2023-11-28,2,Customer Changed Mind,Credit Memo,112.29
RT0002895,O00009259,P01781,2025-03-23,1,Damaged in Transit,Replacement,95.0
RT0002896,O00031850,P00134,2024-12-28,3,Quality Issue,Credit Memo,158.1
RT0002897,O00094190,P00043,2024-02-27,1,Damaged in Transit,Refund,12.55
RT0002898,O00087872,P00003,2024-06-19,4,Late Delivery,Replacement,37.73
RT0002899,O00086160,P00636,2023-07-18,3,Wrong Product,Credit Memo,396.0
RT0002900,O00029938,P00003,2024-09-25,2,Quality Issue,Replacement,17.67
RT0002901,O00023818,P00195,2023-12-12,2,Damaged in Transit,Refund,109.63
RT0002902,O00084136,P00030,2023-06-02,5,Quality Issue,Refund,109.67
RT0002903,O00067825,P00002,2024-07-17,1,Quality Issue,Refund,70.37
RT0002904,O00014193,P00003,2023-07-29,5,Wrong Product,Replacement,42.32
RT0002905,O00010714,P00078,2023-02-22,6,Excess Quantity,Replacement,203.43
RT0002906,O00005429,P01642,2025-09-09,4,Quality Issue,Refund,133.88
RT0002907,O00036127,P00073,2024-09-18,4,Customer Changed Mind,Credit Memo,95.8
RT0002908,O00060065,P00212,2025-10-31,1,Customer Changed Mind,Replacement,30.99
RT0002909,O00007575,P00078,2023-06-10,1,Late Delivery,Refund,37.33
RT0002910,O00013887,P00487,2024-08-22,2,Quality Issue,Replacement,84.56
RT0002911,O00073607,P00093,2024-05-30,2,Late Delivery,Credit Memo,94.81
RT0002912,O00058078,P00787,2024-10-19,1,Late Delivery,Replacement,45.0
RT0002913,O00041965,P00009,2025-07-13,1,Quality Issue,Replacement,47.47
RT0002914,O00055691,P00008,2024-05-14,1,Late Delivery,Credit Memo,53.5
RT0002915,O00059511,P00613,2025-01-16,1,Wrong Product,Refund,25.49
RT0002916,O00032378,P02572,2024-09-13,1,Quality Issue,Replacement,29.51
RT0002917,O00000540,P01688,2023-09-10,1,Quality Issue,Refund,53.76
RT0002918,O00074606,P00089,2023-06-14,1,Damaged in Transit,Refund,109.18
RT0002919,O00050993,P00342,2024-07-23,2,Late Delivery,Refund,211.89
RT0002920,O00079016,P00036,2025-07-01,1,Excess Quantity,Refund,15.59
RT0002921,O00066475,P00008,2023-11-25,2,Late Delivery,Replacement,112.52
RT0002922,O00035450,P00135,2024-03-27,2,Quality Issue,Refund,77.99
RT0002923,O00084109,P00364,2023-09-14,3,Quality Issue,Refund,123.12
RT0002924,O00095964,P00149,2023-11-12,1,Quality Issue,Credit Memo,50.98
RT0002925,O00032299,P01193,2023-06-24,3,Quality Issue,Credit Memo,169.59
RT0002926,O00031871,P00593,2025-09-22,2,Damaged in Transit,Credit Memo,73.64
RT0002927,O00095634,P01252,2023-12-19,7,Damaged in Transit,Credit Memo,435.6
RT0002928,O00080373,P00545,2023-09-14,2,Damaged in Transit,Refund,129.71
RT0002929,O00010653,P00032,2024-06-24,3,Damaged in Transit,Credit Memo,134.89
RT0002930,O00050491,P00871,2025-01-01,2,Quality Issue,Credit Memo,44.57
RT0002931,O00013043,P00608,2025-06-02,2,Quality Issue,Replacement,11.0
RT0002932,O00011614,P00248,2023-11-02,1,Quality Issue,Refund,33.52
RT0002933,O00011091,P00955,2023-04-29,3,Wrong Product,Refund,94.12
RT0002934,O00064871,P00003,2025-04-17,3,Late Delivery,Replacement,26.32
RT0002935,O00032834,P01944,2023-07-21,2,Excess Quantity,Credit Memo,44.5
RT0002936,O00007246,P00090,2025-06-17,1,Excess Quantity,Refund,31.52
RT0002937,O00040610,P01106,2025-05-12,2,Damaged in Transit,Refund,143.03
RT0002938,O00043557,P00027,2023-04-20,8,Wrong Product,Credit Memo,122.96
RT0002939,O00089346,P01878,2025-12-11,2,Late Delivery,Refund,83.44
RT0002940,O00066275,P00701,2024-05-16,1,Damaged in Transit,Refund,89.45
RT0002941,O00099879,P00394,2025-01-16,1,Late Delivery,Replacement,38.34
RT0002942,O00064503,P01472,2025-12-01,1,Excess Quantity,Credit Memo,33.26
RT0002943,O00021141,P00077,2024-07-31,5,Damaged in Transit,Replacement,59.85
RT0002944,O00004063,P02243,2023-09-03,6,Excess Quantity,Replacement,199.66
RT0002945,O00012866,P02254,2023-05-07,2,Damaged in Transit,Refund,118.85
RT0002946,O00021926,P01812,2025-11-19,2,Excess Quantity,Replacement,33.52
RT0002947,O00050308,P00350,2023-06-15,2,Customer Changed Mind,Credit Memo,31.68
RT0002948,O00023095,P00146,2024-07-08,4,Excess Quantity,Replacement,108.09
RT0002949,O00023903,P00047,2025-12-27,3,Customer Changed Mind,Replacement,72.37
RT0002950,O00019090,P00196,2023-11-03,1,Damaged in Transit,Credit Memo,6.74
RT0002951,O00070252,P00684,2025-06-30,1,Customer Changed Mind,Credit Memo,18.84
RT0002952,O00035697,P00006,2025-02-06,3,Quality Issue,Replacement,205.76
RT0002953,O00023585,P01983,2023-12-31,3,Wrong Product,Replacement,85.98
RT0002954,O00090459,P00599,2023-03-11,6,Late Delivery,Refund,81.96
RT0002955,O00050632,P02540,2023-08-14,1,Wrong Product,Refund,50.65
RT0002956,O00070769,P00137,2023-08-12,3,Customer Changed Mind,Replacement,89.9
RT0002957,O00066978,P00966,2025-01-10,3,Customer Changed Mind,Replacement,28.18
RT0002958,O00007395,P00031,2025-09-06,6,Damaged in Transit,Refund,62.3
RT0002959,O00058979,P01653,2025-07-31,1,Late Delivery,Credit Memo,425.96
RT0002960,O00033342,P01948,2024-03-29,3,Damaged in Transit,Credit Memo,153.24
RT0002961,O00081504,P01397,2025-02-08,2,Quality Issue,Replacement,50.42
RT0002962,O00096326,P01857,2025-11-15,10,Customer Changed Mind,Credit Memo,297.92
RT0002963,O00014230,P00013,2025-03-11,2,Late Delivery,Refund,67.5
RT0002964,O00032636,P01131,2025-06-25,1,Late Delivery,Credit Memo,6.68
RT0002965,O00033956,P00075,2025-07-24,2,Wrong Product,Replacement,137.22
RT0002966,O00005735,P00004,2024-12-09,2,Wrong Product,Replacement,79.46
RT0002967,O00036974,P00004,2023-12-27,2,Wrong Product,Refund,70.7
RT0002968,O00055435,P01997,2023-07-31,6,Damaged in Transit,Replacement,177.12
RT0002969,O00070121,P02741,2024-07-04,2,Late Delivery,Credit Memo,120.9
RT0002970,O00094125,P02007,2024-12-07,1,Excess Quantity,Credit Memo,50.2
RT0002971,O00089436,P00872,2023-10-02,4,Quality Issue,Replacement,201.02
RT0002972,O00060039,P00173,2024-03-17,1,Wrong Product,Replacement,111.57
RT0002973,O00059527,P01699,2023-04-24,2,Customer Changed Mind,Refund,37.32
RT0002974,O00016723,P00035,2024-12-21,3,Customer Changed Mind,Refund,216.15
RT0002975,O00045224,P00810,2023-01-24,3,Quality Issue,Refund,124.41
RT0002976,O00013140,P00577,2023-09-13,1,Quality Issue,Replacement,41.84
RT0002977,O00038319,P00016,2024-10-26,2,Late Delivery,Credit Memo,272.85
RT0002978,O00092954,P00260,2024-06-20,5,Damaged in Transit,Replacement,325.14
RT0002979,O00015323,P01076,2025-08-05,4,Customer Changed Mind,Replacement,140.66
RT0002980,O00073802,P00892,2025-02-19,1,Excess Quantity,Replacement,9.39
RT0002981,O00030138,P00024,2023-04-10,1,Damaged in Transit,Replacement,70.89
RT0002982,O00048571,P01604,2024-05-27,1,Excess Quantity,Refund,52.1
RT0002983,O00012835,P00822,2025-05-01,1,Customer Changed Mind,Refund,6.33
RT0002984,O00045386,P00167,2024-06-14,5,Quality Issue,Credit Memo,109.88
RT0002985,O00084189,P00004,2023-09-07,2,Wrong Product,Refund,70.97
RT0002986,O00032415,P01138,2023-11-14,2,Excess Quantity,Credit Memo,70.34
RT0002987,O00057321,P01224,2025-07-08,2,Excess Quantity,Credit Memo,67.58
RT0002988,O00001896,P01495,2023-08-29,1,Customer Changed Mind,Refund,31.78
RT0002989,O00042255,P00216,2025-11-02,1,Customer Changed Mind,Replacement,18.58
RT0002990,O00004808,P01990,2024-04-13,3,Wrong Product,Credit Memo,168.63
RT0002991,O00073859,P00235,2025-01-23,2,Quality Issue,Refund,174.5
RT0002992,O00062467,P00243,2023-04-03,1,Late Delivery,Refund,34.63
RT0002993,O00086957,P00026,2025-08-17,1,Customer Changed Mind,Credit Memo,41.39
RT0002994,O00085799,P00334,2024-12-09,5,Damaged in Transit,Refund,69.44
RT0002995,O00023847,P02379,2025-12-19,4,Damaged in Transit,Refund,161.15
RT0002996,O00070881,P00159,2024-11-19,4,Wrong Product,Replacement,137.95
RT0002997,O00010508,P00174,2025-06-25,1,Customer Changed Mind,Replacement,31.25
RT0002998,O00073147,P00334,2023-07-22,1,Quality Issue,Replacement,13.33
RT0002999,O00089730,P01279,2024-09-12,1,Late Delivery,Credit Memo,8.01
RT0003000,O00063522,P00004,2024-04-12,1,Customer Changed Mind,Replacement,39.35
RT0003001,O00027589,P00251,2024-04-24,4,Damaged in Transit,Refund,427.2
RT0003002,O00070894,P00004,2024-10-14,1,Quality Issue,Credit Memo,36.89
RT0003003,O00064799,P01185,2025-01-29,1,Late Delivery,Credit Memo,20.31
RT0003004,O00033021,P00019,2025-03-30,1,Wrong Product,Credit Memo,38.03
RT0003005,O00095705,P01287,2024-09-03,2,Customer Changed Mind,Credit Memo,227.58
RT0003006,O00058227,P00880,2025-06-08,1,Wrong Product,Credit Memo,21.12
RT0003007,O00037587,P00079,2025-11-25,1,Late Delivery,Replacement,49.78
RT0003008,O00082034,P00670,2024-08-20,8,Excess Quantity,Credit Memo,1956.53
RT0003009,O00057373,P02070,2023-06-06,4,Excess Quantity,Replacement,86.24
RT0003010,O00014322,P00023,2025-04-08,2,Excess Quantity,Credit Memo,85.34
RT0003011,O00065108,P02143,2024-01-26,2,Wrong Product,Replacement,44.7
RT0003012,O00014761,P00034,2023-05-15,3,Excess Quantity,Refund,69.1
RT0003013,O00090811,P00435,2023-12-08,1,Quality Issue,Credit Memo,19.41
RT0003014,O00084752,P00424,2023-06-07,1,Wrong Product,Replacement,446.66
RT0003015,O00032587,P00742,2023-05-22,2,Damaged in Transit,Refund,75.52
RT0003016,O00077536,P00097,2025-07-12,4,Wrong Product,Replacement,111.58
RT0003017,O00001163,P02377,2025-05-26,1,Damaged in Transit,Credit Memo,57.88
RT0003018,O00019913,P00082,2023-10-07,3,Customer Changed Mind,Refund,523.25
RT0003019,O00081448,P00847,2023-11-06,1,Damaged in Transit,Credit Memo,12.51
RT0003020,O00061898,P00746,2024-05-23,1,Excess Quantity,Refund,21.19
RT0003021,O00088843,P00560,2024-04-24,1,Customer Changed Mind,Refund,62.78
RT0003022,O00032514,P00014,2025-08-30,1,Damaged in Transit,Credit Memo,52.6
RT0003023,O00055406,P01540,2024-11-05,1,Customer Changed Mind,Credit Memo,15.75
RT0003024,O00048829,P02188,2025-04-18,1,Late Delivery,Replacement,68.53
RT0003025,O00024998,P00026,2023-07-31,1,Damaged in Transit,Refund,47.4
RT0003026,O00052056,P02985,2023-10-19,3,Damaged in Transit,Refund,105.31
RT0003027,O00006442,P00637,2023-04-21,6,Customer Changed Mind,Refund,164.67
RT0003028,O00036631,P00336,2024-03-23,2,Excess Quantity,Replacement,108.41
RT0003029,O00062786,P00961,2024-09-21,1,Wrong Product,Credit Memo,16.1
RT0003030,O00070615,P00628,2025-09-04,8,Wrong Product,Replacement,171.64
RT0003031,O00066079,P01703,2024-08-14,1,Quality Issue,Refund,10.81
RT0003032,O00040794,P01014,2023-07-06,1,Wrong Product,Replacement,49.66
RT0003033,O00031294,P01823,2024-04-21,3,Damaged in Transit,Credit Memo,84.96
RT0003034,O00081772,P00007,2023-05-20,2,Customer Changed Mind,Replacement,72.28
RT0003035,O00083030,P00007,2024-08-08,2,Damaged in Transit,Replacement,61.96
RT0003036,O00037169,P00760,2024-10-13,2,Damaged in Transit,Refund,73.98
RT0003037,O00036307,P01009,2023-06-18,3,Damaged in Transit,Replacement,101.06
RT0003038,O00018730,P01380,2026-01-02,5,Excess Quantity,Replacement,365.11
RT0003039,O00075294,P00002,2023-05-24,4,Quality Issue,Credit Memo,267.2
RT0003040,O00093705,P01744,2024-10-10,2,Damaged in Transit,Credit Memo,134.72
RT0003041,O00092470,P00005,2025-02-28,2,Quality Issue,Refund,97.69
RT0003042,O00079147,P00004,2023-03-08,1,Wrong Product,Replacement,39.43
RT0003043,O00019682,P00388,2023-04-17,3,Excess Quantity,Refund,128.09
RT0003044,O00018230,P00132,2025-09-05,3,Quality Issue,Replacement,143.75
RT0003045,O00042726,P00381,2025-08-21,1,Late Delivery,Refund,128.54
RT0003046,O00083134,P00065,2024-01-23,1,Damaged in Transit,Replacement,27.15
RT0003047,O00070595,P00493,2024-12-17,1,Damaged in Transit,Refund,64.75
RT0003048,O00063893,P00593,2023-12-26,2,Quality Issue,Replacement,75.1
RT0003049,O00090252,P02932,2025-12-03,1,Damaged in Transit,Replacement,25.63
RT0003050,O00030596,P00050,2025-03-15,1,Excess Quantity,Refund,46.22
RT0003051,O00049829,P01203,2023-08-08,3,Wrong Product,Refund,54.81
RT0003052,O00029391,P00465,2023-06-18,3,Wrong Product,Credit Memo,85.81
RT0003053,O00022926,P01467,2025-10-16,2,Customer Changed Mind,Refund,164.92
RT0003054,O00072188,P00171,2025-05-03,3,Excess Quantity,Credit Memo,22.34
RT0003055,O00066182,P00553,2023-12-23,1,Late Delivery,Replacement,20.79
RT0003056,O00011508,P00977,2023-06-07,1,Wrong Product,Credit Memo,10.15
RT0003057,O00038207,P00421,2024-07-18,2,Excess Quantity,Credit Memo,221.58
RT0003058,O00042596,P01178,2025-12-05,2,Customer Changed Mind,Refund,31.42
RT0003059,O00055925,P00861,2025-11-15,6,Quality Issue,Refund,418.65
RT0003060,O00011094,P00082,2024-01-17,1,Quality Issue,Credit Memo,191.42
RT0003061,O00040807,P00002,2024-04-04,6,Damaged in Transit,Replacement,456.7
RT0003062,O00037983,P01676,2025-04-17,1,Excess Quantity,Credit Memo,34.68
RT0003063,O00070295,P00012,2025-09-10,1,Damaged in Transit,Refund,117.04
RT0003064,O00096785,P02223,2025-05-06,1,Customer Changed Mind,Replacement,47.7
RT0003065,O00028520,P00012,2024-04-12,4,Damaged in Transit,Replacement,437.3
RT0003066,O00051920,P00141,2024-01-14,4,Excess Quantity,Refund,194.52
RT0003067,O00011554,P00020,2025-05-11,1,Damaged in Transit,Credit Memo,24.9
RT0003068,O00024273,P02345,2023-07-03,2,Customer Changed Mind,Credit Memo,54.38
RT0003069,O00020421,P01701,2023-10-22,3,Damaged in Transit,Refund,140.79
RT0003070,O00046701,P00110,2023-09-14,1,Excess Quantity,Refund,27.43
RT0003071,O00096771,P00061,2023-06-14,6,Damaged in Transit,Refund,116.36
RT0003072,O00019626,P00104,2025-02-16,1,Excess Quantity,Refund,19.85
RT0003073,O00020614,P01744,2025-05-27,2,Excess Quantity,Replacement,109.76
RT0003074,O00032318,P00663,2025-08-30,1,Quality Issue,Refund,34.7
RT0003075,O00023222,P01500,2024-10-19,6,Damaged in Transit,Credit Memo,377.06
RT0003076,O00006830,P00629,2023-03-05,1,Customer Changed Mind,Refund,67.77
RT0003077,O00066156,P00340,2023-11-25,2,Wrong Product,Credit Memo,81.56
RT0003078,O00071702,P00353,2025-06-11,1,Late Delivery,Replacement,88.86
RT0003079,O00030668,P00696,2025-08-26,1,Customer Changed Mind,Refund,22.37
RT0003080,O00085115,P00045,2025-09-26,3,Late Delivery,Replacement,205.07
RT0003081,O00054727,P01987,2023-09-03,1,Quality Issue,Replacement,52.35
RT0003082,O00030997,P00211,2023-01-18,3,Customer Changed Mind,Credit Memo,97.31
RT0003083,O00032287,P00218,2026-01-06,1,Damaged in Transit,Refund,87.7
RT0003084,O00074480,P00520,2024-10-19,1,Customer Changed Mind,Credit Memo,89.84
RT0003085,O00092068,P02348,2025-10-08,2,Late Delivery,Refund,61.14
RT0003086,O00050974,P00038,2024-10-01,3,Late Delivery,Credit Memo,117.17
RT0003087,O00045869,P00200,2025-07-12,1,Late Delivery,Refund,47.01
RT0003088,O00017763,P00746,2025-07-16,6,Late Delivery,Replacement,145.81
RT0003089,O00047668,P00002,2025-05-06,7,Customer Changed Mind,Credit Memo,513.91
RT0003090,O00005111,P01891,2023-04-25,1,Customer Changed Mind,Replacement,55.61
RT0003091,O00070480,P00485,2023-06-15,3,Wrong Product,Credit Memo,256.85
RT0003092,O00099828,P00011,2025-11-30,4,Late Delivery,Replacement,188.96
RT0003093,O00025150,P02099,2025-03-01,1,Quality Issue,Refund,44.3
RT0003094,O00028612,P00013,2023-12-16,1,Wrong Product,Replacement,27.0
RT0003095,O00068417,P01003,2025-10-28,4,Quality Issue,Refund,69.7
RT0003096,O00083839,P00612,2023-02-05,4,Customer Changed Mind,Credit Memo,214.16
RT0003097,O00001415,P01299,2025-09-18,3,Wrong Product,Replacement,254.45
RT0003098,O00034401,P01236,2024-08-05,1,Damaged in Transit,Replacement,26.27
RT0003099,O00085373,P00069,2026-01-24,10,Late Delivery,Credit Memo,433.81
RT0003100,O00056817,P02990,2023-03-03,1,Excess Quantity,Credit Memo,21.97
RT0003101,O00021280,P02865,2023-11-18,2,Quality Issue,Refund,160.24
RT0003102,O00039817,P01760,2025-02-04,2,Damaged in Transit,Replacement,65.95
RT0003103,O00064336,P02017,2024-05-03,3,Damaged in Transit,Credit Memo,138.13
RT0003104,O00082612,P00001,2023-07-11,5,Wrong Product,Credit Memo,190.05
RT0003105,O00000201,P00058,2024-12-27,1,Quality Issue,Credit Memo,49.29
RT0003106,O00005222,P00078,2023-08-30,1,Quality Issue,Credit Memo,34.79
RT0003107,O00011912,P00001,2023-05-21,7,Excess Quantity,Refund,270.58
RT0003108,O00029475,P00906,2024-06-12,7,Late Delivery,Refund,83.93
RT0003109,O00010861,P02820,2023-09-06,1,Customer Changed Mind,Replacement,50.34
RT0003110,O00064165,P02430,2025-04-20,4,Quality Issue,Refund,104.72
RT0003111,O00003522,P02278,2025-12-10,3,Damaged in Transit,Credit Memo,327.61
RT0003112,O00064219,P02388,2023-05-22,1,Wrong Product,Refund,26.14
RT0003113,O00062314,P00062,2026-01-30,3,Late Delivery,Replacement,141.01
RT0003114,O00006869,P00058,2023-11-13,1,Quality Issue,Replacement,43.16
RT0003115,O00057236,P00211,2025-11-03,3,Customer Changed Mind,Refund,102.45
RT0003116,O00004923,P02767,2024-06-14,1,Quality Issue,Replacement,45.64
RT0003117,O00085782,P01183,2023-06-17,11,Quality Issue,Refund,2820.02
RT0003118,O00025551,P00358,2024-08-11,9,Quality Issue,Replacement,356.22
RT0003119,O00037523,P00012,2024-01-19,2,Damaged in Transit,Replacement,224.79
RT0003120,O00040234,P01942,2023-07-31,1,Late Delivery,Credit Memo,62.15
RT0003121,O00001661,P02547,2025-02-26,6,Customer Changed Mind,Credit Memo,87.38
RT0003122,O00068641,P00870,2025-02-23,1,Customer Changed Mind,Replacement,24.56
RT0003123,O00075481,P00036,2023-11-20,3,Damaged in Transit,Refund,50.49
RT0003124,O00049422,P00176,2025-07-25,2,Quality Issue,Refund,146.3
RT0003125,O00000822,P01497,2024-09-06,1,Wrong Product,Replacement,32.52
RT0003126,O00085693,P00702,2023-07-21,1,Wrong Product,Credit Memo,44.42
RT0003127,O00082824,P01119,2025-06-27,2,Excess Quantity,Refund,62.03
RT0003128,O00010975,P02519,2025-06-14,4,Late Delivery,Replacement,244.12
RT0003129,O00037735,P01958,2024-11-26,1,Quality Issue,Credit Memo,6.97
RT0003130,O00080235,P00499,2025-08-18,4,Customer Changed Mind,Refund,365.81
RT0003131,O00029165,P00482,2025-07-06,3,Late Delivery,Refund,52.83
RT0003132,O00061025,P00102,2023-02-24,3,Quality Issue,Replacement,166.27
RT0003133,O00059511,P00613,2025-02-09,2,Excess Quantity,Replacement,50.99
RT0003134,O00037649,P01234,2025-05-20,1,Customer Changed Mind,Credit Memo,23.43
RT0003135,O00063769,P00019,2023-07-20,6,Damaged in Transit,Replacement,233.4
RT0003136,O00055847,P00001,2024-02-05,7,Damaged in Transit,Replacement,289.32
RT0003137,O00032732,P02277,2025-04-25,2,Customer Changed Mind,Refund,43.83
RT0003138,O00094471,P00114,2024-09-06,1,Excess Quantity,Credit Memo,210.39
RT0003139,O00014063,P00002,2024-10-23,3,Customer Changed Mind,Replacement,229.71
RT0003140,O00012863,P01472,2024-09-29,4,Damaged in Transit,Refund,120.6
RT0003141,O00032646,P00288,2024-08-28,4,Quality Issue,Credit Memo,186.86
RT0003142,O00068795,P00186,2025-06-08,1,Damaged in Transit,Refund,41.42
RT0003143,O00004563,P02500,2024-09-16,1,Customer Changed Mind,Credit Memo,43.66
RT0003144,O00074372,P00321,2024-03-05,1,Quality Issue,Credit Memo,11.58
RT0003145,O00041507,P02985,2025-10-11,2,Damaged in Transit,Refund,75.91
RT0003146,O00013062,P00284,2023-02-19,2,Wrong Product,Replacement,49.0
RT0003147,O00021083,P00021,2023-08-20,9,Excess Quantity,Refund,532.01
RT0003148,O00087552,P00142,2025-09-05,5,Quality Issue,Refund,312.22
RT0003149,O00017942,P00902,2024-02-03,3,Late Delivery,Replacement,95.63
RT0003150,O00054486,P00110,2025-09-02,10,Quality Issue,Refund,288.92
RT0003151,O00096618,P02650,2025-09-11,1,Late Delivery,Replacement,55.4
RT0003152,O00013157,P00239,2025-09-24,8,Wrong Product,Replacement,686.81
RT0003153,O00057947,P00175,2024-05-06,2,Customer Changed Mind,Replacement,27.14
RT0003154,O00064418,P02589,2025-09-14,1,Quality Issue,Refund,192.43
RT0003155,O00009031,P01576,2025-09-03,1,Damaged in Transit,Replacement,31.54
RT0003156,O00008096,P00001,2023-05-08,5,Quality Issue,Replacement,175.65
RT0003157,O00032339,P00029,2023-07-08,1,Quality Issue,Refund,36.98
RT0003158,O00078225,P00022,2023-09-04,8,Damaged in Transit,Replacement,191.52
RT0003159,O00090012,P00002,2023-09-06,2,Quality Issue,Replacement,125.98
RT0003160,O00072099,P02401,2023-07-10,1,Quality Issue,Refund,39.89
RT0003161,O00080549,P00611,2025-04-03,5,Late Delivery,Credit Memo,183.4
RT0003162,O00058538,P00126,2023-05-10,4,Wrong Product,Refund,95.8
RT0003163,O00015101,P01748,2025-05-09,2,Damaged in Transit,Credit Memo,236.0
RT0003164,O00087579,P00110,2023-10-26,1,Damaged in Transit,Credit Memo,26.96
RT0003165,O00071210,P02021,2023-05-02,1,Damaged in Transit,Refund,39.03
RT0003166,O00054732,P01674,2023-05-18,2,Damaged in Transit,Refund,75.24
RT0003167,O00051408,P00150,2024-06-18,1,Damaged in Transit,Refund,10.72
RT0003168,O00009665,P00290,2023-09-09,3,Damaged in Transit,Replacement,82.83
RT0003169,O00077921,P00036,2025-07-21,1,Quality Issue,Refund,17.43
RT0003170,O00017649,P00147,2023-02-07,2,Wrong Product,Refund,178.9
RT0003171,O00085475,P00509,2025-07-07,5,Customer Changed Mind,Refund,237.65
RT0003172,O00019027,P02831,2024-05-14,4,Late Delivery,Replacement,178.28
RT0003173,O00015206,P00009,2023-05-25,2,Damaged in Transit,Credit Memo,91.6
RT0003174,O00041946,P00499,2025-10-30,1,Quality Issue,Replacement,80.46
RT0003175,O00034709,P01827,2025-07-11,9,Wrong Product,Refund,684.68
RT0003176,O00006642,P00614,2025-03-27,9,Excess Quantity,Replacement,842.76
RT0003177,O00029495,P00019,2023-01-11,1,Late Delivery,Refund,37.7
RT0003178,O00057230,P00614,2023-12-07,3,Late Delivery,Replacement,213.73
RT0003179,O00071157,P01257,2023-06-20,5,Damaged in Transit,Refund,182.69
RT0003180,O00045710,P01480,2023-06-25,2,Quality Issue,Replacement,114.48
RT0003181,O00041012,P00239,2025-02-18,4,Wrong Product,Credit Memo,419.6
RT0003182,O00089523,P01270,2024-12-22,3,Late Delivery,Replacement,204.63
RT0003183,O00017215,P01283,2024-04-20,1,Excess Quantity,Credit Memo,84.51
RT0003184,O00070001,P01451,2023-08-10,2,Damaged in Transit,Credit Memo,58.62
RT0003185,O00086550,P02676,2024-07-19,2,Damaged in Transit,Credit Memo,48.46
RT0003186,O00069409,P00050,2024-03-11,2,Damaged in Transit,Credit Memo,88.52
RT0003187,O00013574,P00147,2025-12-28,1,Damaged in Transit,Credit Memo,91.67
RT0003188,O00052995,P00813,2025-07-30,2,Late Delivery,Credit Memo,88.19
RT0003189,O00054406,P00047,2025-02-23,2,Wrong Product,Refund,56.23
RT0003190,O00061181,P00103,2025-05-28,6,Customer Changed Mind,Replacement,72.41
RT0003191,O00034278,P01179,2024-01-17,1,Damaged in Transit,Replacement,43.38
RT0003192,O00065212,P00145,2024-06-24,5,Late Delivery,Credit Memo,123.69
RT0003193,O00041618,P00414,2025-01-31,2,Quality Issue,Refund,65.93
RT0003194,O00006989,P01412,2024-08-20,6,Excess Quantity,Refund,451.02
RT0003195,O00035899,P02208,2025-09-23,2,Customer Changed Mind,Replacement,55.87
RT0003196,O00033618,P00153,2024-05-17,2,Excess Quantity,Replacement,59.13
RT0003197,O00032069,P00707,2024-11-20,1,Quality Issue,Credit Memo,12.97
RT0003198,O00098833,P00229,2025-02-19,1,Quality Issue,Refund,66.55
RT0003199,O00043328,P00098,2025-02-27,2,Damaged in Transit,Credit Memo,26.91
RT0003200,O00065741,P01965,2025-10-11,7,Late Delivery,Replacement,106.33
RT0003201,O00071823,P00795,2025-08-29,4,Damaged in Transit,Credit Memo,72.84
RT0003202,O00026258,P00475,2025-12-05,5,Quality Issue,Replacement,260.64
RT0003203,O00059687,P00002,2023-06-11,4,Late Delivery,Refund,246.94
RT0003204,O00076356,P00011,2024-10-10,1,Damaged in Transit,Replacement,40.07
RT0003205,O00025120,P00060,2024-07-25,2,Quality Issue,Replacement,261.61
RT0003206,O00048154,P00921,2024-06-13,2,Customer Changed Mind,Replacement,41.2
RT0003207,O00010825,P00109,2024-08-29,3,Damaged in Transit,Replacement,201.23
RT0003208,O00020444,P00023,2023-07-03,1,Excess Quantity,Refund,40.58
RT0003209,O00081562,P00810,2023-05-09,11,Customer Changed Mind,Refund,451.18
RT0003210,O00045849,P00061,2025-02-05,3,Wrong Product,Credit Memo,63.78
RT0003211,O00029713,P01943,2025-01-23,3,Customer Changed Mind,Refund,65.08
RT0003212,O00074512,P00667,2026-01-01,1,Late Delivery,Credit Memo,87.23
RT0003213,O00070622,P00014,2023-10-20,2,Quality Issue,Credit Memo,95.3
RT0003214,O00081364,P00403,2024-05-31,2,Customer Changed Mind,Replacement,181.58
RT0003215,O00068320,P00474,2023-04-04,11,Damaged in Transit,Credit Memo,402.47
RT0003216,O00021413,P00018,2023-12-09,6,Excess Quantity,Credit Memo,305.24
RT0003217,O00085648,P00633,2023-12-24,6,Wrong Product,Refund,240.82
RT0003218,O00008006,P01974,2023-10-17,2,Late Delivery,Credit Memo,148.31
RT0003219,O00011114,P00286,2024-03-11,2,Damaged in Transit,Credit Memo,28.29
RT0003220,O00056255,P00704,2025-08-19,12,Quality Issue,Refund,584.82
RT0003221,O00002433,P00124,2023-10-14,2,Customer Changed Mind,Credit Memo,34.5
RT0003222,O00055830,P01077,2024-09-23,2,Quality Issue,Replacement,48.92
RT0003223,O00016681,P02939,2025-05-17,5,Damaged in Transit,Refund,128.0
RT0003224,O00042688,P01454,2025-06-07,1,Wrong Product,Replacement,77.89
RT0003225,O00080660,P00304,2024-08-15,4,Late Delivery,Credit Memo,251.86
RT0003226,O00014904,P00001,2023-07-29,2,Quality Issue,Credit Memo,83.46
RT0003227,O00070300,P02844,2024-07-11,6,Quality Issue,Refund,482.2
RT0003228,O00065623,P01146,2025-06-30,4,Customer Changed Mind,Replacement,289.95
RT0003229,O00079898,P00395,2025-08-09,6,Quality Issue,Credit Memo,106.22
RT0003230,O00055527,P00136,2025-10-16,2,Quality Issue,Credit Memo,47.66
RT0003231,O00066198,P00003,2023-04-06,2,Late Delivery,Credit Memo,18.09
RT0003232,O00078918,P00904,2024-03-05,10,Damaged in Transit,Credit Memo,470.44
RT0003233,O00085032,P01411,2023-09-16,6,Quality Issue,Replacement,84.35
RT0003234,O00016881,P00078,2023-11-24,1,Excess Quantity,Refund,34.66
RT0003235,O00088827,P00722,2023-04-08,2,Excess Quantity,Refund,27.64
RT0003236,O00062963,P02096,2023-03-13,3,Damaged in Transit,Replacement,188.44
RT0003237,O00049329,P00823,2025-09-08,1,Quality Issue,Refund,11.77
RT0003238,O00051919,P00391,2023-03-07,4,Damaged in Transit,Refund,146.01
RT0003239,O00085760,P02045,2025-07-22,5,Damaged in Transit,Replacement,145.22
RT0003240,O00074338,P00673,2024-06-19,3,Customer Changed Mind,Refund,57.79
RT0003241,O00008223,P00427,2025-10-31,6,Quality Issue,Credit Memo,369.05
RT0003242,O00004272,P01775,2024-06-30,3,Late Delivery,Replacement,60.38
RT0003243,O00014532,P00694,2025-09-28,1,Customer Changed Mind,Credit Memo,99.74
RT0003244,O00013449,P00004,2023-11-17,4,Wrong Product,Replacement,160.67
RT0003245,O00092268,P00161,2025-09-21,3,Wrong Product,Refund,175.38
RT0003246,O00021739,P01076,2023-07-26,2,Damaged in Transit,Credit Memo,86.68
RT0003247,O00048478,P00049,2025-11-30,4,Damaged in Transit,Replacement,63.98
RT0003248,O00038473,P02137,2024-08-28,1,Late Delivery,Credit Memo,49.72
RT0003249,O00019429,P01226,2025-08-20,2,Damaged in Transit,Refund,60.48
RT0003250,O00059693,P00003,2024-10-06,4,Customer Changed Mind,Replacement,35.09
RT0003251,O00024096,P00052,2023-02-12,1,Quality Issue,Credit Memo,31.74
RT0003252,O00039171,P01585,2025-07-16,4,Quality Issue,Credit Memo,85.66
RT0003253,O00098140,P00054,2024-01-13,1,Late Delivery,Credit Memo,17.42
RT0003254,O00059915,P00601,2024-11-12,1,Damaged in Transit,Replacement,20.47
RT0003255,O00014489,P00248,2025-10-15,1,Late Delivery,Refund,35.32
RT0003256,O00053361,P01490,2025-08-28,1,Late Delivery,Refund,35.12
RT0003257,O00073945,P00617,2023-05-28,5,Wrong Product,Credit Memo,101.75
RT0003258,O00036262,P00260,2025-11-11,1,Damaged in Transit,Credit Memo,74.78
RT0003259,O00024083,P00262,2024-11-22,3,Damaged in Transit,Replacement,246.19
RT0003260,O00093566,P02050,2024-09-12,1,Quality Issue,Replacement,46.05
RT0003261,O00049487,P00169,2023-04-13,5,Customer Changed Mind,Credit Memo,83.09
RT0003262,O00004118,P01002,2023-06-03,2,Wrong Product,Credit Memo,95.08
RT0003263,O00007611,P00138,2025-09-26,2,Quality Issue,Replacement,215.63
RT0003264,O00015166,P00044,2025-10-28,1,Damaged in Transit,Replacement,35.91
RT0003265,O00040302,P00006,2025-08-18,1,Late Delivery,Refund,73.84
RT0003266,O00039902,P02409,2023-05-23,1,Late Delivery,Replacement,170.59
RT0003267,O00038533,P00002,2023-11-29,1,Late Delivery,Replacement,74.26
RT0003268,O00092699,P00382,2025-10-21,3,Wrong Product,Replacement,212.06
RT0003269,O00021297,P00357,2024-10-22,1,Late Delivery,Replacement,19.02
RT0003270,O00008293,P00052,2025-03-11,3,Customer Changed Mind,Replacement,91.94
RT0003271,O00090859,P00104,2025-06-25,3,Excess Quantity,Replacement,62.21
RT0003272,O00056505,P00018,2024-08-22,1,Quality Issue,Replacement,55.22
RT0003273,O00068357,P00041,2024-11-15,2,Quality Issue,Credit Memo,114.25
RT0003274,O00056428,P00007,2023-02-21,1,Customer Changed Mind,Replacement,30.74
RT0003275,O00027546,P01096,2024-07-09,2,Quality Issue,Replacement,122.63
RT0003276,O00049489,P00938,2024-06-09,7,Quality Issue,Credit Memo,121.34
RT0003277,O00087136,P00786,2023-10-12,1,Quality Issue,Replacement,28.44
RT0003278,O00095273,P02045,2023-06-14,4,Damaged in Transit,Refund,120.16
RT0003279,O00086412,P00788,2025-01-27,1,Wrong Product,Replacement,16.51
RT0003280,O00089070,P00163,2025-06-20,3,Late Delivery,Replacement,382.11
RT0003281,O00072857,P00050,2023-08-26,1,Damaged in Transit,Replacement,38.88
RT0003282,O00039432,P00030,2024-03-26,1,Customer Changed Mind,Replacement,24.92
RT0003283,O00048075,P00894,2023-09-04,4,Damaged in Transit,Credit Memo,408.61
RT0003284,O00065228,P00037,2023-05-28,9,Damaged in Transit,Replacement,151.9
RT0003285,O00006230,P00757,2023-07-27,6,Damaged in Transit,Credit Memo,400.94
RT0003286,O00042524,P00602,2024-08-20,3,Damaged in Transit,Refund,136.86
RT0003287,O00055750,P00778,2023-05-01,4,Wrong Product,Refund,55.01
RT0003288,O00039184,P00007,2025-05-18,7,Quality Issue,Credit Memo,242.66
RT0003289,O00088929,P00473,2025-01-13,8,Damaged in Transit,Refund,288.36
RT0003290,O00052926,P01862,2025-10-14,8,Damaged in Transit,Credit Memo,751.71
RT0003291,O00058902,P01335,2025-05-01,3,Damaged in Transit,Replacement,130.56
RT0003292,O00068467,P02185,2025-06-14,1,Customer Changed Mind,Refund,32.63
RT0003293,O00005789,P00674,2025-01-08,1,Quality Issue,Refund,55.06
RT0003294,O00072721,P01945,2024-03-27,6,Excess Quantity,Replacement,239.84
RT0003295,O00042985,P01227,2025-12-10,4,Late Delivery,Refund,235.18
RT0003296,O00040496,P00039,2024-09-04,6,Wrong Product,Credit Memo,220.58
RT0003297,O00075264,P02322,2025-12-30,1,Damaged in Transit,Credit Memo,68.99
RT0003298,O00024443,P01046,2024-03-11,1,Wrong Product,Refund,35.27
RT0003299,O00080286,P01351,2023-06-06,5,Quality Issue,Refund,369.8
RT0003300,O00085376,P00003,2023-03-28,3,Quality Issue,Replacement,28.02
RT0003301,O00074699,P00515,2024-03-25,4,Customer Changed Mind,Credit Memo,154.48
RT0003302,O00008128,P00301,2025-10-08,1,Excess Quantity,Credit Memo,64.38
RT0003303,O00096405,P00653,2025-11-19,2,Wrong Product,Refund,54.51
RT0003304,O00081587,P00160,2025-07-10,4,Damaged in Transit,Replacement,306.25
RT0003305,O00033394,P00573,2023-02-28,2,Quality Issue,Credit Memo,95.38
RT0003306,O00076487,P00038,2025-05-25,1,Customer Changed Mind,Refund,49.8
RT0003307,O00077916,P00393,2025-01-08,6,Excess Quantity,Credit Memo,215.85
RT0003308,O00093639,P00394,2025-08-10,2,Late Delivery,Credit Memo,74.22
RT0003309,O00031397,P00486,2025-09-11,1,Damaged in Transit,Replacement,30.6
RT0003310,O00013868,P01059,2024-02-28,4,Excess Quantity,Refund,173.34
RT0003311,O00052725,P01004,2025-07-01,1,Wrong Product,Refund,47.82
RT0003312,O00095476,P02209,2025-07-05,3,Damaged in Transit,Refund,265.35
RT0003313,O00012744,P00616,2025-03-16,2,Late Delivery,Credit Memo,41.86
RT0003314,O00074263,P00032,2023-06-14,4,Quality Issue,Replacement,154.45
RT0003315,O00096261,P00011,2025-11-29,7,Customer Changed Mind,Replacement,279.24
RT0003316,O00047186,P01981,2023-03-31,2,Quality Issue,Refund,163.53
RT0003317,O00075248,P00122,2025-05-30,1,Wrong Product,Replacement,8.96
RT0003318,O00045470,P02923,2025-02-27,1,Quality Issue,Credit Memo,108.86
RT0003319,O00072988,P00059,2025-03-05,1,Damaged in Transit,Credit Memo,51.62
RT0003320,O00071057,P01185,2025-10-22,3,Customer Changed Mind,Credit Memo,57.21
RT0003321,O00069988,P00638,2024-03-08,5,Late Delivery,Replacement,127.95
RT0003322,O00054685,P00110,2025-11-27,4,Damaged in Transit,Refund,114.41
RT0003323,O00089942,P02291,2024-05-29,1,Late Delivery,Credit Memo,38.92
RT0003324,O00098613,P00859,2024-06-04,5,Customer Changed Mind,Refund,112.72
RT0003325,O00015754,P00396,2025-10-14,3,Wrong Product,Credit Memo,70.73
RT0003326,O00027448,P01628,2023-04-02,1,Wrong Product,Refund,26.05
RT0003327,O00028750,P01161,2023-04-13,1,Late Delivery,Replacement,38.15
RT0003328,O00050381,P00074,2025-08-24,3,Wrong Product,Credit Memo,65.04
RT0003329,O00011502,P00045,2024-08-29,1,Wrong Product,Credit Memo,70.36
RT0003330,O00023624,P00009,2023-06-19,2,Quality Issue,Refund,92.05
RT0003331,O00088859,P01148,2025-08-18,7,Damaged in Transit,Replacement,692.82
RT0003332,O00010482,P00534,2023-11-12,1,Late Delivery,Credit Memo,22.68
RT0003333,O00083204,P02019,2023-11-18,3,Damaged in Transit,Replacement,551.02
RT0003334,O00069075,P00197,2025-04-11,2,Damaged in Transit,Refund,61.27
RT0003335,O00073533,P02172,2025-08-10,2,Damaged in Transit,Replacement,69.59
RT0003336,O00065919,P00494,2024-08-11,6,Customer Changed Mind,Credit Memo,73.93
RT0003337,O00012626,P01229,2024-08-06,4,Late Delivery,Credit Memo,310.61
RT0003338,O00063029,P00670,2023-04-09,2,Excess Quantity,Refund,472.36
RT0003339,O00001254,P00768,2026-01-09,1,Damaged in Transit,Refund,147.05
RT0003340,O00084371,P00665,2025-05-13,1,Damaged in Transit,Credit Memo,32.86
RT0003341,O00012772,P00052,2024-03-05,15,Customer Changed Mind,Refund,481.65
RT0003342,O00054532,P00212,2024-01-30,3,Wrong Product,Refund,99.69
RT0003343,O00097270,P02484,2025-11-11,2,Excess Quantity,Replacement,69.76
RT0003344,O00007738,P00032,2024-07-03,3,Damaged in Transit,Replacement,121.39
RT0003345,O00006623,P00589,2024-01-02,5,Quality Issue,Refund,108.06
RT0003346,O00099978,P00686,2025-07-13,5,Damaged in Transit,Refund,78.3
RT0003347,O00050783,P00790,2024-12-15,3,Excess Quantity,Replacement,21.53
RT0003348,O00070973,P00190,2024-12-22,2,Late Delivery,Refund,213.28
RT0003349,O00068103,P00102,2025-10-03,1,Wrong Product,Refund,57.19
RT0003350,O00074048,P00010,2025-10-10,5,Customer Changed Mind,Refund,327.07
RT0003351,O00001853,P00001,2024-08-05,2,Late Delivery,Credit Memo,72.39
RT0003352,O00058049,P01529,2024-09-29,3,Wrong Product,Credit Memo,97.38
RT0003353,O00008236,P01869,2024-10-05,3,Customer Changed Mind,Replacement,83.76
RT0003354,O00033829,P02441,2024-05-06,5,Damaged in Transit,Replacement,126.42
RT0003355,O00053506,P00006,2023-06-25,4,Customer Changed Mind,Replacement,244.33
RT0003356,O00067292,P00728,2025-05-02,2,Late Delivery,Credit Memo,198.48
RT0003357,O00030179,P00407,2025-05-21,1,Wrong Product,Refund,41.4
RT0003358,O00057559,P00001,2025-08-19,15,Wrong Product,Credit Memo,547.22
RT0003359,O00008248,P00936,2024-06-28,1,Damaged in Transit,Credit Memo,76.42
RT0003360,O00042404,P01121,2024-10-27,1,Customer Changed Mind,Refund,100.62
RT0003361,O00074494,P00304,2024-06-13,2,Late Delivery,Replacement,130.74
RT0003362,O00013460,P00005,2023-04-11,3,Customer Changed Mind,Credit Memo,148.12
RT0003363,O00037216,P02190,2025-06-30,3,Wrong Product,Refund,101.04
RT0003364,O00026841,P00008,2024-03-30,2,Quality Issue,Refund,113.62
RT0003365,O00035594,P02154,2026-02-04,1,Customer Changed Mind,Credit Memo,40.22
RT0003366,O00087381,P01479,2025-06-22,3,Wrong Product,Replacement,244.59
RT0003367,O00000737,P01033,2025-01-02,5,Wrong Product,Replacement,139.0
RT0003368,O00072615,P00027,2023-04-30,5,Wrong Product,Replacement,68.73
RT0003369,O00081641,P00182,2025-02-02,2,Wrong Product,Refund,119.19
RT0003370,O00067467,P00009,2025-07-28,7,Excess Quantity,Credit Memo,343.49
RT0003371,O00082775,P01771,2023-04-22,1,Wrong Product,Credit Memo,36.53
RT0003372,O00096010,P00392,2025-12-04,1,Customer Changed Mind,Refund,144.76
RT0003373,O00011051,P00369,2025-09-05,1,Quality Issue,Credit Memo,77.2
RT0003374,O00000113,P00073,2023-06-23,1,Late Delivery,Refund,24.8
RT0003375,O00079328,P01260,2024-02-24,6,Quality Issue,Credit Memo,270.81
RT0003376,O00095861,P00033,2023-12-31,2,Quality Issue,Credit Memo,113.16
RT0003377,O00022463,P00273,2025-04-26,3,Quality Issue,Refund,84.64
RT0003378,O00056272,P00601,2023-10-02,1,Damaged in Transit,Refund,19.35
RT0003379,O00081033,P00078,2024-10-10,2,Quality Issue,Refund,72.11
RT0003380,O00006145,P00121,2024-03-01,1,Damaged in Transit,Refund,20.26
RT0003381,O00013284,P00050,2024-04-14,1,Damaged in Transit,Replacement,49.19
RT0003382,O00086732,P00004,2025-08-28,4,Wrong Product,Replacement,157.17
RT0003383,O00012089,P02882,2025-05-07,2,Quality Issue,Credit Memo,48.1
RT0003384,O00086578,P00018,2024-09-24,13,Customer Changed Mind,Replacement,755.95
RT0003385,O00041759,P00134,2024-03-27,1,Damaged in Transit,Credit Memo,52.75
RT0003386,O00054783,P02185,2023-06-03,1,Quality Issue,Refund,28.3
RT0003387,O00092951,P00152,2024-05-11,1,Damaged in Transit,Replacement,66.97
RT0003388,O00046126,P00050,2023-04-01,2,Quality Issue,Credit Memo,86.87
RT0003389,O00029136,P00050,2024-04-16,1,Customer Changed Mind,Credit Memo,50.4
RT0003390,O00082935,P02894,2026-01-09,1,Quality Issue,Refund,72.68
RT0003391,O00046946,P00321,2025-09-04,3,Wrong Product,Replacement,38.03
RT0003392,O00062433,P00245,2025-04-22,5,Wrong Product,Credit Memo,91.88
RT0003393,O00018639,P02146,2024-01-28,6,Damaged in Transit,Replacement,171.34
RT0003394,O00000118,P00024,2023-04-18,6,Customer Changed Mind,Replacement,385.19
RT0003395,O00085868,P00025,2025-06-20,3,Quality Issue,Credit Memo,200.21
RT0003396,O00064544,P00648,2025-06-14,1,Late Delivery,Replacement,49.75
RT0003397,O00045427,P00132,2024-05-22,2,Quality Issue,Credit Memo,87.69
RT0003398,O00038776,P01535,2025-06-30,1,Customer Changed Mind,Refund,188.57
RT0003399,O00052002,P02649,2024-06-05,2,Late Delivery,Refund,58.16
RT0003400,O00019072,P02984,2024-10-29,1,Late Delivery,Credit Memo,25.22
RT0003401,O00029497,P01182,2025-12-12,2,Quality Issue,Replacement,71.1
RT0003402,O00096317,P00543,2025-10-08,1,Damaged in Transit,Refund,59.44
RT0003403,O00079507,P00839,2023-05-30,1,Quality Issue,Refund,66.93
RT0003404,O00029294,P00372,2025-12-15,6,Damaged in Transit,Replacement,122.18
RT0003405,O00042112,P00394,2025-09-08,3,Wrong Product,Replacement,110.43
RT0003406,O00009043,P00080,2025-07-02,4,Damaged in Transit,Replacement,114.38
RT0003407,O00025141,P00826,2025-05-14,9,Excess Quantity,Refund,237.55
RT0003408,O00077510,P00849,2024-11-22,1,Damaged in Transit,Refund,27.43
RT0003409,O00094887,P01465,2025-06-14,2,Customer Changed Mind,Credit Memo,36.07
RT0003410,O00083096,P01402,2023-08-31,1,Damaged in Transit,Replacement,65.85
RT0003411,O00092016,P00942,2023-04-11,3,Quality Issue,Replacement,72.78
RT0003412,O00018368,P00176,2025-10-01,1,Wrong Product,Replacement,62.96
RT0003413,O00034374,P00522,2025-08-23,1,Wrong Product,Refund,76.15
RT0003414,O00064499,P00004,2024-07-09,3,Damaged in Transit,Credit Memo,105.86
RT0003415,O00031455,P00413,2023-10-04,1,Quality Issue,Refund,9.66
RT0003416,O00022871,P00016,2024-04-06,1,Damaged in Transit,Credit Memo,133.66
RT0003417,O00024211,P00115,2024-08-18,7,Late Delivery,Credit Memo,161.84
RT0003418,O00057892,P00611,2023-10-08,3,Customer Changed Mind,Credit Memo,94.17
RT0003419,O00091999,P02450,2025-11-17,3,Quality Issue,Refund,117.56
RT0003420,O00065419,P00049,2024-01-04,2,Quality Issue,Replacement,27.25
RT0003421,O00073397,P00010,2025-11-02,1,Quality Issue,Replacement,62.22
RT0003422,O00003446,P00312,2025-04-19,1,Customer Changed Mind,Refund,44.79
RT0003423,O00005468,P00667,2023-10-22,2,Damaged in Transit,Refund,162.75
RT0003424,O00036641,P00009,2024-07-30,1,Damaged in Transit,Credit Memo,50.86
RT0003425,O00037590,P00684,2025-08-25,2,Excess Quantity,Credit Memo,34.31
RT0003426,O00013152,P01883,2023-11-11,6,Quality Issue,Credit Memo,218.78
RT0003427,O00079609,P00743,2025-12-05,3,Late Delivery,Refund,232.98
RT0003428,O00094151,P00057,2023-04-01,3,Wrong Product,Refund,66.89
RT0003429,O00003732,P01968,2025-07-02,2,Wrong Product,Refund,121.54
RT0003430,O00083972,P00598,2024-09-13,1,Customer Changed Mind,Refund,169.42
RT0003431,O00052542,P00416,2025-02-18,4,Customer Changed Mind,Refund,233.66
RT0003432,O00098736,P02489,2024-06-25,1,Damaged in Transit,Refund,34.99
RT0003433,O00056341,P00001,2023-08-29,2,Damaged in Transit,Replacement,73.51
RT0003434,O00033939,P00885,2023-10-24,4,Damaged in Transit,Refund,61.04
RT0003435,O00074330,P00150,2023-06-22,1,Late Delivery,Refund,11.44
RT0003436,O00092773,P00165,2024-02-15,3,Quality Issue,Refund,41.7
RT0003437,O00028868,P02491,2023-05-25,1,Quality Issue,Refund,65.32
RT0003438,O00090492,P00547,2024-10-02,6,Wrong Product,Credit Memo,305.58
RT0003439,O00093386,P01077,2023-09-11,1,Customer Changed Mind,Replacement,25.0
RT0003440,O00035687,P00920,2024-05-30,8,Customer Changed Mind,Refund,735.3
RT0003441,O00041450,P01312,2025-11-24,8,Quality Issue,Refund,741.08
RT0003442,O00064312,P00021,2024-01-21,1,Wrong Product,Credit Memo,66.9
RT0003443,O00007943,P00178,2023-05-13,2,Damaged in Transit,Replacement,157.65
RT0003444,O00008907,P00645,2025-09-01,1,Late Delivery,Refund,189.55
RT0003445,O00041313,P01131,2023-06-18,1,Quality Issue,Replacement,6.17
RT0003446,O00064321,P02822,2023-08-14,5,Quality Issue,Refund,382.9
RT0003447,O00005734,P00088,2023-05-03,1,Damaged in Transit,Credit Memo,12.62
RT0003448,O00024528,P00426,2025-06-13,2,Quality Issue,Refund,73.29
RT0003449,O00073159,P00575,2024-09-24,3,Customer Changed Mind,Refund,232.74
RT0003450,O00027055,P00037,2023-10-08,9,Late Delivery,Credit Memo,164.61
RT0003451,O00050887,P01266,2023-07-26,2,Excess Quantity,Replacement,200.31
RT0003452,O00098184,P01241,2024-01-25,5,Excess Quantity,Credit Memo,502.56
RT0003453,O00084858,P00606,2025-09-11,4,Customer Changed Mind,Replacement,239.83
RT0003454,O00043128,P00424,2024-10-24,1,Customer Changed Mind,Credit Memo,443.79
RT0003455,O00016154,P00140,2023-09-02,1,Quality Issue,Replacement,86.34
RT0003456,O00052846,P00934,2026-02-13,9,Wrong Product,Credit Memo,256.85
RT0003457,O00084009,P00011,2023-10-31,1,Wrong Product,Credit Memo,36.75
RT0003458,O00068533,P00067,2025-08-23,2,Excess Quantity,Credit Memo,126.97
RT0003459,O00005427,P01627,2026-01-03,2,Quality Issue,Refund,30.08
RT0003460,O00092035,P00439,2023-08-05,3,Wrong Product,Replacement,146.32
RT0003461,O00072518,P00450,2023-06-01,3,Damaged in Transit,Replacement,152.88
RT0003462,O00089124,P00014,2024-10-11,5,Wrong Product,Credit Memo,284.6
RT0003463,O00061893,P00722,2026-02-09,1,Excess Quantity,Replacement,13.0
RT0003464,O00096965,P00854,2025-02-23,2,Wrong Product,Credit Memo,59.76
RT0003465,O00009771,P02645,2023-05-08,5,Damaged in Transit,Credit Memo,335.07
RT0003466,O00042098,P00262,2023-05-14,2,Quality Issue,Refund,184.84
RT0003467,O00063165,P02751,2023-06-13,2,Excess Quantity,Refund,55.21
RT0003468,O00085404,P00004,2025-09-10,1,Damaged in Transit,Replacement,40.73
RT0003469,O00017907,P01197,2026-02-15,1,Quality Issue,Refund,11.36
RT0003470,O00015987,P00757,2024-06-16,1,Customer Changed Mind,Refund,64.66
RT0003471,O00050790,P01337,2025-04-01,1,Late Delivery,Replacement,26.3
RT0003472,O00017805,P00205,2024-12-09,5,Quality Issue,Refund,57.85
RT0003473,O00029589,P00023,2023-06-08,3,Wrong Product,Replacement,113.55
RT0003474,O00020739,P01636,2025-07-26,4,Excess Quantity,Credit Memo,346.07
RT0003475,O00022767,P00120,2023-03-17,3,Quality Issue,Refund,45.2
RT0003476,O00097325,P00115,2024-11-02,4,Damaged in Transit,Replacement,99.52
RT0003477,O00003277,P00370,2023-03-21,4,Damaged in Transit,Refund,58.55
RT0003478,O00051222,P02177,2024-07-19,1,Customer Changed Mind,Refund,45.26
RT0003479,O00058902,P01335,2025-04-21,3,Customer Changed Mind,Credit Memo,130.56
RT0003480,O00084288,P01994,2023-06-14,1,Damaged in Transit,Refund,17.8
RT0003481,O00061798,P01449,2023-05-11,2,Customer Changed Mind,Refund,153.04
RT0003482,O00013550,P00004,2025-06-22,5,Late Delivery,Replacement,200.05
RT0003483,O00082120,P02878,2023-08-13,4,Wrong Product,Refund,82.52
RT0003484,O00003702,P01347,2025-07-07,6,Quality Issue,Credit Memo,269.58
RT0003485,O00091911,P01276,2025-08-18,1,Customer Changed Mind,Replacement,11.88
RT0003486,O00093219,P00625,2023-09-17,3,Damaged in Transit,Refund,125.88
RT0003487,O00068778,P00002,2024-10-18,7,Customer Changed Mind,Replacement,482.32
RT0003488,O00084168,P01868,2023-04-26,1,Quality Issue,Refund,48.11
RT0003489,O00099802,P01838,2025-06-18,1,Damaged in Transit,Replacement,17.93
RT0003490,O00096933,P00876,2025-12-27,4,Late Delivery,Replacement,109.38
RT0003491,O00048529,P01177,2023-10-12,1,Excess Quantity,Credit Memo,28.72
RT0003492,O00059392,P02075,2023-10-06,1,Quality Issue,Credit Memo,28.37
RT0003493,O00025656,P00546,2023-12-25,3,Customer Changed Mind,Refund,72.28
RT0003494,O00079924,P02030,2025-07-12,1,Quality Issue,Refund,58.51
RT0003495,O00092504,P00584,2023-11-17,4,Late Delivery,Replacement,787.99
RT0003496,O00028503,P00048,2024-03-21,5,Damaged in Transit,Refund,77.37
RT0003497,O00071288,P01531,2025-09-18,2,Damaged in Transit,Refund,177.06
RT0003498,O00012677,P00003,2025-01-08,1,Damaged in Transit,Credit Memo,8.92
RT0003499,O00022157,P00221,2023-04-11,4,Late Delivery,Replacement,154.64
RT0003500,O00093888,P02796,2025-11-04,1,Wrong Product,Credit Memo,45.78
RT0003501,O00045333,P02012,2025-01-29,4,Wrong Product,Replacement,53.42
RT0003502,O00074529,P00175,2024-08-25,1,Customer Changed Mind,Credit Memo,12.82
RT0003503,O00081280,P00003,2025-08-26,1,Late Delivery,Refund,9.46
RT0003504,O00004607,P02239,2023-10-25,1,Damaged in Transit,Replacement,40.81
RT0003505,O00016214,P00840,2025-03-15,1,Customer Changed Mind,Credit Memo,23.74
RT0003506,O00096403,P00439,2025-08-26,1,Quality Issue,Replacement,51.99
RT0003507,O00033727,P02975,2023-11-09,2,Quality Issue,Replacement,148.0
RT0003508,O00097159,P00080,2024-03-08,1,Wrong Product,Refund,30.3
RT0003509,O00026861,P00023,2023-04-16,1,Excess Quantity,Replacement,35.64
RT0003510,O00011680,P00264,2024-09-29,1,Customer Changed Mind,Refund,93.72
RT0003511,O00096781,P00014,2024-11-02,1,Damaged in Transit,Replacement,55.87
RT0003512,O00046011,P00219,2023-12-14,1,Customer Changed Mind,Refund,23.01
RT0003513,O00075726,P00181,2025-06-14,3,Late Delivery,Replacement,91.37
RT0003514,O00065490,P00259,2026-01-16,1,Customer Changed Mind,Credit Memo,73.45
RT0003515,O00019631,P01891,2025-03-15,1,Damaged in Transit,Refund,53.33
RT0003516,O00058408,P00329,2023-09-15,1,Wrong Product,Refund,19.15
RT0003517,O00096404,P00730,2023-11-04,3,Late Delivery,Credit Memo,359.91
RT0003518,O00044802,P00408,2023-07-10,8,Customer Changed Mind,Credit Memo,180.8
RT0003519,O00080335,P00185,2023-11-14,2,Customer Changed Mind,Refund,72.64
RT0003520,O00041096,P02880,2025-02-23,1,Late Delivery,Credit Memo,55.06
RT0003521,O00090142,P02817,2023-04-02,7,Wrong Product,Replacement,44.22
RT0003522,O00012093,P00060,2024-12-21,3,Wrong Product,Refund,385.78
RT0003523,O00063245,P00004,2024-09-25,3,Quality Issue,Replacement,115.99
RT0003524,O00011922,P01916,2023-07-16,3,Wrong Product,Replacement,79.32
RT0003525,O00016870,P01534,2023-07-11,3,Wrong Product,Credit Memo,132.92
RT0003526,O00062294,P01405,2024-11-22,2,Quality Issue,Refund,95.84
RT0003527,O00045361,P00169,2025-01-16,1,Customer Changed Mind,Replacement,21.56
RT0003528,O00070453,P00677,2023-11-27,1,Quality Issue,Replacement,14.43
RT0003529,O00069133,P00102,2024-11-19,4,Quality Issue,Refund,219.94
RT0003530,O00007438,P00242,2025-02-16,3,Customer Changed Mind,Credit Memo,145.37
RT0003531,O00087001,P00599,2024-08-17,1,Quality Issue,Refund,12.19
RT0003532,O00048299,P00098,2023-07-06,2,Quality Issue,Credit Memo,27.05
RT0003533,O00067651,P02196,2025-10-23,2,Quality Issue,Credit Memo,118.86
RT0003534,O00097640,P00004,2025-08-04,7,Wrong Product,Refund,274.34
RT0003535,O00035682,P00012,2025-01-06,5,Late Delivery,Credit Memo,533.61
RT0003536,O00022193,P00354,2025-03-17,1,Wrong Product,Credit Memo,25.64
RT0003537,O00085840,P01725,2024-12-04,7,Late Delivery,Refund,210.74
RT0003538,O00080706,P01542,2025-01-28,1,Quality Issue,Refund,37.92
RT0003539,O00039744,P00821,2024-06-15,4,Damaged in Transit,Replacement,55.28
RT0003540,O00084973,P00118,2024-09-24,2,Damaged in Transit,Credit Memo,46.09
RT0003541,O00028664,P00142,2024-07-12,5,Excess Quantity,Replacement,287.64
RT0003542,O00082570,P00359,2024-12-19,2,Excess Quantity,Credit Memo,29.68
RT0003543,O00050004,P00532,2025-10-15,1,Quality Issue,Refund,23.77
RT0003544,O00034040,P00110,2023-05-16,7,Late Delivery,Credit Memo,186.33
RT0003545,O00088602,P00903,2023-08-22,2,Late Delivery,Refund,96.6
RT0003546,O00066058,P01020,2024-08-17,1,Customer Changed Mind,Replacement,22.62
RT0003547,O00078341,P00021,2025-06-25,1,Damaged in Transit,Credit Memo,70.35
RT0003548,O00039672,P02955,2024-05-01,3,Late Delivery,Credit Memo,161.62
RT0003549,O00037666,P00001,2023-09-22,4,Damaged in Transit,Refund,155.92
RT0003550,O00088712,P01885,2024-03-11,12,Wrong Product,Credit Memo,897.18
RT0003551,O00090533,P02282,2023-09-22,1,Excess Quantity,Credit Memo,56.83
RT0003552,O00047707,P02853,2025-06-03,4,Damaged in Transit,Credit Memo,85.64
RT0003553,O00076410,P02189,2025-06-05,2,Damaged in Transit,Replacement,32.17
RT0003554,O00055295,P00036,2024-08-19,7,Quality Issue,Replacement,102.88
RT0003555,O00056993,P02530,2025-08-03,6,Quality Issue,Refund,208.49
RT0003556,O00029612,P00099,2025-09-27,1,Damaged in Transit,Replacement,48.09
RT0003557,O00069844,P00529,2023-09-08,2,Quality Issue,Refund,76.3
RT0003558,O00042706,P00682,2024-08-21,1,Customer Changed Mind,Replacement,9.91
RT0003559,O00067916,P00750,2025-02-02,1,Wrong Product,Refund,60.8
RT0003560,O00025263,P01358,2023-07-10,1,Excess Quantity,Credit Memo,27.23
RT0003561,O00088284,P00037,2025-10-23,1,Damaged in Transit,Credit Memo,17.38
RT0003562,O00096254,P02565,2024-12-15,1,Customer Changed Mind,Credit Memo,46.17
RT0003563,O00025130,P00066,2024-04-20,6,Wrong Product,Refund,147.42
RT0003564,O00000976,P01637,2024-05-19,5,Quality Issue,Refund,150.84
RT0003565,O00019915,P00950,2024-08-03,3,Quality Issue,Credit Memo,96.13
RT0003566,O00087176,P02915,2024-11-10,1,Wrong Product,Credit Memo,34.32
RT0003567,O00008536,P00059,2025-09-07,1,Quality Issue,Credit Memo,52.03
RT0003568,O00085190,P00567,2024-12-02,1,Quality Issue,Credit Memo,25.23
RT0003569,O00003278,P02116,2024-09-21,8,Quality Issue,Refund,723.24
RT0003570,O00067227,P02037,2024-04-21,5,Customer Changed Mind,Refund,197.52
RT0003571,O00056594,P01804,2025-07-16,4,Late Delivery,Replacement,41.14
RT0003572,O00067174,P01819,2025-09-17,1,Customer Changed Mind,Refund,38.89
RT0003573,O00034980,P00636,2023-05-02,2,Quality Issue,Refund,232.47
RT0003574,O00081432,P00139,2023-06-03,2,Customer Changed Mind,Refund,36.18
RT0003575,O00086023,P00014,2024-10-09,8,Quality Issue,Credit Memo,460.45
RT0003576,O00079321,P01122,2025-11-04,4,Quality Issue,Refund,50.54
RT0003577,O00007245,P00329,2026-02-06,1,Damaged in Transit,Replacement,18.95
RT0003578,O00013319,P00046,2023-06-08,1,Quality Issue,Credit Memo,60.72
RT0003579,O00086472,P00043,2025-12-19,1,Excess Quantity,Refund,15.67
RT0003580,O00011228,P00011,2025-05-25,5,Damaged in Transit,Replacement,185.51
RT0003581,O00060792,P00006,2023-10-04,1,Quality Issue,Replacement,59.69
RT0003582,O00000512,P00006,2024-11-04,1,Late Delivery,Replacement,76.15
RT0003583,O00026781,P00271,2025-04-16,1,Quality Issue,Credit Memo,10.31
RT0003584,O00045015,P00003,2025-08-26,1,Customer Changed Mind,Replacement,10.16
RT0003585,O00084909,P01704,2025-11-05,2,Damaged in Transit,Refund,120.79
RT0003586,O00037991,P00255,2024-03-27,2,Excess Quantity,Replacement,51.7
RT0003587,O00000260,P00007,2023-09-19,3,Late Delivery,Refund,98.52
RT0003588,O00077135,P00199,2024-12-06,1,Quality Issue,Credit Memo,70.61
RT0003589,O00098131,P01822,2024-11-02,3,Excess Quantity,Credit Memo,119.95
RT0003590,O00087184,P02733,2023-05-19,2,Quality Issue,Replacement,32.02
RT0003591,O00088584,P00043,2025-09-01,1,Late Delivery,Replacement,14.91
RT0003592,O00033098,P02323,2025-04-01,1,Wrong Product,Replacement,34.34
RT0003593,O00023095,P02923,2024-07-29,2,Wrong Product,Replacement,196.15
RT0003594,O00020285,P00433,2024-09-17,3,Customer Changed Mind,Refund,65.4
RT0003595,O00063074,P02750,2023-03-18,2,Customer Changed Mind,Refund,110.62
RT0003596,O00092793,P00004,2024-05-03,3,Damaged in Transit,Refund,121.8
RT0003597,O00040470,P00003,2025-09-19,9,Damaged in Transit,Replacement,78.33
RT0003598,O00085675,P01302,2024-04-10,9,Customer Changed Mind,Replacement,359.96
RT0003599,O00036052,P01530,2023-07-08,4,Excess Quantity,Credit Memo,126.04
RT0003600,O00063373,P00001,2024-09-18,4,Quality Issue,Replacement,141.8
RT0003601,O00060250,P00011,2025-11-06,6,Excess Quantity,Replacement,224.45
RT0003602,O00025263,P01014,2023-07-07,2,Damaged in Transit,Refund,94.56
RT0003603,O00025561,P02792,2023-09-18,4,Quality Issue,Refund,343.66
RT0003604,O00074000,P00563,2025-03-22,2,Excess Quantity,Replacement,57.98
RT0003605,O00090392,P00414,2025-03-16,2,Wrong Product,Replacement,59.67
RT0003606,O00059132,P01583,2024-10-24,6,Quality Issue,Refund,129.12
RT0003607,O00097690,P00004,2025-10-05,3,Customer Changed Mind,Refund,115.09
RT0003608,O00054751,P00038,2024-04-05,1,Customer Changed Mind,Replacement,47.64
RT0003609,O00012775,P00145,2024-06-04,2,Quality Issue,Refund,49.57
RT0003610,O00093327,P01034,2025-02-05,3,Quality Issue,Credit Memo,212.89
RT0003611,O00005907,P00246,2023-07-07,3,Quality Issue,Replacement,265.61
RT0003612,O00050493,P00004,2025-09-30,6,Quality Issue,Credit Memo,241.3
RT0003613,O00012164,P00314,2024-06-08,2,Wrong Product,Credit Memo,69.4
RT0003614,O00032858,P02606,2024-01-24,4,Customer Changed Mind,Replacement,161.04
RT0003615,O00079495,P01192,2024-08-25,3,Wrong Product,Refund,37.34
RT0003616,O00034406,P00574,2025-04-16,1,Damaged in Transit,Refund,61.89
RT0003617,O00087490,P00870,2023-11-24,1,Quality Issue,Replacement,25.03
RT0003618,O00005398,P00003,2024-06-05,6,Damaged in Transit,Refund,54.01
RT0003619,O00050179,P00128,2023-07-03,2,Customer Changed Mind,Replacement,58.19
RT0003620,O00006525,P00015,2025-08-31,3,Late Delivery,Refund,131.93
RT0003621,O00062776,P00059,2024-07-09,1,Quality Issue,Replacement,50.29
RT0003622,O00012171,P02111,2025-03-16,1,Customer Changed Mind,Refund,123.0
RT0003623,O00064697,P01861,2025-04-21,4,Quality Issue,Replacement,199.88
RT0003624,O00081749,P00005,2024-09-16,1,Wrong Product,Credit Memo,51.76
RT0003625,O00011334,P01989,2024-10-07,4,Customer Changed Mind,Credit Memo,159.52
RT0003626,O00059126,P02019,2023-01-17,2,Customer Changed Mind,Refund,298.43
RT0003627,O00085372,P01738,2023-07-18,1,Quality Issue,Credit Memo,13.98
RT0003628,O00076365,P00942,2024-09-07,4,Damaged in Transit,Refund,115.24
RT0003629,O00003161,P02410,2024-06-26,4,Customer Changed Mind,Credit Memo,184.49
RT0003630,O00089759,P00831,2024-06-19,1,Customer Changed Mind,Replacement,171.79
RT0003631,O00057406,P00002,2025-05-26,3,Wrong Product,Replacement,214.83
RT0003632,O00014436,P00021,2023-06-12,1,Late Delivery,Credit Memo,67.35
RT0003633,O00078045,P00313,2023-06-30,6,Excess Quantity,Credit Memo,242.46
RT0003634,O00068868,P00063,2025-08-17,1,Customer Changed Mind,Refund,72.09
RT0003635,O00068370,P00150,2025-11-24,1,Customer Changed Mind,Credit Memo,12.57
RT0003636,O00095410,P01289,2024-12-11,1,Wrong Product,Credit Memo,20.21
RT0003637,O00018160,P00295,2023-06-21,7,Damaged in Transit,Credit Memo,327.34
RT0003638,O00042928,P02449,2023-08-30,1,Damaged in Transit,Credit Memo,46.75
RT0003639,O00051033,P00114,2025-10-20,1,Wrong Product,Replacement,197.54
RT0003640,O00049754,P01483,2025-03-15,2,Quality Issue,Credit Memo,106.94
RT0003641,O00033773,P00091,2025-08-19,2,Quality Issue,Replacement,231.42
RT0003642,O00042112,P00394,2025-08-06,1,Wrong Product,Credit Memo,36.81
RT0003643,O00084846,P00008,2024-01-31,2,Late Delivery,Replacement,94.21
RT0003644,O00013791,P00477,2026-01-04,1,Excess Quantity,Credit Memo,65.56
RT0003645,O00010307,P00044,2025-05-14,2,Customer Changed Mind,Refund,81.12
RT0003646,O00084904,P00377,2023-06-20,2,Damaged in Transit,Credit Memo,43.5
RT0003647,O00084409,P00004,2023-10-10,1,Damaged in Transit,Credit Memo,37.79
RT0003648,O00004666,P01690,2024-04-17,4,Customer Changed Mind,Refund,75.08
RT0003649,O00086419,P00528,2023-06-19,4,Damaged in Transit,Refund,62.24
RT0003650,O00042918,P01326,2024-10-02,5,Customer Changed Mind,Replacement,76.2
RT0003651,O00058374,P02230,2025-07-16,1,Late Delivery,Credit Memo,22.03
RT0003652,O00076372,P01332,2024-10-31,1,Quality Issue,Replacement,27.91
RT0003653,O00053845,P01222,2025-05-24,2,Quality Issue,Replacement,31.63
RT0003654,O00022708,P00980,2023-02-15,2,Wrong Product,Refund,50.35
RT0003655,O00046425,P00024,2025-12-29,2,Excess Quantity,Credit Memo,153.41
RT0003656,O00001654,P01051,2024-04-29,1,Damaged in Transit,Credit Memo,37.96
RT0003657,O00021504,P02347,2025-11-27,2,Damaged in Transit,Credit Memo,125.35
RT0003658,O00048542,P01635,2026-01-02,2,Quality Issue,Credit Memo,69.13
RT0003659,O00023360,P00018,2023-07-21,1,Quality Issue,Credit Memo,50.87
RT0003660,O00040115,P00116,2024-08-29,12,Late Delivery,Refund,183.77
RT0003661,O00051988,P00629,2025-02-07,1,Quality Issue,Replacement,80.27
RT0003662,O00045829,P00017,2024-12-18,2,Wrong Product,Credit Memo,53.02
RT0003663,O00076933,P00857,2025-12-22,3,Late Delivery,Refund,224.84
RT0003664,O00022070,P00797,2025-01-26,7,Wrong Product,Credit Memo,222.65
RT0003665,O00036089,P00282,2024-11-20,1,Customer Changed Mind,Refund,50.35
RT0003666,O00017797,P00003,2025-08-26,1,Damaged in Transit,Refund,8.24
RT0003667,O00022927,P02493,2025-07-01,3,Damaged in Transit,Replacement,55.75
RT0003668,O00061410,P02359,2023-06-01,1,Quality Issue,Replacement,73.97
RT0003669,O00022550,P01896,2025-11-27,13,Late Delivery,Credit Memo,430.68
RT0003670,O00025978,P01576,2025-07-19,4,Damaged in Transit,Refund,153.49
RT0003671,O00078436,P00268,2023-08-29,2,Quality Issue,Refund,21.0
RT0003672,O00091428,P00171,2024-05-03,7,Damaged in Transit,Replacement,45.74
RT0003673,O00026210,P00557,2023-09-08,3,Customer Changed Mind,Refund,59.0
RT0003674,O00098060,P01050,2023-05-09,1,Late Delivery,Credit Memo,9.08
RT0003675,O00018109,P01261,2024-05-26,2,Quality Issue,Refund,79.76
RT0003676,O00026509,P01558,2024-12-30,2,Damaged in Transit,Credit Memo,85.77
RT0003677,O00016419,P00005,2023-06-06,1,Late Delivery,Replacement,43.78
RT0003678,O00008114,P01976,2024-04-21,3,Quality Issue,Refund,65.92
RT0003679,O00047046,P02830,2024-06-20,1,Late Delivery,Replacement,39.15
RT0003680,O00039118,P02014,2023-12-19,1,Customer Changed Mind,Credit Memo,21.19
RT0003681,O00067728,P00196,2025-01-07,1,Late Delivery,Credit Memo,6.93
RT0003682,O00015435,P01460,2023-05-13,3,Excess Quantity,Refund,69.96
RT0003683,O00056893,P00007,2023-11-24,1,Damaged in Transit,Credit Memo,35.38
RT0003684,O00016628,P02588,2023-09-28,1,Customer Changed Mind,Refund,140.89
RT0003685,O00095190,P00004,2025-02-06,2,Customer Changed Mind,Refund,80.76
RT0003686,O00067052,P00034,2024-09-26,1,Damaged in Transit,Refund,28.42
RT0003687,O00036888,P00886,2025-10-28,1,Quality Issue,Replacement,28.88
RT0003688,O00085755,P00547,2025-08-27,3,Quality Issue,Credit Memo,159.58
RT0003689,O00017759,P02998,2025-08-23,2,Damaged in Transit,Credit Memo,37.17
RT0003690,O00095530,P00075,2023-05-31,5,Damaged in Transit,Replacement,344.23
RT0003691,O00077373,P01148,2024-01-24,4,Wrong Product,Replacement,353.77
RT0003692,O00092747,P01661,2024-08-08,1,Late Delivery,Replacement,11.81
RT0003693,O00042794,P00003,2025-07-14,5,Wrong Product,Replacement,48.21
RT0003694,O00012348,P00196,2023-02-02,6,Quality Issue,Refund,44.04
RT0003695,O00004972,P01999,2023-07-26,6,Damaged in Transit,Replacement,400.68
RT0003696,O00009510,P02014,2023-03-12,2,Damaged in Transit,Replacement,47.38
RT0003697,O00060067,P00016,2025-08-27,11,Damaged in Transit,Replacement,1694.68
RT0003698,O00016748,P00003,2024-08-02,3,Quality Issue,Refund,30.09
RT0003699,O00027088,P01019,2025-12-14,4,Late Delivery,Replacement,102.71
RT0003700,O00091446,P00602,2024-05-30,3,Wrong Product,Refund,117.91
RT0003701,O00094946,P00228,2025-11-23,5,Quality Issue,Replacement,174.48
RT0003702,O00030913,P00020,2026-01-09,4,Quality Issue,Refund,110.05
RT0003703,O00001789,P00433,2023-07-20,6,Wrong Product,Credit Memo,140.1
RT0003704,O00083666,P00021,2024-08-01,1,Late Delivery,Replacement,64.89
RT0003705,O00055913,P01726,2025-06-22,1,Customer Changed Mind,Replacement,16.47
RT0003706,O00085473,P01948,2023-05-15,3,Wrong Product,Replacement,158.26
RT0003707,O00002526,P00429,2023-04-17,9,Quality Issue,Credit Memo,432.05
RT0003708,O00005134,P00009,2024-05-25,1,Damaged in Transit,Refund,44.45
RT0003709,O00030459,P00647,2023-04-25,1,Customer Changed Mind,Credit Memo,25.16
RT0003710,O00083398,P02533,2023-09-24,3,Damaged in Transit,Credit Memo,94.53
RT0003711,O00036682,P02087,2025-03-10,1,Quality Issue,Replacement,37.75
RT0003712,O00005244,P01384,2023-07-07,1,Wrong Product,Replacement,9.12
RT0003713,O00037057,P00244,2023-05-13,6,Customer Changed Mind,Credit Memo,148.26
RT0003714,O00009800,P00110,2023-10-05,8,Late Delivery,Replacement,191.15
RT0003715,O00076191,P00512,2024-01-11,3,Quality Issue,Refund,179.46
RT0003716,O00064642,P02765,2023-06-12,2,Customer Changed Mind,Replacement,67.64
RT0003717,O00029699,P00447,2023-09-17,2,Damaged in Transit,Replacement,54.14
RT0003718,O00026863,P00002,2023-06-26,1,Quality Issue,Refund,60.24
RT0003719,O00071391,P01072,2025-10-02,2,Customer Changed Mind,Replacement,534.55
RT0003720,O00075637,P01974,2023-10-31,4,Damaged in Transit,Credit Memo,293.4
RT0003721,O00072558,P00096,2024-11-18,5,Customer Changed Mind,Credit Memo,496.62
RT0003722,O00097555,P00547,2025-01-25,4,Quality Issue,Refund,213.45
RT0003723,O00013682,P00411,2025-12-22,5,Wrong Product,Refund,127.36
RT0003724,O00097014,P00135,2024-01-16,5,Quality Issue,Credit Memo,189.14
RT0003725,O00033298,P00042,2024-09-01,2,Late Delivery,Credit Memo,71.99
RT0003726,O00074057,P00089,2025-01-12,2,Late Delivery,Replacement,248.9
RT0003727,O00092402,P00165,2025-06-05,5,Quality Issue,Replacement,73.86
RT0003728,O00048839,P01224,2024-07-06,3,Damaged in Transit,Replacement,87.95
RT0003729,O00023144,P00160,2023-11-04,1,Damaged in Transit,Refund,66.81
RT0003730,O00015939,P01992,2023-11-27,3,Customer Changed Mind,Refund,110.16
RT0003731,O00031392,P00039,2024-04-05,3,Wrong Product,Refund,107.31
RT0003732,O00021048,P00073,2025-03-24,5,Damaged in Transit,Refund,122.12
RT0003733,O00028384,P00497,2025-09-06,1,Quality Issue,Refund,139.05
RT0003734,O00047340,P00007,2024-12-27,4,Late Delivery,Replacement,138.28
RT0003735,O00001637,P00880,2023-12-02,3,Late Delivery,Refund,73.22
RT0003736,O00094308,P00006,2024-11-11,10,Late Delivery,Credit Memo,658.16
RT0003737,O00012605,P01481,2024-03-29,4,Customer Changed Mind,Replacement,51.87
RT0003738,O00038835,P01356,2023-09-13,1,Damaged in Transit,Refund,30.87
RT0003739,O00040356,P01277,2025-03-23,2,Damaged in Transit,Refund,78.98
RT0003740,O00042948,P01462,2024-06-04,1,Customer Changed Mind,Replacement,16.4
RT0003741,O00071251,P02281,2023-09-06,5,Damaged in Transit,Refund,217.34
RT0003742,O00081509,P02666,2024-06-02,3,Damaged in Transit,Refund,202.05
RT0003743,O00054579,P01768,2025-07-07,2,Excess Quantity,Credit Memo,153.82
RT0003744,O00033932,P00046,2023-05-05,2,Late Delivery,Refund,121.9
RT0003745,O00034508,P02010,2024-09-08,1,Wrong Product,Refund,29.49
RT0003746,O00052457,P00896,2024-02-07,1,Quality Issue,Replacement,11.59
RT0003747,O00052805,P00775,2023-05-29,3,Excess Quantity,Replacement,133.25
RT0003748,O00043451,P00035,2025-01-14,1,Damaged in Transit,Credit Memo,71.62
RT0003749,O00067733,P00383,2023-04-23,2,Damaged in Transit,Credit Memo,81.75
RT0003750,O00051826,P00270,2023-12-21,3,Excess Quantity,Refund,16.82
RT0003751,O00081695,P00752,2024-11-30,2,Excess Quantity,Replacement,180.75
RT0003752,O00098810,P00579,2024-06-13,1,Late Delivery,Replacement,37.6
RT0003753,O00088992,P00121,2023-05-02,1,Excess Quantity,Refund,19.87
RT0003754,O00050349,P01773,2024-08-08,4,Excess Quantity,Refund,109.24
RT0003755,O00081793,P00002,2025-10-16,4,Quality Issue,Replacement,304.85
RT0003756,O00034174,P02797,2025-07-21,4,Damaged in Transit,Replacement,298.12
RT0003757,O00006729,P00937,2025-07-10,1,Quality Issue,Replacement,28.92
RT0003758,O00011596,P00332,2023-08-14,2,Damaged in Transit,Refund,45.71
RT0003759,O00054366,P01274,2025-05-08,4,Quality Issue,Replacement,101.24
RT0003760,O00078357,P00432,2024-09-22,3,Damaged in Transit,Replacement,106.17
RT0003761,O00090015,P00113,2023-08-12,6,Damaged in Transit,Replacement,264.75
RT0003762,O00057785,P00007,2025-06-17,1,Customer Changed Mind,Credit Memo,36.79
RT0003763,O00033799,P02798,2023-09-05,1,Damaged in Transit,Credit Memo,64.1
RT0003764,O00020936,P01007,2024-01-29,2,Quality Issue,Refund,112.26
RT0003765,O00046945,P00050,2023-06-03,2,Excess Quantity,Credit Memo,78.91
RT0003766,O00007223,P00455,2023-12-10,1,Wrong Product,Refund,33.75
RT0003767,O00033191,P01470,2023-02-24,2,Late Delivery,Credit Memo,51.24
RT0003768,O00081261,P00091,2023-04-25,2,Late Delivery,Replacement,219.26
RT0003769,O00075612,P01273,2024-07-25,4,Late Delivery,Refund,189.16
RT0003770,O00092418,P00001,2023-12-22,1,Late Delivery,Replacement,39.21
RT0003771,O00022948,P00309,2023-07-27,2,Wrong Product,Credit Memo,122.18
RT0003772,O00090069,P00276,2025-07-06,4,Customer Changed Mind,Credit Memo,266.03
RT0003773,O00026714,P00050,2023-03-22,2,Excess Quantity,Replacement,87.1
RT0003774,O00017586,P01142,2024-02-05,2,Wrong Product,Refund,173.0
RT0003775,O00062895,P00537,2023-09-21,1,Quality Issue,Refund,32.01
RT0003776,O00015410,P01273,2023-07-17,10,Excess Quantity,Replacement,433.2
RT0003777,O00027032,P00014,2025-02-25,3,Wrong Product,Credit Memo,151.78
RT0003778,O00024938,P00044,2025-06-09,1,Wrong Product,Refund,35.73
RT0003779,O00035365,P00012,2023-03-30,3,Late Delivery,Credit Memo,367.89
RT0003780,O00004814,P00001,2024-08-04,5,Quality Issue,Replacement,175.34
RT0003781,O00076860,P02259,2024-09-28,2,Damaged in Transit,Replacement,143.93
RT0003782,O00075901,P00006,2023-02-26,2,Wrong Product,Refund,120.88
RT0003783,O00099170,P00125,2023-05-16,1,Wrong Product,Replacement,229.5
RT0003784,O00040238,P00041,2023-05-12,2,Excess Quantity,Replacement,115.1
RT0003785,O00035594,P00037,2026-02-03,7,Late Delivery,Refund,135.8
RT0003786,O00019194,P01412,2025-09-16,4,Late Delivery,Refund,289.94
RT0003787,O00031512,P00371,2024-06-23,2,Quality Issue,Replacement,115.91
RT0003788,O00050102,P00133,2024-07-24,2,Late Delivery,Credit Memo,150.47
RT0003789,O00058433,P00001,2023-06-12,5,Damaged in Transit,Credit Memo,174.67
RT0003790,O00082852,P00811,2024-10-13,2,Wrong Product,Credit Memo,111.67
RT0003791,O00071266,P02268,2024-11-22,7,Customer Changed Mind,Credit Memo,332.1
RT0003792,O00015240,P00215,2024-03-29,2,Quality Issue,Credit Memo,23.26
RT0003793,O00080474,P00163,2025-03-30,7,Quality Issue,Replacement,915.46
RT0003794,O00013786,P02758,2026-01-25,1,Excess Quantity,Credit Memo,37.76
RT0003795,O00082464,P00171,2024-06-08,3,Quality Issue,Credit Memo,23.75
RT0003796,O00097190,P00002,2023-10-05,4,Excess Quantity,Replacement,273.38
RT0003797,O00070415,P00080,2024-01-11,4,Quality Issue,Replacement,90.13
RT0003798,O00012636,P00343,2024-09-19,1,Quality Issue,Replacement,26.51
RT0003799,O00046341,P00044,2024-07-11,1,Quality Issue,Replacement,29.53
RT0003800,O00060315,P00012,2024-10-05,5,Customer Changed Mind,Credit Memo,564.88
RT0003801,O00074367,P00608,2024-01-27,2,Damaged in Transit,Replacement,11.81
RT0003802,O00096057,P00178,2025-10-08,5,Damaged in Transit,Refund,402.79
RT0003803,O00029564,P00216,2023-02-27,1,Quality Issue,Refund,15.69
RT0003804,O00070328,P01727,2024-05-20,2,Quality Issue,Refund,349.05
RT0003805,O00075286,P00012,2025-05-26,25,Damaged in Transit,Refund,2659.86
RT0003806,O00068664,P01997,2024-03-05,3,Quality Issue,Credit Memo,87.33
RT0003807,O00039952,P00232,2025-07-14,2,Quality Issue,Refund,22.48
RT0003808,O00066930,P00004,2024-11-19,1,Wrong Product,Refund,37.13
RT0003809,O00015330,P01408,2024-11-26,2,Customer Changed Mind,Replacement,88.83
RT0003810,O00002100,P01394,2025-12-02,1,Excess Quantity,Credit Memo,43.52
RT0003811,O00054539,P00029,2024-12-03,4,Wrong Product,Credit Memo,165.24
RT0003812,O00051718,P00001,2024-12-18,5,Customer Changed Mind,Refund,216.75
RT0003813,O00089628,P00808,2024-10-01,3,Quality Issue,Credit Memo,81.21
RT0003814,O00035757,P00508,2024-05-27,3,Damaged in Transit,Replacement,58.73
RT0003815,O00020489,P00002,2025-12-11,4,Wrong Product,Credit Memo,293.6
RT0003816,O00061909,P00026,2025-03-09,5,Damaged in Transit,Credit Memo,210.38
RT0003817,O00002890,P02313,2024-06-15,1,Customer Changed Mind,Credit Memo,161.44
RT0003818,O00076119,P00015,2025-11-04,6,Wrong Product,Replacement,332.64
RT0003819,O00008048,P00381,2025-05-08,3,Quality Issue,Refund,352.67
RT0003820,O00061822,P00121,2025-09-30,4,Late Delivery,Credit Memo,79.97
RT0003821,O00001157,P01884,2025-02-07,4,Quality Issue,Refund,302.16
RT0003822,O00007761,P02004,2025-11-11,1,Damaged in Transit,Credit Memo,27.54
RT0003823,O00002519,P00018,2025-11-04,1,Quality Issue,Replacement,60.71
RT0003824,O00045617,P01655,2023-10-24,1,Quality Issue,Refund,18.89
RT0003825,O00085166,P00455,2023-06-13,1,Wrong Product,Refund,35.51
RT0003826,O00064245,P00452,2024-03-08,2,Customer Changed Mind,Replacement,76.17
RT0003827,O00069715,P00730,2026-02-25,2,Excess Quantity,Replacement,272.03
RT0003828,O00089104,P00033,2025-04-10,4,Damaged in Transit,Replacement,234.79
RT0003829,O00080983,P01453,2025-04-17,11,Customer Changed Mind,Refund,347.98
RT0003830,O00055510,P00030,2023-11-04,1,Damaged in Transit,Refund,26.14
RT0003831,O00034262,P00268,2024-07-20,1,Damaged in Transit,Credit Memo,11.25
RT0003832,O00012104,P00058,2025-10-06,1,Wrong Product,Refund,51.35
RT0003833,O00074020,P00447,2024-09-09,2,Excess Quantity,Refund,67.82
RT0003834,O00050889,P00148,2024-09-01,3,Quality Issue,Replacement,104.71
RT0003835,O00079530,P01680,2025-01-27,2,Late Delivery,Credit Memo,46.93
RT0003836,O00071861,P00315,2023-07-19,5,Quality Issue,Refund,74.4
RT0003837,O00059967,P00003,2025-06-13,7,Customer Changed Mind,Credit Memo,66.04
RT0003838,O00027881,P02644,2023-10-22,5,Damaged in Transit,Refund,92.83
RT0003839,O00084041,P00085,2024-10-04,1,Excess Quantity,Refund,36.6
RT0003840,O00039679,P00946,2023-12-27,1,Customer Changed Mind,Refund,76.78
RT0003841,O00064185,P00177,2025-05-05,3,Wrong Product,Replacement,72.74
RT0003842,O00088248,P00630,2024-10-28,1,Late Delivery,Refund,122.28
RT0003843,O00051788,P00997,2024-12-10,2,Quality Issue,Replacement,104.71
RT0003844,O00068987,P00336,2025-11-04,1,Damaged in Transit,Refund,59.97
RT0003845,O00056949,P00038,2025-09-29,1,Excess Quantity,Replacement,44.33
RT0003846,O00050256,P00981,2023-09-13,2,Late Delivery,Replacement,64.95
RT0003847,O00085089,P00080,2024-05-20,3,Customer Changed Mind,Credit Memo,77.15
RT0003848,O00032969,P00411,2024-03-15,2,Quality Issue,Replacement,47.7
RT0003849,O00049442,P00013,2023-07-04,6,Quality Issue,Refund,161.52
RT0003850,O00066264,P00015,2023-07-18,7,Wrong Product,Refund,321.53
RT0003851,O00087822,P00320,2024-03-16,3,Wrong Product,Refund,146.16
RT0003852,O00004859,P02736,2025-12-04,2,Customer Changed Mind,Credit Memo,65.82
RT0003853,O00062439,P00057,2023-10-10,1,Late Delivery,Replacement,23.75
RT0003854,O00057806,P00047,2023-09-29,1,Damaged in Transit,Credit Memo,26.22
RT0003855,O00034788,P00037,2025-07-24,4,Excess Quantity,Credit Memo,80.94
RT0003856,O00034090,P01139,2025-04-04,1,Customer Changed Mind,Refund,16.99
RT0003857,O00013046,P00929,2025-11-27,1,Excess Quantity,Credit Memo,44.91
RT0003858,O00001787,P00035,2024-08-31,1,Damaged in Transit,Replacement,66.84
RT0003859,O00081090,P00107,2023-09-10,2,Customer Changed Mind,Credit Memo,91.45
RT0003860,O00082581,P00063,2026-02-02,1,Late Delivery,Credit Memo,69.34
RT0003861,O00046045,P01293,2024-02-07,3,Damaged in Transit,Credit Memo,106.9
RT0003862,O00028505,P00018,2023-12-28,3,Wrong Product,Credit Memo,180.36
RT0003863,O00048864,P00134,2024-03-25,2,Late Delivery,Credit Memo,111.42
RT0003864,O00054145,P00056,2023-07-28,1,Customer Changed Mind,Credit Memo,66.25
RT0003865,O00067861,P01637,2025-11-07,4,Damaged in Transit,Replacement,105.99
RT0003866,O00056889,P00008,2023-12-21,4,Excess Quantity,Refund,230.36
RT0003867,O00027827,P00296,2024-04-21,4,Damaged in Transit,Refund,53.54
RT0003868,O00079390,P00129,2024-04-20,2,Excess Quantity,Refund,107.98
RT0003869,O00083007,P01458,2025-08-09,2,Damaged in Transit,Credit Memo,97.91
RT0003870,O00084164,P00293,2023-05-12,7,Damaged in Transit,Replacement,411.83
RT0003871,O00070575,P00006,2025-05-06,2,Wrong Product,Refund,128.57
RT0003872,O00052665,P00136,2023-08-04,2,Wrong Product,Credit Memo,44.2
RT0003873,O00048949,P01130,2023-08-03,2,Late Delivery,Replacement,189.37
RT0003874,O00018871,P02958,2024-12-04,15,Wrong Product,Refund,794.85
RT0003875,O00033697,P00031,2024-04-04,7,Damaged in Transit,Replacement,76.08
RT0003876,O00097114,P00025,2024-11-04,3,Wrong Product,Credit Memo,197.33
RT0003877,O00084970,P01981,2024-02-05,2,Customer Changed Mind,Replacement,160.08
RT0003878,O00075411,P00835,2024-06-21,2,Quality Issue,Credit Memo,92.26
RT0003879,O00023964,P00040,2025-04-12,2,Late Delivery,Credit Memo,134.87
RT0003880,O00026970,P00018,2023-07-03,2,Quality Issue,Refund,112.69
RT0003881,O00037308,P02759,2024-05-18,3,Wrong Product,Refund,132.0
RT0003882,O00034604,P02560,2024-09-11,2,Damaged in Transit,Replacement,53.64
RT0003883,O00042243,P00033,2024-06-14,1,Quality Issue,Credit Memo,56.58
RT0003884,O00043656,P01305,2025-09-27,3,Late Delivery,Credit Memo,174.56
RT0003885,O00031988,P00010,2025-04-07,4,Wrong Product,Refund,287.92
RT0003886,O00030822,P02167,2025-03-17,3,Late Delivery,Credit Memo,375.81
RT0003887,O00009921,P00427,2025-11-27,1,Customer Changed Mind,Replacement,63.51
RT0003888,O00029376,P00484,2023-11-03,2,Damaged in Transit,Refund,56.22
RT0003889,O00023925,P00151,2024-02-29,3,Damaged in Transit,Refund,430.83
RT0003890,O00059452,P02778,2024-07-28,1,Late Delivery,Replacement,30.3
RT0003891,O00035978,P00002,2026-01-06,1,Quality Issue,Credit Memo,71.98
RT0003892,O00001879,P00403,2024-06-08,6,Damaged in Transit,Replacement,533.23
RT0003893,O00005742,P01344,2025-11-29,2,Quality Issue,Refund,26.48
RT0003894,O00086306,P01481,2025-10-15,1,Customer Changed Mind,Replacement,13.18
RT0003895,O00090945,P00345,2025-04-02,1,Customer Changed Mind,Refund,28.44
RT0003896,O00074610,P01360,2026-01-19,1,Quality Issue,Replacement,79.54
RT0003897,O00000786,P02087,2023-09-10,6,Damaged in Transit,Credit Memo,200.46
RT0003898,O00022072,P01770,2025-09-28,2,Customer Changed Mind,Replacement,147.48
RT0003899,O00044493,P00030,2023-10-03,8,Damaged in Transit,Replacement,209.13
RT0003900,O00094742,P00481,2024-08-02,1,Damaged in Transit,Replacement,94.72
RT0003901,O00038304,P00555,2024-09-08,3,Quality Issue,Credit Memo,313.1
RT0003902,O00074401,P02732,2023-05-23,7,Quality Issue,Replacement,123.44
RT0003903,O00036406,P01763,2024-06-18,2,Damaged in Transit,Refund,35.59
RT0003904,O00061026,P00003,2023-08-13,2,Excess Quantity,Replacement,18.7
RT0003905,O00042963,P00472,2024-08-13,2,Wrong Product,Replacement,98.96
RT0003906,O00058991,P00011,2024-06-01,4,Damaged in Transit,Replacement,146.75
RT0003907,O00071800,P01845,2025-09-30,1,Late Delivery,Refund,221.42
RT0003908,O00082134,P00085,2025-12-16,2,Quality Issue,Replacement,77.92
RT0003909,O00006056,P00083,2025-09-13,1,Customer Changed Mind,Replacement,61.46
RT0003910,O00010379,P00429,2023-04-11,10,Customer Changed Mind,Credit Memo,380.81
RT0003911,O00032117,P00076,2024-08-24,2,Excess Quantity,Replacement,68.93
RT0003912,O00024010,P02435,2023-06-19,6,Damaged in Transit,Refund,888.29
RT0003913,O00005079,P00086,2024-07-30,3,Customer Changed Mind,Replacement,64.28
RT0003914,O00081623,P00957,2023-07-11,1,Damaged in Transit,Credit Memo,64.15
RT0003915,O00067919,P00011,2024-06-18,1,Quality Issue,Refund,36.89
RT0003916,O00068706,P02312,2025-06-18,5,Quality Issue,Replacement,276.69
RT0003917,O00023770,P00613,2025-05-23,1,Customer Changed Mind,Replacement,25.59
RT0003918,O00002767,P00001,2024-07-31,11,Quality Issue,Credit Memo,428.15
RT0003919,O00054560,P00014,2023-05-13,1,Excess Quantity,Replacement,55.68
RT0003920,O00046822,P00002,2024-09-28,1,Wrong Product,Credit Memo,68.35
RT0003921,O00088904,P00481,2025-06-28,4,Damaged in Transit,Credit Memo,419.19
RT0003922,O00060287,P01122,2024-05-12,1,Late Delivery,Replacement,11.94
RT0003923,O00074388,P01665,2024-10-09,2,Quality Issue,Refund,58.96
RT0003924,O00094817,P00047,2023-05-24,8,Quality Issue,Refund,222.4
RT0003925,O00015023,P00004,2025-07-17,2,Late Delivery,Refund,91.29
RT0003926,O00086782,P00162,2025-06-25,8,Customer Changed Mind,Refund,800.97
RT0003927,O00048545,P00443,2023-09-26,1,Late Delivery,Credit Memo,20.37
RT0003928,O00016142,P00174,2025-06-07,6,Damaged in Transit,Refund,202.44
RT0003929,O00090993,P02577,2024-03-28,1,Excess Quantity,Refund,35.97
RT0003930,O00008030,P00125,2023-10-23,3,Excess Quantity,Refund,743.5
RT0003931,O00061000,P00027,2025-10-26,5,Quality Issue,Credit Memo,72.75
RT0003932,O00086844,P00048,2023-09-20,3,Late Delivery,Replacement,45.42
RT0003933,O00064602,P00019,2025-06-22,5,Late Delivery,Credit Memo,206.72
RT0003934,O00088260,P00040,2023-05-30,1,Damaged in Transit,Credit Memo,59.84
RT0003935,O00014628,P00529,2025-06-26,1,Late Delivery,Credit Memo,45.78
RT0003936,O00006204,P00469,2025-11-20,1,Quality Issue,Replacement,14.79
RT0003937,O00022495,P00305,2023-05-13,2,Wrong Product,Refund,17.39
RT0003938,O00000650,P00398,2024-12-21,7,Quality Issue,Refund,69.73
RT0003939,O00099959,P00108,2025-08-20,1,Quality Issue,Replacement,31.12
RT0003940,O00072197,P00376,2025-06-14,2,Damaged in Transit,Credit Memo,84.23
RT0003941,O00052424,P00248,2025-03-21,1,Late Delivery,Refund,41.0
RT0003942,O00009337,P00202,2023-10-04,2,Damaged in Transit,Replacement,114.68
RT0003943,O00028471,P01405,2026-01-24,2,Customer Changed Mind,Refund,111.44
RT0003944,O00054668,P02186,2023-09-18,2,Quality Issue,Replacement,24.78
RT0003945,O00086196,P01798,2025-10-18,2,Quality Issue,Refund,60.97
RT0003946,O00041479,P00778,2025-07-13,5,Customer Changed Mind,Replacement,73.96
RT0003947,O00062684,P01802,2024-03-09,1,Damaged in Transit,Credit Memo,17.26
RT0003948,O00005746,P00589,2024-07-25,5,Excess Quantity,Credit Memo,97.63
RT0003949,O00016904,P01274,2025-06-20,2,Excess Quantity,Credit Memo,52.33
RT0003950,O00074037,P01725,2024-02-11,1,Customer Changed Mind,Refund,29.23
RT0003951,O00001145,P01840,2023-09-03,1,Excess Quantity,Credit Memo,24.4
RT0003952,O00015610,P00054,2025-02-01,5,Late Delivery,Replacement,113.4
RT0003953,O00007695,P00261,2024-08-12,2,Excess Quantity,Credit Memo,49.25
RT0003954,O00058343,P00590,2025-11-14,2,Quality Issue,Replacement,114.32
RT0003955,O00060926,P02987,2025-02-26,1,Late Delivery,Replacement,29.97
RT0003956,O00029983,P01251,2025-03-31,4,Damaged in Transit,Credit Memo,240.09
RT0003957,O00066479,P00065,2024-05-05,5,Quality Issue,Refund,129.47
RT0003958,O00002681,P00819,2025-08-15,1,Quality Issue,Refund,16.64
RT0003959,O00056543,P00029,2024-04-10,6,Wrong Product,Refund,241.9
RT0003960,O00051805,P00194,2024-06-15,1,Customer Changed Mind,Credit Memo,57.36
RT0003961,O00022618,P02873,2025-04-12,3,Customer Changed Mind,Credit Memo,249.18
RT0003962,O00053492,P00735,2024-01-13,1,Damaged in Transit,Refund,11.29
RT0003963,O00046821,P01826,2023-05-19,2,Excess Quantity,Credit Memo,164.2
RT0003964,O00013461,P00026,2024-10-29,1,Damaged in Transit,Refund,41.84
RT0003965,O00047729,P01664,2026-02-03,1,Damaged in Transit,Credit Memo,61.55
RT0003966,O00060407,P00823,2024-10-04,1,Excess Quantity,Replacement,11.34
RT0003967,O00082791,P01383,2025-07-31,1,Wrong Product,Replacement,30.7
RT0003968,O00032310,P00190,2023-03-19,1,Quality Issue,Refund,119.08
RT0003969,O00024770,P00925,2026-02-17,2,Excess Quantity,Refund,73.78
RT0003970,O00027122,P00018,2023-05-28,1,Excess Quantity,Replacement,48.59
RT0003971,O00079990,P01998,2024-01-22,1,Damaged in Transit,Replacement,55.32
RT0003972,O00068768,P00317,2025-07-15,9,Excess Quantity,Refund,283.52
RT0003973,O00013395,P00052,2024-10-19,3,Quality Issue,Replacement,102.0
RT0003974,O00059019,P00011,2025-11-20,2,Wrong Product,Refund,87.99
RT0003975,O00056013,P00180,2025-04-08,1,Customer Changed Mind,Credit Memo,19.83
RT0003976,O00085153,P00015,2025-06-20,5,Damaged in Transit,Refund,250.42
RT0003977,O00063936,P02800,2024-12-02,2,Damaged in Transit,Refund,78.93
RT0003978,O00072645,P00061,2025-12-06,10,Quality Issue,Credit Memo,208.84
RT0003979,O00089750,P00189,2025-07-14,1,Damaged in Transit,Credit Memo,28.58
RT0003980,O00025174,P01068,2024-06-08,1,Customer Changed Mind,Credit Memo,19.76
RT0003981,O00010894,P01732,2023-08-11,3,Customer Changed Mind,Replacement,41.23
RT0003982,O00060749,P00183,2024-11-01,5,Damaged in Transit,Refund,205.2
RT0003983,O00056016,P00299,2023-08-07,4,Wrong Product,Credit Memo,82.08
RT0003984,O00016097,P00563,2024-12-04,6,Late Delivery,Credit Memo,170.8
RT0003985,O00008517,P02283,2024-06-30,2,Customer Changed Mind,Replacement,92.3
RT0003986,O00096155,P02832,2024-07-05,1,Excess Quantity,Credit Memo,27.55
RT0003987,O00014516,P00264,2023-12-30,1,Quality Issue,Replacement,93.87
RT0003988,O00002442,P01121,2023-06-27,4,Wrong Product,Replacement,383.54
RT0003989,O00023842,P00640,2023-10-06,4,Late Delivery,Refund,164.02
RT0003990,O00076142,P00083,2024-08-22,1,Damaged in Transit,Refund,65.47
RT0003991,O00076458,P01529,2025-06-01,2,Damaged in Transit,Replacement,63.72
RT0003992,O00002824,P00308,2025-10-09,2,Excess Quantity,Replacement,48.82
RT0003993,O00077664,P01729,2025-11-28,7,Quality Issue,Replacement,370.56
RT0003994,O00003013,P00940,2023-06-09,1,Customer Changed Mind,Refund,88.36
RT0003995,O00040087,P01396,2023-08-08,5,Damaged in Transit,Refund,534.71
RT0003996,O00022060,P00368,2024-01-03,1,Damaged in Transit,Replacement,52.05
RT0003997,O00063203,P00016,2023-06-11,2,Excess Quantity,Replacement,297.34
RT0003998,O00025957,P00037,2023-07-06,1,Damaged in Transit,Credit Memo,17.26
RT0003999,O00008964,P00122,2024-08-01,4,Quality Issue,Refund,35.44
RT0004000,O00003195,P01448,2024-01-07,1,Customer Changed Mind,Credit Memo,22.03
RT0004001,O00082291,P01392,2024-07-07,3,Damaged in Transit,Refund,212.24
RT0004002,O00071701,P00009,2023-04-14,3,Customer Changed Mind,Refund,138.71
RT0004003,O00096067,P00065,2026-01-22,2,Wrong Product,Refund,56.2
RT0004004,O00064805,P00017,2024-10-05,1,Excess Quantity,Replacement,22.59
RT0004005,O00096383,P00126,2025-07-14,2,Wrong Product,Replacement,54.42
RT0004006,O00050041,P00022,2024-08-13,10,Quality Issue,Credit Memo,290.8
RT0004007,O00046539,P00203,2024-04-19,2,Customer Changed Mind,Replacement,131.41
RT0004008,O00036644,P02072,2024-04-15,6,Quality Issue,Refund,188.68
RT0004009,O00039843,P02807,2024-01-01,1,Quality Issue,Refund,19.27
RT0004010,O00048171,P00228,2023-06-05,4,Damaged in Transit,Refund,143.45
RT0004011,O00077102,P01619,2024-06-23,3,Quality Issue,Credit Memo,253.98
RT0004012,O00032428,P01079,2025-07-12,11,Late Delivery,Replacement,627.94
RT0004013,O00000002,P02823,2025-07-02,2,Excess Quantity,Replacement,234.76
RT0004014,O00081729,P02547,2024-08-05,2,Late Delivery,Refund,31.84
RT0004015,O00047774,P00106,2023-02-13,1,Damaged in Transit,Refund,64.06
RT0004016,O00084212,P00081,2025-06-12,3,Customer Changed Mind,Refund,60.7
RT0004017,O00056324,P00050,2024-12-11,1,Late Delivery,Replacement,48.78
RT0004018,O00089848,P00173,2025-03-31,1,Customer Changed Mind,Refund,120.31
RT0004019,O00003180,P00016,2024-07-05,2,Customer Changed Mind,Replacement,282.0
RT0004020,O00030660,P00002,2025-07-09,2,Damaged in Transit,Credit Memo,149.7
RT0004021,O00096468,P00812,2025-12-09,6,Quality Issue,Credit Memo,392.7
RT0004022,O00045228,P01609,2025-01-05,3,Damaged in Transit,Credit Memo,44.8
RT0004023,O00034950,P02360,2024-06-17,1,Customer Changed Mind,Replacement,36.97
RT0004024,O00068245,P00041,2025-11-02,1,Damaged in Transit,Credit Memo,69.01
RT0004025,O00006753,P00065,2024-09-30,2,Excess Quantity,Credit Memo,56.16
RT0004026,O00074326,P01938,2024-09-01,2,Wrong Product,Refund,31.1
RT0004027,O00066477,P00744,2024-04-12,5,Customer Changed Mind,Credit Memo,401.14
RT0004028,O00058250,P00169,2024-12-17,12,Wrong Product,Refund,242.28
RT0004029,O00068242,P00048,2025-09-15,2,Quality Issue,Credit Memo,27.85
RT0004030,O00029879,P00518,2023-06-10,5,Excess Quantity,Replacement,123.7
RT0004031,O00000856,P00046,2025-04-26,9,Wrong Product,Credit Memo,489.45
RT0004032,O00071017,P00587,2023-11-28,2,Damaged in Transit,Replacement,82.46
RT0004033,O00022264,P00082,2025-12-05,7,Late Delivery,Credit Memo,1246.01
RT0004034,O00096711,P00838,2025-10-21,2,Quality Issue,Refund,65.15
RT0004035,O00073453,P01317,2024-11-14,6,Wrong Product,Refund,201.87
RT0004036,O00018403,P02132,2023-11-07,3,Excess Quantity,Refund,56.81
RT0004037,O00002770,P00004,2024-05-08,3,Quality Issue,Replacement,121.5
RT0004038,O00008547,P02489,2023-05-19,4,Damaged in Transit,Replacement,128.29
RT0004039,O00087154,P01298,2023-07-24,2,Excess Quantity,Credit Memo,28.1
RT0004040,O00044375,P00488,2023-01-12,7,Damaged in Transit,Refund,129.15
RT0004041,O00093452,P00110,2023-09-22,3,Customer Changed Mind,Credit Memo,84.95
RT0004042,O00042533,P01108,2023-10-05,1,Wrong Product,Refund,21.78
RT0004043,O00073800,P00014,2024-03-21,2,Late Delivery,Refund,101.62
RT0004044,O00094889,P00335,2025-12-05,2,Wrong Product,Refund,72.6
RT0004045,O00043114,P01676,2023-04-09,4,Damaged in Transit,Replacement,138.12
RT0004046,O00083794,P00624,2025-07-03,2,Quality Issue,Credit Memo,44.14
RT0004047,O00051279,P00426,2025-06-03,2,Quality Issue,Credit Memo,67.72
RT0004048,O00070504,P00080,2025-06-25,4,Excess Quantity,Replacement,103.97
RT0004049,O00078147,P00003,2024-10-09,2,Late Delivery,Refund,19.14
RT0004050,O00051352,P01764,2023-05-25,3,Excess Quantity,Replacement,112.55
RT0004051,O00037373,P01051,2023-05-31,1,Wrong Product,Credit Memo,40.71
RT0004052,O00080510,P00082,2023-08-31,5,Wrong Product,Refund,834.81
RT0004053,O00077030,P00290,2025-01-01,1,Quality Issue,Credit Memo,27.17
RT0004054,O00036879,P01063,2025-04-27,3,Damaged in Transit,Credit Memo,145.41
RT0004055,O00013941,P00597,2024-09-29,4,Quality Issue,Credit Memo,124.78
RT0004056,O00037285,P00907,2025-03-01,2,Customer Changed Mind,Replacement,134.78
RT0004057,O00017976,P01317,2023-08-24,2,Quality Issue,Replacement,61.92
RT0004058,O00052907,P00462,2023-12-13,3,Damaged in Transit,Credit Memo,107.13
RT0004059,O00099824,P00377,2025-10-16,4,Wrong Product,Refund,78.01
RT0004060,O00090637,P02051,2024-08-24,1,Late Delivery,Credit Memo,45.27
RT0004061,O00039894,P00778,2025-06-08,2,Wrong Product,Replacement,27.5
RT0004062,O00099027,P01537,2025-07-11,1,Quality Issue,Credit Memo,12.29
RT0004063,O00009688,P02519,2025-10-09,3,Damaged in Transit,Credit Memo,197.01
RT0004064,O00050311,P00031,2025-12-02,4,Quality Issue,Credit Memo,44.08
RT0004065,O00038030,P00179,2024-08-27,2,Excess Quantity,Credit Memo,102.14
RT0004066,O00048783,P00001,2025-07-15,4,Excess Quantity,Refund,169.36
RT0004067,O00083261,P00008,2025-02-06,1,Excess Quantity,Credit Memo,54.85
RT0004068,O00039135,P00626,2024-07-19,1,Quality Issue,Replacement,79.1
RT0004069,O00073638,P01065,2024-09-11,1,Damaged in Transit,Refund,62.81
RT0004070,O00060074,P00740,2025-12-11,2,Quality Issue,Refund,71.9
RT0004071,O00059764,P00018,2023-10-17,5,Wrong Product,Refund,275.72
RT0004072,O00012573,P01184,2023-07-04,2,Damaged in Transit,Credit Memo,121.77
RT0004073,O00015785,P00369,2025-02-02,4,Customer Changed Mind,Credit Memo,321.96
RT0004074,O00079794,P02988,2024-01-05,4,Quality Issue,Replacement,376.13
RT0004075,O00097393,P00300,2025-07-03,2,Customer Changed Mind,Refund,93.48
RT0004076,O00040117,P00030,2023-04-18,3,Quality Issue,Replacement,66.69
RT0004077,O00048826,P00210,2024-05-03,3,Customer Changed Mind,Refund,98.13
RT0004078,O00089011,P00069,2024-09-11,2,Customer Changed Mind,Refund,77.44
RT0004079,O00017815,P00112,2023-10-29,1,Wrong Product,Credit Memo,28.63
RT0004080,O00079504,P00281,2023-06-26,1,Damaged in Transit,Refund,40.89
RT0004081,O00025892,P00077,2024-08-07,1,Customer Changed Mind,Replacement,13.05
RT0004082,O00082472,P00027,2024-11-21,1,Customer Changed Mind,Refund,12.07
RT0004083,O00027349,P00826,2025-02-16,1,Quality Issue,Credit Memo,28.06
RT0004084,O00086402,P00483,2024-05-29,1,Damaged in Transit,Credit Memo,41.11
RT0004085,O00079807,P00233,2025-10-20,3,Damaged in Transit,Refund,45.13
RT0004086,O00073080,P01350,2026-02-10,1,Customer Changed Mind,Refund,47.29
RT0004087,O00094895,P00014,2023-12-02,1,Quality Issue,Credit Memo,49.29
RT0004088,O00033119,P00043,2025-08-20,2,Late Delivery,Credit Memo,29.32
RT0004089,O00026402,P00523,2023-08-12,1,Quality Issue,Credit Memo,24.12
RT0004090,O00078820,P00018,2025-10-08,2,Excess Quantity,Replacement,119.23
RT0004091,O00096149,P00004,2023-11-14,1,Quality Issue,Replacement,40.45
RT0004092,O00096715,P01882,2023-09-08,1,Late Delivery,Refund,37.16
RT0004093,O00044225,P00536,2024-06-28,5,Damaged in Transit,Credit Memo,181.45
RT0004094,O00025880,P02178,2024-07-03,2,Damaged in Transit,Refund,33.78
RT0004095,O00024154,P00484,2025-08-04,3,Wrong Product,Credit Memo,87.33
RT0004096,O00009197,P00197,2025-12-19,22,Wrong Product,Replacement,671.77
RT0004097,O00040900,P00961,2025-07-11,4,Damaged in Transit,Replacement,60.09
RT0004098,O00087895,P00568,2024-04-02,4,Customer Changed Mind,Replacement,129.75
RT0004099,O00000884,P01172,2024-11-17,1,Customer Changed Mind,Replacement,8.15
RT0004100,O00074456,P02704,2024-08-20,1,Quality Issue,Replacement,10.14
RT0004101,O00048598,P00335,2024-01-20,2,Quality Issue,Credit Memo,56.95
RT0004102,O00078581,P00340,2024-04-01,2,Late Delivery,Credit Memo,80.76
RT0004103,O00037782,P00653,2023-07-07,1,Customer Changed Mind,Replacement,27.26
RT0004104,O00082085,P01947,2024-09-16,3,Damaged in Transit,Credit Memo,24.21
RT0004105,O00008079,P00551,2025-12-12,2,Late Delivery,Replacement,188.2
RT0004106,O00033277,P00029,2023-09-21,1,Damaged in Transit,Replacement,33.03
RT0004107,O00049185,P00243,2025-05-26,2,Damaged in Transit,Replacement,69.53
RT0004108,O00046193,P00018,2024-05-07,4,Wrong Product,Replacement,224.59
RT0004109,O00045619,P00580,2024-01-28,1,Wrong Product,Credit Memo,6.01
RT0004110,O00020965,P02487,2024-05-20,1,Wrong Product,Credit Memo,80.12
RT0004111,O00051618,P00022,2024-03-22,1,Excess Quantity,Refund,28.94
RT0004112,O00082029,P00677,2023-09-03,2,Quality Issue,Credit Memo,25.89
RT0004113,O00051355,P02408,2024-06-08,1,Quality Issue,Refund,49.91
RT0004114,O00011857,P01294,2025-06-25,2,Damaged in Transit,Refund,64.21
RT0004115,O00031323,P02614,2024-06-10,2,Wrong Product,Replacement,70.53
RT0004116,O00089960,P02104,2024-08-31,5,Wrong Product,Credit Memo,201.1
RT0004117,O00006544,P01934,2023-07-31,2,Damaged in Transit,Credit Memo,108.48
RT0004118,O00099644,P00962,2025-09-22,3,Damaged in Transit,Refund,24.55
RT0004119,O00091476,P00138,2023-10-08,1,Wrong Product,Refund,101.49
RT0004120,O00021753,P00812,2023-08-10,2,Quality Issue,Credit Memo,114.25
RT0004121,O00065345,P00678,2024-09-18,2,Wrong Product,Credit Memo,302.94
RT0004122,O00052249,P00748,2024-09-17,2,Damaged in Transit,Replacement,57.62
RT0004123,O00076475,P00963,2023-07-11,4,Damaged in Transit,Credit Memo,139.88
RT0004124,O00091213,P01231,2024-10-14,5,Damaged in Transit,Refund,68.64
RT0004125,O00070155,P00754,2023-09-15,1,Customer Changed Mind,Credit Memo,10.46
RT0004126,O00098057,P00947,2025-06-30,3,Wrong Product,Replacement,52.7
RT0004127,O00048441,P00120,2025-09-12,2,Damaged in Transit,Refund,36.1
RT0004128,O00013978,P02793,2025-12-15,4,Quality Issue,Refund,123.96
RT0004129,O00077623,P00052,2024-05-26,2,Excess Quantity,Replacement,62.28
RT0004130,O00063491,P00571,2023-12-06,2,Quality Issue,Credit Memo,287.81
RT0004131,O00044661,P00079,2023-03-09,4,Damaged in Transit,Credit Memo,212.16
RT0004132,O00082981,P00969,2026-01-26,2,Late Delivery,Credit Memo,69.18
RT0004133,O00026118,P00137,2025-05-12,1,Excess Quantity,Credit Memo,40.21
RT0004134,O00094302,P00058,2025-07-09,1,Quality Issue,Replacement,52.14
RT0004135,O00036279,P00477,2023-05-26,2,Damaged in Transit,Replacement,138.16
RT0004136,O00066986,P00642,2023-08-14,3,Damaged in Transit,Refund,25.87
RT0004137,O00060168,P00001,2024-08-05,1,Customer Changed Mind,Replacement,37.15
RT0004138,O00024888,P00790,2025-10-16,1,Customer Changed Mind,Credit Memo,7.74
RT0004139,O00071566,P00022,2024-01-01,4,Quality Issue,Credit Memo,95.85
RT0004140,O00079980,P01368,2024-11-17,5,Late Delivery,Credit Memo,208.25
RT0004141,O00033472,P00319,2025-06-12,1,Customer Changed Mind,Credit Memo,48.68
RT0004142,O00002945,P00661,2024-06-23,2,Late Delivery,Replacement,43.28
RT0004143,O00085381,P00318,2025-01-15,5,Quality Issue,Replacement,149.82
RT0004144,O00017045,P02056,2025-12-20,3,Late Delivery,Refund,158.26
RT0004145,O00007136,P01955,2023-12-29,7,Customer Changed Mind,Credit Memo,165.41
RT0004146,O00020684,P00090,2023-07-10,1,Damaged in Transit,Replacement,29.57
RT0004147,O00059200,P01286,2025-07-06,3,Quality Issue,Replacement,538.41
RT0004148,O00048187,P00235,2024-05-28,3,Excess Quantity,Refund,273.06
RT0004149,O00057105,P00843,2025-11-21,7,Wrong Product,Refund,169.05
RT0004150,O00080863,P02350,2024-07-30,2,Late Delivery,Credit Memo,194.58
RT0004151,O00089412,P00089,2025-11-03,15,Quality Issue,Refund,2119.8
RT0004152,O00030805,P00159,2024-06-24,2,Wrong Product,Replacement,72.37
RT0004153,O00057597,P02897,2023-08-18,1,Damaged in Transit,Replacement,23.77
RT0004154,O00054884,P01236,2025-05-20,2,Late Delivery,Refund,51.19
RT0004155,O00040339,P00601,2025-07-21,2,Customer Changed Mind,Credit Memo,36.52
RT0004156,O00090746,P00074,2024-07-09,6,Wrong Product,Replacement,130.33
RT0004157,O00032344,P02033,2025-11-24,2,Customer Changed Mind,Credit Memo,126.18
RT0004158,O00014601,P00549,2026-01-29,1,Damaged in Transit,Credit Memo,90.41
RT0004159,O00017999,P00550,2023-11-04,1,Wrong Product,Refund,63.22
RT0004160,O00044343,P01238,2025-07-13,5,Customer Changed Mind,Replacement,133.72
RT0004161,O00036394,P00007,2025-01-25,4,Late Delivery,Refund,135.24
RT0004162,O00044927,P00018,2023-01-21,8,Quality Issue,Refund,437.66
RT0004163,O00021549,P00186,2026-02-13,1,Quality Issue,Credit Memo,42.53
RT0004164,O00088267,P00218,2025-07-22,12,Damaged in Transit,Replacement,894.46
RT0004165,O00099486,P00454,2025-06-22,1,Wrong Product,Credit Memo,27.58
RT0004166,O00053740,P00987,2024-05-06,2,Damaged in Transit,Replacement,81.01
RT0004167,O00017391,P00338,2025-06-21,3,Customer Changed Mind,Credit Memo,219.19
RT0004168,O00068049,P01584,2024-07-06,4,Damaged in Transit,Refund,79.96
RT0004169,O00064311,P01742,2025-10-09,1,Damaged in Transit,Refund,92.07
RT0004170,O00035390,P00006,2025-06-16,3,Quality Issue,Refund,240.03
RT0004171,O00006379,P00134,2023-10-16,7,Customer Changed Mind,Credit Memo,321.8
RT0004172,O00013668,P02687,2024-12-31,4,Damaged in Transit,Credit Memo,175.6
RT0004173,O00061471,P00007,2025-12-19,2,Late Delivery,Credit Memo,72.49
RT0004174,O00073646,P00002,2023-11-15,1,Late Delivery,Credit Memo,67.1
RT0004175,O00047391,P01520,2024-05-24,1,Excess Quantity,Refund,21.88
RT0004176,O00014957,P02971,2024-06-04,1,Quality Issue,Refund,10.67
RT0004177,O00074977,P00127,2025-08-08,1,Wrong Product,Credit Memo,128.66
RT0004178,O00014299,P00321,2024-08-21,2,Quality Issue,Replacement,22.06
RT0004179,O00051385,P00628,2024-11-16,7,Quality Issue,Credit Memo,142.11
RT0004180,O00019338,P00581,2023-06-29,4,Damaged in Transit,Replacement,50.89
RT0004181,O00003287,P02281,2023-09-26,1,Late Delivery,Refund,51.45
RT0004182,O00069839,P02938,2023-09-10,4,Excess Quantity,Refund,59.77
RT0004183,O00024526,P01613,2025-09-22,1,Quality Issue,Refund,36.2
RT0004184,O00050765,P00742,2024-08-11,1,Late Delivery,Refund,37.57
RT0004185,O00040063,P01440,2024-05-06,1,Late Delivery,Credit Memo,21.95
RT0004186,O00075347,P01735,2025-03-04,2,Quality Issue,Refund,192.42
RT0004187,O00090485,P00662,2024-10-19,3,Late Delivery,Refund,93.96
RT0004188,O00015537,P00613,2025-08-01,1,Late Delivery,Refund,26.1
RT0004189,O00009663,P00013,2023-03-17,4,Wrong Product,Refund,103.7
RT0004190,O00059784,P02543,2023-11-03,2,Damaged in Transit,Refund,180.88
RT0004191,O00081017,P00717,2023-09-25,2,Wrong Product,Replacement,40.18
RT0004192,O00018175,P00102,2023-11-13,7,Customer Changed Mind,Replacement,370.72
RT0004193,O00005556,P01384,2024-04-02,2,Damaged in Transit,Credit Memo,22.48
RT0004194,O00000426,P00801,2025-03-24,1,Quality Issue,Refund,41.98
RT0004195,O00097716,P01817,2023-08-19,1,Wrong Product,Refund,19.04
RT0004196,O00039090,P00259,2025-12-03,4,Damaged in Transit,Credit Memo,272.19
RT0004197,O00009169,P00611,2025-05-06,3,Quality Issue,Replacement,119.33
RT0004198,O00052085,P02445,2025-07-09,6,Quality Issue,Refund,229.31
RT0004199,O00003365,P01414,2023-06-08,1,Late Delivery,Refund,157.0
RT0004200,O00099557,P00347,2023-08-30,2,Damaged in Transit,Credit Memo,136.85
RT0004201,O00025288,P00389,2025-12-08,1,Wrong Product,Refund,14.8
RT0004202,O00031079,P02128,2024-10-04,1,Customer Changed Mind,Refund,23.43
RT0004203,O00031203,P00034,2025-06-30,6,Late Delivery,Credit Memo,144.96
RT0004204,O00064730,P00062,2024-07-15,5,Quality Issue,Credit Memo,244.48
RT0004205,O00027593,P01598,2025-04-27,1,Late Delivery,Credit Memo,29.81
RT0004206,O00044433,P00128,2024-08-14,2,Damaged in Transit,Refund,72.72
RT0004207,O00057093,P00184,2025-05-01,2,Excess Quantity,Credit Memo,45.82
RT0004208,O00087498,P00655,2024-07-19,1,Excess Quantity,Replacement,4.26
RT0004209,O00092925,P00210,2024-01-06,2,Excess Quantity,Credit Memo,63.19
RT0004210,O00011953,P00010,2024-08-27,10,Excess Quantity,Replacement,665.0
RT0004211,O00029278,P00595,2024-05-18,2,Damaged in Transit,Credit Memo,126.81
RT0004212,O00069338,P00383,2025-02-24,2,Damaged in Transit,Credit Memo,85.43
RT0004213,O00090711,P01916,2023-04-14,3,Wrong Product,Credit Memo,72.66
RT0004214,O00064797,P00862,2025-05-07,1,Late Delivery,Replacement,21.45
RT0004215,O00051227,P02299,2023-06-02,7,Damaged in Transit,Replacement,187.53
RT0004216,O00035973,P00050,2025-04-01,1,Wrong Product,Replacement,45.65
RT0004217,O00007365,P01240,2025-07-26,1,Quality Issue,Credit Memo,62.88
RT0004218,O00052306,P00226,2025-04-18,1,Quality Issue,Replacement,34.87
RT0004219,O00098613,P00859,2024-05-19,1,Quality Issue,Credit Memo,22.54
RT0004220,O00071645,P02742,2025-01-03,2,Damaged in Transit,Replacement,74.0
RT0004221,O00052240,P02331,2025-06-11,2,Damaged in Transit,Refund,30.51
RT0004222,O00011124,P02248,2025-06-27,6,Excess Quantity,Replacement,252.87
RT0004223,O00000319,P00184,2023-11-09,1,Damaged in Transit,Credit Memo,19.84
RT0004224,O00032854,P01208,2024-09-10,1,Customer Changed Mind,Refund,90.79
RT0004225,O00031731,P00497,2023-10-18,2,Excess Quantity,Credit Memo,264.08
RT0004226,O00083351,P01070,2023-07-16,2,Customer Changed Mind,Credit Memo,97.24
RT0004227,O00029477,P00402,2025-12-21,3,Quality Issue,Refund,134.52
RT0004228,O00090178,P00165,2024-09-08,4,Customer Changed Mind,Refund,53.28
RT0004229,O00072669,P01344,2026-01-01,6,Quality Issue,Refund,78.9
RT0004230,O00061949,P02843,2025-07-16,1,Late Delivery,Refund,18.74
RT0004231,O00023997,P00043,2025-12-12,6,Wrong Product,Credit Memo,82.26
RT0004232,O00026005,P00521,2025-08-20,1,Quality Issue,Credit Memo,21.25
RT0004233,O00005215,P00246,2023-05-18,5,Wrong Product,Refund,493.3
RT0004234,O00006067,P00378,2023-04-06,2,Late Delivery,Credit Memo,325.76
RT0004235,O00052290,P01855,2023-08-21,2,Quality Issue,Replacement,55.8
RT0004236,O00021834,P00002,2024-07-27,2,Damaged in Transit,Replacement,125.52
RT0004237,O00041496,P00373,2023-04-10,4,Wrong Product,Refund,133.0
RT0004238,O00094068,P00208,2025-09-04,4,Quality Issue,Refund,133.34
RT0004239,O00074716,P01647,2023-09-09,1,Customer Changed Mind,Replacement,21.97
RT0004240,O00082159,P02963,2025-05-25,6,Late Delivery,Replacement,84.62
RT0004241,O00086676,P00297,2024-08-05,6,Damaged in Transit,Refund,753.7
RT0004242,O00044694,P00032,2024-01-09,3,Damaged in Transit,Refund,120.75
RT0004243,O00028336,P00130,2024-05-15,1,Damaged in Transit,Refund,32.03
RT0004244,O00087532,P00110,2024-07-13,1,Wrong Product,Refund,29.2
RT0004245,O00047366,P00607,2025-05-22,1,Damaged in Transit,Replacement,40.82
RT0004246,O00022960,P00386,2025-10-20,1,Excess Quantity,Credit Memo,129.75
RT0004247,O00068055,P00059,2025-03-10,1,Excess Quantity,Credit Memo,60.18
RT0004248,O00038776,P00494,2025-06-23,1,Damaged in Transit,Refund,12.6
RT0004249,O00089666,P00479,2023-07-28,1,Damaged in Transit,Refund,32.32
RT0004250,O00058967,P00636,2024-06-27,1,Quality Issue,Refund,116.8
RT0004251,O00087646,P00426,2024-04-17,1,Wrong Product,Refund,35.08
RT0004252,O00073330,P01483,2024-08-18,1,Late Delivery,Credit Memo,49.45
RT0004253,O00052426,P00080,2023-02-05,2,Damaged in Transit,Refund,45.69
RT0004254,O00030819,P00009,2025-06-25,2,Damaged in Transit,Replacement,117.38
RT0004255,O00071704,P01908,2025-05-17,7,Wrong Product,Replacement,641.95
RT0004256,O00068297,P02850,2025-12-08,3,Wrong Product,Credit Memo,76.77
RT0004257,O00029740,P01612,2025-01-29,5,Late Delivery,Refund,57.33
RT0004258,O00056549,P00018,2025-04-29,2,Quality Issue,Refund,113.11
RT0004259,O00064893,P00087,2025-01-11,1,Quality Issue,Credit Memo,26.14
RT0004260,O00021394,P00557,2024-06-01,1,Damaged in Transit,Replacement,19.59
RT0004261,O00059120,P01963,2025-07-14,2,Quality Issue,Refund,88.1
RT0004262,O00003094,P00021,2025-07-02,1,Damaged in Transit,Refund,68.94
RT0004263,O00071887,P02519,2025-06-15,3,Wrong Product,Refund,198.3
RT0004264,O00025259,P00270,2023-07-20,2,Damaged in Transit,Credit Memo,9.78
RT0004265,O00065267,P01474,2024-08-01,9,Damaged in Transit,Replacement,1211.03
RT0004266,O00041721,P01300,2025-11-19,1,Late Delivery,Credit Memo,11.68
RT0004267,O00032186,P00718,2023-10-27,1,Customer Changed Mind,Credit Memo,53.63
RT0004268,O00022339,P00175,2023-07-23,2,Wrong Product,Credit Memo,26.38
RT0004269,O00009319,P00243,2023-04-09,3,Customer Changed Mind,Refund,107.7
RT0004270,O00059187,P01023,2023-10-28,5,Customer Changed Mind,Credit Memo,56.91
RT0004271,O00055374,P00753,2025-12-11,2,Customer Changed Mind,Replacement,78.95
RT0004272,O00065043,P00406,2024-08-10,2,Wrong Product,Credit Memo,66.34
RT0004273,O00063145,P00449,2025-09-26,3,Late Delivery,Credit Memo,91.06
RT0004274,O00075576,P02813,2024-11-28,2,Damaged in Transit,Refund,53.78
RT0004275,O00075735,P00290,2024-05-14,6,Damaged in Transit,Credit Memo,183.0
RT0004276,O00027067,P02225,2024-12-08,1,Damaged in Transit,Credit Memo,124.08
RT0004277,O00029568,P00546,2023-11-09,1,Wrong Product,Replacement,22.59
RT0004278,O00022285,P00239,2023-10-05,2,Late Delivery,Replacement,196.81
RT0004279,O00086777,P01363,2025-08-11,3,Damaged in Transit,Credit Memo,72.65
RT0004280,O00095675,P00477,2024-10-16,1,Excess Quantity,Credit Memo,65.41
RT0004281,O00018623,P00068,2025-12-28,2,Quality Issue,Refund,36.35
RT0004282,O00086071,P01068,2024-08-20,3,Late Delivery,Credit Memo,71.76
RT0004283,O00050211,P00135,2023-03-13,1,Quality Issue,Credit Memo,38.05
RT0004284,O00073604,P00331,2023-10-09,2,Excess Quantity,Refund,26.43
RT0004285,O00076403,P00105,2024-09-26,4,Quality Issue,Replacement,76.68
RT0004286,O00066254,P00011,2023-10-27,1,Damaged in Transit,Refund,39.41
RT0004287,O00081609,P00004,2023-09-30,5,Wrong Product,Refund,163.2
RT0004288,O00067775,P00125,2023-09-28,1,Damaged in Transit,Refund,244.31
RT0004289,O00065037,P00084,2025-01-02,3,Excess Quantity,Refund,241.53
RT0004290,O00015027,P02711,2025-07-14,8,Damaged in Transit,Credit Memo,632.4
RT0004291,O00063047,P00005,2024-11-24,1,Excess Quantity,Replacement,52.3
RT0004292,O00005096,P02349,2025-05-31,1,Damaged in Transit,Refund,55.32
RT0004293,O00019649,P02926,2023-05-13,4,Excess Quantity,Credit Memo,308.38
RT0004294,O00033372,P00940,2023-08-13,1,Wrong Product,Credit Memo,102.85
RT0004295,O00033816,P00725,2025-05-17,1,Quality Issue,Credit Memo,41.09
RT0004296,O00073188,P01575,2025-11-21,9,Late Delivery,Replacement,1563.43
RT0004297,O00050826,P02584,2025-08-02,3,Quality Issue,Replacement,26.65
RT0004298,O00049351,P00058,2026-01-01,3,Customer Changed Mind,Credit Memo,139.15
RT0004299,O00032600,P00655,2025-05-28,4,Wrong Product,Refund,20.94
RT0004300,O00030680,P00476,2023-06-18,2,Damaged in Transit,Replacement,27.09
RT0004301,O00066580,P00061,2025-07-31,3,Customer Changed Mind,Credit Memo,58.29
RT0004302,O00065667,P00020,2024-02-14,5,Quality Issue,Replacement,144.5
RT0004303,O00025297,P01474,2025-10-24,5,Customer Changed Mind,Credit Memo,703.94
RT0004304,O00001530,P00102,2024-06-29,8,Customer Changed Mind,Replacement,388.66
RT0004305,O00003794,P01404,2025-05-14,3,Customer Changed Mind,Credit Memo,377.92
RT0004306,O00090741,P02871,2023-08-17,3,Customer Changed Mind,Credit Memo,160.67
RT0004307,O00064133,P01630,2023-11-10,2,Customer Changed Mind,Replacement,34.7
RT0004308,O00026584,P00857,2024-04-06,4,Late Delivery,Replacement,273.2
RT0004309,O00044806,P00118,2023-10-11,3,Wrong Product,Credit Memo,63.67
RT0004310,O00064032,P00336,2024-02-17,12,Wrong Product,Refund,770.64
RT0004311,O00092501,P00127,2024-09-11,2,Damaged in Transit,Replacement,253.14
RT0004312,O00014837,P00798,2025-06-09,2,Damaged in Transit,Credit Memo,137.64
RT0004313,O00029319,P00063,2025-03-10,1,Customer Changed Mind,Credit Memo,67.7
RT0004314,O00024582,P00002,2023-11-24,1,Damaged in Transit,Refund,66.39
RT0004315,O00039571,P00008,2024-11-22,5,Excess Quantity,Refund,301.3
RT0004316,O00053763,P00752,2025-05-18,2,Damaged in Transit,Refund,180.12
RT0004317,O00061664,P02775,2024-08-02,3,Customer Changed Mind,Refund,134.27
RT0004318,O00010678,P00474,2025-03-18,1,Wrong Product,Credit Memo,42.81
RT0004319,O00024448,P00564,2024-03-02,2,Late Delivery,Refund,284.27
RT0004320,O00052431,P00285,2025-10-16,5,Damaged in Transit,Replacement,238.29
RT0004321,O00030962,P02498,2023-10-25,5,Damaged in Transit,Refund,263.44
RT0004322,O00030880,P01091,2024-10-27,5,Wrong Product,Replacement,1036.59
RT0004323,O00025545,P00602,2025-04-04,1,Excess Quantity,Refund,42.78
RT0004324,O00034098,P00071,2023-03-16,1,Quality Issue,Credit Memo,64.77
RT0004325,O00034740,P01447,2024-11-27,2,Wrong Product,Replacement,63.67
RT0004326,O00071972,P02439,2025-10-18,14,Late Delivery,Credit Memo,1085.84
RT0004327,O00017921,P01733,2025-06-09,2,Late Delivery,Credit Memo,129.86
RT0004328,O00095021,P00429,2023-04-18,5,Customer Changed Mind,Replacement,236.6
RT0004329,O00095418,P00782,2024-04-12,2,Excess Quantity,Refund,39.29
RT0004330,O00077634,P00398,2025-07-06,1,Damaged in Transit,Replacement,9.35
RT0004331,O00056111,P00002,2023-02-17,2,Wrong Product,Refund,140.98
RT0004332,O00007266,P00031,2025-07-10,2,Wrong Product,Credit Memo,22.66
RT0004333,O00053311,P00340,2025-08-30,1,Damaged in Transit,Refund,47.78
RT0004334,O00063116,P00185,2024-07-06,2,Wrong Product,Credit Memo,75.88
RT0004335,O00031373,P00564,2024-09-07,2,Quality Issue,Refund,265.22
RT0004336,O00083198,P00040,2023-09-02,1,Wrong Product,Replacement,59.94
RT0004337,O00011046,P00002,2025-01-24,1,Damaged in Transit,Replacement,76.51
RT0004338,O00054728,P02176,2024-07-05,2,Late Delivery,Refund,68.07
RT0004339,O00087943,P00005,2025-11-11,1,Customer Changed Mind,Credit Memo,56.64
RT0004340,O00019193,P00002,2025-11-08,7,Quality Issue,Replacement,533.81
RT0004341,O00060478,P01924,2025-12-21,4,Late Delivery,Refund,172.08
RT0004342,O00061083,P02859,2023-01-23,1,Damaged in Transit,Credit Memo,43.83
RT0004343,O00029638,P00115,2025-06-10,4,Customer Changed Mind,Replacement,95.71
RT0004344,O00031549,P02872,2025-09-21,6,Customer Changed Mind,Replacement,435.34
RT0004345,O00092846,P00011,2025-06-17,1,Quality Issue,Credit Memo,41.61
RT0004346,O00013416,P00200,2023-05-05,7,Wrong Product,Refund,308.98
RT0004347,O00070842,P00277,2025-07-08,5,Wrong Product,Credit Memo,224.77
RT0004348,O00011645,P01128,2023-07-18,4,Quality Issue,Credit Memo,266.4
RT0004349,O00032423,P00031,2024-02-18,1,Quality Issue,Refund,10.89
RT0004350,O00032738,P00040,2023-06-23,1,Customer Changed Mind,Credit Memo,63.01
RT0004351,O00060789,P00436,2023-10-31,4,Quality Issue,Replacement,169.49
RT0004352,O00099937,P00133,2024-11-02,6,Late Delivery,Refund,432.36
RT0004353,O00091125,P01551,2024-12-12,1,Damaged in Transit,Replacement,17.58
RT0004354,O00025931,P01133,2023-11-09,2,Damaged in Transit,Refund,83.43
RT0004355,O00062638,P00150,2023-11-15,3,Late Delivery,Refund,34.34
RT0004356,O00003841,P00312,2025-11-26,9,Damaged in Transit,Refund,398.94
RT0004357,O00077828,P00058,2023-06-01,6,Damaged in Transit,Replacement,263.21
RT0004358,O00051217,P00170,2025-06-09,4,Quality Issue,Replacement,333.33
RT0004359,O00083759,P00492,2024-04-06,3,Wrong Product,Refund,150.54
RT0004360,O00046559,P00353,2025-05-02,2,Customer Changed Mind,Credit Memo,161.64
RT0004361,O00021939,P00305,2024-10-05,4,Excess Quantity,Replacement,39.92
RT0004362,O00079319,P01516,2023-08-16,1,Excess Quantity,Refund,36.95
RT0004363,O00099138,P00057,2023-03-03,1,Quality Issue,Credit Memo,23.72
RT0004364,O00083608,P00151,2023-10-22,2,Damaged in Transit,Credit Memo,260.47
RT0004365,O00021898,P00166,2025-01-20,2,Wrong Product,Replacement,196.59
RT0004366,O00055312,P01249,2024-09-01,3,Wrong Product,Replacement,96.1
RT0004367,O00074895,P01353,2025-11-14,3,Wrong Product,Credit Memo,128.31
RT0004368,O00019815,P00057,2023-06-15,3,Customer Changed Mind,Refund,81.92
RT0004369,O00072427,P00271,2025-02-12,2,Late Delivery,Refund,22.06
RT0004370,O00036957,P00325,2023-05-16,1,Late Delivery,Replacement,38.84
RT0004371,O00002419,P02576,2023-11-01,6,Damaged in Transit,Credit Memo,628.62
RT0004372,O00086733,P00244,2024-11-03,5,Quality Issue,Credit Memo,106.11
RT0004373,O00060473,P01427,2024-06-10,5,Damaged in Transit,Credit Memo,420.35
RT0004374,O00034411,P00015,2023-02-25,2,Quality Issue,Refund,86.79
RT0004375,O00034954,P00634,2023-02-20,8,Late Delivery,Refund,182.38
RT0004376,O00043644,P01432,2023-07-13,3,Quality Issue,Credit Memo,57.17
RT0004377,O00075439,P00406,2025-03-25,2,Damaged in Transit,Refund,66.6
RT0004378,O00097386,P01157,2024-11-13,1,Quality Issue,Replacement,93.49
RT0004379,O00095563,P00351,2023-06-09,3,Quality Issue,Credit Memo,235.65
RT0004380,O00088550,P01067,2024-10-12,4,Quality Issue,Refund,99.72
RT0004381,O00083004,P00016,2025-09-18,2,Quality Issue,Replacement,297.1
RT0004382,O00007111,P00644,2023-02-28,2,Excess Quantity,Credit Memo,28.85
RT0004383,O00073905,P00278,2023-03-11,3,Customer Changed Mind,Replacement,83.35
RT0004384,O00016486,P00248,2024-08-15,2,Wrong Product,Replacement,82.96
RT0004385,O00038538,P01740,2023-05-11,1,Excess Quantity,Refund,77.28
RT0004386,O00068708,P00001,2023-10-30,1,Late Delivery,Refund,30.02
RT0004387,O00011740,P00183,2024-05-04,3,Damaged in Transit,Refund,124.95
RT0004388,O00080652,P02429,2024-06-04,1,Damaged in Transit,Replacement,16.69
RT0004389,O00000245,P00003,2023-08-29,1,Customer Changed Mind,Replacement,9.43
RT0004390,O00080833,P00409,2025-07-22,2,Late Delivery,Replacement,61.01
RT0004391,O00066365,P02330,2024-04-09,2,Quality Issue,Credit Memo,48.31
RT0004392,O00048974,P01312,2025-05-17,1,Wrong Product,Credit Memo,104.61
RT0004393,O00016906,P00393,2024-03-19,1,Late Delivery,Credit Memo,39.79
RT0004394,O00028823,P00514,2024-12-09,1,Quality Issue,Refund,7.41
RT0004395,O00075611,P00301,2024-11-15,2,Quality Issue,Credit Memo,104.7
RT0004396,O00003454,P00113,2025-04-22,4,Customer Changed Mind,Credit Memo,182.23
RT0004397,O00034768,P00049,2025-10-30,1,Damaged in Transit,Replacement,14.98
RT0004398,O00050865,P00029,2023-04-03,2,Excess Quantity,Refund,68.15
RT0004399,O00030983,P01027,2025-09-20,2,Damaged in Transit,Refund,199.86
RT0004400,O00080578,P00684,2023-07-11,1,Customer Changed Mind,Replacement,17.98
RT0004401,O00076963,P00031,2024-07-01,3,Excess Quantity,Credit Memo,33.46
RT0004402,O00023472,P02693,2023-07-15,1,Customer Changed Mind,Refund,157.35
RT0004403,O00080950,P00004,2023-09-14,1,Excess Quantity,Replacement,39.64
RT0004404,O00070603,P00553,2025-01-29,2,Customer Changed Mind,Refund,38.06
RT0004405,O00078550,P02001,2023-08-12,3,Wrong Product,Replacement,136.79
RT0004406,O00030966,P00331,2025-11-14,1,Excess Quantity,Replacement,15.11
RT0004407,O00067126,P00214,2025-09-12,1,Excess Quantity,Refund,57.8
RT0004408,O00016670,P00901,2025-10-30,4,Damaged in Transit,Credit Memo,177.99
RT0004409,O00064985,P01174,2023-09-22,1,Damaged in Transit,Replacement,30.74
RT0004410,O00091144,P00230,2024-03-23,1,Damaged in Transit,Credit Memo,42.75
RT0004411,O00033655,P00003,2023-09-02,6,Customer Changed Mind,Credit Memo,52.66
RT0004412,O00099065,P01358,2024-08-23,2,Late Delivery,Refund,52.6
RT0004413,O00038108,P00028,2023-07-06,1,Quality Issue,Credit Memo,22.28
RT0004414,O00085955,P00846,2025-07-13,2,Excess Quantity,Replacement,48.0
RT0004415,O00029037,P00571,2025-10-25,1,Damaged in Transit,Refund,150.52
RT0004416,O00022011,P00337,2025-08-19,1,Quality Issue,Credit Memo,24.68
RT0004417,O00044200,P00002,2024-11-09,1,Quality Issue,Refund,77.24
RT0004418,O00018483,P02426,2024-07-13,4,Late Delivery,Refund,97.52
RT0004419,O00042626,P02086,2024-12-23,1,Quality Issue,Refund,65.07
RT0004420,O00082201,P00102,2023-07-03,1,Excess Quantity,Credit Memo,42.62
RT0004421,O00045795,P00031,2025-03-24,12,Damaged in Transit,Credit Memo,121.88
RT0004422,O00015480,P00415,2025-10-01,1,Late Delivery,Refund,76.98
RT0004423,O00075756,P02171,2023-07-10,3,Quality Issue,Refund,27.47
RT0004424,O00074263,P00896,2023-06-01,1,Customer Changed Mind,Refund,10.05
RT0004425,O00031813,P02757,2025-10-09,5,Wrong Product,Credit Memo,59.62
RT0004426,O00047899,P00012,2024-10-25,2,Quality Issue,Replacement,253.1
RT0004427,O00039226,P00410,2023-09-02,7,Wrong Product,Refund,340.77
RT0004428,O00059432,P00039,2024-10-14,1,Quality Issue,Refund,32.45
RT0004429,O00034185,P01374,2024-03-15,6,Quality Issue,Refund,443.88
RT0004430,O00012476,P00001,2023-07-23,2,Damaged in Transit,Replacement,75.17
RT0004431,O00056041,P01681,2023-09-24,6,Damaged in Transit,Refund,175.24
RT0004432,O00020135,P00004,2023-05-18,1,Damaged in Transit,Credit Memo,35.09
RT0004433,O00099833,P02455,2024-09-22,3,Customer Changed Mind,Replacement,81.84
RT0004434,O00024661,P01490,2025-06-01,6,Quality Issue,Replacement,188.89
RT0004435,O00094525,P00065,2026-01-23,2,Quality Issue,Credit Memo,55.38
RT0004436,O00030859,P02495,2023-06-04,1,Quality Issue,Replacement,22.36
RT0004437,O00076438,P00376,2025-11-22,1,Damaged in Transit,Credit Memo,43.01
RT0004438,O00008062,P00475,2025-05-10,8,Excess Quantity,Replacement,411.21
RT0004439,O00082792,P01852,2023-12-16,3,Excess Quantity,Credit Memo,77.98
RT0004440,O00053595,P00373,2023-10-27,3,Customer Changed Mind,Credit Memo,96.61
RT0004441,O00019046,P00081,2023-07-05,3,Customer Changed Mind,Credit Memo,49.02
RT0004442,O00060069,P00028,2024-12-23,1,Quality Issue,Refund,26.4
RT0004443,O00050205,P00979,2025-03-19,7,Customer Changed Mind,Replacement,437.98
RT0004444,O00033773,P00091,2025-08-30,3,Customer Changed Mind,Credit Memo,347.13
RT0004445,O00048493,P00839,2024-11-26,1,Wrong Product,Credit Memo,72.02
RT0004446,O00083437,P00095,2025-03-29,1,Late Delivery,Refund,12.72
RT0004447,O00079006,P01873,2024-02-05,2,Quality Issue,Replacement,512.8
RT0004448,O00027714,P00893,2023-08-31,1,Damaged in Transit,Credit Memo,60.32
RT0004449,O00063496,P00041,2024-03-27,3,Wrong Product,Refund,166.1
RT0004450,O00051563,P00114,2024-04-24,2,Customer Changed Mind,Refund,382.99
RT0004451,O00077899,P00796,2024-11-25,2,Quality Issue,Refund,23.26
RT0004452,O00053771,P00025,2023-10-05,3,Wrong Product,Refund,215.51
RT0004453,O00014793,P00002,2025-12-28,2,Customer Changed Mind,Replacement,137.72
RT0004454,O00084150,P01641,2024-11-27,3,Damaged in Transit,Replacement,489.6
RT0004455,O00079857,P00983,2023-11-11,3,Customer Changed Mind,Replacement,60.79
RT0004456,O00057738,P00314,2025-08-14,4,Quality Issue,Replacement,139.92
RT0004457,O00005248,P00171,2025-04-07,2,Wrong Product,Credit Memo,16.58
RT0004458,O00086488,P02234,2023-08-04,3,Damaged in Transit,Credit Memo,94.61
RT0004459,O00091911,P00774,2025-09-03,1,Quality Issue,Credit Memo,13.95
RT0004460,O00071380,P00692,2025-08-25,3,Quality Issue,Credit Memo,107.25
RT0004461,O00090294,P00001,2023-04-15,1,Wrong Product,Replacement,36.35
RT0004462,O00058325,P00007,2025-08-25,1,Damaged in Transit,Credit Memo,36.39
RT0004463,O00051814,P01570,2024-01-29,2,Quality Issue,Replacement,89.89
RT0004464,O00025552,P00255,2023-07-26,2,Wrong Product,Replacement,49.61
RT0004465,O00000194,P00840,2023-06-29,1,Late Delivery,Refund,19.79
RT0004466,O00071923,P02127,2023-03-05,1,Late Delivery,Credit Memo,46.56
RT0004467,O00012864,P01078,2023-03-05,1,Wrong Product,Replacement,46.17
RT0004468,O00050195,P02444,2023-06-04,1,Excess Quantity,Replacement,38.01
RT0004469,O00057717,P00279,2025-03-20,1,Wrong Product,Credit Memo,22.87
RT0004470,O00025787,P01156,2024-06-22,14,Excess Quantity,Replacement,1285.62
RT0004471,O00079794,P00004,2024-01-13,12,Wrong Product,Refund,460.71
RT0004472,O00081580,P00914,2023-05-30,7,Quality Issue,Replacement,383.91
RT0004473,O00071120,P01208,2023-07-12,3,Wrong Product,Refund,263.03
RT0004474,O00008069,P01855,2023-10-24,5,Wrong Product,Credit Memo,147.06
RT0004475,O00058290,P00216,2024-12-29,3,Quality Issue,Credit Memo,51.7
RT0004476,O00009964,P00216,2025-09-08,1,Late Delivery,Credit Memo,17.83
RT0004477,O00088609,P01065,2023-08-09,3,Damaged in Transit,Credit Memo,173.53
RT0004478,O00087137,P00476,2024-06-23,7,Excess Quantity,Replacement,90.72
RT0004479,O00099405,P00363,2024-09-29,6,Quality Issue,Replacement,150.24
RT0004480,O00005827,P00103,2023-09-05,3,Quality Issue,Credit Memo,29.88
RT0004481,O00037891,P01440,2023-04-01,1,Wrong Product,Replacement,22.39
RT0004482,O00071270,P00516,2023-09-22,1,Late Delivery,Credit Memo,106.19
RT0004483,O00025312,P00041,2025-12-17,1,Wrong Product,Credit Memo,60.71
RT0004484,O00076899,P02716,2025-06-30,2,Damaged in Transit,Replacement,24.49
RT0004485,O00098625,P01827,2023-10-06,1,Wrong Product,Credit Memo,70.49
RT0004486,O00060016,P02919,2025-09-23,3,Customer Changed Mind,Refund,210.3
RT0004487,O00054552,P00717,2023-12-29,1,Excess Quantity,Credit Memo,20.71
RT0004488,O00006512,P02614,2023-08-30,2,Quality Issue,Credit Memo,74.07
RT0004489,O00045464,P00050,2025-10-07,1,Customer Changed Mind,Credit Memo,42.54
RT0004490,O00070404,P00799,2025-05-15,9,Damaged in Transit,Credit Memo,438.96
RT0004491,O00064726,P01446,2025-06-27,3,Excess Quantity,Refund,63.75
RT0004492,O00071154,P00262,2025-02-11,1,Wrong Product,Refund,101.89
RT0004493,O00001472,P00004,2023-12-13,7,Customer Changed Mind,Replacement,256.69
RT0004494,O00026158,P01459,2023-07-04,5,Customer Changed Mind,Credit Memo,433.48
RT0004495,O00020396,P02439,2025-06-04,3,Quality Issue,Refund,259.53
RT0004496,O00083001,P00096,2025-03-15,6,Quality Issue,Refund,655.14
RT0004497,O00026977,P00001,2024-08-08,2,Customer Changed Mind,Credit Memo,78.43
RT0004498,O00004247,P00059,2025-10-24,2,Late Delivery,Replacement,109.76
RT0004499,O00012474,P02822,2024-08-23,3,Damaged in Transit,Replacement,216.94
RT0004500,O00062290,P00515,2025-07-24,1,Quality Issue,Refund,32.34
RT0004501,O00055459,P00020,2024-06-03,2,Customer Changed Mind,Refund,52.25
RT0004502,O00072538,P00473,2025-11-20,6,Wrong Product,Refund,238.62
RT0004503,O00043354,P00072,2025-05-28,6,Customer Changed Mind,Refund,65.44
RT0004504,O00061897,P00786,2025-02-13,1,Wrong Product,Refund,32.49
RT0004505,O00011139,P00131,2023-02-13,1,Quality Issue,Replacement,33.79
RT0004506,O00019960,P00041,2023-09-08,5,Quality Issue,Credit Memo,244.33
RT0004507,O00022659,P02944,2025-08-18,8,Damaged in Transit,Credit Memo,356.59
RT0004508,O00069455,P01347,2023-06-01,5,Customer Changed Mind,Refund,166.47
RT0004509,O00022268,P00004,2023-07-04,1,Customer Changed Mind,Credit Memo,37.93
RT0004510,O00025913,P00536,2023-10-18,2,Quality Issue,Credit Memo,57.1
RT0004511,O00042089,P00002,2026-01-09,3,Quality Issue,Refund,217.76
RT0004512,O00072506,P00230,2024-05-21,5,Quality Issue,Credit Memo,197.96
RT0004513,O00037373,P00351,2023-05-23,2,Wrong Product,Refund,139.8
RT0004514,O00075231,P00519,2024-06-27,7,Damaged in Transit,Refund,402.64
RT0004515,O00020810,P00365,2024-02-14,2,Wrong Product,Credit Memo,37.42
RT0004516,O00049094,P00146,2023-07-19,3,Excess Quantity,Refund,99.89
RT0004517,O00099941,P00090,2024-03-09,5,Late Delivery,Refund,146.34
RT0004518,O00027754,P00601,2023-06-02,2,Excess Quantity,Replacement,34.96
RT0004519,O00008725,P00021,2023-11-27,1,Damaged in Transit,Refund,70.09
RT0004520,O00000246,P02936,2023-06-20,6,Late Delivery,Refund,310.73
RT0004521,O00047346,P01983,2023-05-28,2,Customer Changed Mind,Refund,60.26
RT0004522,O00096313,P00172,2023-11-19,5,Late Delivery,Refund,231.52
RT0004523,O00036651,P00984,2025-03-28,8,Quality Issue,Replacement,425.48
RT0004524,O00087285,P00405,2024-09-24,1,Late Delivery,Refund,26.13
RT0004525,O00062987,P00086,2024-03-21,6,Quality Issue,Replacement,135.72
RT0004526,O00086570,P00083,2023-05-07,4,Quality Issue,Credit Memo,247.36
RT0004527,O00064786,P00455,2024-08-07,3,Customer Changed Mind,Credit Memo,108.05
RT0004528,O00076314,P00029,2025-04-16,3,Quality Issue,Replacement,115.98
RT0004529,O00087585,P00002,2024-11-26,1,Customer Changed Mind,Refund,76.12
RT0004530,O00033769,P01849,2025-09-24,1,Customer Changed Mind,Credit Memo,17.77
RT0004531,O00072671,P02173,2023-04-15,1,Late Delivery,Credit Memo,29.17
RT0004532,O00025519,P00686,2024-03-20,1,Damaged in Transit,Credit Memo,13.77
RT0004533,O00050619,P00073,2025-10-25,6,Excess Quantity,Replacement,148.54
RT0004534,O00078874,P00581,2023-08-11,1,Quality Issue,Replacement,14.28
RT0004535,O00054588,P00877,2024-03-16,6,Excess Quantity,Credit Memo,134.62
RT0004536,O00034266,P00110,2023-10-08,4,Damaged in Transit,Replacement,116.01
RT0004537,O00080124,P00001,2024-12-11,3,Excess Quantity,Replacement,121.18
RT0004538,O00065967,P02723,2025-01-30,1,Quality Issue,Replacement,78.61
RT0004539,O00014441,P00009,2023-07-17,2,Quality Issue,Credit Memo,95.49
RT0004540,O00073341,P00094,2023-09-07,1,Customer Changed Mind,Replacement,37.52
RT0004541,O00087156,P00268,2025-08-29,3,Late Delivery,Refund,36.3
RT0004542,O00059976,P00079,2024-07-15,2,Late Delivery,Credit Memo,90.83
RT0004543,O00090612,P00059,2024-04-11,2,Quality Issue,Credit Memo,103.54
RT0004544,O00056896,P00017,2024-10-09,1,Damaged in Transit,Credit Memo,23.34
RT0004545,O00082578,P02084,2025-12-22,3,Damaged in Transit,Replacement,46.44
RT0004546,O00069632,P00038,2024-04-22,2,Damaged in Transit,Replacement,81.58
RT0004547,O00073601,P00145,2024-03-26,3,Damaged in Transit,Credit Memo,71.17
RT0004548,O00010645,P02377,2023-11-06,1,Excess Quantity,Replacement,66.58
RT0004549,O00066020,P00112,2025-08-22,2,Damaged in Transit,Refund,74.83
RT0004550,O00071618,P00023,2025-01-11,12,Wrong Product,Replacement,441.29
RT0004551,O00020048,P01473,2024-08-14,1,Wrong Product,Replacement,35.54
RT0004552,O00055684,P00001,2025-08-07,3,Customer Changed Mind,Replacement,133.68
RT0004553,O00087945,P00027,2023-09-01,1,Late Delivery,Replacement,13.85
RT0004554,O00056906,P00002,2025-12-21,3,Late Delivery,Replacement,199.0
RT0004555,O00062433,P00657,2025-05-10,3,Damaged in Transit,Credit Memo,63.56
RT0004556,O00062810,P00335,2023-11-28,1,Damaged in Transit,Credit Memo,28.37
RT0004557,O00007004,P00239,2024-07-24,1,Customer Changed Mind,Refund,97.47
RT0004558,O00062081,P01634,2025-08-10,1,Excess Quantity,Refund,6.75
RT0004559,O00050746,P01622,2023-01-28,2,Wrong Product,Refund,94.93
RT0004560,O00095988,P01954,2023-08-21,2,Quality Issue,Credit Memo,21.3
RT0004561,O00001798,P00889,2025-02-19,4,Customer Changed Mind,Refund,64.49
RT0004562,O00096036,P00001,2024-07-02,3,Excess Quantity,Replacement,115.34
RT0004563,O00085945,P00405,2024-09-20,4,Late Delivery,Refund,115.8
RT0004564,O00023858,P00004,2026-01-23,3,Customer Changed Mind,Credit Memo,125.94
RT0004565,O00020688,P00599,2023-03-17,1,Wrong Product,Replacement,11.59
RT0004566,O00063634,P00082,2023-10-21,3,Wrong Product,Credit Memo,497.71
RT0004567,O00094768,P00030,2025-07-09,6,Damaged in Transit,Refund,140.37
RT0004568,O00087500,P01447,2024-04-03,2,Wrong Product,Refund,62.9
RT0004569,O00081245,P01887,2025-01-02,7,Quality Issue,Refund,317.8
RT0004570,O00055305,P01596,2024-05-13,3,Excess Quantity,Refund,45.01
RT0004571,O00076777,P00727,2025-05-29,1,Wrong Product,Credit Memo,43.33
RT0004572,O00082975,P02756,2024-11-14,1,Quality Issue,Replacement,55.09
RT0004573,O00098982,P02906,2024-10-04,5,Damaged in Transit,Refund,768.31
RT0004574,O00035773,P00025,2024-09-14,2,Late Delivery,Replacement,133.87
RT0004575,O00030385,P02577,2023-04-22,6,Quality Issue,Replacement,203.77
RT0004576,O00073020,P00224,2023-03-15,1,Customer Changed Mind,Credit Memo,88.25
RT0004577,O00066481,P00817,2025-04-28,7,Quality Issue,Refund,390.88
RT0004578,O00059406,P02293,2023-12-25,3,Damaged in Transit,Replacement,91.44
RT0004579,O00011095,P00239,2023-02-23,14,Customer Changed Mind,Replacement,1157.31
RT0004580,O00019648,P00075,2024-08-17,2,Damaged in Transit,Refund,155.08
RT0004581,O00036779,P01399,2024-09-04,1,Damaged in Transit,Replacement,67.17
RT0004582,O00095343,P00127,2023-11-26,2,Wrong Product,Credit Memo,256.21
RT0004583,O00013505,P01205,2023-02-21,2,Damaged in Transit,Replacement,18.74
RT0004584,O00034086,P02582,2024-07-08,2,Customer Changed Mind,Credit Memo,278.78
RT0004585,O00072019,P01205,2025-08-04,5,Damaged in Transit,Replacement,49.55
RT0004586,O00088554,P01645,2023-07-09,1,Damaged in Transit,Refund,24.6
RT0004587,O00026856,P00810,2023-04-29,2,Customer Changed Mind,Replacement,78.68
RT0004588,O00080397,P02309,2024-10-28,2,Damaged in Transit,Refund,13.81
RT0004589,O00015109,P00746,2024-05-22,1,Late Delivery,Refund,24.95
RT0004590,O00036078,P00724,2024-11-07,4,Quality Issue,Credit Memo,858.94
RT0004591,O00048577,P00177,2023-09-08,5,Quality Issue,Credit Memo,118.13
RT0004592,O00038579,P00111,2023-12-02,2,Excess Quantity,Replacement,83.24
RT0004593,O00031701,P02010,2023-11-19,1,Quality Issue,Replacement,30.43
RT0004594,O00018666,P00006,2025-10-28,1,Quality Issue,Refund,61.97
RT0004595,O00008850,P00001,2025-05-29,12,Damaged in Transit,Replacement,525.0
RT0004596,O00077440,P01795,2023-05-24,3,Late Delivery,Credit Memo,68.15
RT0004597,O00013013,P01181,2025-06-28,12,Quality Issue,Credit Memo,1943.36
RT0004598,O00032538,P01099,2024-11-19,1,Damaged in Transit,Refund,40.58
RT0004599,O00057847,P00064,2023-08-13,2,Quality Issue,Replacement,181.74
RT0004600,O00061961,P00001,2025-09-30,3,Damaged in Transit,Credit Memo,115.59
RT0004601,O00073972,P02727,2024-12-08,4,Late Delivery,Refund,568.52
RT0004602,O00088673,P00021,2025-08-01,5,Quality Issue,Credit Memo,345.85
RT0004603,O00094620,P00580,2024-12-26,2,Quality Issue,Credit Memo,10.01
RT0004604,O00013114,P01178,2025-10-24,1,Customer Changed Mind,Refund,14.97
RT0004605,O00022174,P00704,2023-12-05,1,Late Delivery,Replacement,43.59
RT0004606,O00035175,P00761,2023-04-29,1,Customer Changed Mind,Replacement,14.71
RT0004607,O00005865,P00248,2024-06-05,1,Wrong Product,Credit Memo,36.17
RT0004608,O00012700,P02922,2023-12-11,4,Wrong Product,Credit Memo,170.94
RT0004609,O00096352,P00920,2023-11-01,4,Excess Quantity,Replacement,358.64
RT0004610,O00074230,P00647,2023-05-27,2,Excess Quantity,Credit Memo,48.45
RT0004611,O00063480,P01134,2025-11-15,6,Damaged in Transit,Refund,283.05
RT0004612,O00075154,P02240,2023-08-05,1,Customer Changed Mind,Credit Memo,61.75
RT0004613,O00037402,P00003,2023-10-01,1,Excess Quantity,Replacement,10.08
RT0004614,O00079920,P00055,2025-11-12,1,Customer Changed Mind,Replacement,63.76
RT0004615,O00086045,P00153,2024-05-14,3,Excess Quantity,Credit Memo,89.68
RT0004616,O00076272,P00138,2025-08-09,1,Damaged in Transit,Credit Memo,106.24
RT0004617,O00088121,P00014,2024-07-04,2,Damaged in Transit,Replacement,111.94
RT0004618,O00016513,P00843,2024-02-02,1,Customer Changed Mind,Replacement,20.03
RT0004619,O00055271,P00217,2023-09-06,3,Customer Changed Mind,Refund,96.03
RT0004620,O00087925,P00139,2024-12-06,1,Quality Issue,Replacement,16.93
RT0004621,O00069436,P00017,2023-05-07,3,Late Delivery,Refund,67.37
RT0004622,O00095785,P00599,2024-04-17,2,Customer Changed Mind,Replacement,26.5
RT0004623,O00059164,P00152,2025-03-25,11,Quality Issue,Replacement,749.43
RT0004624,O00072590,P01779,2023-03-10,2,Quality Issue,Replacement,63.24
RT0004625,O00014253,P01157,2026-01-18,1,Damaged in Transit,Credit Memo,91.1
RT0004626,O00048780,P00240,2024-11-22,2,Damaged in Transit,Replacement,70.74
RT0004627,O00007557,P00292,2024-01-13,7,Damaged in Transit,Refund,177.42
RT0004628,O00042488,P00019,2025-08-03,2,Customer Changed Mind,Replacement,85.78
RT0004629,O00082425,P00001,2023-09-25,1,Late Delivery,Refund,40.07
RT0004630,O00031894,P00792,2023-09-01,1,Wrong Product,Replacement,49.31
RT0004631,O00024216,P00001,2023-11-27,1,Wrong Product,Replacement,36.01
RT0004632,O00003144,P00684,2024-06-07,1,Excess Quantity,Refund,14.82
RT0004633,O00091815,P01113,2024-12-07,3,Customer Changed Mind,Replacement,42.21
RT0004634,O00031597,P00006,2023-09-30,4,Late Delivery,Credit Memo,262.54
RT0004635,O00077832,P00098,2023-10-01,1,Late Delivery,Replacement,14.86
RT0004636,O00061483,P00065,2025-11-08,1,Customer Changed Mind,Refund,30.43
RT0004637,O00000164,P00117,2024-02-25,5,Wrong Product,Credit Memo,275.64
RT0004638,O00090168,P00186,2024-04-28,1,Excess Quantity,Refund,43.64
RT0004639,O00083358,P00581,2025-08-31,4,Wrong Product,Refund,59.09
RT0004640,O00022626,P00318,2024-03-14,1,Quality Issue,Credit Memo,34.16
RT0004641,O00044792,P00297,2024-11-22,2,Damaged in Transit,Replacement,274.74
RT0004642,O00020896,P00287,2025-12-23,4,Damaged in Transit,Credit Memo,198.93
RT0004643,O00006794,P01619,2025-06-22,2,Damaged in Transit,Refund,159.95
RT0004644,O00085233,P00013,2024-07-22,1,Damaged in Transit,Refund,25.99
RT0004645,O00057359,P00861,2023-06-03,1,Damaged in Transit,Refund,70.97
RT0004646,O00071870,P00917,2025-08-12,1,Quality Issue,Credit Memo,18.82
RT0004647,O00028256,P02856,2023-06-13,1,Wrong Product,Refund,66.07
RT0004648,O00063154,P00153,2023-03-21,8,Late Delivery,Credit Memo,234.72
RT0004649,O00032093,P00833,2023-06-06,2,Customer Changed Mind,Refund,154.51
RT0004650,O00048564,P00563,2024-04-21,1,Quality Issue,Replacement,36.25
RT0004651,O00089171,P00910,2026-01-11,4,Late Delivery,Replacement,247.97
RT0004652,O00075609,P00319,2025-07-21,1,Damaged in Transit,Refund,41.22
RT0004653,O00005002,P01707,2023-06-11,4,Customer Changed Mind,Refund,177.0
RT0004654,O00002062,P00018,2024-05-31,3,Quality Issue,Refund,161.27
RT0004655,O00002018,P00676,2023-09-07,4,Damaged in Transit,Credit Memo,109.63
RT0004656,O00051989,P00194,2025-11-18,2,Late Delivery,Replacement,129.68
RT0004657,O00055228,P00091,2024-07-06,1,Damaged in Transit,Credit Memo,116.28
RT0004658,O00087371,P00094,2024-01-03,3,Excess Quantity,Replacement,116.28
RT0004659,O00076456,P00601,2025-09-07,1,Quality Issue,Refund,20.18
RT0004660,O00075382,P01039,2025-06-19,2,Late Delivery,Refund,107.12
RT0004661,O00069159,P00252,2023-05-09,2,Quality Issue,Refund,45.59
RT0004662,O00060324,P01440,2023-04-27,3,Late Delivery,Refund,62.65
RT0004663,O00031086,P00502,2025-08-29,2,Damaged in Transit,Credit Memo,67.89
RT0004664,O00083166,P00852,2025-05-07,1,Quality Issue,Refund,38.2
RT0004665,O00079319,P00002,2023-07-29,2,Customer Changed Mind,Credit Memo,124.47
RT0004666,O00099201,P00012,2023-11-29,2,Quality Issue,Refund,198.58
RT0004667,O00029441,P00010,2025-12-21,1,Excess Quantity,Replacement,59.8
RT0004668,O00011923,P00730,2024-08-01,2,Customer Changed Mind,Refund,275.2
RT0004669,O00003956,P00041,2026-01-09,4,Customer Changed Mind,Refund,255.16
RT0004670,O00054223,P00002,2024-04-01,1,Damaged in Transit,Credit Memo,69.58
RT0004671,O00072686,P02684,2024-09-19,1,Wrong Product,Credit Memo,20.65
RT0004672,O00090437,P00090,2024-05-11,3,Damaged in Transit,Credit Memo,99.44
RT0004673,O00085301,P01004,2025-09-22,1,Quality Issue,Refund,48.12
RT0004674,O00028787,P00095,2025-07-01,1,Customer Changed Mind,Refund,13.37
RT0004675,O00096980,P00085,2025-04-23,1,Excess Quantity,Refund,34.87
RT0004676,O00016075,P02588,2024-03-09,3,Quality Issue,Replacement,467.94
RT0004677,O00076906,P00192,2024-10-25,4,Quality Issue,Refund,43.76
RT0004678,O00030009,P00706,2023-08-26,2,Quality Issue,Refund,62.0
RT0004679,O00008565,P02089,2025-02-19,2,Customer Changed Mind,Refund,118.9
RT0004680,O00036558,P00094,2025-03-19,1,Damaged in Transit,Replacement,37.98
RT0004681,O00013793,P02121,2023-05-10,4,Customer Changed Mind,Credit Memo,136.95
RT0004682,O00075051,P01732,2024-03-12,1,Customer Changed Mind,Credit Memo,14.09
RT0004683,O00013326,P00010,2024-05-15,3,Quality Issue,Replacement,216.77
RT0004684,O00004832,P00835,2024-07-04,1,Excess Quantity,Refund,43.47
RT0004685,O00048244,P00478,2025-08-05,1,Wrong Product,Credit Memo,27.11
RT0004686,O00006583,P00021,2025-01-11,2,Damaged in Transit,Replacement,129.51
RT0004687,O00010591,P00390,2025-12-12,1,Wrong Product,Credit Memo,41.21
RT0004688,O00021678,P00308,2025-09-17,1,Wrong Product,Replacement,21.37
RT0004689,O00026198,P00247,2023-09-04,2,Quality Issue,Credit Memo,55.48
RT0004690,O00052721,P00173,2025-02-18,6,Wrong Product,Refund,724.74
RT0004691,O00059103,P00158,2025-06-16,1,Damaged in Transit,Refund,67.13
RT0004692,O00068018,P02806,2023-10-23,8,Late Delivery,Refund,549.25
RT0004693,O00085049,P00179,2023-07-24,4,Late Delivery,Refund,189.68
RT0004694,O00019808,P00001,2025-05-21,4,Excess Quantity,Replacement,157.21
RT0004695,O00031283,P02849,2025-10-18,1,Customer Changed Mind,Refund,62.7
RT0004696,O00075569,P00549,2024-06-03,1,Wrong Product,Refund,91.66
RT0004697,O00001901,P02496,2023-09-29,2,Quality Issue,Credit Memo,22.25
RT0004698,O00079675,P00036,2025-08-22,1,Customer Changed Mind,Refund,17.39
RT0004699,O00031573,P00001,2025-03-17,1,Damaged in Transit,Refund,36.55
RT0004700,O00096917,P00036,2024-01-12,1,Quality Issue,Replacement,14.52
RT0004701,O00068833,P01819,2023-08-14,1,Customer Changed Mind,Credit Memo,35.06
RT0004702,O00004691,P00944,2023-05-27,6,Customer Changed Mind,Credit Memo,142.73
RT0004703,O00063577,P00012,2023-04-22,2,Quality Issue,Refund,219.01
RT0004704,O00059315,P00004,2023-12-29,3,Damaged in Transit,Refund,119.31
RT0004705,O00052956,P01018,2023-10-15,3,Customer Changed Mind,Credit Memo,123.84
RT0004706,O00035194,P01490,2024-09-29,1,Excess Quantity,Replacement,32.51
RT0004707,O00091241,P00057,2024-12-30,4,Damaged in Transit,Replacement,110.39
RT0004708,O00062078,P00366,2024-07-22,2,Damaged in Transit,Refund,100.5
RT0004709,O00060900,P00004,2025-10-12,3,Wrong Product,Replacement,124.48
RT0004710,O00073132,P02708,2024-11-16,1,Late Delivery,Credit Memo,98.27
RT0004711,O00090803,P00002,2024-12-13,2,Damaged in Transit,Replacement,151.3
RT0004712,O00016977,P00641,2024-03-11,5,Customer Changed Mind,Credit Memo,339.4
RT0004713,O00009672,P00213,2024-07-18,1,Quality Issue,Refund,24.78
RT0004714,O00061036,P00041,2024-09-17,8,Damaged in Transit,Credit Memo,437.18
RT0004715,O00045912,P00619,2023-11-10,1,Damaged in Transit,Replacement,39.18
RT0004716,O00081327,P00095,2024-10-30,2,Late Delivery,Replacement,22.74
RT0004717,O00083511,P00041,2025-11-26,1,Quality Issue,Credit Memo,64.18
RT0004718,O00004530,P00467,2025-11-22,1,Damaged in Transit,Replacement,94.93
RT0004719,O00055065,P02214,2023-04-04,2,Damaged in Transit,Replacement,71.02
RT0004720,O00059507,P00988,2024-10-11,2,Quality Issue,Refund,25.25
RT0004721,O00083474,P00134,2023-08-14,1,Quality Issue,Replacement,50.67
RT0004722,O00064670,P00096,2023-09-23,3,Wrong Product,Replacement,313.32
RT0004723,O00019720,P00339,2024-04-12,1,Late Delivery,Replacement,230.06
RT0004724,O00086366,P00003,2025-12-02,5,Wrong Product,Refund,51.63
RT0004725,O00054077,P02067,2025-06-12,4,Excess Quantity,Replacement,191.08
RT0004726,O00047254,P00347,2023-02-28,2,Damaged in Transit,Credit Memo,151.08
RT0004727,O00028761,P00278,2025-05-24,1,Quality Issue,Credit Memo,29.64
RT0004728,O00000700,P02088,2024-10-29,1,Quality Issue,Refund,19.57
RT0004729,O00005915,P01916,2024-08-22,3,Damaged in Transit,Credit Memo,79.68
RT0004730,O00072252,P00012,2024-08-26,2,Quality Issue,Credit Memo,233.76
RT0004731,O00064006,P00030,2024-11-28,5,Damaged in Transit,Credit Memo,101.43
RT0004732,O00011304,P02511,2024-10-11,1,Quality Issue,Refund,19.82
RT0004733,O00066659,P00524,2023-11-27,5,Wrong Product,Refund,147.63
RT0004734,O00000268,P00980,2024-05-11,1,Excess Quantity,Refund,22.99
RT0004735,O00008151,P00836,2025-08-28,1,Quality Issue,Replacement,27.62
RT0004736,O00099622,P02288,2024-05-03,1,Wrong Product,Replacement,88.65
RT0004737,O00098865,P00041,2023-05-03,2,Quality Issue,Refund,107.53
RT0004738,O00067250,P01835,2024-01-21,7,Damaged in Transit,Refund,76.39
RT0004739,O00084296,P02176,2025-08-27,1,Wrong Product,Refund,40.64
RT0004740,O00028277,P01371,2023-04-11,1,Excess Quantity,Refund,21.23
RT0004741,O00087402,P00459,2025-09-01,1,Quality Issue,Replacement,141.02
RT0004742,O00037943,P00472,2024-05-25,7,Late Delivery,Credit Memo,376.72
RT0004743,O00015331,P00551,2023-07-17,5,Late Delivery,Replacement,436.68
RT0004744,O00037028,P00020,2024-03-01,2,Quality Issue,Replacement,55.12
RT0004745,O00026627,P02116,2023-07-03,6,Damaged in Transit,Refund,525.66
RT0004746,O00011827,P00310,2024-12-22,1,Customer Changed Mind,Replacement,29.63
RT0004747,O00021890,P00527,2023-07-17,1,Excess Quantity,Refund,34.36
RT0004748,O00033164,P01641,2023-04-15,2,Customer Changed Mind,Refund,233.22
RT0004749,O00098987,P00223,2023-12-09,1,Quality Issue,Refund,30.87
RT0004750,O00031115,P00077,2023-10-12,1,Damaged in Transit,Refund,11.59
RT0004751,O00011334,P00280,2024-08-26,2,Customer Changed Mind,Replacement,31.47
RT0004752,O00089827,P00076,2024-08-27,2,Excess Quantity,Refund,71.98
RT0004753,O00010744,P00015,2023-04-28,3,Excess Quantity,Refund,135.41
RT0004754,O00045503,P00003,2026-01-03,5,Quality Issue,Refund,53.2
RT0004755,O00051265,P00018,2024-06-24,2,Customer Changed Mind,Replacement,110.62
RT0004756,O00043461,P01213,2024-04-27,2,Excess Quantity,Replacement,97.53
RT0004757,O00015282,P00132,2023-04-28,1,Quality Issue,Refund,48.26
RT0004758,O00058428,P00068,2025-08-15,2,Quality Issue,Replacement,36.86
RT0004759,O00037798,P00331,2023-11-23,2,Customer Changed Mind,Replacement,30.34
RT0004760,O00077898,P00005,2024-07-04,5,Damaged in Transit,Refund,251.56
RT0004761,O00022812,P00336,2025-08-14,2,Wrong Product,Credit Memo,110.38
RT0004762,O00044727,P00783,2025-07-18,14,Quality Issue,Replacement,288.12
RT0004763,O00049465,P02084,2025-08-16,1,Customer Changed Mind,Refund,15.19
RT0004764,O00092547,P00028,2024-01-28,9,Late Delivery,Refund,233.25
RT0004765,O00048562,P01165,2025-10-18,1,Customer Changed Mind,Refund,56.24
RT0004766,O00096051,P01220,2025-06-30,1,Customer Changed Mind,Replacement,95.26
RT0004767,O00007617,P01404,2024-09-08,2,Quality Issue,Credit Memo,194.8
RT0004768,O00081283,P00698,2025-11-18,3,Excess Quantity,Replacement,39.21
RT0004769,O00002255,P00083,2025-07-05,1,Late Delivery,Replacement,68.43
RT0004770,O00069441,P00166,2023-11-15,1,Damaged in Transit,Replacement,95.37
RT0004771,O00021755,P01575,2023-08-19,1,Wrong Product,Replacement,163.78
RT0004772,O00068009,P02255,2023-11-05,7,Excess Quantity,Credit Memo,135.8
RT0004773,O00057960,P00028,2024-07-28,2,Late Delivery,Replacement,52.21
RT0004774,O00030097,P00440,2025-04-24,2,Customer Changed Mind,Credit Memo,74.48
RT0004775,O00021475,P01950,2024-06-14,6,Customer Changed Mind,Credit Memo,148.98
RT0004776,O00096885,P00725,2023-07-12,1,Quality Issue,Replacement,36.3
RT0004777,O00021508,P00218,2025-01-05,9,Damaged in Transit,Credit Memo,737.51
RT0004778,O00043415,P00144,2024-07-22,2,Wrong Product,Credit Memo,76.54
RT0004779,O00033819,P00020,2024-07-23,2,Damaged in Transit,Credit Memo,49.04
RT0004780,O00086521,P00003,2023-04-09,1,Quality Issue,Refund,8.32
RT0004781,O00083084,P02036,2023-01-16,2,Quality Issue,Credit Memo,59.26
RT0004782,O00046370,P02456,2025-08-26,1,Customer Changed Mind,Refund,20.55
RT0004783,O00056530,P00069,2023-11-26,17,Quality Issue,Replacement,676.98
RT0004784,O00089129,P00515,2025-05-28,1,Damaged in Transit,Refund,37.6
RT0004785,O00027199,P00119,2025-03-13,5,Customer Changed Mind,Credit Memo,37.0
RT0004786,O00058095,P00003,2025-02-08,1,Excess Quantity,Credit Memo,10.09
RT0004787,O00028805,P00012,2024-12-09,1,Late Delivery,Replacement,111.33
RT0004788,O00073608,P00019,2023-12-12,1,Wrong Product,Refund,39.37
RT0004789,O00002171,P00088,2024-08-24,8,Late Delivery,Credit Memo,93.1
RT0004790,O00046451,P00027,2024-01-05,2,Customer Changed Mind,Credit Memo,23.44
RT0004791,O00097078,P02009,2023-10-20,4,Quality Issue,Replacement,342.48
RT0004792,O00060402,P02920,2024-01-30,3,Damaged in Transit,Refund,104.6
RT0004793,O00031629,P00018,2023-11-04,1,Customer Changed Mind,Replacement,51.79
RT0004794,O00008471,P00919,2023-04-07,3,Quality Issue,Replacement,141.22
RT0004795,O00050113,P00050,2024-08-20,3,Wrong Product,Credit Memo,137.78
RT0004796,O00075412,P00031,2024-09-08,3,Excess Quantity,Replacement,33.83
RT0004797,O00078086,P01347,2023-06-20,4,Quality Issue,Refund,156.14
RT0004798,O00094558,P00503,2025-12-29,1,Late Delivery,Replacement,35.53
RT0004799,O00030631,P02055,2023-05-20,1,Quality Issue,Credit Memo,83.03
RT0004800,O00016254,P00279,2024-09-30,1,Excess Quantity,Replacement,26.94
RT0004801,O00028030,P02546,2025-08-19,5,Damaged in Transit,Replacement,208.38
RT0004802,O00095419,P00003,2025-06-29,2,Quality Issue,Credit Memo,20.52
RT0004803,O00099457,P02783,2024-12-19,1,Wrong Product,Refund,23.14
RT0004804,O00046108,P00465,2025-07-14,6,Damaged in Transit,Refund,189.36
RT0004805,O00010925,P00020,2023-07-23,2,Customer Changed Mind,Replacement,49.48
RT0004806,O00099804,P00247,2024-02-17,1,Excess Quantity,Refund,24.24
RT0004807,O00077167,P00101,2024-06-18,4,Quality Issue,Replacement,156.07
RT0004808,O00013523,P00001,2023-11-23,3,Damaged in Transit,Refund,106.7
RT0004809,O00055385,P01881,2024-10-16,1,Quality Issue,Credit Memo,24.28
RT0004810,O00048368,P01667,2025-11-06,4,Late Delivery,Credit Memo,46.21
RT0004811,O00038479,P00002,2024-04-13,2,Quality Issue,Credit Memo,145.2
RT0004812,O00088128,P00503,2024-05-03,1,Damaged in Transit,Replacement,34.91
RT0004813,O00076304,P00460,2024-12-05,2,Customer Changed Mind,Credit Memo,188.34
RT0004814,O00083036,P00038,2025-06-07,3,Customer Changed Mind,Credit Memo,142.68
RT0004815,O00036681,P02608,2023-04-16,5,Damaged in Transit,Refund,248.45
RT0004816,O00041786,P02460,2025-04-15,5,Wrong Product,Refund,200.05
RT0004817,O00067961,P02215,2024-07-23,2,Damaged in Transit,Replacement,73.32
RT0004818,O00037545,P01376,2024-03-12,6,Excess Quantity,Refund,304.76
RT0004819,O00016013,P01705,2023-09-13,1,Customer Changed Mind,Refund,49.17
RT0004820,O00010450,P02804,2024-07-25,1,Wrong Product,Replacement,41.82
RT0004821,O00021762,P02607,2025-09-27,1,Excess Quantity,Refund,32.18
RT0004822,O00069681,P00824,2024-06-03,5,Customer Changed Mind,Credit Memo,205.62
RT0004823,O00043233,P02187,2025-10-28,4,Damaged in Transit,Replacement,51.61
RT0004824,O00038397,P00641,2025-06-10,7,Excess Quantity,Credit Memo,464.36
RT0004825,O00091931,P01481,2023-08-09,2,Quality Issue,Replacement,23.77
RT0004826,O00044432,P00767,2024-01-09,3,Wrong Product,Replacement,182.22
RT0004827,O00026012,P00233,2023-05-05,3,Late Delivery,Credit Memo,47.57
RT0004828,O00040353,P00226,2025-08-01,5,Customer Changed Mind,Replacement,163.5
RT0004829,O00035389,P01306,2025-02-03,2,Excess Quantity,Refund,32.06
RT0004830,O00022089,P00678,2025-07-10,2,Quality Issue,Replacement,306.89
RT0004831,O00051825,P00907,2023-12-23,1,Customer Changed Mind,Credit Memo,56.54
RT0004832,O00055056,P00734,2024-04-29,5,Wrong Product,Refund,78.52
RT0004833,O00008150,P00037,2024-05-09,1,Wrong Product,Credit Memo,18.43
RT0004834,O00065469,P00134,2024-02-17,2,Damaged in Transit,Replacement,94.94
RT0004835,O00068465,P00498,2024-12-25,3,Excess Quantity,Refund,110.3
RT0004836,O00004150,P00153,2023-05-12,3,Late Delivery,Credit Memo,90.93
RT0004837,O00034412,P00996,2024-04-20,1,Wrong Product,Refund,54.14
RT0004838,O00079217,P01597,2023-03-13,1,Excess Quantity,Credit Memo,35.9
RT0004839,O00036508,P02096,2024-08-07,1,Damaged in Transit,Refund,63.41
RT0004840,O00087435,P00025,2023-04-13,7,Customer Changed Mind,Credit Memo,435.51
RT0004841,O00013067,P00037,2023-10-16,1,Quality Issue,Credit Memo,17.09
RT0004842,O00012542,P00073,2023-05-26,1,Late Delivery,Replacement,25.63
RT0004843,O00071836,P00020,2024-11-01,1,Quality Issue,Credit Memo,26.8
RT0004844,O00080952,P00097,2026-01-26,1,Wrong Product,Refund,27.88
RT0004845,O00008825,P00983,2025-12-19,8,Quality Issue,Replacement,154.04
RT0004846,O00050606,P02740,2025-12-25,7,Customer Changed Mind,Credit Memo,450.8
RT0004847,O00000227,P00119,2023-05-10,3,Wrong Product,Replacement,19.79
RT0004848,O00010257,P01754,2023-10-20,1,Customer Changed Mind,Refund,30.49
RT0004849,O00005638,P00203,2024-09-14,6,Damaged in Transit,Refund,369.9
RT0004850,O00046573,P00013,2024-06-04,7,Excess Quantity,Credit Memo,189.34
RT0004851,O00057645,P02632,2024-10-14,2,Quality Issue,Credit Memo,98.19
RT0004852,O00074493,P01061,2025-07-04,1,Wrong Product,Credit Memo,56.09
RT0004853,O00095597,P00432,2025-01-13,2,Damaged in Transit,Replacement,56.0
RT0004854,O00029728,P00013,2023-08-24,1,Damaged in Transit,Replacement,24.78
RT0004855,O00046030,P00184,2025-09-28,3,Customer Changed Mind,Credit Memo,56.11
RT0004856,O00024051,P00006,2025-10-27,6,Wrong Product,Replacement,428.7
RT0004857,O00088136,P00009,2023-04-29,1,Damaged in Transit,Replacement,46.97
RT0004858,O00087781,P02422,2023-07-12,2,Quality Issue,Credit Memo,23.99
RT0004859,O00059267,P02215,2024-08-27,2,Damaged in Transit,Refund,77.92
RT0004860,O00036500,P00116,2025-08-18,2,Damaged in Transit,Credit Memo,28.3
RT0004861,O00011607,P00670,2024-03-13,4,Damaged in Transit,Credit Memo,898.69
RT0004862,O00085564,P00083,2026-01-04,7,Wrong Product,Refund,417.87
RT0004863,O00095456,P01318,2023-06-26,3,Excess Quantity,Credit Memo,304.33
RT0004864,O00074325,P00369,2023-03-23,3,Wrong Product,Replacement,200.7
RT0004865,O00073360,P02475,2025-05-06,2,Quality Issue,Replacement,69.26
RT0004866,O00007244,P00015,2024-08-16,1,Customer Changed Mind,Replacement,41.93
RT0004867,O00051488,P00186,2023-11-11,1,Late Delivery,Replacement,43.4
RT0004868,O00017616,P00095,2024-10-09,1,Wrong Product,Credit Memo,12.68
RT0004869,O00086909,P00129,2024-11-07,1,Late Delivery,Refund,49.27
RT0004870,O00002212,P00302,2025-02-11,3,Late Delivery,Refund,366.57
RT0004871,O00014265,P00001,2024-04-08,1,Excess Quantity,Credit Memo,41.04
RT0004872,O00045521,P00022,2023-08-20,4,Damaged in Transit,Credit Memo,96.82
RT0004873,O00041298,P00468,2024-04-14,1,Excess Quantity,Refund,54.99
RT0004874,O00070731,P02800,2025-10-29,6,Damaged in Transit,Refund,280.26
RT0004875,O00031896,P01210,2025-09-13,3,Damaged in Transit,Replacement,146.02
RT0004876,O00080294,P02207,2024-11-30,3,Customer Changed Mind,Refund,178.74
RT0004877,O00070384,P00172,2023-04-29,2,Customer Changed Mind,Replacement,101.64
RT0004878,O00098891,P01772,2023-05-21,9,Excess Quantity,Replacement,254.43
RT0004879,O00089138,P01576,2025-04-10,5,Quality Issue,Replacement,212.6
RT0004880,O00068216,P00013,2023-04-06,7,Damaged in Transit,Credit Memo,187.99
RT0004881,O00008332,P00532,2024-05-24,3,Damaged in Transit,Credit Memo,75.87
RT0004882,O00044693,P00089,2024-11-05,2,Damaged in Transit,Credit Memo,294.64
RT0004883,O00010841,P01833,2024-07-22,1,Quality Issue,Refund,33.3
RT0004884,O00081864,P00051,2023-08-28,4,Wrong Product,Replacement,158.84
RT0004885,O00055402,P00005,2024-06-21,2,Quality Issue,Replacement,97.26
RT0004886,O00020006,P02202,2023-08-16,3,Customer Changed Mind,Credit Memo,64.42
RT0004887,O00062700,P00085,2023-06-11,3,Quality Issue,Refund,106.95
RT0004888,O00074594,P00184,2025-09-23,5,Customer Changed Mind,Refund,87.93
RT0004889,O00047374,P01334,2024-05-23,6,Customer Changed Mind,Credit Memo,207.22
RT0004890,O00066741,P00014,2025-04-22,2,Late Delivery,Refund,112.9
RT0004891,O00061605,P02003,2023-01-26,1,Customer Changed Mind,Refund,92.05
RT0004892,O00060933,P00035,2025-05-24,2,Customer Changed Mind,Replacement,149.96
RT0004893,O00017690,P00606,2024-09-01,5,Excess Quantity,Credit Memo,318.34
RT0004894,O00045428,P01126,2023-06-23,4,Excess Quantity,Refund,73.44
RT0004895,O00035437,P00021,2025-07-24,2,Late Delivery,Refund,121.77
RT0004896,O00087286,P01581,2024-08-05,4,Quality Issue,Credit Memo,170.72
RT0004897,O00095768,P00422,2023-08-07,1,Damaged in Transit,Replacement,157.47
RT0004898,O00004238,P02328,2023-02-28,7,Customer Changed Mind,Credit Memo,303.33
RT0004899,O00088575,P00729,2025-08-01,2,Quality Issue,Replacement,401.4
RT0004900,O00028829,P00189,2024-09-10,2,Quality Issue,Refund,60.26
RT0004901,O00051578,P01126,2025-09-06,5,Quality Issue,Credit Memo,74.04
RT0004902,O00002879,P00181,2024-07-06,1,Damaged in Transit,Replacement,27.22
RT0004903,O00004340,P01930,2023-11-13,7,Customer Changed Mind,Credit Memo,220.31
RT0004904,O00075355,P01277,2023-05-11,4,Quality Issue,Replacement,120.98
RT0004905,O00086511,P00037,2024-03-11,5,Excess Quantity,Refund,93.2
RT0004906,O00068002,P00001,2024-02-21,5,Excess Quantity,Credit Memo,162.22
RT0004907,O00025100,P00010,2023-09-20,4,Excess Quantity,Refund,283.52
RT0004908,O00085899,P01829,2023-07-05,4,Wrong Product,Refund,128.91
RT0004909,O00010009,P00746,2024-06-30,9,Customer Changed Mind,Replacement,212.18
RT0004910,O00092645,P00126,2023-09-25,2,Wrong Product,Refund,44.39
RT0004911,O00058113,P00015,2025-10-06,4,Quality Issue,Refund,210.76
RT0004912,O00086863,P02366,2023-07-02,1,Damaged in Transit,Credit Memo,44.94
RT0004913,O00017325,P00130,2024-10-02,2,Late Delivery,Refund,62.03
RT0004914,O00053256,P00127,2025-10-10,1,Late Delivery,Refund,120.38
RT0004915,O00073957,P00295,2023-07-03,1,Wrong Product,Refund,52.05
RT0004916,O00028653,P01594,2025-04-15,5,Quality Issue,Replacement,108.6
RT0004917,O00052963,P01990,2023-04-15,7,Damaged in Transit,Refund,357.5
RT0004918,O00063423,P00234,2024-09-24,4,Customer Changed Mind,Credit Memo,158.44
RT0004919,O00099210,P00854,2023-09-24,3,Quality Issue,Credit Memo,68.34
RT0004920,O00011926,P01860,2025-03-28,4,Customer Changed Mind,Replacement,234.04
RT0004921,O00067246,P00004,2023-06-21,3,Damaged in Transit,Credit Memo,117.48
RT0004922,O00013062,P02934,2023-02-21,2,Wrong Product,Credit Memo,63.56
RT0004923,O00005063,P00013,2024-12-07,1,Late Delivery,Credit Memo,26.51
RT0004924,O00076365,P00060,2024-08-30,1,Late Delivery,Credit Memo,145.08
RT0004925,O00069597,P00361,2024-01-29,6,Late Delivery,Credit Memo,178.38
RT0004926,O00033161,P01764,2024-05-15,2,Customer Changed Mind,Replacement,79.23
RT0004927,O00097157,P02953,2024-05-09,1,Excess Quantity,Replacement,113.93
RT0004928,O00009765,P00050,2024-06-17,1,Customer Changed Mind,Credit Memo,37.8
RT0004929,O00042303,P00034,2023-11-11,1,Quality Issue,Credit Memo,22.33
RT0004930,O00026491,P02417,2024-04-23,1,Wrong Product,Credit Memo,16.1
RT0004931,O00068659,P00228,2023-08-04,5,Quality Issue,Credit Memo,142.52
RT0004932,O00065895,P00032,2024-10-19,1,Customer Changed Mind,Refund,38.02
RT0004933,O00096263,P00002,2025-11-27,5,Quality Issue,Replacement,346.71
RT0004934,O00077328,P00428,2025-06-15,2,Customer Changed Mind,Replacement,82.57
RT0004935,O00023008,P01455,2023-05-28,3,Wrong Product,Credit Memo,41.7
RT0004936,O00061604,P02054,2023-07-30,1,Wrong Product,Refund,5.95
RT0004937,O00071801,P01279,2025-03-25,1,Excess Quantity,Replacement,7.84
RT0004938,O00089037,P00864,2024-07-25,6,Damaged in Transit,Refund,101.57
RT0004939,O00082401,P00161,2023-03-13,3,Excess Quantity,Refund,201.6
RT0004940,O00035671,P02727,2024-08-28,2,Customer Changed Mind,Replacement,269.74
RT0004941,O00002540,P00050,2023-10-21,8,Damaged in Transit,Replacement,312.65
RT0004942,O00092004,P00069,2023-07-04,3,Quality Issue,Credit Memo,127.02
RT0004943,O00050375,P00753,2025-11-27,4,Late Delivery,Replacement,155.15
RT0004944,O00054019,P01685,2025-02-20,1,Late Delivery,Replacement,60.37
RT0004945,O00019980,P00004,2025-05-20,2,Late Delivery,Credit Memo,67.47
RT0004946,O00048648,P01817,2023-09-16,7,Damaged in Transit,Replacement,146.17
RT0004947,O00081413,P00379,2024-10-25,2,Customer Changed Mind,Refund,50.13
RT0004948,O00087468,P01592,2023-03-01,1,Quality Issue,Replacement,20.63
RT0004949,O00096307,P01781,2023-09-11,4,Quality Issue,Refund,287.78
RT0004950,O00066950,P00018,2025-09-15,1,Late Delivery,Refund,54.99
RT0004951,O00020747,P00695,2023-05-28,1,Late Delivery,Credit Memo,37.6
RT0004952,O00065591,P00024,2024-09-14,3,Damaged in Transit,Replacement,212.82
RT0004953,O00011528,P00015,2024-04-15,1,Damaged in Transit,Replacement,48.25
RT0004954,O00032797,P00027,2023-11-18,1,Customer Changed Mind,Credit Memo,13.32
RT0004955,O00012645,P00025,2025-07-28,6,Quality Issue,Replacement,425.88
RT0004956,O00080366,P00092,2023-07-23,1,Damaged in Transit,Refund,28.05
RT0004957,O00033242,P00034,2023-06-20,3,Excess Quantity,Refund,73.84
RT0004958,O00088044,P00355,2024-09-14,1,Wrong Product,Replacement,38.31
RT0004959,O00022155,P01597,2024-06-14,1,Quality Issue,Refund,34.14
RT0004960,O00014207,P00394,2024-08-23,1,Quality Issue,Replacement,38.3
RT0004961,O00024126,P01709,2023-07-07,1,Quality Issue,Replacement,43.21
RT0004962,O00001619,P00392,2023-11-18,2,Excess Quantity,Refund,242.3
RT0004963,O00062616,P00818,2023-11-29,5,Quality Issue,Credit Memo,174.34
RT0004964,O00055157,P02956,2023-02-24,1,Wrong Product,Refund,118.49
RT0004965,O00028116,P00554,2025-09-21,1,Quality Issue,Replacement,13.05
RT0004966,O00017996,P00002,2025-05-05,1,Customer Changed Mind,Refund,69.42
RT0004967,O00084799,P00425,2023-06-09,1,Quality Issue,Replacement,19.85
RT0004968,O00085063,P00018,2023-02-02,3,Damaged in Transit,Replacement,141.17
RT0004969,O00068312,P00070,2025-01-26,2,Damaged in Transit,Refund,237.49
RT0004970,O00005324,P00001,2025-07-14,1,Customer Changed Mind,Credit Memo,39.38
RT0004971,O00024937,P00178,2024-08-11,2,Quality Issue,Replacement,135.86
RT0004972,O00027703,P00164,2025-01-28,1,Damaged in Transit,Credit Memo,10.46
RT0004973,O00032191,P02862,2025-01-12,2,Customer Changed Mind,Replacement,65.57
RT0004974,O00039582,P00489,2025-06-28,5,Quality Issue,Refund,367.45
RT0004975,O00013609,P02268,2025-09-05,3,Late Delivery,Replacement,131.38
RT0004976,O00093544,P00058,2025-11-03,9,Customer Changed Mind,Replacement,420.55
RT0004977,O00066167,P02897,2025-11-10,2,Quality Issue,Credit Memo,47.04
RT0004978,O00063578,P01875,2024-08-22,1,Quality Issue,Refund,21.68
RT0004979,O00047029,P02674,2024-05-09,3,Damaged in Transit,Replacement,37.71
RT0004980,O00089559,P00680,2023-10-15,2,Wrong Product,Refund,52.0
RT0004981,O00084650,P00012,2023-10-28,2,Wrong Product,Credit Memo,224.56
RT0004982,O00026359,P02727,2025-05-27,3,Quality Issue,Refund,462.38
RT0004983,O00028387,P00108,2024-01-13,2,Excess Quantity,Replacement,65.3
RT0004984,O00008365,P00662,2025-10-24,3,Wrong Product,Credit Memo,97.58
RT0004985,O00073579,P00074,2025-05-07,2,Late Delivery,Replacement,42.47
RT0004986,O00072721,P00005,2024-02-13,1,Quality Issue,Credit Memo,49.7
RT0004987,O00002671,P02745,2024-01-07,4,Quality Issue,Refund,70.79
RT0004988,O00035549,P00287,2024-10-02,1,Quality Issue,Refund,46.46
RT0004989,O00029398,P00011,2024-11-08,1,Damaged in Transit,Credit Memo,38.8
RT0004990,O00029792,P00874,2025-02-03,10,Customer Changed Mind,Refund,198.05
RT0004991,O00052632,P00610,2023-10-08,2,Quality Issue,Refund,29.23
RT0004992,O00002628,P00660,2025-03-14,5,Quality Issue,Refund,81.92
RT0004993,O00002232,P00423,2025-05-13,3,Damaged in Transit,Replacement,102.0
RT0004994,O00061732,P02160,2025-05-01,9,Late Delivery,Credit Memo,171.57
RT0004995,O00043003,P00405,2025-12-07,2,Quality Issue,Refund,63.82
RT0004996,O00085688,P01016,2025-12-07,4,Customer Changed Mind,Refund,274.5
RT0004997,O00079179,P02104,2024-05-13,1,Wrong Product,Credit Memo,40.93
RT0004998,O00082471,P02615,2026-01-23,6,Late Delivery,Refund,336.96
RT0004999,O00070643,P00164,2023-08-05,3,Quality Issue,Replacement,27.95
RT0005000,O00029217,P02434,2024-07-27,1,Damaged in Transit,Refund,27.99
RT0005001,O00051429,P00298,2025-06-21,2,Damaged in Transit,Replacement,32.04
RT0005002,O00004842,P02743,2023-07-21,2,Quality Issue,Replacement,109.42
RT0005003,O00066666,P01417,2025-01-11,2,Excess Quantity,Credit Memo,128.36
RT0005004,O00030025,P00001,2023-04-12,2,Damaged in Transit,Refund,76.48
RT0005005,O00063882,P00944,2025-11-22,6,Damaged in Transit,Replacement,133.62
RT0005006,O00013597,P02943,2025-07-12,1,Excess Quantity,Credit Memo,64.74
RT0005007,O00049177,P00944,2024-03-17,8,Damaged in Transit,Refund,171.71
RT0005008,O00048864,P00842,2024-02-12,2,Damaged in Transit,Replacement,42.42
RT0005009,O00075097,P00015,2024-11-24,2,Customer Changed Mind,Refund,91.7
RT0005010,O00094775,P00044,2023-08-09,4,Damaged in Transit,Refund,133.47
RT0005011,O00011347,P00063,2025-05-03,1,Late Delivery,Replacement,77.09
RT0005012,O00006362,P00200,2025-04-29,3,Quality Issue,Replacement,140.56
RT0005013,O00043309,P02861,2024-12-29,6,Wrong Product,Replacement,212.98
RT0005014,O00080323,P00866,2024-08-11,2,Wrong Product,Refund,82.74
RT0005015,O00006180,P00085,2024-04-14,7,Damaged in Transit,Replacement,238.36
RT0005016,O00096370,P00991,2025-12-02,2,Customer Changed Mind,Credit Memo,85.08
RT0005017,O00043803,P00069,2023-05-29,1,Damaged in Transit,Credit Memo,38.27
RT0005018,O00022368,P00528,2024-08-12,3,Late Delivery,Refund,45.15
RT0005019,O00077411,P02312,2023-11-25,3,Quality Issue,Credit Memo,172.11
RT0005020,O00031824,P02936,2023-07-24,5,Wrong Product,Refund,249.78
RT0005021,O00075554,P00856,2024-09-15,2,Excess Quantity,Replacement,56.33
RT0005022,O00003293,P00238,2025-06-07,2,Damaged in Transit,Replacement,126.98
RT0005023,O00074739,P00015,2024-08-01,1,Damaged in Transit,Replacement,45.77
RT0005024,O00064346,P00200,2025-04-14,1,Customer Changed Mind,Refund,47.36
RT0005025,O00019955,P00155,2023-06-10,5,Quality Issue,Refund,285.34
RT0005026,O00046852,P00065,2025-12-14,1,Customer Changed Mind,Replacement,23.52
RT0005027,O00075561,P02695,2023-04-25,6,Wrong Product,Refund,114.14
RT0005028,O00000289,P00031,2025-10-02,1,Late Delivery,Refund,11.69
RT0005029,O00021543,P01658,2024-04-12,1,Customer Changed Mind,Replacement,76.49
RT0005030,O00061874,P02470,2024-10-06,3,Quality Issue,Refund,191.78
RT0005031,O00076917,P00915,2023-03-25,3,Damaged in Transit,Credit Memo,58.02
RT0005032,O00081096,P00050,2024-10-11,4,Excess Quantity,Credit Memo,188.0
RT0005033,O00098905,P00199,2023-03-22,2,Late Delivery,Refund,172.74
RT0005034,O00051691,P00667,2025-12-10,2,Customer Changed Mind,Replacement,179.04
RT0005035,O00067767,P02442,2025-10-17,2,Quality Issue,Refund,43.69
RT0005036,O00000844,P01628,2023-03-09,6,Damaged in Transit,Credit Memo,178.38
RT0005037,O00087170,P01577,2024-06-02,1,Quality Issue,Replacement,58.64
RT0005038,O00034952,P00181,2025-03-16,1,Quality Issue,Credit Memo,28.02
RT0005039,O00047666,P00014,2024-11-17,3,Wrong Product,Replacement,150.88
RT0005040,O00029382,P00065,2025-03-09,1,Excess Quantity,Refund,28.52
RT0005041,O00069694,P01426,2024-01-18,4,Quality Issue,Refund,103.81
RT0005042,O00000649,P00046,2024-10-20,2,Quality Issue,Credit Memo,108.16
RT0005043,O00028336,P00277,2024-06-29,1,Quality Issue,Refund,46.97
RT0005044,O00079077,P01271,2023-07-22,4,Damaged in Transit,Credit Memo,218.25
RT0005045,O00080482,P01712,2024-09-30,1,Damaged in Transit,Replacement,92.28
RT0005046,O00010831,P00236,2023-06-25,2,Damaged in Transit,Replacement,111.76
RT0005047,O00045305,P00014,2023-03-30,2,Quality Issue,Replacement,100.64
RT0005048,O00092023,P00082,2024-11-01,4,Late Delivery,Refund,718.81
RT0005049,O00010087,P00661,2025-08-18,1,Damaged in Transit,Credit Memo,22.44
RT0005050,O00090323,P00084,2023-06-15,4,Late Delivery,Replacement,363.76
RT0005051,O00061849,P02108,2024-07-18,7,Damaged in Transit,Replacement,275.25
RT0005052,O00011615,P02424,2023-03-22,3,Quality Issue,Refund,156.72
RT0005053,O00092835,P00250,2024-10-21,6,Damaged in Transit,Replacement,47.85
RT0005054,O00012415,P02680,2025-06-07,3,Late Delivery,Credit Memo,66.06
RT0005055,O00067948,P00249,2023-09-25,2,Quality Issue,Credit Memo,22.79
RT0005056,O00049345,P02831,2023-07-27,8,Late Delivery,Refund,336.38
RT0005057,O00028120,P00636,2023-07-03,1,Quality Issue,Replacement,111.45
RT0005058,O00019355,P02098,2025-07-19,5,Wrong Product,Credit Memo,488.2
RT0005059,O00047001,P00327,2024-06-08,3,Quality Issue,Refund,367.92
RT0005060,O00011357,P00010,2025-12-15,2,Excess Quantity,Replacement,122.42
RT0005061,O00017347,P00004,2023-11-26,2,Quality Issue,Credit Memo,70.26
RT0005062,O00042771,P01946,2025-07-05,1,Damaged in Transit,Refund,15.31
RT0005063,O00000097,P00340,2023-07-19,5,Quality Issue,Refund,221.45
RT0005064,O00072715,P00054,2025-10-22,1,Excess Quantity,Refund,21.14
RT0005065,O00073230,P00032,2025-08-30,2,Excess Quantity,Refund,99.18
RT0005066,O00020427,P00778,2023-07-15,1,Late Delivery,Refund,13.24
RT0005067,O00018243,P00007,2025-01-06,4,Quality Issue,Credit Memo,138.66
RT0005068,O00008113,P00001,2024-07-23,2,Damaged in Transit,Credit Memo,68.2
RT0005069,O00042273,P00001,2025-12-13,1,Late Delivery,Credit Memo,41.81
RT0005070,O00047500,P00004,2024-08-09,1,Wrong Product,Replacement,40.82
RT0005071,O00074403,P00061,2023-02-08,1,Quality Issue,Credit Memo,21.01
RT0005072,O00081139,P00466,2025-01-19,1,Quality Issue,Replacement,35.7
RT0005073,O00046027,P02025,2023-10-03,15,Excess Quantity,Refund,420.0
RT0005074,O00089334,P00419,2023-09-14,5,Quality Issue,Replacement,169.72
RT0005075,O00086043,P00014,2023-12-02,1,Excess Quantity,Credit Memo,55.18
RT0005076,O00073549,P01516,2023-08-21,3,Customer Changed Mind,Replacement,123.03
RT0005077,O00046640,P00002,2024-05-22,1,Quality Issue,Replacement,72.59
RT0005078,O00066357,P02572,2024-09-29,1,Quality Issue,Credit Memo,28.89
RT0005079,O00056481,P00032,2026-01-29,1,Excess Quantity,Credit Memo,40.12
RT0005080,O00025641,P02896,2024-05-02,2,Late Delivery,Credit Memo,203.58
RT0005081,O00073795,P00184,2025-04-29,2,Damaged in Transit,Credit Memo,41.88
RT0005082,O00053367,P01981,2025-04-19,1,Damaged in Transit,Replacement,82.44
RT0005083,O00038220,P00919,2025-10-06,2,Quality Issue,Credit Memo,92.83
RT0005084,O00060215,P01142,2025-06-16,2,Late Delivery,Replacement,155.83
RT0005085,O00075268,P00003,2025-05-17,1,Customer Changed Mind,Refund,9.4
RT0005086,O00021597,P00117,2024-08-02,7,Quality Issue,Credit Memo,407.13
RT0005087,O00077220,P00038,2024-11-10,8,Damaged in Transit,Credit Memo,386.8
RT0005088,O00035009,P00846,2024-05-13,3,Damaged in Transit,Refund,67.81
RT0005089,O00064969,P00922,2023-04-24,2,Customer Changed Mind,Refund,125.66
RT0005090,O00043744,P01889,2025-03-20,4,Excess Quantity,Credit Memo,94.43
RT0005091,O00098913,P01107,2024-07-05,4,Late Delivery,Replacement,326.0
RT0005092,O00000981,P02107,2026-02-21,3,Late Delivery,Credit Memo,153.4
RT0005093,O00068435,P01315,2024-07-03,1,Late Delivery,Refund,20.31
RT0005094,O00058403,P01030,2026-01-17,4,Damaged in Transit,Refund,80.41
RT0005095,O00041731,P00885,2023-06-05,2,Quality Issue,Replacement,33.82
RT0005096,O00007918,P01424,2025-04-29,6,Damaged in Transit,Replacement,153.9
RT0005097,O00092146,P00003,2024-02-06,1,Wrong Product,Replacement,10.02
RT0005098,O00078522,P01149,2024-11-11,1,Wrong Product,Refund,220.4
RT0005099,O00009504,P01384,2024-11-10,4,Wrong Product,Replacement,45.64
RT0005100,O00002184,P00052,2025-08-04,2,Damaged in Transit,Refund,73.43
RT0005101,O00001874,P00002,2024-02-13,4,Excess Quantity,Credit Memo,282.54
RT0005102,O00086283,P00488,2025-09-22,2,Late Delivery,Replacement,35.4
RT0005103,O00084841,P00646,2025-10-02,1,Damaged in Transit,Refund,36.13
RT0005104,O00010038,P00428,2024-07-25,1,Excess Quantity,Refund,39.46
RT0005105,O00083149,P01874,2025-05-01,1,Damaged in Transit,Refund,14.66
RT0005106,O00025512,P00352,2023-04-04,5,Damaged in Transit,Refund,93.48
RT0005107,O00082224,P02426,2025-02-25,2,Quality Issue,Credit Memo,51.58
RT0005108,O00070181,P00020,2025-10-29,4,Damaged in Transit,Credit Memo,111.65
RT0005109,O00050618,P00001,2025-08-04,3,Late Delivery,Credit Memo,122.1
RT0005110,O00036300,P02455,2025-12-17,2,Late Delivery,Replacement,58.65
RT0005111,O00009629,P01680,2023-07-02,9,Wrong Product,Refund,207.99
RT0005112,O00013892,P00675,2024-05-17,4,Excess Quantity,Credit Memo,269.47
RT0005113,O00084342,P01562,2024-05-04,4,Customer Changed Mind,Replacement,293.59
RT0005114,O00028415,P00014,2026-02-02,2,Late Delivery,Refund,120.1
RT0005115,O00061613,P00169,2025-11-26,1,Wrong Product,Credit Memo,21.72
RT0005116,O00069204,P00018,2025-02-04,6,Quality Issue,Replacement,336.83
RT0005117,O00074219,P00003,2023-03-07,1,Quality Issue,Refund,7.79
RT0005118,O00065071,P00022,2023-09-13,1,Excess Quantity,Credit Memo,26.86
RT0005119,O00072216,P01267,2023-03-02,7,Damaged in Transit,Refund,260.49
RT0005120,O00035765,P00144,2023-04-18,3,Quality Issue,Replacement,122.94
RT0005121,O00066591,P00645,2025-12-01,2,Late Delivery,Credit Memo,396.9
RT0005122,O00075461,P00858,2024-05-02,2,Damaged in Transit,Credit Memo,39.98
RT0005123,O00040322,P01334,2025-06-18,8,Damaged in Transit,Credit Memo,242.62
RT0005124,O00013810,P00006,2025-03-27,1,Excess Quantity,Credit Memo,75.02
RT0005125,O00045057,P00239,2025-04-20,3,Late Delivery,Credit Memo,275.51
RT0005126,O00093313,P00675,2023-08-02,6,Excess Quantity,Credit Memo,408.06
RT0005127,O00073519,P01437,2024-09-08,2,Quality Issue,Credit Memo,44.84
RT0005128,O00017466,P00906,2025-10-13,4,Quality Issue,Refund,49.36
RT0005129,O00095517,P00549,2023-09-28,5,Late Delivery,Credit Memo,508.0
RT0005130,O00011654,P00248,2023-04-30,2,Customer Changed Mind,Credit Memo,73.1
RT0005131,O00090433,P02259,2024-04-17,1,Quality Issue,Replacement,68.43
RT0005132,O00079093,P01929,2025-05-28,5,Excess Quantity,Credit Memo,92.45
RT0005133,O00068364,P00737,2024-10-15,1,Quality Issue,Credit Memo,46.0
RT0005134,O00089145,P00065,2023-04-21,2,Excess Quantity,Refund,44.34
RT0005135,O00081881,P00028,2024-11-26,1,Damaged in Transit,Replacement,25.32
RT0005136,O00041381,P00089,2025-06-30,2,Quality Issue,Credit Memo,254.77
RT0005137,O00099037,P00287,2023-05-03,2,Late Delivery,Refund,98.9
RT0005138,O00020850,P01945,2023-09-12,1,Quality Issue,Replacement,35.11
RT0005139,O00018278,P01556,2024-05-11,1,Damaged in Transit,Replacement,56.71
RT0005140,O00021088,P00065,2026-02-04,3,Damaged in Transit,Replacement,82.11
RT0005141,O00039861,P00127,2023-06-08,3,Excess Quantity,Refund,357.67
RT0005142,O00080303,P01265,2023-05-23,5,Excess Quantity,Refund,469.04
RT0005143,O00003901,P00386,2024-07-07,1,Excess Quantity,Credit Memo,128.43
RT0005144,O00034988,P00172,2025-10-20,1,Damaged in Transit,Replacement,55.04
RT0005145,O00051270,P00005,2023-08-15,1,Customer Changed Mind,Refund,44.65
RT0005146,O00084537,P00393,2023-02-17,2,Late Delivery,Refund,73.04
RT0005147,O00091707,P00006,2025-10-31,3,Wrong Product,Credit Memo,229.8
RT0005148,O00085015,P00312,2025-10-09,2,Quality Issue,Credit Memo,103.27
RT0005149,O00019683,P02173,2025-05-08,2,Customer Changed Mind,Credit Memo,60.12
RT0005150,O00049316,P00372,2024-05-11,1,Damaged in Transit,Refund,19.91
RT0005151,O00031930,P00088,2025-03-30,3,Excess Quantity,Refund,37.51
RT0005152,O00039727,P01501,2024-06-26,3,Customer Changed Mind,Credit Memo,255.37
RT0005153,O00079881,P00063,2025-06-07,1,Damaged in Transit,Credit Memo,65.23
RT0005154,O00000064,P00058,2023-03-17,2,Excess Quantity,Refund,94.67
RT0005155,O00092333,P00451,2025-06-30,3,Damaged in Transit,Replacement,178.26
RT0005156,O00005265,P00148,2023-09-11,5,Wrong Product,Refund,171.65
RT0005157,O00041402,P02047,2023-06-15,7,Damaged in Transit,Replacement,157.14
RT0005158,O00039899,P00797,2023-10-25,3,Excess Quantity,Replacement,103.77
RT0005159,O00023370,P00628,2023-05-11,1,Damaged in Transit,Replacement,18.67
RT0005160,O00036184,P00839,2025-01-23,1,Excess Quantity,Refund,67.53
RT0005161,O00050128,P02689,2024-09-02,2,Damaged in Transit,Refund,67.84
RT0005162,O00003850,P00763,2024-03-28,1,Damaged in Transit,Credit Memo,24.28
RT0005163,O00064513,P02612,2025-04-28,1,Excess Quantity,Refund,98.12
RT0005164,O00057798,P00061,2026-02-16,5,Wrong Product,Replacement,97.7
RT0005165,O00034879,P00337,2025-05-02,5,Excess Quantity,Refund,136.45
RT0005166,O00008019,P00015,2025-04-12,2,Excess Quantity,Replacement,89.76
RT0005167,O00083979,P00031,2024-07-11,1,Damaged in Transit,Replacement,9.89
RT0005168,O00011218,P00020,2023-10-02,9,Damaged in Transit,Credit Memo,235.08
RT0005169,O00002712,P00279,2025-08-17,3,Customer Changed Mind,Replacement,72.97
RT0005170,O00067289,P00129,2025-04-29,3,Customer Changed Mind,Credit Memo,161.16
RT0005171,O00020928,P01295,2025-04-05,4,Wrong Product,Credit Memo,172.02
RT0005172,O00047403,P00465,2023-09-07,2,Customer Changed Mind,Credit Memo,66.6
RT0005173,O00064198,P02685,2026-01-13,2,Customer Changed Mind,Credit Memo,69.33
RT0005174,O00091146,P00782,2023-09-21,2,Customer Changed Mind,Replacement,33.09
RT0005175,O00026053,P00844,2025-02-19,2,Wrong Product,Replacement,59.93
RT0005176,O00025338,P00416,2025-11-30,4,Damaged in Transit,Refund,234.35
RT0005177,O00074585,P01474,2023-11-04,12,Excess Quantity,Replacement,1440.06
RT0005178,O00040270,P00355,2025-03-25,2,Excess Quantity,Replacement,83.41
RT0005179,O00064611,P00409,2023-07-23,1,Quality Issue,Credit Memo,25.73
RT0005180,O00088808,P00284,2023-11-23,1,Customer Changed Mind,Refund,27.69
RT0005181,O00042860,P00841,2024-02-19,4,Customer Changed Mind,Replacement,52.4
RT0005182,O00078715,P01411,2025-02-01,2,Quality Issue,Credit Memo,29.35
RT0005183,O00075358,P00116,2023-03-07,1,Damaged in Transit,Credit Memo,15.12
RT0005184,O00044655,P02144,2024-08-05,1,Customer Changed Mind,Credit Memo,31.48
RT0005185,O00000560,P01033,2024-06-10,5,Damaged in Transit,Credit Memo,126.27
RT0005186,O00015517,P00001,2025-12-25,1,Quality Issue,Replacement,34.44
RT0005187,O00018567,P00707,2025-11-16,3,Damaged in Transit,Refund,38.5
RT0005188,O00053096,P00085,2024-03-31,3,Wrong Product,Credit Memo,123.6
RT0005189,O00034764,P00017,2024-07-06,10,Quality Issue,Replacement,234.35
RT0005190,O00006017,P00002,2024-12-06,3,Customer Changed Mind,Refund,202.93
RT0005191,O00057045,P00659,2025-07-20,1,Damaged in Transit,Replacement,41.53
RT0005192,O00072865,P02764,2023-09-24,3,Customer Changed Mind,Replacement,153.42
RT0005193,O00026062,P00157,2023-08-30,3,Wrong Product,Replacement,369.93
RT0005194,O00097462,P00161,2024-09-23,2,Late Delivery,Credit Memo,138.01
RT0005195,O00097310,P00009,2024-07-03,3,Quality Issue,Refund,140.1
RT0005196,O00091019,P00487,2024-09-19,2,Wrong Product,Credit Memo,80.34
RT0005197,O00052804,P00060,2024-05-11,3,Damaged in Transit,Refund,391.66
RT0005198,O00083324,P00440,2024-10-04,5,Damaged in Transit,Credit Memo,172.41
RT0005199,O00042879,P00917,2024-11-15,2,Damaged in Transit,Credit Memo,32.26
RT0005200,O00060317,P01813,2024-09-04,2,Wrong Product,Replacement,77.88
RT0005201,O00013958,P00043,2023-12-30,6,Quality Issue,Refund,81.62
RT0005202,O00043507,P02522,2025-03-04,1,Quality Issue,Credit Memo,63.67
RT0005203,O00051202,P01274,2025-12-09,3,Customer Changed Mind,Credit Memo,72.82
RT0005204,O00024940,P00001,2024-05-22,4,Damaged in Transit,Replacement,154.2
RT0005205,O00089440,P02708,2025-01-17,3,Excess Quantity,Replacement,341.6
RT0005206,O00061346,P00360,2023-10-01,2,Late Delivery,Credit Memo,53.98
RT0005207,O00062108,P00096,2024-12-04,11,Damaged in Transit,Credit Memo,1126.86
RT0005208,O00024788,P00089,2024-12-26,2,Damaged in Transit,Replacement,268.81
RT0005209,O00011846,P01159,2023-01-28,7,Excess Quantity,Refund,205.48
RT0005210,O00086742,P02637,2024-11-19,4,Quality Issue,Refund,99.48
RT0005211,O00086690,P01713,2023-09-04,4,Wrong Product,Replacement,1135.02
RT0005212,O00074342,P01999,2025-12-22,1,Damaged in Transit,Credit Memo,71.98
RT0005213,O00030347,P00026,2023-10-09,2,Customer Changed Mind,Refund,93.88
RT0005214,O00032231,P00460,2025-06-20,1,Damaged in Transit,Replacement,100.13
RT0005215,O00082971,P00501,2025-08-01,9,Wrong Product,Refund,335.84
RT0005216,O00059913,P01096,2025-10-25,3,Damaged in Transit,Refund,189.72
RT0005217,O00056744,P00799,2023-07-05,2,Late Delivery,Refund,99.02
RT0005218,O00022211,P00552,2024-03-21,1,Quality Issue,Refund,79.48
RT0005219,O00067730,P00182,2023-07-07,1,Quality Issue,Replacement,56.71
RT0005220,O00094073,P02777,2024-09-17,1,Damaged in Transit,Replacement,48.62
RT0005221,O00098813,P00004,2023-08-01,9,Excess Quantity,Replacement,337.15
RT0005222,O00048203,P02861,2024-11-29,4,Quality Issue,Replacement,163.12
RT0005223,O00004633,P02839,2024-08-07,2,Quality Issue,Replacement,25.39
RT0005224,O00038657,P00001,2024-03-27,1,Excess Quantity,Replacement,38.32
RT0005225,O00044649,P01478,2025-06-01,1,Customer Changed Mind,Refund,8.27
RT0005226,O00013038,P00887,2023-09-01,1,Excess Quantity,Credit Memo,14.38
RT0005227,O00025977,P01625,2024-02-26,4,Quality Issue,Refund,350.36
RT0005228,O00067096,P00098,2023-11-13,2,Late Delivery,Credit Memo,28.16
RT0005229,O00044715,P00625,2024-09-05,1,Excess Quantity,Credit Memo,40.12
RT0005230,O00020611,P01581,2025-07-10,4,Damaged in Transit,Refund,177.95
RT0005231,O00044028,P02047,2024-09-28,3,Excess Quantity,Credit Memo,75.21
RT0005232,O00034863,P00007,2024-11-25,3,Damaged in Transit,Replacement,98.31
RT0005233,O00008374,P00009,2023-05-31,6,Customer Changed Mind,Replacement,278.37
RT0005234,O00097869,P02036,2024-01-20,1,Damaged in Transit,Replacement,32.76
RT0005235,O00013397,P01020,2025-04-15,5,Late Delivery,Replacement,91.38
RT0005236,O00028953,P00029,2025-04-22,3,Damaged in Transit,Replacement,118.67
RT0005237,O00002084,P01946,2025-12-14,1,Wrong Product,Credit Memo,16.8
RT0005238,O00093841,P00192,2025-11-23,2,Quality Issue,Refund,24.74
RT0005239,O00078159,P02643,2023-04-05,3,Customer Changed Mind,Credit Memo,164.74
RT0005240,O00054717,P00003,2025-08-28,1,Damaged in Transit,Replacement,10.63
RT0005241,O00001922,P02490,2023-07-12,1,Damaged in Transit,Refund,71.37
RT0005242,O00055526,P02208,2023-06-11,6,Wrong Product,Replacement,173.84
RT0005243,O00073725,P00836,2024-12-23,2,Wrong Product,Refund,62.29
RT0005244,O00086692,P00935,2025-08-18,3,Quality Issue,Credit Memo,86.78
RT0005245,O00055049,P01186,2025-10-06,1,Damaged in Transit,Credit Memo,13.26
RT0005246,O00016064,P00171,2023-03-06,3,Quality Issue,Credit Memo,20.26
RT0005247,O00040256,P01233,2025-01-23,1,Quality Issue,Refund,27.83
RT0005248,O00005143,P00100,2025-10-05,8,Quality Issue,Refund,298.83
RT0005249,O00039597,P00332,2025-10-25,1,Quality Issue,Replacement,24.17
RT0005250,O00064657,P01954,2024-04-03,1,Quality Issue,Refund,11.33
RT0005251,O00023845,P02197,2025-07-05,1,Quality Issue,Credit Memo,15.56
RT0005252,O00003083,P00185,2025-06-29,2,Customer Changed Mind,Replacement,77.26
RT0005253,O00020669,P00701,2023-03-29,2,Quality Issue,Refund,171.65
RT0005254,O00000518,P01673,2023-07-15,4,Quality Issue,Refund,44.53
RT0005255,O00055824,P01435,2024-05-12,2,Late Delivery,Credit Memo,70.8
RT0005256,O00017189,P01819,2024-08-07,3,Excess Quantity,Credit Memo,114.13
RT0005257,O00051036,P00665,2025-11-11,1,Excess Quantity,Refund,30.88
RT0005258,O00012435,P01061,2024-01-11,1,Excess Quantity,Credit Memo,52.68
RT0005259,O00055144,P00181,2024-09-20,1,Quality Issue,Credit Memo,28.92
RT0005260,O00003806,P02882,2023-01-15,3,Damaged in Transit,Replacement,73.27
RT0005261,O00022585,P00054,2024-09-07,1,Customer Changed Mind,Replacement,17.94
RT0005262,O00057464,P00360,2023-08-30,6,Quality Issue,Credit Memo,131.89
RT0005263,O00017161,P00197,2025-06-28,5,Quality Issue,Refund,147.2
RT0005264,O00069206,P00001,2025-11-14,8,Damaged in Transit,Replacement,320.95
RT0005265,O00041381,P00577,2025-06-19,3,Quality Issue,Credit Memo,131.71
RT0005266,O00027490,P00237,2025-11-01,4,Damaged in Transit,Credit Memo,111.18
RT0005267,O00044968,P02520,2024-06-26,3,Excess Quantity,Refund,31.94
RT0005268,O00031453,P00160,2025-02-28,1,Damaged in Transit,Credit Memo,80.38
RT0005269,O00076333,P00386,2023-06-15,4,Quality Issue,Refund,492.32
RT0005270,O00074629,P00221,2026-02-01,3,Wrong Product,Credit Memo,128.82
RT0005271,O00073520,P00645,2024-03-07,1,Damaged in Transit,Refund,170.67
RT0005272,O00005740,P01530,2023-12-27,2,Damaged in Transit,Credit Memo,64.49
RT0005273,O00099353,P00024,2023-05-25,1,Excess Quantity,Credit Memo,55.01
RT0005274,O00055790,P00261,2024-08-30,1,Late Delivery,Replacement,25.08
RT0005275,O00096799,P00479,2023-04-11,2,Wrong Product,Refund,65.7
RT0005276,O00016900,P02401,2025-04-30,1,Damaged in Transit,Refund,46.09
RT0005277,O00051640,P01452,2024-03-30,1,Quality Issue,Replacement,67.28
RT0005278,O00007195,P00650,2023-03-20,3,Quality Issue,Refund,42.42
RT0005279,O00056153,P00113,2024-10-05,5,Late Delivery,Replacement,232.7
RT0005280,O00009878,P01477,2025-11-06,1,Quality Issue,Refund,29.11
RT0005281,O00088138,P00009,2023-05-08,1,Quality Issue,Credit Memo,48.08
RT0005282,O00091950,P00386,2023-04-13,1,Excess Quantity,Credit Memo,124.69
RT0005283,O00084579,P00026,2023-06-11,1,Late Delivery,Refund,45.64
RT0005284,O00080306,P00132,2025-07-31,1,Customer Changed Mind,Refund,52.04
RT0005285,O00061634,P00993,2023-10-23,2,Quality Issue,Credit Memo,43.0
RT0005286,O00019690,P00045,2025-02-14,1,Damaged in Transit,Refund,66.39
RT0005287,O00071267,P01109,2024-05-28,1,Wrong Product,Refund,35.87
RT0005288,O00063090,P00521,2025-04-24,2,Quality Issue,Replacement,44.17
RT0005289,O00076617,P00249,2024-08-29,3,Quality Issue,Refund,43.56
RT0005290,O00002833,P01907,2025-09-28,5,Excess Quantity,Replacement,139.1
RT0005291,O00047468,P00012,2024-07-30,2,Damaged in Transit,Credit Memo,198.68
RT0005292,O00053962,P01721,2024-10-19,6,Damaged in Transit,Credit Memo,922.83
RT0005293,O00059109,P00019,2025-01-03,14,Damaged in Transit,Credit Memo,557.46
RT0005294,O00067089,P00046,2025-08-14,2,Excess Quantity,Replacement,128.72
RT0005295,O00025797,P00421,2025-04-28,5,Quality Issue,Replacement,648.52
RT0005296,O00026251,P00167,2024-10-11,1,Damaged in Transit,Credit Memo,25.02
RT0005297,O00092618,P01862,2025-05-09,1,Customer Changed Mind,Refund,94.02
RT0005298,O00014314,P00700,2025-07-06,1,Excess Quantity,Credit Memo,73.61
RT0005299,O00093774,P01702,2024-12-25,3,Wrong Product,Credit Memo,55.5
RT0005300,O00097726,P02535,2024-11-29,7,Customer Changed Mind,Credit Memo,133.5
RT0005301,O00067171,P00002,2025-05-05,1,Excess Quantity,Refund,72.56
RT0005302,O00094834,P00082,2024-09-11,1,Customer Changed Mind,Refund,190.25
RT0005303,O00067126,P01574,2025-08-12,2,Customer Changed Mind,Refund,145.94
RT0005304,O00033149,P00084,2023-10-17,1,Wrong Product,Credit Memo,75.1
RT0005305,O00059924,P01727,2024-05-25,1,Quality Issue,Credit Memo,165.59
RT0005306,O00027839,P00020,2025-09-10,4,Quality Issue,Credit Memo,111.52
RT0005307,O00007227,P01171,2024-08-10,3,Damaged in Transit,Replacement,384.18
RT0005308,O00066166,P01228,2023-09-20,2,Wrong Product,Replacement,51.62
RT0005309,O00044847,P00038,2023-08-20,1,Late Delivery,Replacement,44.65
RT0005310,O00084172,P00083,2023-10-09,1,Quality Issue,Refund,56.65
RT0005311,O00000195,P02191,2025-04-14,1,Customer Changed Mind,Refund,123.67
RT0005312,O00098655,P00691,2024-02-12,1,Late Delivery,Refund,96.49
RT0005313,O00041289,P00009,2026-01-07,3,Quality Issue,Credit Memo,154.81
RT0005314,O00013635,P01061,2023-08-09,1,Wrong Product,Credit Memo,49.21
RT0005315,O00087134,P01711,2023-09-14,2,Quality Issue,Credit Memo,61.46
RT0005316,O00053214,P00168,2024-07-07,1,Quality Issue,Replacement,39.31
RT0005317,O00083178,P02367,2025-06-21,4,Excess Quantity,Replacement,952.24
RT0005318,O00054220,P02681,2023-07-05,3,Late Delivery,Refund,71.02
RT0005319,O00021348,P01460,2024-04-27,5,Excess Quantity,Replacement,88.04
RT0005320,O00078822,P01308,2024-12-26,1,Wrong Product,Refund,8.32
RT0005321,O00037996,P00784,2024-02-18,3,Damaged in Transit,Replacement,36.12
RT0005322,O00018535,P00034,2025-10-19,1,Quality Issue,Refund,30.27
RT0005323,O00017240,P02885,2025-11-07,9,Quality Issue,Refund,383.4
RT0005324,O00072964,P02374,2025-03-25,1,Damaged in Transit,Refund,61.36
RT0005325,O00090633,P00234,2024-11-12,2,Quality Issue,Credit Memo,76.56
RT0005326,O00031591,P00136,2025-07-23,3,Quality Issue,Refund,75.78
RT0005327,O00059569,P00704,2025-01-06,8,Wrong Product,Refund,402.05
RT0005328,O00068872,P00528,2023-11-09,1,Damaged in Transit,Replacement,14.84
RT0005329,O00057406,P00169,2025-05-08,1,Damaged in Transit,Replacement,19.81
RT0005330,O00084121,P02033,2023-10-11,1,Damaged in Transit,Replacement,54.61
RT0005331,O00034468,P00005,2024-12-28,5,Quality Issue,Replacement,254.0
RT0005332,O00007514,P00025,2024-11-22,2,Late Delivery,Credit Memo,119.7
RT0005333,O00023134,P00211,2024-05-14,1,Wrong Product,Credit Memo,35.77
RT0005334,O00039938,P00490,2024-12-17,2,Quality Issue,Refund,34.64
RT0005335,O00077370,P01617,2025-12-06,8,Customer Changed Mind,Refund,122.54
RT0005336,O00039740,P00231,2025-10-06,4,Wrong Product,Credit Memo,149.33
RT0005337,O00099490,P00012,2024-08-22,1,Damaged in Transit,Refund,117.92
RT0005338,O00054043,P00498,2025-06-26,4,Wrong Product,Credit Memo,155.0
RT0005339,O00048615,P00170,2025-04-20,1,Damaged in Transit,Refund,83.44
RT0005340,O00097494,P01328,2023-10-30,2,Customer Changed Mind,Credit Memo,60.39
RT0005341,O00012140,P00010,2025-06-26,4,Damaged in Transit,Refund,267.66
RT0005342,O00051145,P00797,2025-12-24,1,Wrong Product,Credit Memo,36.48
RT0005343,O00091366,P00030,2023-07-01,1,Quality Issue,Refund,20.53
RT0005344,O00077033,P01640,2023-04-18,1,Customer Changed Mind,Credit Memo,25.5
RT0005345,O00024374,P02799,2023-08-31,9,Excess Quantity,Credit Memo,312.57
RT0005346,O00070874,P00162,2024-02-01,5,Wrong Product,Credit Memo,501.16
RT0005347,O00049734,P00968,2025-05-15,3,Quality Issue,Replacement,61.39
RT0005348,O00019931,P00001,2024-04-02,1,Late Delivery,Refund,38.03
RT0005349,O00010987,P01173,2023-08-16,3,Damaged in Transit,Replacement,183.24
RT0005350,O00097446,P02224,2025-09-03,1,Customer Changed Mind,Credit Memo,47.31
RT0005351,O00041303,P02442,2025-05-31,4,Customer Changed Mind,Refund,85.85
RT0005352,O00022900,P00188,2023-12-08,3,Wrong Product,Credit Memo,147.26
RT0005353,O00008544,P00277,2025-06-03,2,Customer Changed Mind,Replacement,89.02
RT0005354,O00063505,P00602,2023-05-08,1,Damaged in Transit,Replacement,41.91
RT0005355,O00013524,P00229,2025-04-07,8,Damaged in Transit,Credit Memo,589.37
RT0005356,O00049683,P00240,2024-09-18,2,Late Delivery,Refund,78.94
RT0005357,O00038611,P00755,2025-11-15,3,Late Delivery,Refund,540.98
RT0005358,O00047968,P00048,2025-12-10,1,Customer Changed Mind,Replacement,14.55
RT0005359,O00009381,P01884,2025-03-10,4,Customer Changed Mind,Credit Memo,397.52
RT0005360,O00084822,P02136,2025-06-18,2,Damaged in Transit,Credit Memo,32.37
RT0005361,O00066184,P01199,2023-12-07,2,Late Delivery,Credit Memo,62.91
RT0005362,O00028693,P00737,2023-11-23,1,Quality Issue,Replacement,49.71
RT0005363,O00010478,P00181,2025-02-12,5,Quality Issue,Refund,131.5
RT0005364,O00019406,P00359,2023-02-05,1,Wrong Product,Credit Memo,12.5
RT0005365,O00041574,P01688,2025-01-06,2,Excess Quantity,Refund,108.29
RT0005366,O00000891,P01583,2024-12-12,4,Customer Changed Mind,Replacement,101.36
RT0005367,O00016836,P00049,2025-11-05,3,Customer Changed Mind,Credit Memo,49.2
RT0005368,O00071136,P02255,2023-04-18,2,Quality Issue,Credit Memo,36.68
RT0005369,O00092634,P00046,2024-11-29,1,Damaged in Transit,Credit Memo,62.96
RT0005370,O00017274,P00334,2023-09-23,1,Customer Changed Mind,Refund,14.88
RT0005371,O00088425,P01854,2026-01-25,2,Quality Issue,Refund,84.09
RT0005372,O00018328,P00926,2024-07-28,6,Quality Issue,Replacement,145.35
RT0005373,O00072977,P00001,2025-10-07,2,Excess Quantity,Credit Memo,67.25
RT0005374,O00095686,P00354,2024-03-31,2,Damaged in Transit,Replacement,52.96
RT0005375,O00018527,P00001,2025-09-02,5,Wrong Product,Refund,184.19
RT0005376,O00018520,P00921,2025-05-11,2,Excess Quantity,Refund,47.2
RT0005377,O00094315,P01005,2025-05-19,2,Wrong Product,Refund,173.54
RT0005378,O00086581,P00395,2024-04-22,7,Excess Quantity,Refund,140.35
RT0005379,O00076792,P00296,2024-10-04,1,Customer Changed Mind,Replacement,13.15
RT0005380,O00008326,P00252,2024-02-15,1,Late Delivery,Replacement,19.8
RT0005381,O00032583,P00239,2023-08-20,4,Damaged in Transit,Refund,355.75
RT0005382,O00075363,P00449,2024-06-24,2,Wrong Product,Replacement,61.09
RT0005383,O00030618,P01689,2023-07-23,1,Late Delivery,Replacement,54.52
RT0005384,O00059831,P02009,2024-02-10,1,Wrong Product,Replacement,83.05
RT0005385,O00042279,P00110,2024-04-27,1,Quality Issue,Credit Memo,29.8
RT0005386,O00004548,P02113,2023-04-25,1,Excess Quantity,Refund,27.82
RT0005387,O00057256,P02494,2024-08-11,4,Damaged in Transit,Replacement,177.59
RT0005388,O00024748,P00421,2024-01-21,4,Excess Quantity,Replacement,529.99
RT0005389,O00056486,P00391,2023-01-30,1,Damaged in Transit,Refund,38.73
RT0005390,O00001589,P02917,2023-09-15,4,Quality Issue,Refund,157.59
RT0005391,O00021756,P00014,2025-04-23,1,Damaged in Transit,Replacement,58.47
RT0005392,O00005724,P02804,2023-08-17,1,Damaged in Transit,Refund,38.18
RT0005393,O00031197,P01784,2025-12-23,5,Excess Quantity,Credit Memo,407.25
RT0005394,O00096168,P00166,2025-06-07,4,Wrong Product,Replacement,459.6
RT0005395,O00068621,P00006,2024-11-20,1,Wrong Product,Credit Memo,72.91
RT0005396,O00022050,P00147,2025-08-22,3,Excess Quantity,Credit Memo,272.44
RT0005397,O00078254,P01627,2023-02-17,4,Damaged in Transit,Credit Memo,53.29
RT0005398,O00018106,P01570,2024-09-29,1,Damaged in Transit,Credit Memo,44.41
RT0005399,O00097314,P00009,2024-08-02,4,Customer Changed Mind,Replacement,209.87
RT0005400,O00076737,P00011,2024-02-19,7,Damaged in Transit,Credit Memo,297.01
RT0005401,O00036485,P00736,2024-08-26,3,Quality Issue,Replacement,134.11
RT0005402,O00045978,P00023,2025-04-15,2,Excess Quantity,Refund,79.33
RT0005403,O00034344,P00118,2024-05-22,4,Quality Issue,Refund,89.83
RT0005404,O00078906,P00209,2025-07-31,5,Wrong Product,Refund,428.63
RT0005405,O00044547,P01186,2023-11-03,3,Quality Issue,Credit Memo,39.99
RT0005406,O00072564,P00642,2024-09-16,3,Customer Changed Mind,Replacement,27.54
RT0005407,O00022049,P00592,2023-12-29,2,Quality Issue,Refund,43.95
RT0005408,O00053913,P00002,2023-04-11,10,Damaged in Transit,Credit Memo,615.91
RT0005409,O00060297,P01782,2024-08-09,4,Excess Quantity,Replacement,58.59
RT0005410,O00019979,P00001,2024-05-31,3,Damaged in Transit,Credit Memo,111.23
RT0005411,O00041023,P00001,2024-09-20,2,Quality Issue,Credit Memo,81.2
RT0005412,O00094494,P01082,2023-09-09,4,Customer Changed Mind,Refund,296.6
RT0005413,O00040898,P00150,2024-06-27,1,Quality Issue,Refund,11.24
RT0005414,O00095550,P00061,2023-06-29,4,Wrong Product,Credit Memo,78.76
RT0005415,O00026237,P00107,2024-02-11,5,Late Delivery,Refund,191.97
RT0005416,O00071952,P00077,2023-05-09,5,Customer Changed Mind,Replacement,63.94
RT0005417,O00051206,P00792,2025-10-15,5,Customer Changed Mind,Credit Memo,299.05
RT0005418,O00091212,P00405,2024-12-01,2,Quality Issue,Refund,61.61
RT0005419,O00018989,P00007,2024-09-20,2,Excess Quantity,Refund,65.49
RT0005420,O00007004,P01974,2024-07-29,2,Damaged in Transit,Replacement,168.68
RT0005421,O00017191,P00012,2024-03-12,5,Customer Changed Mind,Refund,634.6
RT0005422,O00067906,P01159,2024-09-11,3,Quality Issue,Credit Memo,89.58
RT0005423,O00068040,P02486,2024-12-28,3,Damaged in Transit,Credit Memo,101.46
RT0005424,O00098267,P00277,2025-01-23,1,Damaged in Transit,Replacement,46.48
RT0005425,O00019062,P00485,2024-04-27,5,Damaged in Transit,Refund,440.7
RT0005426,O00089877,P00056,2025-07-21,3,Damaged in Transit,Replacement,192.45
RT0005427,O00086009,P01579,2024-10-30,2,Quality Issue,Replacement,645.3
RT0005428,O00016416,P02429,2025-05-22,1,Wrong Product,Replacement,19.1
RT0005429,O00042620,P01073,2024-08-21,6,Quality Issue,Credit Memo,121.47
RT0005430,O00009341,P00167,2025-08-02,3,Quality Issue,Replacement,89.25
RT0005431,O00006017,P00633,2024-12-14,5,Quality Issue,Refund,225.82
RT0005432,O00047275,P00017,2025-11-06,3,Damaged in Transit,Credit Memo,69.11
RT0005433,O00054073,P01132,2023-06-11,5,Wrong Product,Refund,267.75
RT0005434,O00013401,P00002,2025-10-04,2,Wrong Product,Refund,144.89
RT0005435,O00020657,P00350,2023-12-25,3,Quality Issue,Refund,49.68
RT0005436,O00088597,P00392,2023-06-02,1,Excess Quantity,Credit Memo,117.5
RT0005437,O00016544,P00872,2023-07-24,1,Quality Issue,Credit Memo,51.44
RT0005438,O00035821,P01426,2024-10-27,3,Excess Quantity,Credit Memo,87.41
RT0005439,O00052074,P00495,2023-05-20,2,Damaged in Transit,Replacement,50.41
RT0005440,O00087207,P00238,2025-03-19,1,Damaged in Transit,Refund,63.0
RT0005441,O00085448,P00652,2025-09-17,1,Wrong Product,Replacement,58.12
RT0005442,O00034246,P01926,2024-06-03,4,Customer Changed Mind,Refund,190.72
RT0005443,O00044245,P00057,2025-01-29,3,Excess Quantity,Credit Memo,85.74
RT0005444,O00087595,P00540,2024-06-23,3,Customer Changed Mind,Refund,83.63
RT0005445,O00020284,P00020,2024-04-29,4,Late Delivery,Refund,97.57
RT0005446,O00025115,P00025,2024-08-20,5,Late Delivery,Refund,344.26
RT0005447,O00010300,P00626,2023-09-04,1,Customer Changed Mind,Credit Memo,69.67
RT0005448,O00043205,P01150,2023-04-27,3,Wrong Product,Replacement,79.24
RT0005449,O00027800,P02591,2025-01-06,5,Damaged in Transit,Credit Memo,110.65
RT0005450,O00001956,P00001,2023-08-23,1,Damaged in Transit,Replacement,37.97
RT0005451,O00000731,P00152,2024-07-23,2,Excess Quantity,Replacement,119.61
RT0005452,O00001272,P00432,2023-09-24,3,Late Delivery,Replacement,96.02
RT0005453,O00094028,P01250,2024-06-14,6,Late Delivery,Replacement,190.24
RT0005454,O00041219,P01066,2024-11-17,3,Late Delivery,Credit Memo,140.36
RT0005455,O00004167,P01878,2024-07-12,1,Excess Quantity,Replacement,35.05
RT0005456,O00075215,P00084,2024-07-10,1,Damaged in Transit,Credit Memo,86.51
RT0005457,O00095596,P00331,2025-02-20,2,Damaged in Transit,Refund,33.48
RT0005458,O00016185,P00646,2024-06-03,1,Excess Quantity,Refund,33.83
RT0005459,O00081040,P02629,2025-06-30,8,Excess Quantity,Replacement,356.36
RT0005460,O00085264,P01504,2024-08-28,1,Excess Quantity,Replacement,8.91
RT0005461,O00009929,P00272,2024-01-03,2,Quality Issue,Credit Memo,66.17
RT0005462,O00082713,P02295,2025-01-14,3,Damaged in Transit,Replacement,42.66
RT0005463,O00075247,P01053,2023-11-28,2,Quality Issue,Replacement,66.38
RT0005464,O00001060,P00010,2024-10-28,3,Quality Issue,Refund,182.13
RT0005465,O00073572,P02817,2024-09-18,1,Quality Issue,Refund,6.0
RT0005466,O00096217,P00817,2024-05-06,4,Excess Quantity,Credit Memo,218.65
RT0005467,O00012201,P00085,2023-10-27,1,Late Delivery,Replacement,38.13
RT0005468,O00068241,P02796,2025-05-21,2,Quality Issue,Replacement,95.56
RT0005469,O00001661,P00111,2025-03-16,2,Damaged in Transit,Credit Memo,76.49
RT0005470,O00068574,P02258,2024-07-27,1,Damaged in Transit,Replacement,44.37
RT0005471,O00062179,P00011,2025-02-28,1,Damaged in Transit,Refund,47.71
RT0005472,O00049002,P00187,2023-06-18,2,Quality Issue,Credit Memo,115.17
RT0005473,O00007893,P00016,2023-12-13,3,Quality Issue,Refund,410.0
RT0005474,O00076566,P00028,2024-03-06,5,Excess Quantity,Refund,123.51
RT0005475,O00077632,P00537,2023-06-13,1,Wrong Product,Refund,30.51
RT0005476,O00053437,P02818,2023-05-06,3,Damaged in Transit,Credit Memo,107.47
RT0005477,O00000890,P00002,2023-08-02,2,Wrong Product,Refund,140.4
RT0005478,O00091893,P01909,2025-06-27,6,Wrong Product,Refund,263.8
RT0005479,O00080098,P00067,2024-06-24,1,Quality Issue,Credit Memo,56.88
RT0005480,O00002110,P00654,2025-03-14,3,Damaged in Transit,Replacement,75.63
RT0005481,O00083769,P01235,2023-09-24,3,Quality Issue,Refund,161.1
RT0005482,O00074421,P00090,2025-06-26,8,Wrong Product,Credit Memo,268.42
RT0005483,O00073723,P01825,2025-11-07,1,Quality Issue,Refund,89.98
RT0005484,O00011989,P00001,2024-02-23,4,Quality Issue,Credit Memo,141.31
RT0005485,O00062766,P00009,2025-03-04,3,Damaged in Transit,Credit Memo,175.32
RT0005486,O00041516,P02353,2025-01-27,5,Wrong Product,Credit Memo,366.84
RT0005487,O00012185,P00186,2024-01-18,2,Excess Quantity,Replacement,85.59
RT0005488,O00014141,P01448,2024-01-12,2,Late Delivery,Refund,44.89
RT0005489,O00012878,P01684,2025-01-25,1,Wrong Product,Replacement,39.66
RT0005490,O00027048,P00203,2023-08-27,3,Damaged in Transit,Refund,176.56
RT0005491,O00005631,P01786,2023-04-12,1,Damaged in Transit,Replacement,50.83
RT0005492,O00053901,P00295,2025-06-05,3,Customer Changed Mind,Credit Memo,168.06
RT0005493,O00005193,P00127,2024-07-21,3,Damaged in Transit,Refund,391.89
RT0005494,O00019875,P01587,2023-09-23,3,Late Delivery,Replacement,193.43
RT0005495,O00003522,P00549,2025-11-21,1,Damaged in Transit,Credit Memo,99.5
RT0005496,O00075304,P00539,2025-10-19,2,Damaged in Transit,Refund,288.3
RT0005497,O00060749,P00183,2024-11-28,1,Excess Quantity,Credit Memo,41.04
RT0005498,O00014154,P02235,2026-01-30,4,Damaged in Transit,Credit Memo,872.31
RT0005499,O00083078,P02643,2025-09-11,3,Damaged in Transit,Credit Memo,158.46
RT0005500,O00061319,P00784,2024-07-13,1,Wrong Product,Refund,13.86
RT0005501,O00017592,P00755,2025-10-26,3,Late Delivery,Credit Memo,544.92
RT0005502,O00062091,P00641,2024-07-11,1,Quality Issue,Credit Memo,77.98
RT0005503,O00061870,P00523,2024-05-26,1,Damaged in Transit,Credit Memo,24.3
RT0005504,O00059147,P00202,2023-05-21,8,Damaged in Transit,Replacement,482.52
RT0005505,O00066416,P00090,2025-02-09,8,Damaged in Transit,Credit Memo,239.72
RT0005506,O00035366,P01325,2024-11-17,2,Quality Issue,Replacement,124.86
RT0005507,O00076147,P00429,2025-09-29,2,Damaged in Transit,Replacement,91.41
RT0005508,O00082667,P00212,2025-11-07,1,Damaged in Transit,Credit Memo,30.43
RT0005509,O00044767,P01968,2026-01-15,2,Customer Changed Mind,Refund,114.19
RT0005510,O00043538,P02570,2025-08-15,1,Quality Issue,Credit Memo,23.39
RT0005511,O00061828,P01259,2024-08-14,4,Late Delivery,Refund,148.63
RT0005512,O00006486,P00187,2024-01-15,5,Quality Issue,Credit Memo,332.5
RT0005513,O00088011,P00359,2025-09-17,3,Customer Changed Mind,Replacement,49.62
RT0005514,O00074136,P00207,2025-07-20,1,Customer Changed Mind,Credit Memo,26.43
RT0005515,O00083312,P00174,2025-07-29,1,Wrong Product,Credit Memo,32.57
RT0005516,O00016677,P01870,2025-02-06,5,Damaged in Transit,Refund,121.36
RT0005517,O00036523,P00875,2024-07-07,1,Quality Issue,Credit Memo,25.78
RT0005518,O00062481,P00079,2023-06-10,1,Excess Quantity,Credit Memo,42.71
RT0005519,O00050291,P00001,2025-09-02,3,Excess Quantity,Replacement,104.65
RT0005520,O00055784,P00884,2025-12-23,1,Excess Quantity,Replacement,14.1
RT0005521,O00005445,P00403,2023-09-06,1,Wrong Product,Replacement,77.29
RT0005522,O00092768,P00007,2026-01-25,2,Damaged in Transit,Replacement,73.74
RT0005523,O00023481,P00019,2023-01-28,1,Customer Changed Mind,Credit Memo,42.94
RT0005524,O00056701,P00230,2024-06-03,1,Customer Changed Mind,Credit Memo,36.92
RT0005525,O00051687,P00188,2023-07-06,3,Damaged in Transit,Replacement,153.73
RT0005526,O00096729,P00001,2025-06-05,1,Damaged in Transit,Credit Memo,36.09
RT0005527,O00018214,P00022,2025-09-23,1,Quality Issue,Replacement,27.94
RT0005528,O00065958,P00133,2024-05-26,1,Excess Quantity,Credit Memo,75.43
RT0005529,O00061310,P00039,2025-05-16,3,Late Delivery,Credit Memo,115.5
RT0005530,O00044481,P01940,2023-07-04,2,Excess Quantity,Credit Memo,32.78
RT0005531,O00029682,P02103,2025-12-23,3,Wrong Product,Refund,352.42
RT0005532,O00043896,P00743,2024-08-18,3,Damaged in Transit,Replacement,195.12
RT0005533,O00008571,P02467,2023-03-19,1,Quality Issue,Credit Memo,118.62
RT0005534,O00048367,P01769,2024-01-03,6,Damaged in Transit,Refund,445.06
RT0005535,O00028490,P00509,2023-10-23,1,Damaged in Transit,Refund,41.11
RT0005536,O00064378,P00005,2024-08-20,4,Late Delivery,Credit Memo,202.47
RT0005537,O00047267,P01687,2024-12-14,1,Excess Quantity,Credit Memo,12.61
RT0005538,O00083916,P00672,2023-08-01,1,Quality Issue,Refund,56.95
RT0005539,O00080875,P00270,2024-05-27,1,Excess Quantity,Credit Memo,6.66
RT0005540,O00045253,P01393,2024-08-30,1,Wrong Product,Replacement,61.57
RT0005541,O00036416,P01669,2025-07-13,1,Customer Changed Mind,Credit Memo,31.53
RT0005542,O00064132,P00112,2024-07-13,1,Late Delivery,Credit Memo,36.7
RT0005543,O00022227,P00203,2025-05-25,5,Damaged in Transit,Replacement,362.05
RT0005544,O00032333,P00926,2023-08-13,1,Quality Issue,Credit Memo,26.01
RT0005545,O00089057,P01690,2025-07-31,5,Late Delivery,Credit Memo,88.11
RT0005546,O00032421,P00002,2024-12-20,2,Customer Changed Mind,Refund,158.78
RT0005547,O00090525,P00202,2024-03-08,3,Damaged in Transit,Replacement,170.64
RT0005548,O00070608,P00067,2025-06-06,2,Wrong Product,Credit Memo,133.6
RT0005549,O00020152,P00040,2025-10-24,1,Damaged in Transit,Replacement,63.82
RT0005550,O00063285,P00759,2023-07-02,1,Customer Changed Mind,Refund,21.51
RT0005551,O00007652,P01473,2023-05-13,1,Wrong Product,Replacement,28.27
RT0005552,O00090285,P00374,2025-07-25,3,Quality Issue,Refund,398.09
RT0005553,O00093841,P00192,2025-11-06,2,Quality Issue,Replacement,24.74
RT0005554,O00077217,P00371,2025-10-04,1,Quality Issue,Credit Memo,69.32
RT0005555,O00048347,P01137,2025-06-04,2,Damaged in Transit,Replacement,133.27
RT0005556,O00011715,P00144,2025-03-31,1,Late Delivery,Replacement,42.74
RT0005557,O00027669,P00013,2023-01-28,3,Quality Issue,Replacement,80.31
RT0005558,O00082304,P00006,2024-06-01,1,Quality Issue,Replacement,68.29
RT0005559,O00067972,P00770,2024-10-01,2,Damaged in Transit,Credit Memo,26.05
RT0005560,O00023584,P01360,2025-01-05,5,Damaged in Transit,Refund,367.71
RT0005561,O00026377,P00356,2025-09-01,3,Quality Issue,Replacement,126.41
RT0005562,O00012846,P00025,2024-08-20,1,Quality Issue,Replacement,64.77
RT0005563,O00000526,P00012,2024-04-06,5,Damaged in Transit,Credit Memo,549.35
RT0005564,O00059387,P00487,2024-07-15,7,Customer Changed Mind,Credit Memo,281.94
RT0005565,O00035242,P00002,2025-12-24,7,Quality Issue,Credit Memo,464.92
RT0005566,O00041407,P01621,2023-08-28,1,Quality Issue,Refund,67.92
RT0005567,O00010742,P00278,2025-03-17,7,Late Delivery,Credit Memo,213.53
RT0005568,O00068587,P00320,2025-12-08,1,Quality Issue,Replacement,48.81
RT0005569,O00004690,P00231,2024-02-14,4,Damaged in Transit,Refund,134.64
RT0005570,O00054819,P00066,2024-05-07,1,Customer Changed Mind,Replacement,27.13
RT0005571,O00083432,P01305,2025-03-01,4,Damaged in Transit,Credit Memo,228.82
RT0005572,O00060785,P00008,2025-08-16,7,Damaged in Transit,Refund,429.94
RT0005573,O00031532,P00054,2025-01-01,3,Quality Issue,Refund,58.03
RT0005574,O00008965,P00795,2025-07-29,2,Excess Quantity,Refund,34.2
RT0005575,O00034860,P00378,2023-02-13,2,Late Delivery,Credit Memo,305.54
RT0005576,O00076080,P00106,2024-08-23,5,Quality Issue,Credit Memo,364.35
RT0005577,O00004492,P00037,2026-01-05,1,Damaged in Transit,Replacement,17.68
RT0005578,O00094098,P01921,2025-11-05,1,Excess Quantity,Replacement,16.53
RT0005579,O00055472,P00355,2024-05-03,1,Wrong Product,Refund,39.18
RT0005580,O00001497,P00024,2025-10-09,1,Damaged in Transit,Credit Memo,63.56
RT0005581,O00002866,P02279,2024-06-26,6,Wrong Product,Credit Memo,352.58
RT0005582,O00035898,P01603,2024-08-12,1,Damaged in Transit,Refund,40.38
RT0005583,O00052371,P00243,2024-02-15,2,Excess Quantity,Refund,68.15
RT0005584,O00011761,P02308,2023-02-28,2,Quality Issue,Credit Memo,47.92
RT0005585,O00090424,P00106,2025-01-19,7,Customer Changed Mind,Replacement,451.64
RT0005586,O00047857,P01751,2024-06-18,2,Customer Changed Mind,Refund,63.19
RT0005587,O00089510,P00714,2023-01-27,1,Damaged in Transit,Replacement,66.91
RT0005588,O00026795,P00007,2025-05-10,1,Wrong Product,Replacement,34.24
RT0005589,O00043494,P00132,2023-11-04,2,Customer Changed Mind,Credit Memo,99.29
RT0005590,O00052596,P00213,2023-11-05,3,Customer Changed Mind,Credit Memo,71.39
RT0005591,O00081459,P01389,2023-07-05,5,Customer Changed Mind,Replacement,275.97
RT0005592,O00035627,P01991,2023-05-09,1,Quality Issue,Credit Memo,44.33
RT0005593,O00058908,P00127,2023-06-08,3,Quality Issue,Refund,381.08
RT0005594,O00075650,P01499,2024-06-24,2,Quality Issue,Replacement,31.63
RT0005595,O00006245,P00002,2025-05-13,7,Excess Quantity,Replacement,573.51
RT0005596,O00047137,P01637,2023-05-30,2,Wrong Product,Refund,51.21
RT0005597,O00086038,P00005,2024-12-02,3,Customer Changed Mind,Refund,146.84
RT0005598,O00069809,P01641,2025-10-26,5,Excess Quantity,Credit Memo,753.4
RT0005599,O00031816,P01640,2023-08-17,4,Damaged in Transit,Credit Memo,104.24
RT0005600,O00054094,P01862,2024-04-28,2,Quality Issue,Credit Memo,171.53
RT0005601,O00003605,P00436,2023-07-31,1,Late Delivery,Refund,44.05
RT0005602,O00075275,P00371,2024-06-08,1,Excess Quantity,Refund,64.56
RT0005603,O00076448,P01105,2023-06-24,1,Customer Changed Mind,Credit Memo,61.15
RT0005604,O00014590,P01450,2023-10-10,2,Damaged in Transit,Refund,35.46
RT0005605,O00073120,P00131,2025-09-17,9,Quality Issue,Credit Memo,301.05
RT0005606,O00059270,P00086,2025-08-25,4,Wrong Product,Replacement,83.02
RT0005607,O00002165,P00069,2026-01-02,2,Damaged in Transit,Refund,79.08
RT0005608,O00088197,P00120,2025-05-27,1,Quality Issue,Refund,16.7
RT0005609,O00028520,P00627,2024-05-01,2,Wrong Product,Credit Memo,42.08
RT0005610,O00093203,P00027,2023-05-14,9,Wrong Product,Credit Memo,115.96
RT0005611,O00027665,P00014,2023-06-17,1,Quality Issue,Refund,58.01
RT0005612,O00051520,P00014,2025-05-19,2,Customer Changed Mind,Credit Memo,125.2
RT0005613,O00020695,P00573,2024-05-17,3,Excess Quantity,Replacement,124.16
RT0005614,O00013542,P00519,2024-07-20,3,Wrong Product,Replacement,191.04
RT0005615,O00062562,P00531,2025-04-15,6,Late Delivery,Replacement,190.14
RT0005616,O00046118,P00314,2024-03-20,2,Quality Issue,Credit Memo,63.04
RT0005617,O00060974,P00006,2023-09-19,1,Quality Issue,Replacement,62.51
RT0005618,O00010849,P01745,2025-03-20,3,Quality Issue,Refund,137.73
RT0005619,O00012216,P01967,2024-11-29,3,Damaged in Transit,Replacement,139.89
RT0005620,O00014893,P00001,2025-06-15,5,Late Delivery,Replacement,199.09
RT0005621,O00042634,P00098,2024-11-23,1,Quality Issue,Refund,15.35
RT0005622,O00032543,P00719,2024-05-19,4,Late Delivery,Refund,128.44
RT0005623,O00003374,P00004,2023-12-24,4,Excess Quantity,Credit Memo,144.07
RT0005624,O00091513,P00838,2023-12-14,1,Damaged in Transit,Replacement,32.71
RT0005625,O00015103,P00306,2024-07-29,2,Customer Changed Mind,Credit Memo,32.15
RT0005626,O00040741,P01731,2023-06-21,1,Quality Issue,Replacement,35.46
RT0005627,O00067417,P00002,2025-09-04,4,Damaged in Transit,Credit Memo,293.63
RT0005628,O00091842,P00884,2024-09-09,2,Late Delivery,Refund,27.53
RT0005629,O00056648,P02193,2023-08-07,2,Quality Issue,Credit Memo,137.97
RT0005630,O00025870,P00001,2023-07-20,1,Wrong Product,Refund,36.12
RT0005631,O00034611,P00442,2024-05-25,5,Customer Changed Mind,Credit Memo,72.2
RT0005632,O00090427,P00054,2024-05-22,2,Quality Issue,Replacement,39.5
RT0005633,O00095615,P00655,2023-07-20,2,Damaged in Transit,Replacement,9.4
RT0005634,O00052138,P01976,2024-07-24,8,Excess Quantity,Replacement,159.56
RT0005635,O00047930,P00942,2025-10-11,1,Quality Issue,Refund,25.52
RT0005636,O00005045,P00006,2024-03-28,2,Damaged in Transit,Refund,127.78
RT0005637,O00076416,P00003,2024-12-17,3,Customer Changed Mind,Refund,26.25
RT0005638,O00097057,P00021,2023-12-29,2,Excess Quantity,Replacement,135.64
RT0005639,O00062150,P00899,2023-07-16,6,Damaged in Transit,Replacement,156.84
RT0005640,O00037755,P00141,2025-10-17,1,Excess Quantity,Replacement,41.79
RT0005641,O00047001,P00330,2024-05-13,4,Quality Issue,Replacement,311.3
RT0005642,O00053911,P01283,2023-05-13,9,Late Delivery,Replacement,662.66
RT0005643,O00045378,P00157,2025-11-10,1,Wrong Product,Refund,125.4
RT0005644,O00037783,P01112,2024-05-09,3,Quality Issue,Replacement,115.59
RT0005645,O00093754,P01810,2025-05-26,2,Damaged in Transit,Replacement,102.72
RT0005646,O00022158,P00043,2024-02-04,6,Customer Changed Mind,Refund,96.24
RT0005647,O00056856,P02113,2024-01-03,3,Quality Issue,Refund,74.84
RT0005648,O00043170,P00787,2024-05-20,1,Customer Changed Mind,Credit Memo,42.9
RT0005649,O00012098,P00128,2024-07-09,9,Quality Issue,Credit Memo,339.69
RT0005650,O00009186,P02606,2025-08-14,4,Damaged in Transit,Credit Memo,172.6
RT0005651,O00051545,P00186,2025-02-05,7,Damaged in Transit,Replacement,309.51
RT0005652,O00031973,P02002,2025-09-25,2,Wrong Product,Replacement,107.86
RT0005653,O00010255,P01808,2024-09-03,2,Excess Quantity,Replacement,24.95
RT0005654,O00047937,P00030,2025-02-09,1,Excess Quantity,Refund,24.1
RT0005655,O00013329,P00010,2023-05-02,9,Damaged in Transit,Replacement,547.06
RT0005656,O00043465,P00260,2024-03-09,1,Quality Issue,Credit Memo,63.86
RT0005657,O00027666,P01757,2024-01-27,3,Quality Issue,Credit Memo,66.45
RT0005658,O00094876,P00785,2023-12-13,1,Damaged in Transit,Credit Memo,80.7
RT0005659,O00009883,P00044,2026-02-21,2,Damaged in Transit,Refund,70.13
RT0005660,O00060602,P00273,2024-03-20,2,Damaged in Transit,Refund,61.69
RT0005661,O00008932,P00899,2024-09-19,15,Damaged in Transit,Replacement,413.86
RT0005662,O00076780,P02132,2023-09-14,11,Customer Changed Mind,Refund,247.33
RT0005663,O00053639,P00124,2025-06-18,1,Quality Issue,Refund,16.98
RT0005664,O00059781,P00025,2023-08-13,3,Excess Quantity,Credit Memo,192.19
RT0005665,O00035209,P00252,2025-07-03,2,Customer Changed Mind,Credit Memo,47.54
RT0005666,O00095356,P01476,2023-07-27,3,Damaged in Transit,Replacement,45.55
RT0005667,O00057047,P01036,2023-05-06,2,Late Delivery,Credit Memo,59.93
RT0005668,O00062015,P01458,2025-09-22,1,Damaged in Transit,Replacement,54.85
RT0005669,O00049106,P00008,2024-06-02,1,Damaged in Transit,Credit Memo,57.53
RT0005670,O00000854,P00159,2025-08-26,2,Damaged in Transit,Credit Memo,76.09
RT0005671,O00018857,P00685,2026-01-13,24,Damaged in Transit,Replacement,2585.52
RT0005672,O00080211,P02345,2025-08-05,1,Quality Issue,Replacement,26.46
RT0005673,O00092547,P00028,2024-02-24,9,Wrong Product,Replacement,233.25
RT0005674,O00066613,P01564,2024-06-05,1,Wrong Product,Refund,51.15
RT0005675,O00021395,P01565,2023-04-07,3,Excess Quantity,Credit Memo,50.37
RT0005676,O00083384,P01566,2023-04-02,3,Damaged in Transit,Refund,182.08
RT0005677,O00082662,P01108,2024-12-12,6,Excess Quantity,Credit Memo,128.68
RT0005678,O00094147,P00023,2024-06-03,8,Quality Issue,Credit Memo,319.84
RT0005679,O00066489,P00204,2023-12-01,3,Excess Quantity,Replacement,128.97
RT0005680,O00051948,P00080,2025-05-13,1,Damaged in Transit,Refund,23.81
RT0005681,O00030364,P01350,2024-07-16,3,Damaged in Transit,Credit Memo,120.26
RT0005682,O00081314,P00207,2023-09-02,2,Wrong Product,Refund,55.12
RT0005683,O00053375,P02437,2023-09-07,4,Damaged in Transit,Refund,64.11
RT0005684,O00086005,P00011,2023-05-21,1,Quality Issue,Refund,40.76
RT0005685,O00084290,P01421,2025-03-17,2,Customer Changed Mind,Refund,80.55
RT0005686,O00024501,P00183,2025-10-30,8,Customer Changed Mind,Refund,381.36
RT0005687,O00046047,P02327,2025-05-03,1,Excess Quantity,Credit Memo,41.91
RT0005688,O00045773,P00187,2025-06-07,1,Late Delivery,Replacement,69.12
RT0005689,O00096787,P00523,2024-09-13,2,Quality Issue,Replacement,38.58
RT0005690,O00032565,P00006,2024-10-05,1,Customer Changed Mind,Refund,61.49
RT0005691,O00081241,P02426,2024-04-28,2,Customer Changed Mind,Refund,53.29
RT0005692,O00034883,P01010,2024-02-01,2,Damaged in Transit,Credit Memo,132.09
RT0005693,O00092150,P01065,2024-01-06,4,Excess Quantity,Replacement,284.8
RT0005694,O00032791,P00080,2025-12-15,2,Wrong Product,Replacement,53.44
RT0005695,O00051485,P00012,2023-02-11,2,Damaged in Transit,Refund,213.29
RT0005696,O00003666,P02667,2024-01-16,1,Quality Issue,Refund,49.93
RT0005697,O00008507,P00122,2023-06-07,1,Damaged in Transit,Refund,8.95
RT0005698,O00055555,P00001,2023-01-25,6,Late Delivery,Refund,237.54
RT0005699,O00044849,P00204,2025-08-20,3,Excess Quantity,Credit Memo,145.7
RT0005700,O00035761,P02838,2023-07-12,4,Customer Changed Mind,Refund,113.52
RT0005701,O00054496,P02173,2024-08-12,7,Customer Changed Mind,Refund,234.66
RT0005702,O00002929,P00113,2025-03-08,1,Damaged in Transit,Refund,43.84
RT0005703,O00081280,P00003,2025-09-08,2,Damaged in Transit,Credit Memo,18.92
RT0005704,O00003455,P00175,2024-09-11,4,Late Delivery,Credit Memo,50.8
RT0005705,O00001219,P00323,2025-07-20,5,Wrong Product,Credit Memo,171.33
RT0005706,O00087389,P00010,2026-01-13,6,Excess Quantity,Credit Memo,391.59
RT0005707,O00046106,P01593,2025-08-23,1,Quality Issue,Refund,81.21
RT0005708,O00026335,P01184,2024-04-09,7,Quality Issue,Credit Memo,494.79
RT0005709,O00095294,P00004,2024-09-10,2,Excess Quantity,Credit Memo,79.61
RT0005710,O00010360,P00198,2024-07-10,1,Late Delivery,Refund,60.95
RT0005711,O00079608,P00600,2023-09-18,1,Excess Quantity,Replacement,122.62
RT0005712,O00096883,P00015,2025-06-02,4,Damaged in Transit,Replacement,195.86
RT0005713,O00025107,P00395,2024-05-06,1,Wrong Product,Credit Memo,17.41
RT0005714,O00045956,P00426,2025-06-24,1,Excess Quantity,Replacement,36.42
RT0005715,O00076544,P00116,2023-07-16,1,Damaged in Transit,Refund,14.95
RT0005716,O00030017,P00127,2026-01-04,1,Wrong Product,Refund,129.7
RT0005717,O00041643,P00456,2024-06-19,4,Damaged in Transit,Replacement,95.53
RT0005718,O00041565,P00792,2025-07-28,1,Damaged in Transit,Refund,56.43
RT0005719,O00010731,P00014,2023-05-13,6,Excess Quantity,Refund,301.37
RT0005720,O00045476,P00942,2025-03-18,6,Late Delivery,Credit Memo,135.05
RT0005721,O00047178,P00035,2024-11-10,1,Quality Issue,Credit Memo,61.58
RT0005722,O00024921,P00001,2023-12-19,8,Customer Changed Mind,Credit Memo,291.76
RT0005723,O00053439,P02448,2024-05-05,3,Damaged in Transit,Refund,55.38
RT0005724,O00008403,P00590,2023-04-04,2,Wrong Product,Refund,107.84
RT0005725,O00033248,P00027,2023-05-30,1,Damaged in Transit,Refund,12.01
RT0005726,O00094892,P01406,2024-07-21,6,Late Delivery,Credit Memo,180.24
RT0005727,O00004278,P00538,2024-06-21,2,Wrong Product,Refund,32.51
RT0005728,O00098013,P00026,2025-09-21,6,Wrong Product,Refund,274.3
RT0005729,O00044136,P00366,2024-11-20,3,Excess Quantity,Replacement,172.42
RT0005730,O00061873,P00485,2024-10-21,1,Damaged in Transit,Refund,96.68
RT0005731,O00086224,P00600,2023-05-02,1,Late Delivery,Credit Memo,115.08
RT0005732,O00060407,P00323,2024-09-17,4,Damaged in Transit,Credit Memo,125.05
RT0005733,O00041174,P02417,2024-09-06,7,Quality Issue,Refund,119.44
RT0005734,O00053330,P00674,2025-02-03,3,Excess Quantity,Replacement,145.27
RT0005735,O00078415,P00771,2025-08-19,3,Excess Quantity,Refund,118.15
RT0005736,O00009680,P00090,2024-04-03,1,Damaged in Transit,Credit Memo,29.04
RT0005737,O00048986,P00183,2025-03-11,5,Quality Issue,Credit Memo,230.28
RT0005738,O00079417,P02449,2024-08-05,4,Wrong Product,Credit Memo,237.96
RT0005739,O00083503,P00003,2024-11-23,2,Quality Issue,Replacement,19.35
RT0005740,O00004418,P00131,2025-07-15,2,Late Delivery,Replacement,66.89
RT0005741,O00025257,P01317,2023-05-12,6,Customer Changed Mind,Replacement,180.47
RT0005742,O00042608,P01752,2025-02-26,2,Quality Issue,Replacement,157.66
RT0005743,O00013913,P00013,2025-12-24,2,Damaged in Transit,Replacement,55.9
RT0005744,O00075334,P00942,2023-03-05,5,Damaged in Transit,Credit Memo,115.61
RT0005745,O00027442,P00147,2025-08-31,1,Wrong Product,Refund,96.01
RT0005746,O00026243,P00128,2025-04-27,4,Quality Issue,Credit Memo,146.86
RT0005747,O00097208,P01720,2023-11-22,1,Customer Changed Mind,Refund,27.8
RT0005748,O00083098,P01797,2025-10-12,2,Damaged in Transit,Credit Memo,254.52
RT0005749,O00018888,P00750,2025-02-08,8,Damaged in Transit,Credit Memo,405.9
RT0005750,O00036517,P00341,2024-07-08,2,Wrong Product,Credit Memo,124.01
RT0005751,O00015931,P00832,2024-06-30,4,Excess Quantity,Replacement,168.32
RT0005752,O00082070,P01863,2023-06-07,1,Damaged in Transit,Refund,39.74
RT0005753,O00032730,P01799,2025-07-10,2,Damaged in Transit,Refund,48.5
RT0005754,O00078176,P01617,2025-10-09,3,Quality Issue,Replacement,49.89
RT0005755,O00000403,P01793,2024-10-05,5,Wrong Product,Credit Memo,233.23
RT0005756,O00093983,P00004,2025-07-20,2,Quality Issue,Credit Memo,75.5
RT0005757,O00045002,P00136,2023-12-01,2,Excess Quantity,Credit Memo,45.36
RT0005758,O00020809,P00002,2023-03-29,1,Damaged in Transit,Refund,63.04
RT0005759,O00003150,P00012,2023-07-28,5,Customer Changed Mind,Replacement,533.84
RT0005760,O00041112,P02757,2023-07-24,5,Excess Quantity,Refund,63.55
RT0005761,O00031499,P00068,2023-05-30,4,Customer Changed Mind,Replacement,67.94
RT0005762,O00006897,P00398,2024-06-23,4,Late Delivery,Replacement,34.3
RT0005763,O00007062,P00019,2024-05-14,4,Quality Issue,Replacement,151.78
RT0005764,O00067702,P00001,2025-06-14,1,Quality Issue,Refund,40.39
RT0005765,O00075044,P01003,2024-01-16,3,Late Delivery,Replacement,52.0
RT0005766,O00051752,P00284,2025-03-08,4,Excess Quantity,Replacement,105.25
RT0005767,O00042920,P00946,2026-01-29,4,Late Delivery,Refund,287.12
RT0005768,O00043703,P00031,2025-09-01,3,Quality Issue,Credit Memo,30.37
RT0005769,O00034403,P00295,2023-08-18,4,Late Delivery,Replacement,224.32
RT0005770,O00079528,P00008,2025-12-16,3,Late Delivery,Replacement,145.94
RT0005771,O00070932,P00465,2023-08-18,1,Customer Changed Mind,Refund,30.27
RT0005772,O00026074,P01736,2025-01-26,11,Wrong Product,Refund,188.2
RT0005773,O00043118,P00002,2023-11-15,3,Customer Changed Mind,Refund,187.78
RT0005774,O00096966,P00293,2026-01-03,1,Quality Issue,Replacement,63.45
RT0005775,O00052920,P00816,2024-12-17,1,Wrong Product,Credit Memo,19.7
RT0005776,O00049724,P00163,2025-10-06,7,Late Delivery,Credit Memo,781.51
RT0005777,O00045666,P01296,2025-05-29,1,Wrong Product,Refund,26.15
RT0005778,O00036905,P00864,2025-05-01,11,Wrong Product,Refund,159.63
RT0005779,O00067325,P00646,2025-07-29,1,Wrong Product,Replacement,39.13
RT0005780,O00074627,P02540,2024-12-01,7,Quality Issue,Credit Memo,425.8
RT0005781,O00031944,P01250,2025-11-22,1,Quality Issue,Credit Memo,32.99
RT0005782,O00090293,P00009,2024-07-01,4,Damaged in Transit,Refund,187.33
RT0005783,O00071197,P00586,2024-04-18,2,Customer Changed Mind,Credit Memo,37.3
RT0005784,O00074121,P00014,2024-12-11,1,Customer Changed Mind,Credit Memo,53.73
RT0005785,O00031393,P00741,2023-06-28,7,Wrong Product,Replacement,502.81
RT0005786,O00096575,P00077,2025-08-30,1,Damaged in Transit,Refund,12.39
RT0005787,O00044456,P00770,2025-07-08,1,Late Delivery,Replacement,15.17
RT0005788,O00079882,P00005,2023-11-06,8,Late Delivery,Credit Memo,403.6
RT0005789,O00066839,P02081,2025-09-18,3,Damaged in Transit,Credit Memo,44.17
RT0005790,O00036040,P01082,2024-11-12,2,Customer Changed Mind,Refund,162.44
RT0005791,O00086348,P00156,2023-05-30,3,Damaged in Transit,Credit Memo,209.55
RT0005792,O00079291,P01088,2023-05-02,4,Quality Issue,Replacement,226.86
RT0005793,O00040589,P00096,2025-10-15,2,Damaged in Transit,Credit Memo,213.07
RT0005794,O00023923,P00205,2025-08-14,3,Late Delivery,Replacement,36.74
RT0005795,O00019786,P02658,2023-05-21,2,Late Delivery,Credit Memo,65.77
RT0005796,O00064867,P00220,2023-04-23,1,Customer Changed Mind,Replacement,22.26
RT0005797,O00038331,P00006,2025-09-20,1,Excess Quantity,Replacement,66.09
RT0005798,O00031682,P01501,2024-09-11,1,Customer Changed Mind,Credit Memo,111.71
RT0005799,O00023318,P02531,2025-06-07,1,Customer Changed Mind,Credit Memo,20.03
RT0005800,O00099186,P02725,2024-10-16,2,Quality Issue,Credit Memo,180.4
RT0005801,O00063490,P02482,2025-10-31,2,Quality Issue,Credit Memo,85.02
RT0005802,O00067809,P02482,2023-05-05,1,Damaged in Transit,Credit Memo,46.65
RT0005803,O00058255,P00823,2026-01-23,5,Excess Quantity,Replacement,64.5
RT0005804,O00067940,P00044,2023-09-21,3,Excess Quantity,Credit Memo,96.84
RT0005805,O00060464,P02340,2026-02-24,7,Damaged in Transit,Refund,119.98
RT0005806,O00067986,P00376,2024-07-17,1,Wrong Product,Refund,40.86
RT0005807,O00084582,P00590,2024-05-29,2,Quality Issue,Replacement,110.39
RT0005808,O00054946,P00001,2023-04-04,3,Excess Quantity,Replacement,118.19
RT0005809,O00095540,P00007,2024-08-26,10,Quality Issue,Credit Memo,327.15
RT0005810,O00059797,P00551,2024-06-18,7,Quality Issue,Credit Memo,599.11
RT0005811,O00028710,P01222,2025-08-18,6,Late Delivery,Replacement,98.12
RT0005812,O00032820,P00010,2024-08-04,1,Damaged in Transit,Refund,63.18
RT0005813,O00024216,P00016,2023-12-10,2,Late Delivery,Refund,273.5
RT0005814,O00037585,P02125,2024-06-07,1,Quality Issue,Replacement,24.44
RT0005815,O00040062,P00416,2024-09-26,4,Damaged in Transit,Credit Memo,212.04
RT0005816,O00023151,P01160,2023-03-13,2,Quality Issue,Replacement,324.5
RT0005817,O00048061,P00163,2025-06-27,4,Damaged in Transit,Replacement,495.58
RT0005818,O00004745,P01345,2023-04-17,2,Damaged in Transit,Replacement,152.31
RT0005819,O00045096,P00376,2024-11-30,8,Damaged in Transit,Credit Memo,292.47
RT0005820,O00053079,P00020,2023-08-27,1,Quality Issue,Credit Memo,23.48
RT0005821,O00081848,P00978,2025-10-11,5,Quality Issue,Refund,309.41
RT0005822,O00081366,P01063,2024-05-09,6,Damaged in Transit,Replacement,302.44
RT0005823,O00033303,P01217,2025-06-07,1,Quality Issue,Credit Memo,19.47
RT0005824,O00029039,P00524,2023-05-31,1,Quality Issue,Credit Memo,26.85
RT0005825,O00057108,P00111,2024-04-24,1,Excess Quantity,Refund,39.01
RT0005826,O00000540,P01688,2023-10-01,6,Damaged in Transit,Replacement,322.54
RT0005827,O00019576,P02058,2023-12-12,2,Damaged in Transit,Replacement,57.14
RT0005828,O00030058,P00003,2024-11-17,1,Quality Issue,Replacement,7.92
RT0005829,O00090175,P00440,2026-01-22,1,Damaged in Transit,Replacement,36.24
RT0005830,O00061493,P01279,2025-02-10,3,Customer Changed Mind,Refund,23.79
RT0005831,O00084891,P01522,2025-09-08,1,Customer Changed Mind,Credit Memo,20.01
RT0005832,O00036616,P00901,2025-10-10,3,Excess Quantity,Credit Memo,140.04
RT0005833,O00017126,P00971,2023-03-18,10,Late Delivery,Credit Memo,115.77
RT0005834,O00096035,P00434,2025-10-02,2,Wrong Product,Refund,28.36
RT0005835,O00002366,P00396,2023-12-03,3,Quality Issue,Credit Memo,76.84
RT0005836,O00006492,P02628,2023-02-24,1,Excess Quantity,Refund,68.12
RT0005837,O00097797,P01037,2024-12-24,4,Quality Issue,Replacement,32.5
RT0005838,O00031083,P02373,2024-09-11,1,Damaged in Transit,Replacement,41.12
RT0005839,O00005461,P00136,2023-05-15,3,Quality Issue,Refund,68.82
RT0005840,O00060800,P02178,2024-05-16,1,Damaged in Transit,Credit Memo,18.05
RT0005841,O00077035,P00153,2025-08-01,1,Quality Issue,Replacement,28.96
RT0005842,O00046218,P01694,2025-03-01,3,Excess Quantity,Credit Memo,117.75
RT0005843,O00055899,P00016,2024-07-19,5,Late Delivery,Refund,655.55
RT0005844,O00074402,P02397,2024-01-02,1,Damaged in Transit,Credit Memo,81.54
RT0005845,O00051406,P00302,2024-10-18,5,Late Delivery,Credit Memo,590.59
RT0005846,O00063474,P01610,2024-06-17,2,Wrong Product,Credit Memo,393.91
RT0005847,O00081298,P01388,2023-03-05,2,Damaged in Transit,Credit Memo,59.43
RT0005848,O00024474,P02064,2025-11-09,2,Quality Issue,Replacement,185.54
RT0005849,O00079383,P01750,2023-12-10,1,Excess Quantity,Refund,35.53
RT0005850,O00030473,P00002,2023-11-09,1,Excess Quantity,Refund,65.97
RT0005851,O00048555,P02837,2024-03-08,3,Quality Issue,Credit Memo,107.5
RT0005852,O00086464,P00698,2023-03-25,3,Excess Quantity,Refund,32.97
RT0005853,O00045270,P00006,2023-09-14,3,Wrong Product,Refund,197.07
RT0005854,O00006877,P02851,2024-06-15,8,Customer Changed Mind,Refund,245.75
RT0005855,O00012148,P01415,2025-10-27,3,Wrong Product,Credit Memo,46.06
RT0005856,O00064615,P00128,2023-07-11,3,Customer Changed Mind,Credit Memo,97.53
RT0005857,O00094529,P02509,2024-06-24,3,Wrong Product,Replacement,72.09
RT0005858,O00044366,P00049,2024-09-01,1,Customer Changed Mind,Refund,16.83
RT0005859,O00099414,P01311,2024-02-06,7,Damaged in Transit,Credit Memo,159.33
RT0005860,O00080885,P00198,2024-08-01,1,Quality Issue,Replacement,59.82
RT0005861,O00003447,P01681,2023-06-07,1,Quality Issue,Credit Memo,28.37
RT0005862,O00033116,P00096,2025-02-10,2,Excess Quantity,Refund,198.08
RT0005863,O00052994,P00001,2025-11-04,1,Damaged in Transit,Refund,41.07
RT0005864,O00043452,P02587,2023-09-10,6,Wrong Product,Credit Memo,124.81
RT0005865,O00081100,P00097,2023-09-18,1,Quality Issue,Refund,30.15
RT0005866,O00094722,P00818,2024-11-22,1,Quality Issue,Credit Memo,43.05
RT0005867,O00040194,P00666,2024-07-31,2,Damaged in Transit,Credit Memo,22.47
RT0005868,O00006414,P00240,2024-10-12,3,Quality Issue,Replacement,99.28
RT0005869,O00074539,P00001,2024-11-10,1,Late Delivery,Credit Memo,38.34
RT0005870,O00038260,P02031,2023-06-25,3,Customer Changed Mind,Refund,111.81
RT0005871,O00012068,P00867,2023-08-18,3,Late Delivery,Credit Memo,77.14
RT0005872,O00083633,P00427,2023-08-16,1,Quality Issue,Replacement,55.29
RT0005873,O00041727,P00175,2024-06-10,2,Damaged in Transit,Credit Memo,24.97
RT0005874,O00014259,P00646,2023-09-19,18,Late Delivery,Credit Memo,598.46
RT0005875,O00088896,P02887,2025-10-27,3,Late Delivery,Refund,143.88
RT0005876,O00014519,P00817,2023-10-26,3,Quality Issue,Replacement,144.37
RT0005877,O00012571,P02971,2025-09-22,1,Late Delivery,Replacement,9.8
RT0005878,O00040809,P00478,2025-09-15,1,Customer Changed Mind,Refund,28.39
RT0005879,O00012751,P02485,2024-05-22,2,Wrong Product,Credit Memo,60.72
RT0005880,O00028515,P00013,2024-11-27,2,Excess Quantity,Refund,56.76
RT0005881,O00001788,P00905,2023-05-18,4,Damaged in Transit,Refund,169.45
RT0005882,O00045135,P00979,2025-06-30,1,Customer Changed Mind,Credit Memo,61.21
RT0005883,O00085947,P00599,2024-06-23,2,Customer Changed Mind,Credit Memo,23.88
RT0005884,O00081150,P01868,2024-04-10,1,Damaged in Transit,Replacement,54.48
RT0005885,O00035980,P02184,2024-04-20,1,Damaged in Transit,Credit Memo,55.89
RT0005886,O00062492,P00238,2023-07-01,3,Wrong Product,Credit Memo,148.82
RT0005887,O00025811,P02032,2023-04-26,2,Late Delivery,Credit Memo,40.39
RT0005888,O00016239,P00208,2025-05-02,1,Damaged in Transit,Replacement,31.75
RT0005889,O00013328,P00501,2024-07-05,3,Damaged in Transit,Replacement,112.59
RT0005890,O00080072,P00145,2023-05-29,1,Damaged in Transit,Replacement,24.13
RT0005891,O00020385,P01326,2023-11-17,2,Wrong Product,Replacement,31.39
RT0005892,O00019031,P00231,2024-10-04,1,Customer Changed Mind,Replacement,35.94
RT0005893,O00093569,P02983,2025-09-14,3,Late Delivery,Credit Memo,534.33
RT0005894,O00003040,P01039,2025-05-18,5,Quality Issue,Replacement,230.55
RT0005895,O00060022,P00209,2024-10-08,1,Wrong Product,Credit Memo,83.71
RT0005896,O00095341,P00014,2023-06-18,3,Late Delivery,Replacement,154.3
RT0005897,O00080920,P01462,2023-05-04,10,Damaged in Transit,Credit Memo,159.75
RT0005898,O00024769,P02454,2023-05-09,5,Customer Changed Mind,Refund,292.79
RT0005899,O00071606,P01609,2024-04-26,2,Quality Issue,Credit Memo,28.28
RT0005900,O00087708,P00224,2025-05-12,2,Quality Issue,Replacement,173.48
RT0005901,O00010093,P01078,2024-07-18,5,Customer Changed Mind,Credit Memo,231.85
RT0005902,O00054154,P02650,2024-10-06,2,Excess Quantity,Refund,104.86
RT0005903,O00035008,P00972,2023-05-19,1,Customer Changed Mind,Credit Memo,16.41
RT0005904,O00049745,P00571,2023-08-15,1,Late Delivery,Replacement,147.64
RT0005905,O00053676,P01288,2023-11-02,5,Wrong Product,Credit Memo,184.06
RT0005906,O00058126,P00519,2023-06-28,1,Damaged in Transit,Credit Memo,64.83
RT0005907,O00042121,P00050,2023-09-09,1,Wrong Product,Credit Memo,34.69
RT0005908,O00076770,P00424,2023-10-15,2,Customer Changed Mind,Refund,920.32
RT0005909,O00005304,P00104,2025-02-13,5,Quality Issue,Replacement,112.91
RT0005910,O00007356,P01110,2025-07-16,2,Excess Quantity,Credit Memo,39.1
RT0005911,O00038301,P00811,2025-09-09,3,Excess Quantity,Credit Memo,175.24
RT0005912,O00056964,P00831,2024-01-25,1,Excess Quantity,Replacement,149.42
RT0005913,O00032889,P01356,2024-08-12,3,Wrong Product,Refund,102.63
RT0005914,O00057933,P00546,2024-03-08,2,Late Delivery,Refund,53.68
RT0005915,O00085715,P00133,2025-07-18,1,Late Delivery,Replacement,69.0
RT0005916,O00044144,P00001,2023-10-23,3,Customer Changed Mind,Refund,112.86
RT0005917,O00001186,P00838,2023-08-24,1,Wrong Product,Replacement,27.64
RT0005918,O00024453,P00227,2023-07-07,2,Late Delivery,Replacement,260.23
RT0005919,O00000373,P00864,2025-01-11,2,Late Delivery,Credit Memo,30.3
RT0005920,O00092797,P00001,2023-12-26,1,Customer Changed Mind,Refund,37.65
RT0005921,O00091820,P00085,2025-06-16,3,Late Delivery,Credit Memo,100.5
RT0005922,O00014650,P00036,2023-05-22,1,Damaged in Transit,Credit Memo,13.53
RT0005923,O00009403,P01353,2024-02-22,4,Damaged in Transit,Credit Memo,157.43
RT0005924,O00006987,P02875,2025-07-20,4,Late Delivery,Credit Memo,87.93
RT0005925,O00002510,P01761,2024-02-10,2,Late Delivery,Credit Memo,39.52
RT0005926,O00047280,P01473,2025-06-24,2,Quality Issue,Credit Memo,62.82
RT0005927,O00042873,P00057,2025-01-12,1,Damaged in Transit,Refund,27.99
RT0005928,O00037161,P02507,2023-04-16,4,Late Delivery,Replacement,59.54
RT0005929,O00002873,P00400,2024-04-16,3,Quality Issue,Refund,181.38
RT0005930,O00085303,P00024,2023-04-20,3,Customer Changed Mind,Refund,207.54
RT0005931,O00086016,P00417,2024-04-20,1,Damaged in Transit,Replacement,18.96
RT0005932,O00079665,P00948,2023-11-02,6,Damaged in Transit,Replacement,147.6
RT0005933,O00049348,P01120,2023-07-16,5,Quality Issue,Credit Memo,81.05
RT0005934,O00018989,P00057,2024-10-02,3,Late Delivery,Credit Memo,78.98
RT0005935,O00034883,P00002,2024-02-11,8,Wrong Product,Replacement,584.97
RT0005936,O00088585,P01039,2023-05-02,1,Damaged in Transit,Refund,48.11
RT0005937,O00024651,P01669,2024-09-28,7,Customer Changed Mind,Replacement,200.28
RT0005938,O00058790,P00134,2025-11-16,2,Damaged in Transit,Credit Memo,125.0
RT0005939,O00009700,P01737,2025-10-29,2,Wrong Product,Refund,142.26
RT0005940,O00019595,P02948,2023-02-10,3,Late Delivery,Credit Memo,128.82
RT0005941,O00094814,P00018,2023-06-15,1,Damaged in Transit,Replacement,54.07
RT0005942,O00033430,P00771,2024-06-01,3,Quality Issue,Credit Memo,99.02
RT0005943,O00019205,P01993,2025-07-05,3,Damaged in Transit,Replacement,83.13
RT0005944,O00057909,P02270,2024-09-09,6,Quality Issue,Refund,96.54
RT0005945,O00095263,P00110,2024-09-24,1,Damaged in Transit,Credit Memo,33.15
RT0005946,O00006435,P00279,2024-06-25,2,Customer Changed Mind,Replacement,43.58
RT0005947,O00099286,P00216,2024-01-07,3,Wrong Product,Replacement,48.07
RT0005948,O00039866,P00845,2024-04-10,1,Damaged in Transit,Replacement,42.13
RT0005949,O00015615,P01920,2025-07-28,1,Quality Issue,Refund,35.94
RT0005950,O00059246,P00010,2023-09-19,5,Damaged in Transit,Refund,331.12
RT0005951,O00053468,P00264,2023-08-21,1,Customer Changed Mind,Credit Memo,82.67
RT0005952,O00098421,P00023,2023-09-04,2,Damaged in Transit,Credit Memo,65.55
RT0005953,O00033234,P00052,2024-12-19,3,Quality Issue,Refund,103.39
RT0005954,O00084991,P00267,2024-11-17,3,Damaged in Transit,Credit Memo,81.6
RT0005955,O00092778,P00362,2024-05-09,3,Quality Issue,Credit Memo,22.2
RT0005956,O00065822,P01194,2024-07-08,2,Customer Changed Mind,Refund,23.28
RT0005957,O00095199,P00103,2025-03-24,1,Late Delivery,Refund,12.33
RT0005958,O00053604,P00038,2023-05-25,2,Wrong Product,Credit Memo,83.86
RT0005959,O00075029,P00055,2025-01-28,1,Quality Issue,Replacement,65.36
RT0005960,O00033313,P00129,2023-05-15,2,Damaged in Transit,Credit Memo,100.86
RT0005961,O00076320,P00152,2025-04-01,2,Wrong Product,Credit Memo,123.79
RT0005962,O00019632,P01253,2025-07-24,7,Quality Issue,Credit Memo,712.93
RT0005963,O00047520,P01434,2023-09-13,2,Damaged in Transit,Refund,79.15
RT0005964,O00028484,P00384,2023-11-13,1,Customer Changed Mind,Refund,35.47
RT0005965,O00073250,P00011,2024-07-02,1,Late Delivery,Refund,36.71
RT0005966,O00027672,P00089,2025-09-08,4,Damaged in Transit,Refund,588.52
RT0005967,O00062248,P01240,2024-02-12,1,Customer Changed Mind,Refund,56.18
RT0005968,O00047368,P00782,2025-11-06,1,Quality Issue,Refund,18.4
RT0005969,O00018211,P01661,2023-07-21,11,Customer Changed Mind,Replacement,120.46
RT0005970,O00022600,P00040,2025-05-01,5,Damaged in Transit,Refund,350.27
RT0005971,O00077611,P00213,2025-07-18,1,Quality Issue,Credit Memo,25.69
RT0005972,O00067747,P00001,2023-09-20,1,Excess Quantity,Credit Memo,40.19
RT0005973,O00004375,P00010,2025-11-11,2,Customer Changed Mind,Refund,142.24
RT0005974,O00010346,P00090,2024-06-12,2,Wrong Product,Credit Memo,62.19
RT0005975,O00070698,P00243,2023-08-03,3,Wrong Product,Replacement,101.49
RT0005976,O00001641,P00156,2025-12-30,1,Customer Changed Mind,Refund,69.58
RT0005977,O00070383,P00434,2026-01-09,11,Wrong Product,Refund,145.75
RT0005978,O00081217,P01954,2024-09-15,3,Quality Issue,Credit Memo,31.62
RT0005979,O00084804,P00114,2024-09-05,5,Excess Quantity,Credit Memo,936.29
RT0005980,O00079224,P02294,2024-08-09,4,Excess Quantity,Credit Memo,210.96
RT0005981,O00097775,P00003,2024-06-10,4,Customer Changed Mind,Credit Memo,34.3
RT0005982,O00089924,P00429,2023-02-22,3,Late Delivery,Replacement,138.34
RT0005983,O00000735,P00022,2023-06-08,4,Customer Changed Mind,Refund,92.56
RT0005984,O00064484,P00154,2025-05-20,2,Damaged in Transit,Replacement,78.24
RT0005985,O00050200,P00236,2024-11-09,1,Quality Issue,Replacement,62.83
RT0005986,O00060546,P00486,2023-10-09,1,Customer Changed Mind,Refund,30.48
RT0005987,O00007624,P01527,2024-02-24,1,Excess Quantity,Credit Memo,17.28
RT0005988,O00094320,P00160,2024-08-04,4,Wrong Product,Refund,332.21
RT0005989,O00079693,P01900,2025-04-13,10,Quality Issue,Credit Memo,650.27
RT0005990,O00043627,P00075,2024-05-28,1,Damaged in Transit,Replacement,64.39
RT0005991,O00085888,P02213,2023-05-29,2,Customer Changed Mind,Credit Memo,39.82
RT0005992,O00009170,P00021,2024-05-11,3,Wrong Product,Credit Memo,208.48
RT0005993,O00058291,P02462,2023-09-12,1,Quality Issue,Credit Memo,46.21
RT0005994,O00058294,P02771,2023-09-11,1,Late Delivery,Credit Memo,45.79
RT0005995,O00050493,P01259,2025-10-02,3,Quality Issue,Credit Memo,110.86
RT0005996,O00048478,P02684,2025-11-10,6,Damaged in Transit,Credit Memo,128.17
RT0005997,O00046882,P01122,2025-07-28,1,Quality Issue,Refund,12.5
RT0005998,O00017660,P01054,2024-02-07,1,Quality Issue,Credit Memo,95.28
RT0005999,O00063115,P00739,2025-09-07,2,Customer Changed Mind,Refund,401.66
RT0006000,O00062323,P00954,2024-10-23,3,Quality Issue,Replacement,127.71
RT0006001,O00021859,P00002,2024-04-04,5,Excess Quantity,Credit Memo,406.67
RT0006002,O00051551,P00712,2024-04-24,4,Damaged in Transit,Replacement,185.88
RT0006003,O00038046,P00003,2026-01-23,2,Damaged in Transit,Credit Memo,19.63
RT0006004,O00053273,P00383,2025-04-13,4,Damaged in Transit,Credit Memo,188.4
RT0006005,O00019101,P01670,2025-07-18,2,Wrong Product,Replacement,41.11
RT0006006,O00072007,P00342,2024-04-27,2,Quality Issue,Refund,229.19
RT0006007,O00024891,P00024,2023-08-22,2,Late Delivery,Refund,142.58
RT0006008,O00022837,P00001,2025-06-16,2,Customer Changed Mind,Refund,84.34
RT0006009,O00098192,P00883,2025-09-30,2,Quality Issue,Refund,49.31
RT0006010,O00046374,P00164,2023-08-19,1,Wrong Product,Credit Memo,9.93
RT0006011,O00036203,P00038,2023-06-28,2,Quality Issue,Credit Memo,82.63
RT0006012,O00057331,P02991,2023-11-10,1,Late Delivery,Refund,28.47
RT0006013,O00081129,P00379,2026-01-21,2,Wrong Product,Replacement,47.9
RT0006014,O00086410,P00341,2024-08-18,7,Damaged in Transit,Credit Memo,415.06
RT0006015,O00011872,P00028,2025-10-15,3,Quality Issue,Replacement,74.08
RT0006016,O00076650,P02285,2025-12-16,5,Damaged in Transit,Credit Memo,290.25
RT0006017,O00086944,P00279,2023-11-18,3,Wrong Product,Replacement,72.24
RT0006018,O00061028,P02872,2023-06-20,4,Quality Issue,Replacement,270.75
RT0006019,O00079938,P00170,2023-05-25,3,Damaged in Transit,Credit Memo,242.61
RT0006020,O00007622,P01934,2025-02-12,12,Late Delivery,Refund,572.62
RT0006021,O00063953,P00044,2024-04-24,3,Quality Issue,Credit Memo,103.83
RT0006022,O00020966,P00027,2025-08-23,1,Quality Issue,Credit Memo,15.86
RT0006023,O00086203,P00514,2023-07-04,1,Quality Issue,Refund,8.25
RT0006024,O00032369,P01751,2023-06-11,1,Damaged in Transit,Credit Memo,28.91
RT0006025,O00015741,P00009,2023-10-03,2,Customer Changed Mind,Credit Memo,95.64
RT0006026,O00051962,P01806,2025-09-16,2,Excess Quantity,Replacement,145.41
RT0006027,O00080089,P00209,2023-07-04,1,Damaged in Transit,Credit Memo,88.03
RT0006028,O00021155,P00170,2025-06-02,8,Damaged in Transit,Replacement,701.93
RT0006029,O00049090,P02344,2024-03-22,2,Late Delivery,Credit Memo,33.82
RT0006030,O00029180,P02074,2023-07-18,3,Late Delivery,Credit Memo,108.16
RT0006031,O00028383,P00024,2025-11-22,2,Wrong Product,Replacement,145.46
RT0006032,O00044051,P01120,2023-06-01,5,Quality Issue,Replacement,84.4
RT0006033,O00039525,P01554,2023-05-06,1,Damaged in Transit,Credit Memo,73.07
RT0006034,O00025239,P00287,2025-02-23,3,Late Delivery,Credit Memo,136.98
RT0006035,O00084094,P00001,2025-08-15,1,Late Delivery,Replacement,37.94
RT0006036,O00083167,P00018,2023-11-24,2,Quality Issue,Refund,101.57
RT0006037,O00054292,P02383,2025-06-29,4,Customer Changed Mind,Refund,391.78
RT0006038,O00001337,P00422,2025-11-10,3,Excess Quantity,Refund,475.48
RT0006039,O00022802,P02964,2023-07-04,11,Excess Quantity,Refund,312.3
RT0006040,O00010811,P00171,2023-07-26,5,Quality Issue,Replacement,34.77
RT0006041,O00088222,P02450,2024-07-29,2,Customer Changed Mind,Refund,76.53
RT0006042,O00080149,P01916,2025-09-02,2,Damaged in Transit,Replacement,57.02
RT0006043,O00038991,P00021,2023-07-03,2,Quality Issue,Credit Memo,129.4
RT0006044,O00020545,P00093,2025-05-01,1,Wrong Product,Refund,45.02
RT0006045,O00071213,P00076,2023-08-20,2,Quality Issue,Replacement,62.6
RT0006046,O00084108,P02421,2023-12-15,2,Excess Quantity,Refund,88.54
RT0006047,O00017797,P01660,2025-08-16,2,Damaged in Transit,Replacement,160.44
RT0006048,O00087757,P00326,2025-10-05,1,Quality Issue,Replacement,188.49
RT0006049,O00005168,P00698,2024-09-16,4,Customer Changed Mind,Replacement,54.22
RT0006050,O00017937,P01533,2025-09-05,2,Excess Quantity,Replacement,63.84
RT0006051,O00088255,P00713,2025-07-06,1,Excess Quantity,Credit Memo,32.34
RT0006052,O00028888,P00009,2024-11-28,2,Excess Quantity,Replacement,89.75
RT0006053,O00082993,P00228,2024-10-19,2,Wrong Product,Credit Memo,71.46
RT0006054,O00016868,P00055,2025-07-09,1,Excess Quantity,Credit Memo,65.7
RT0006055,O00041146,P01489,2026-01-25,4,Late Delivery,Refund,75.43
RT0006056,O00086012,P00003,2025-02-13,4,Late Delivery,Refund,37.87
RT0006057,O00025708,P01425,2024-11-08,3,Damaged in Transit,Credit Memo,261.12
RT0006058,O00010269,P02735,2025-11-09,1,Late Delivery,Replacement,51.84
RT0006059,O00092188,P00983,2023-11-08,5,Customer Changed Mind,Credit Memo,88.87
RT0006060,O00064237,P00746,2025-10-14,6,Late Delivery,Credit Memo,144.32
RT0006061,O00077439,P00261,2025-05-21,3,Excess Quantity,Replacement,77.22
RT0006062,O00075646,P00002,2024-12-08,1,Quality Issue,Refund,80.91
RT0006063,O00004492,P00002,2025-12-26,3,Wrong Product,Refund,213.29
RT0006064,O00052066,P00100,2024-10-31,3,Late Delivery,Replacement,106.48
RT0006065,O00099582,P00433,2024-10-14,3,Wrong Product,Replacement,64.98
RT0006066,O00074248,P00611,2024-12-31,3,Damaged in Transit,Replacement,110.84
RT0006067,O00032344,P02836,2025-12-13,3,Customer Changed Mind,Refund,65.18
RT0006068,O00014208,P00021,2024-01-28,2,Late Delivery,Replacement,128.74
RT0006069,O00088689,P02950,2024-01-27,2,Quality Issue,Refund,125.99
RT0006070,O00073947,P00002,2023-05-13,2,Excess Quantity,Replacement,128.1
RT0006071,O00041512,P00007,2023-04-14,9,Wrong Product,Refund,299.09
RT0006072,O00059630,P00064,2023-08-31,6,Damaged in Transit,Refund,570.77
RT0006073,O00059925,P00733,2023-08-24,6,Quality Issue,Credit Memo,375.97
RT0006074,O00099417,P00012,2024-04-10,3,Quality Issue,Replacement,364.13
RT0006075,O00039615,P00153,2024-05-05,1,Wrong Product,Replacement,29.52
RT0006076,O00003557,P00003,2023-06-09,1,Late Delivery,Credit Memo,9.96
RT0006077,O00020210,P00006,2024-04-12,1,Quality Issue,Credit Memo,69.01
RT0006078,O00071948,P01454,2023-09-25,3,Late Delivery,Credit Memo,178.58
RT0006079,O00060583,P00140,2023-05-15,1,Customer Changed Mind,Credit Memo,88.92
RT0006080,O00017481,P01824,2025-09-29,2,Wrong Product,Replacement,200.92
RT0006081,O00046158,P01823,2023-03-06,1,Wrong Product,Refund,23.63
RT0006082,O00064104,P02629,2026-01-02,5,Customer Changed Mind,Credit Memo,235.31
RT0006083,O00029242,P02152,2024-07-09,2,Quality Issue,Credit Memo,41.16
RT0006084,O00057701,P00075,2023-09-07,2,Damaged in Transit,Credit Memo,138.78
RT0006085,O00069728,P00126,2024-06-08,1,Wrong Product,Refund,24.15
RT0006086,O00008021,P00077,2024-03-13,1,Wrong Product,Refund,11.97
RT0006087,O00037272,P00231,2023-08-05,1,Late Delivery,Refund,38.56
RT0006088,O00075731,P00512,2024-07-06,4,Late Delivery,Refund,222.48
RT0006089,O00041067,P02543,2024-03-14,1,Wrong Product,Credit Memo,88.38
RT0006090,O00080561,P00120,2024-10-27,2,Late Delivery,Replacement,27.34
RT0006091,O00013639,P00004,2023-10-15,7,Customer Changed Mind,Replacement,273.31
RT0006092,O00046891,P00033,2024-08-31,2,Wrong Product,Replacement,111.62
RT0006093,O00037370,P00498,2023-10-01,5,Damaged in Transit,Credit Memo,188.08
RT0006094,O00023226,P00004,2024-12-07,3,Wrong Product,Refund,124.02
RT0006095,O00066218,P00049,2025-06-04,4,Customer Changed Mind,Replacement,65.96
RT0006096,O00021301,P00147,2025-08-29,3,Quality Issue,Refund,317.94
RT0006097,O00049587,P01613,2023-05-19,2,Quality Issue,Credit Memo,76.26
RT0006098,O00046133,P00016,2023-04-14,2,Quality Issue,Credit Memo,252.98
RT0006099,O00071496,P00163,2023-06-26,2,Excess Quantity,Replacement,223.61
RT0006100,O00028606,P01612,2025-10-21,2,Damaged in Transit,Replacement,21.28
RT0006101,O00066313,P00141,2024-10-11,1,Damaged in Transit,Credit Memo,51.2
RT0006102,O00067425,P01588,2025-03-26,1,Wrong Product,Refund,85.94
RT0006103,O00017266,P00447,2025-08-30,5,Customer Changed Mind,Replacement,167.4
RT0006104,O00050586,P01263,2025-05-02,4,Damaged in Transit,Replacement,559.2
RT0006105,O00033125,P00060,2024-08-21,1,Late Delivery,Credit Memo,109.68
RT0006106,O00095635,P00127,2025-11-25,2,Customer Changed Mind,Credit Memo,264.42
RT0006107,O00055210,P00003,2023-11-09,1,Damaged in Transit,Refund,8.89
RT0006108,O00070715,P00532,2024-08-11,4,Late Delivery,Replacement,93.1
RT0006109,O00081457,P00058,2025-06-06,1,Damaged in Transit,Refund,53.14
RT0006110,O00049421,P00937,2025-11-28,2,Customer Changed Mind,Replacement,59.38
RT0006111,O00037544,P00817,2023-05-26,1,Customer Changed Mind,Refund,45.98
RT0006112,O00084597,P00944,2025-03-14,1,Damaged in Transit,Replacement,21.92
RT0006113,O00024991,P00001,2023-11-18,2,Customer Changed Mind,Replacement,76.0
RT0006114,O00089426,P02046,2024-06-15,3,Quality Issue,Refund,481.83
RT0006115,O00090965,P01923,2025-04-27,1,Quality Issue,Replacement,53.48
RT0006116,O00014877,P00083,2026-02-15,1,Quality Issue,Refund,61.33
RT0006117,O00003482,P01877,2023-08-27,1,Customer Changed Mind,Replacement,31.01
RT0006118,O00091343,P01368,2024-05-08,2,Late Delivery,Credit Memo,73.37
RT0006119,O00070208,P00500,2023-05-22,3,Quality Issue,Replacement,119.51
RT0006120,O00072448,P00153,2023-06-01,3,Quality Issue,Credit Memo,81.0
RT0006121,O00015929,P00546,2025-05-08,4,Wrong Product,Refund,99.14
RT0006122,O00085458,P01360,2024-09-15,3,Quality Issue,Refund,241.32
RT0006123,O00020615,P00776,2023-06-07,3,Excess Quantity,Refund,42.45
RT0006124,O00030114,P02946,2024-05-18,1,Late Delivery,Replacement,64.39
RT0006125,O00042186,P02409,2024-08-01,1,Quality Issue,Refund,164.95
RT0006126,O00089896,P00180,2024-02-18,1,Damaged in Transit,Credit Memo,22.43
RT0006127,O00076082,P02316,2024-06-08,8,Excess Quantity,Replacement,102.41
RT0006128,O00081524,P00347,2025-06-06,2,Excess Quantity,Refund,143.37
RT0006129,O00011689,P00001,2023-06-16,6,Late Delivery,Refund,212.98
RT0006130,O00083351,P00001,2023-06-18,3,Late Delivery,Credit Memo,114.45
RT0006131,O00032439,P00308,2025-07-22,3,Wrong Product,Replacement,68.37
RT0006132,O00056007,P00509,2024-05-26,2,Customer Changed Mind,Credit Memo,93.46
RT0006133,O00097516,P00623,2024-04-14,2,Damaged in Transit,Replacement,194.47
RT0006134,O00074439,P01487,2024-05-22,3,Excess Quantity,Refund,111.46
RT0006135,O00066109,P01134,2024-03-23,2,Excess Quantity,Replacement,103.64
RT0006136,O00036704,P01547,2025-05-22,1,Damaged in Transit,Replacement,80.03
RT0006137,O00089797,P00612,2023-09-03,4,Excess Quantity,Replacement,215.86
RT0006138,O00080518,P00103,2025-08-31,3,Late Delivery,Credit Memo,35.85
RT0006139,O00049025,P00292,2024-11-03,4,Excess Quantity,Replacement,104.32
RT0006140,O00052528,P00450,2023-02-14,2,Damaged in Transit,Replacement,102.91
RT0006141,O00079516,P00024,2025-12-25,2,Damaged in Transit,Replacement,130.59
RT0006142,O00072375,P01382,2025-06-17,2,Quality Issue,Credit Memo,65.21
RT0006143,O00074014,P02676,2024-08-15,3,Quality Issue,Refund,63.55
RT0006144,O00090834,P00003,2025-12-06,3,Excess Quantity,Replacement,29.94
RT0006145,O00048249,P01907,2023-05-10,1,Quality Issue,Credit Memo,29.72
RT0006146,O00069836,P00032,2025-03-26,9,Customer Changed Mind,Replacement,350.82
RT0006147,O00045666,P02193,2025-06-13,4,Wrong Product,Refund,287.44
RT0006148,O00021473,P00952,2023-05-09,4,Damaged in Transit,Refund,286.21
RT0006149,O00049213,P00769,2024-03-09,2,Customer Changed Mind,Credit Memo,172.96
RT0006150,O00093302,P02959,2024-04-27,2,Late Delivery,Refund,69.38
RT0006151,O00057222,P01848,2023-05-27,3,Quality Issue,Refund,335.46
RT0006152,O00063376,P00047,2023-09-03,1,Wrong Product,Refund,26.35
RT0006153,O00064688,P00008,2024-11-30,8,Excess Quantity,Replacement,424.52
RT0006154,O00079803,P00026,2023-07-14,9,Customer Changed Mind,Credit Memo,316.8
RT0006155,O00005193,P00099,2024-06-24,1,Late Delivery,Credit Memo,52.0
RT0006156,O00035622,P01849,2024-12-17,1,Late Delivery,Refund,21.42
RT0006157,O00014761,P00113,2023-04-15,4,Late Delivery,Replacement,182.2
RT0006158,O00084479,P00772,2023-10-13,6,Late Delivery,Replacement,255.8
RT0006159,O00084339,P00001,2024-02-16,4,Late Delivery,Replacement,148.24
RT0006160,O00090930,P01255,2026-01-14,3,Wrong Product,Replacement,217.83
RT0006161,O00068535,P00017,2024-09-05,2,Damaged in Transit,Replacement,41.77
RT0006162,O00004101,P01173,2025-07-20,1,Wrong Product,Replacement,62.75
RT0006163,O00093702,P00334,2025-10-26,9,Damaged in Transit,Refund,126.82
RT0006164,O00079817,P00002,2025-10-10,1,Damaged in Transit,Refund,76.15
RT0006165,O00076555,P00114,2023-07-16,4,Wrong Product,Refund,848.16
RT0006166,O00065258,P02496,2025-12-11,2,Quality Issue,Refund,22.91
RT0006167,O00027098,P00098,2023-12-01,1,Wrong Product,Refund,15.13
RT0006168,O00015834,P01264,2023-04-01,1,Customer Changed Mind,Replacement,39.15
RT0006169,O00048686,P00006,2024-05-09,1,Damaged in Transit,Credit Memo,69.06
RT0006170,O00089422,P00413,2023-02-24,1,Customer Changed Mind,Refund,9.37
RT0006171,O00000819,P00763,2024-04-15,1,Quality Issue,Replacement,25.06
RT0006172,O00037820,P00964,2025-08-19,3,Quality Issue,Replacement,92.31
RT0006173,O00008258,P00009,2025-09-06,3,Damaged in Transit,Credit Memo,156.79
RT0006174,O00004692,P00035,2024-02-01,6,Late Delivery,Refund,477.48
RT0006175,O00058576,P00013,2024-09-21,3,Damaged in Transit,Replacement,82.83
RT0006176,O00070775,P01051,2025-07-13,2,Excess Quantity,Replacement,77.98
RT0006177,O00097927,P02120,2025-08-19,2,Excess Quantity,Refund,77.66
RT0006178,O00061053,P00178,2025-09-03,11,Excess Quantity,Refund,851.78
RT0006179,O00004812,P01190,2025-11-30,1,Quality Issue,Replacement,37.83
RT0006180,O00022452,P00016,2024-04-30,1,Damaged in Transit,Replacement,145.68
RT0006181,O00050349,P01929,2024-06-25,2,Quality Issue,Credit Memo,32.09
RT0006182,O00058135,P01349,2024-12-29,2,Damaged in Transit,Refund,118.46
RT0006183,O00092345,P00403,2023-09-10,1,Customer Changed Mind,Credit Memo,82.82
RT0006184,O00044219,P00077,2023-06-29,1,Damaged in Transit,Refund,12.72
RT0006185,O00045168,P02909,2023-05-15,2,Customer Changed Mind,Credit Memo,100.78
RT0006186,O00030983,P01478,2025-10-12,4,Excess Quantity,Refund,31.35
RT0006187,O00000304,P00751,2025-03-07,5,Damaged in Transit,Replacement,137.56
RT0006188,O00049316,P00001,2024-05-09,2,Quality Issue,Credit Memo,79.38
RT0006189,O00009491,P00078,2025-10-01,6,Excess Quantity,Refund,221.67
RT0006190,O00080355,P00287,2023-05-24,3,Wrong Product,Credit Memo,142.76
RT0006191,O00067851,P00556,2024-12-11,1,Wrong Product,Credit Memo,112.18
RT0006192,O00001453,P01196,2025-04-12,1,Damaged in Transit,Refund,10.22
RT0006193,O00076304,P00460,2025-01-10,1,Excess Quantity,Replacement,94.17
RT0006194,O00021350,P00002,2024-11-12,5,Damaged in Transit,Refund,325.95
RT0006195,O00048336,P00098,2023-08-23,2,Damaged in Transit,Replacement,30.01
RT0006196,O00095232,P00128,2025-04-11,1,Wrong Product,Refund,33.63
RT0006197,O00009896,P00284,2025-12-30,1,Quality Issue,Replacement,29.44
RT0006198,O00003879,P00847,2026-02-16,2,Wrong Product,Replacement,27.23
RT0006199,O00061299,P01493,2025-06-27,1,Customer Changed Mind,Refund,19.03
RT0006200,O00042945,P00126,2023-06-16,7,Late Delivery,Credit Memo,173.04
RT0006201,O00019743,P00607,2024-08-28,2,Damaged in Transit,Refund,78.13
RT0006202,O00001821,P00483,2025-08-05,1,Wrong Product,Refund,43.72
RT0006203,O00015877,P01135,2023-04-27,6,Customer Changed Mind,Replacement,57.11
RT0006204,O00094618,P01438,2023-12-05,4,Quality Issue,Replacement,151.67
RT0006205,O00041594,P02919,2024-08-11,4,Excess Quantity,Credit Memo,274.97
RT0006206,O00014164,P00370,2025-10-29,6,Quality Issue,Credit Memo,85.33
RT0006207,O00001817,P00037,2023-11-15,1,Excess Quantity,Credit Memo,18.16
RT0006208,O00015024,P02697,2025-06-09,3,Excess Quantity,Refund,40.71
RT0006209,O00025609,P02963,2024-11-28,4,Customer Changed Mind,Credit Memo,55.05
RT0006210,O00095881,P01318,2025-09-18,2,Late Delivery,Credit Memo,193.63
RT0006211,O00063475,P01309,2024-09-02,4,Customer Changed Mind,Credit Memo,138.48
RT0006212,O00049985,P00292,2024-04-09,2,Wrong Product,Credit Memo,61.44
RT0006213,O00039892,P00031,2025-06-23,1,Late Delivery,Credit Memo,11.07
RT0006214,O00003792,P00538,2023-11-08,13,Quality Issue,Replacement,224.25
RT0006215,O00089501,P00204,2025-08-15,1,Damaged in Transit,Refund,49.66
RT0006216,O00009729,P00055,2025-01-15,2,Damaged in Transit,Refund,114.32
RT0006217,O00088047,P00173,2023-06-28,3,Wrong Product,Refund,324.82
RT0006218,O00024720,P02938,2023-10-19,2,Customer Changed Mind,Replacement,29.79
RT0006219,O00016382,P00110,2025-04-24,2,Excess Quantity,Credit Memo,53.33
RT0006220,O00077481,P02196,2024-08-23,3,Excess Quantity,Credit Memo,165.96
RT0006221,O00034504,P00354,2024-06-08,2,Quality Issue,Refund,49.77
RT0006222,O00042772,P00808,2025-09-07,1,Damaged in Transit,Credit Memo,24.64
RT0006223,O00086204,P02557,2024-05-09,5,Late Delivery,Refund,231.56
RT0006224,O00040880,P00001,2025-03-17,3,Quality Issue,Refund,113.94
RT0006225,O00030056,P00241,2025-12-10,1,Damaged in Transit,Credit Memo,40.62
RT0006226,O00066690,P00115,2023-11-08,3,Customer Changed Mind,Credit Memo,71.94
RT0006227,O00078506,P01340,2023-10-09,1,Late Delivery,Refund,10.6
RT0006228,O00074435,P00636,2023-11-10,2,Excess Quantity,Replacement,213.7
RT0006229,O00085559,P00271,2023-10-02,2,Excess Quantity,Refund,23.04
RT0006230,O00038147,P02736,2024-06-20,2,Quality Issue,Credit Memo,54.14
RT0006231,O00003742,P01524,2025-06-08,1,Quality Issue,Replacement,55.3
RT0006232,O00048386,P00003,2025-08-16,3,Damaged in Transit,Refund,25.68
RT0006233,O00094859,P00009,2025-07-11,1,Excess Quantity,Replacement,55.53
RT0006234,O00033913,P02448,2024-06-28,2,Wrong Product,Replacement,33.3
RT0006235,O00002807,P00362,2024-07-18,3,Damaged in Transit,Replacement,23.68
RT0006236,O00020074,P00432,2025-11-25,2,Excess Quantity,Replacement,57.29
RT0006237,O00011292,P00181,2024-07-25,4,Wrong Product,Refund,104.44
RT0006238,O00004385,P00386,2024-08-24,1,Late Delivery,Refund,116.57
RT0006239,O00068683,P02810,2024-07-13,3,Late Delivery,Credit Memo,114.83
RT0006240,O00028397,P00991,2024-07-08,1,Quality Issue,Replacement,47.03
RT0006241,O00047953,P01465,2025-10-24,4,Quality Issue,Replacement,73.49
RT0006242,O00008823,P00672,2024-03-21,2,Quality Issue,Refund,130.72
RT0006243,O00034667,P00796,2024-06-17,3,Quality Issue,Credit Memo,33.86
RT0006244,O00097914,P01556,2023-10-24,3,Quality Issue,Replacement,172.36
RT0006245,O00018799,P00618,2023-01-29,2,Excess Quantity,Replacement,92.6
RT0006246,O00091143,P00187,2023-11-07,3,Damaged in Transit,Credit Memo,200.19
RT0006247,O00030602,P00049,2023-07-19,2,Quality Issue,Replacement,32.0
RT0006248,O00044412,P00627,2025-05-16,1,Late Delivery,Replacement,24.62
RT0006249,O00073886,P00889,2023-10-28,1,Late Delivery,Credit Memo,15.02
RT0006250,O00047417,P00173,2023-07-12,2,Damaged in Transit,Replacement,219.09
RT0006251,O00023038,P00426,2023-04-12,1,Excess Quantity,Credit Memo,34.08
RT0006252,O00007799,P01161,2023-08-28,1,Quality Issue,Refund,43.21
RT0006253,O00093258,P00079,2025-09-09,3,Quality Issue,Credit Memo,170.34
RT0006254,O00014779,P00709,2024-05-06,1,Quality Issue,Refund,149.62
RT0006255,O00019819,P00434,2023-08-26,6,Quality Issue,Replacement,71.7
RT0006256,O00041238,P00145,2024-06-19,1,Customer Changed Mind,Replacement,24.36
RT0006257,O00008938,P00263,2024-01-31,3,Quality Issue,Refund,281.69
RT0006258,O00096428,P02503,2024-05-15,2,Late Delivery,Credit Memo,88.45
RT0006259,O00034673,P01936,2025-02-11,2,Quality Issue,Credit Memo,67.4
RT0006260,O00085086,P00229,2023-12-20,8,Damaged in Transit,Replacement,513.73
RT0006261,O00039773,P00024,2025-08-30,4,Wrong Product,Refund,264.53
RT0006262,O00013833,P01449,2024-01-21,1,Wrong Product,Refund,73.88
RT0006263,O00021624,P00254,2023-04-26,1,Quality Issue,Replacement,189.51
RT0006264,O00059730,P02729,2025-07-20,1,Damaged in Transit,Replacement,11.25
RT0006265,O00092105,P01203,2025-02-25,2,Customer Changed Mind,Refund,35.09
RT0006266,O00028644,P00026,2023-06-26,5,Wrong Product,Replacement,210.45
RT0006267,O00016021,P00994,2023-12-02,3,Late Delivery,Credit Memo,105.4
RT0006268,O00076389,P00868,2023-03-11,4,Quality Issue,Refund,99.08
RT0006269,O00091073,P01878,2024-02-25,1,Damaged in Transit,Replacement,39.49
RT0006270,O00050428,P00041,2023-03-10,3,Damaged in Transit,Credit Memo,173.0
RT0006271,O00019929,P00713,2024-10-01,1,Damaged in Transit,Refund,43.01
RT0006272,O00084994,P00215,2024-11-28,4,Customer Changed Mind,Credit Memo,50.94
RT0006273,O00015972,P01916,2024-05-31,1,Customer Changed Mind,Replacement,27.56
RT0006274,O00083682,P00854,2023-04-10,2,Customer Changed Mind,Replacement,47.12
RT0006275,O00064814,P00040,2025-03-10,1,Damaged in Transit,Refund,62.59
RT0006276,O00089075,P00002,2023-10-13,1,Wrong Product,Replacement,69.39
RT0006277,O00045320,P00233,2024-01-02,4,Late Delivery,Replacement,66.23
RT0006278,O00023381,P00005,2025-01-03,6,Excess Quantity,Refund,308.88
RT0006279,O00068832,P00003,2024-08-24,6,Late Delivery,Credit Memo,49.16
RT0006280,O00097261,P00121,2023-08-22,1,Customer Changed Mind,Replacement,18.3
RT0006281,O00040219,P02836,2024-12-14,3,Damaged in Transit,Credit Memo,59.92
RT0006282,O00000306,P00057,2023-12-13,4,Late Delivery,Credit Memo,102.98
RT0006283,O00044754,P00568,2023-05-08,2,Damaged in Transit,Credit Memo,47.84
RT0006284,O00021067,P00387,2024-05-06,5,Damaged in Transit,Refund,285.14
RT0006285,O00081566,P02784,2023-05-18,2,Customer Changed Mind,Refund,188.89
RT0006286,O00090368,P00564,2025-04-20,3,Quality Issue,Refund,367.36
RT0006287,O00032187,P01945,2025-03-28,3,Late Delivery,Credit Memo,117.41
RT0006288,O00015911,P00180,2023-05-27,6,Damaged in Transit,Replacement,117.74
RT0006289,O00007026,P00512,2026-02-11,7,Quality Issue,Refund,416.35
RT0006290,O00025805,P01269,2025-11-15,4,Wrong Product,Credit Memo,75.57
RT0006291,O00049176,P01728,2024-10-27,1,Quality Issue,Replacement,100.32
RT0006292,O00092189,P00380,2025-05-15,3,Damaged in Transit,Replacement,159.03
RT0006293,O00024394,P02420,2024-07-10,4,Excess Quantity,Replacement,366.31
RT0006294,O00065601,P01659,2023-08-05,7,Damaged in Transit,Credit Memo,252.11
RT0006295,O00091236,P02558,2024-05-01,1,Damaged in Transit,Replacement,142.48
RT0006296,O00060656,P00322,2024-05-10,1,Customer Changed Mind,Replacement,224.04
RT0006297,O00043425,P00134,2025-07-15,4,Wrong Product,Refund,222.4
RT0006298,O00068499,P00008,2023-05-12,7,Excess Quantity,Refund,435.51
RT0006299,O00026282,P00001,2023-06-03,1,Late Delivery,Replacement,41.7
RT0006300,O00014189,P00001,2023-10-18,1,Customer Changed Mind,Replacement,38.57
RT0006301,O00001675,P00740,2024-06-09,1,Late Delivery,Credit Memo,35.78
RT0006302,O00011407,P00031,2023-07-25,1,Wrong Product,Credit Memo,10.42
RT0006303,O00088580,P02181,2024-05-01,2,Damaged in Transit,Replacement,93.95
RT0006304,O00093819,P01513,2023-03-30,4,Quality Issue,Replacement,145.65
RT0006305,O00078276,P00494,2025-03-24,2,Excess Quantity,Replacement,24.05
RT0006306,O00090459,P02148,2023-04-20,2,Customer Changed Mind,Refund,82.16
RT0006307,O00063437,P00007,2024-09-27,3,Excess Quantity,Refund,109.41
RT0006308,O00080269,P02180,2025-03-26,2,Customer Changed Mind,Credit Memo,72.2
RT0006309,O00038619,P01231,2023-10-06,4,Wrong Product,Refund,58.08
RT0006310,O00053522,P00232,2023-11-24,4,Customer Changed Mind,Replacement,45.5
RT0006311,O00036790,P00738,2023-11-30,4,Late Delivery,Replacement,122.29
RT0006312,O00079079,P02622,2025-02-27,2,Quality Issue,Refund,187.96
RT0006313,O00087460,P00307,2024-01-23,5,Quality Issue,Replacement,65.77
RT0006314,O00052029,P02022,2024-11-09,3,Customer Changed Mind,Refund,106.5
RT0006315,O00043209,P01744,2023-07-08,6,Wrong Product,Credit Memo,351.47
RT0006316,O00063913,P00051,2023-07-28,2,Damaged in Transit,Credit Memo,77.84
RT0006317,O00009123,P00835,2023-06-27,1,Late Delivery,Credit Memo,44.11
RT0006318,O00065274,P00103,2025-07-02,1,Late Delivery,Replacement,11.83
RT0006319,O00080301,P02146,2023-03-11,1,Damaged in Transit,Refund,32.32
RT0006320,O00038469,P00004,2023-02-18,3,Customer Changed Mind,Credit Memo,107.56
RT0006321,O00029729,P01727,2023-09-01,6,Wrong Product,Replacement,1017.4
RT0006322,O00074612,P00056,2023-08-05,4,Damaged in Transit,Replacement,239.9
RT0006323,O00046076,P00503,2023-09-22,2,Customer Changed Mind,Credit Memo,61.0
RT0006324,O00046078,P01056,2024-10-27,5,Late Delivery,Replacement,216.36
RT0006325,O00039117,P00846,2024-11-11,3,Customer Changed Mind,Replacement,72.48
RT0006326,O00055769,P01044,2023-12-31,5,Excess Quantity,Credit Memo,188.42
RT0006327,O00070613,P00475,2023-04-16,9,Excess Quantity,Refund,427.92
RT0006328,O00057667,P00409,2025-06-26,1,Damaged in Transit,Replacement,28.16
RT0006329,O00072749,P00586,2023-10-23,3,Quality Issue,Refund,53.96
RT0006330,O00038438,P00047,2025-11-18,2,Damaged in Transit,Replacement,53.9
RT0006331,O00050788,P00027,2024-08-22,1,Damaged in Transit,Credit Memo,12.97
RT0006332,O00084231,P00023,2023-07-08,1,Wrong Product,Credit Memo,34.53
RT0006333,O00099875,P01277,2023-04-21,9,Late Delivery,Credit Memo,285.36
RT0006334,O00027979,P00007,2023-07-20,2,Customer Changed Mind,Refund,60.83
RT0006335,O00040603,P00827,2023-08-21,1,Wrong Product,Refund,57.13
RT0006336,O00034464,P00260,2025-07-18,5,Customer Changed Mind,Credit Memo,352.04
RT0006337,O00084953,P00182,2024-09-30,6,Excess Quantity,Credit Memo,431.64
RT0006338,O00071603,P00122,2023-11-21,2,Damaged in Transit,Refund,16.8
RT0006339,O00003570,P00764,2023-01-18,3,Damaged in Transit,Replacement,241.38
RT0006340,O00029429,P00234,2023-11-20,4,Damaged in Transit,Refund,132.77
RT0006341,O00025422,P01928,2023-04-19,2,Late Delivery,Refund,87.86
RT0006342,O00053277,P00068,2023-11-21,7,Damaged in Transit,Replacement,120.63
RT0006343,O00021057,P01224,2025-06-20,2,Quality Issue,Replacement,56.01
RT0006344,O00003643,P01534,2024-03-20,2,Quality Issue,Replacement,93.59
RT0006345,O00099768,P01306,2023-07-26,2,Quality Issue,Credit Memo,26.71
RT0006346,O00053426,P00709,2024-06-20,3,Damaged in Transit,Refund,448.78
RT0006347,O00021468,P01637,2023-07-26,1,Damaged in Transit,Replacement,25.1
RT0006348,O00019752,P02085,2023-12-24,1,Quality Issue,Replacement,44.44
RT0006349,O00093859,P01896,2023-11-12,2,Excess Quantity,Replacement,66.55
RT0006350,O00089245,P00067,2023-08-20,3,Quality Issue,Replacement,171.98
RT0006351,O00091144,P01807,2024-05-01,9,Quality Issue,Credit Memo,189.64
RT0006352,O00050872,P00283,2023-10-12,1,Damaged in Transit,Replacement,51.5
RT0006353,O00024620,P01127,2025-01-07,2,Customer Changed Mind,Credit Memo,139.32
RT0006354,O00085972,P00143,2024-12-11,5,Customer Changed Mind,Refund,90.69
RT0006355,O00043439,P00457,2025-06-08,1,Customer Changed Mind,Credit Memo,54.41
RT0006356,O00090021,P02792,2025-08-10,3,Excess Quantity,Credit Memo,330.45
RT0006357,O00003080,P00654,2023-04-06,1,Quality Issue,Credit Memo,19.48
RT0006358,O00022714,P01992,2025-03-07,3,Damaged in Transit,Replacement,110.41
RT0006359,O00034580,P00067,2024-09-13,5,Quality Issue,Credit Memo,327.8
RT0006360,O00005765,P00111,2024-12-01,4,Damaged in Transit,Replacement,148.14
RT0006361,O00092559,P00103,2023-11-13,1,Damaged in Transit,Replacement,11.1
RT0006362,O00097053,P00555,2024-11-02,1,Customer Changed Mind,Replacement,95.8
RT0006363,O00049298,P00002,2023-03-17,1,Excess Quantity,Replacement,61.38
RT0006364,O00035326,P01017,2023-09-06,9,Wrong Product,Replacement,557.52
RT0006365,O00017635,P00085,2024-04-29,1,Late Delivery,Refund,38.02
RT0006366,O00066759,P00430,2025-02-02,5,Late Delivery,Replacement,40.76
RT0006367,O00013175,P01023,2024-01-23,2,Quality Issue,Credit Memo,22.71
RT0006368,O00066415,P00006,2023-12-19,1,Damaged in Transit,Replacement,59.42
RT0006369,O00025560,P01211,2024-05-11,1,Quality Issue,Replacement,11.41
RT0006370,O00068727,P00268,2023-07-16,1,Late Delivery,Refund,9.04
RT0006371,O00087595,P00540,2024-06-13,2,Wrong Product,Refund,55.76
RT0006372,O00045709,P02763,2023-08-12,2,Late Delivery,Credit Memo,61.98
RT0006373,O00014612,P00108,2025-10-10,1,Customer Changed Mind,Replacement,32.62
RT0006374,O00048097,P00368,2025-05-27,2,Customer Changed Mind,Replacement,109.9
RT0006375,O00092326,P00436,2025-04-21,6,Customer Changed Mind,Replacement,289.92
RT0006376,O00042206,P00247,2023-12-07,1,Damaged in Transit,Replacement,30.03
RT0006377,O00084044,P01261,2023-10-30,1,Excess Quantity,Refund,38.07
RT0006378,O00036267,P00012,2025-05-04,3,Damaged in Transit,Credit Memo,373.95
RT0006379,O00046474,P00950,2024-12-13,2,Damaged in Transit,Replacement,59.22
RT0006380,O00037957,P00128,2025-07-21,1,Wrong Product,Credit Memo,36.71
RT0006381,O00065572,P00385,2023-07-17,1,Wrong Product,Refund,15.96
RT0006382,O00019546,P00059,2024-06-05,2,Excess Quantity,Refund,104.94
RT0006383,O00086937,P00229,2023-06-19,1,Late Delivery,Replacement,68.26
RT0006384,O00099823,P00003,2024-03-03,3,Damaged in Transit,Refund,25.56
RT0006385,O00037353,P01371,2023-07-07,4,Damaged in Transit,Credit Memo,84.38
RT0006386,O00019403,P01498,2025-06-22,3,Wrong Product,Refund,100.89
RT0006387,O00039566,P00435,2025-11-06,2,Damaged in Transit,Replacement,41.36
RT0006388,O00053518,P00585,2025-09-04,4,Wrong Product,Replacement,98.84
RT0006389,O00026188,P02054,2025-03-20,4,Damaged in Transit,Refund,25.92
RT0006390,O00050777,P00042,2025-05-24,1,Late Delivery,Refund,39.15
RT0006391,O00094520,P00085,2023-09-30,1,Damaged in Transit,Replacement,32.1
RT0006392,O00035676,P02341,2024-03-04,1,Wrong Product,Credit Memo,103.31
RT0006393,O00012455,P00657,2024-04-18,2,Damaged in Transit,Credit Memo,41.94
RT0006394,O00019201,P00005,2023-05-20,1,Quality Issue,Replacement,41.29
RT0006395,O00062852,P01135,2025-09-02,3,Damaged in Transit,Refund,32.6
RT0006396,O00091150,P00750,2023-03-23,6,Late Delivery,Credit Memo,334.13
RT0006397,O00000416,P00135,2024-07-08,1,Customer Changed Mind,Credit Memo,37.77
RT0006398,O00081593,P00616,2024-12-15,2,Quality Issue,Refund,45.64
RT0006399,O00015234,P00404,2024-07-06,2,Damaged in Transit,Replacement,53.33
RT0006400,O00035792,P00840,2024-09-29,6,Damaged in Transit,Replacement,122.27
RT0006401,O00036045,P00836,2023-06-24,1,Damaged in Transit,Refund,30.63
RT0006402,O00051427,P00030,2024-02-01,2,Late Delivery,Credit Memo,54.12
RT0006403,O00032639,P00778,2023-09-29,1,Late Delivery,Refund,13.6
RT0006404,O00064324,P00006,2025-08-16,2,Excess Quantity,Refund,131.3
RT0006405,O00018501,P00030,2025-11-24,1,Excess Quantity,Replacement,26.61
RT0006406,O00072813,P00010,2024-05-18,1,Quality Issue,Refund,68.59
RT0006407,O00061804,P01193,2024-09-28,1,Quality Issue,Refund,62.47
RT0006408,O00002190,P00161,2023-09-24,4,Wrong Product,Credit Memo,278.86
RT0006409,O00005447,P01383,2023-10-05,1,Quality Issue,Replacement,29.69
RT0006410,O00056383,P01926,2025-11-01,6,Wrong Product,Credit Memo,269.08
RT0006411,O00090405,P00087,2025-08-21,6,Late Delivery,Refund,166.84
RT0006412,O00059749,P00985,2023-10-21,1,Customer Changed Mind,Replacement,23.76
RT0006413,O00060707,P01295,2025-05-26,4,Customer Changed Mind,Credit Memo,181.91
RT0006414,O00038864,P00242,2025-06-25,7,Quality Issue,Replacement,405.09
RT0006415,O00061982,P01263,2024-07-17,5,Damaged in Transit,Replacement,527.48
RT0006416,O00048898,P00035,2024-05-08,3,Customer Changed Mind,Refund,199.49
RT0006417,O00084511,P02507,2024-08-03,3,Customer Changed Mind,Refund,44.66
RT0006418,O00018806,P00019,2023-12-07,3,Customer Changed Mind,Credit Memo,117.85
RT0006419,O00005707,P00160,2023-10-05,3,Wrong Product,Refund,221.6
RT0006420,O00030985,P00859,2023-12-18,1,Quality Issue,Credit Memo,20.4
RT0006421,O00059016,P00099,2024-05-07,8,Customer Changed Mind,Credit Memo,441.84
RT0006422,O00020145,P02669,2023-07-30,2,Late Delivery,Replacement,120.4
RT0006423,O00075207,P00434,2025-06-21,1,Quality Issue,Refund,13.96
RT0006424,O00094303,P00130,2025-11-30,1,Customer Changed Mind,Credit Memo,29.21
RT0006425,O00000095,P00561,2024-09-30,1,Damaged in Transit,Replacement,48.35
RT0006426,O00078600,P00180,2024-08-19,6,Damaged in Transit,Credit Memo,129.83
RT0006427,O00042113,P02035,2025-01-30,1,Customer Changed Mind,Replacement,33.91
RT0006428,O00019934,P02042,2024-05-27,1,Damaged in Transit,Refund,30.69
RT0006429,O00039431,P02242,2024-06-05,1,Damaged in Transit,Replacement,49.81
RT0006430,O00012158,P00778,2023-08-08,2,Wrong Product,Refund,26.81
RT0006431,O00051316,P01861,2025-12-11,1,Excess Quantity,Credit Memo,43.12
RT0006432,O00004166,P01702,2023-03-10,3,Quality Issue,Credit Memo,55.4
RT0006433,O00018904,P00597,2025-08-22,1,Customer Changed Mind,Refund,27.11
RT0006434,O00096323,P00892,2023-09-25,5,Late Delivery,Refund,40.27
RT0006435,O00094049,P00002,2025-07-28,2,Quality Issue,Credit Memo,138.48
RT0006436,O00030054,P01788,2024-07-21,1,Damaged in Transit,Replacement,30.19
RT0006437,O00091653,P02569,2025-10-06,3,Wrong Product,Credit Memo,138.43
RT0006438,O00078365,P01026,2024-08-28,1,Quality Issue,Credit Memo,55.81
RT0006439,O00012095,P00662,2023-04-08,3,Quality Issue,Replacement,87.12
RT0006440,O00005367,P00015,2026-02-20,2,Excess Quantity,Refund,109.0
RT0006441,O00057725,P00230,2025-09-12,1,Quality Issue,Refund,42.54
RT0006442,O00016688,P00518,2023-04-03,11,Quality Issue,Credit Memo,254.2
RT0006443,O00033108,P02143,2025-08-16,1,Damaged in Transit,Replacement,29.46
RT0006444,O00063689,P00108,2025-03-11,2,Quality Issue,Credit Memo,67.52
RT0006445,O00070011,P00036,2023-04-26,3,Quality Issue,Replacement,48.79
RT0006446,O00056815,P00002,2024-10-02,3,Damaged in Transit,Credit Memo,219.97
RT0006447,O00005440,P00214,2025-09-24,1,Wrong Product,Refund,58.69
RT0006448,O00030296,P00586,2024-11-23,2,Late Delivery,Replacement,32.67
RT0006449,O00071167,P00121,2024-08-27,4,Excess Quantity,Replacement,81.4
RT0006450,O00065251,P00044,2025-07-28,1,Quality Issue,Refund,36.05
RT0006451,O00020187,P01419,2025-09-06,6,Damaged in Transit,Refund,322.44
RT0006452,O00023511,P00181,2025-01-29,11,Late Delivery,Credit Memo,358.94
RT0006453,O00051639,P01663,2023-04-17,1,Damaged in Transit,Refund,66.33
RT0006454,O00022674,P00105,2025-06-29,5,Quality Issue,Refund,99.65
RT0006455,O00069014,P00130,2023-06-11,2,Customer Changed Mind,Credit Memo,64.88
RT0006456,O00080622,P00022,2024-03-03,1,Customer Changed Mind,Replacement,22.24
RT0006457,O00013265,P00930,2025-09-20,5,Quality Issue,Credit Memo,247.9
RT0006458,O00056690,P00116,2023-06-14,2,Quality Issue,Replacement,28.34
RT0006459,O00078816,P00646,2026-01-03,5,Customer Changed Mind,Refund,195.89
RT0006460,O00002630,P00823,2025-02-26,1,Quality Issue,Refund,11.17
RT0006461,O00015864,P00020,2024-06-24,5,Customer Changed Mind,Credit Memo,137.66
RT0006462,O00036662,P00104,2023-03-30,1,Excess Quantity,Replacement,20.0
RT0006463,O00033985,P00004,2023-11-15,1,Damaged in Transit,Refund,33.71
RT0006464,O00072959,P02559,2023-03-14,2,Wrong Product,Credit Memo,110.11
RT0006465,O00007764,P00099,2024-06-24,4,Damaged in Transit,Replacement,214.13
RT0006466,O00073760,P02801,2026-02-05,5,Customer Changed Mind,Credit Memo,616.97
RT0006467,O00010883,P00965,2023-10-10,2,Customer Changed Mind,Credit Memo,142.16
RT0006468,O00033061,P02868,2023-10-01,3,Damaged in Transit,Credit Memo,74.87
RT0006469,O00045151,P00350,2025-09-13,4,Customer Changed Mind,Replacement,75.55
RT0006470,O00049992,P01691,2023-07-24,5,Excess Quantity,Credit Memo,224.2
RT0006471,O00091830,P01495,2023-09-20,3,Wrong Product,Credit Memo,112.21
RT0006472,O00074484,P00006,2025-06-15,1,Damaged in Transit,Replacement,68.04
RT0006473,O00038177,P00135,2024-10-10,1,Customer Changed Mind,Refund,35.58
RT0006474,O00016109,P00437,2025-07-31,4,Wrong Product,Credit Memo,318.04
RT0006475,O00082364,P02241,2023-06-16,1,Wrong Product,Replacement,52.55
RT0006476,O00015073,P00680,2025-06-10,2,Quality Issue,Replacement,48.76
RT0006477,O00073751,P00210,2023-03-16,1,Damaged in Transit,Credit Memo,30.02
RT0006478,O00029282,P00793,2024-08-17,3,Wrong Product,Credit Memo,82.81
RT0006479,O00086450,P00356,2025-02-10,3,Wrong Product,Credit Memo,121.01
RT0006480,O00076067,P02015,2024-09-22,2,Customer Changed Mind,Refund,85.88
RT0006481,O00038128,P01942,2024-07-01,1,Late Delivery,Credit Memo,52.84
RT0006482,O00053912,P01943,2025-11-16,1,Damaged in Transit,Replacement,25.01
RT0006483,O00000059,P01530,2023-07-28,3,Excess Quantity,Refund,83.35
RT0006484,O00043382,P00216,2024-05-30,1,Wrong Product,Replacement,15.92
RT0006485,O00062596,P00057,2025-10-23,1,Excess Quantity,Refund,25.51
RT0006486,O00023641,P00339,2025-06-21,4,Damaged in Transit,Refund,1008.34
RT0006487,O00045444,P00935,2023-05-02,3,Excess Quantity,Refund,69.02
RT0006488,O00081492,P00362,2023-03-20,1,Damaged in Transit,Replacement,8.51
RT0006489,O00029939,P00377,2025-01-10,2,Damaged in Transit,Refund,42.98
RT0006490,O00073117,P01635,2025-08-03,3,Wrong Product,Refund,99.31
RT0006491,O00051540,P00657,2023-10-10,7,Customer Changed Mind,Credit Memo,134.61
RT0006492,O00033143,P00030,2025-06-06,2,Quality Issue,Credit Memo,50.75
RT0006493,O00025621,P00001,2024-12-13,3,Wrong Product,Refund,113.91
RT0006494,O00064350,P00029,2023-04-19,1,Damaged in Transit,Refund,38.3
RT0006495,O00035013,P00443,2023-12-31,1,Excess Quantity,Credit Memo,19.69
RT0006496,O00069781,P01138,2023-06-20,1,Excess Quantity,Refund,35.51
RT0006497,O00038567,P00002,2025-11-21,3,Customer Changed Mind,Credit Memo,227.17
RT0006498,O00011389,P00313,2023-10-24,1,Excess Quantity,Refund,34.98
RT0006499,O00011633,P01932,2023-11-29,1,Customer Changed Mind,Credit Memo,13.84
RT0006500,O00020509,P00044,2023-09-07,5,Wrong Product,Replacement,177.0
RT0006501,O00051576,P01354,2023-07-26,1,Damaged in Transit,Refund,54.43
RT0006502,O00068839,P00860,2023-05-27,2,Wrong Product,Replacement,108.45
RT0006503,O00098904,P00213,2024-01-20,1,Late Delivery,Credit Memo,26.31
RT0006504,O00008093,P00010,2024-10-21,3,Wrong Product,Credit Memo,197.01
RT0006505,O00085993,P00123,2025-06-29,2,Damaged in Transit,Replacement,300.16
RT0006506,O00019273,P00004,2024-09-20,1,Wrong Product,Replacement,43.65
RT0006507,O00048425,P01046,2026-01-27,9,Late Delivery,Credit Memo,354.06
RT0006508,O00065082,P01621,2023-05-13,2,Wrong Product,Refund,131.52
RT0006509,O00013227,P00002,2025-12-07,1,Wrong Product,Credit Memo,81.26
RT0006510,O00041224,P01029,2024-07-21,1,Late Delivery,Credit Memo,23.1
RT0006511,O00060216,P00024,2023-10-04,4,Quality Issue,Refund,264.52
RT0006512,O00079335,P00143,2025-07-12,1,Customer Changed Mind,Refund,17.6
RT0006513,O00007422,P00002,2024-06-10,2,Quality Issue,Refund,140.08
RT0006514,O00013165,P01711,2025-03-09,4,Damaged in Transit,Replacement,130.6
RT0006515,O00013165,P01711,2025-03-21,1,Quality Issue,Replacement,32.65
RT0006516,O00052638,P01845,2025-10-14,1,Customer Changed Mind,Credit Memo,233.59
RT0006517,O00068180,P00241,2025-08-08,2,Excess Quantity,Credit Memo,91.91
RT0006518,O00081279,P01162,2025-05-21,2,Quality Issue,Credit Memo,186.22
RT0006519,O00040910,P00159,2023-10-11,1,Quality Issue,Refund,37.43
RT0006520,O00038928,P00711,2024-01-29,2,Late Delivery,Credit Memo,57.17
RT0006521,O00086862,P01345,2023-09-21,1,Damaged in Transit,Replacement,81.78
RT0006522,O00068825,P00313,2023-03-30,1,Customer Changed Mind,Refund,39.05
RT0006523,O00020485,P00981,2025-09-05,1,Quality Issue,Replacement,37.78
RT0006524,O00015203,P00060,2025-10-24,2,Excess Quantity,Credit Memo,250.24
RT0006525,O00035941,P01871,2025-08-21,1,Excess Quantity,Replacement,11.57
RT0006526,O00019142,P00004,2025-03-03,3,Damaged in Transit,Credit Memo,122.22
RT0006527,O00063548,P02842,2023-08-10,1,Customer Changed Mind,Refund,26.54
RT0006528,O00004301,P00298,2023-04-16,5,Damaged in Transit,Replacement,70.64
RT0006529,O00053129,P02225,2023-12-06,6,Damaged in Transit,Credit Memo,719.17
RT0006530,O00093839,P01967,2025-01-27,2,Late Delivery,Replacement,117.44
RT0006531,O00002587,P01003,2024-09-13,5,Wrong Product,Credit Memo,90.85
RT0006532,O00020738,P00787,2025-05-15,3,Quality Issue,Refund,122.28
RT0006533,O00073502,P01484,2023-08-29,1,Damaged in Transit,Replacement,85.73
RT0006534,O00029900,P00959,2025-08-22,2,Quality Issue,Replacement,41.99
RT0006535,O00082529,P01560,2023-04-18,6,Wrong Product,Credit Memo,117.12
RT0006536,O00047246,P01069,2024-09-11,2,Wrong Product,Credit Memo,121.24
RT0006537,O00005701,P01440,2024-06-30,3,Excess Quantity,Credit Memo,70.08
RT0006538,O00099687,P00007,2023-10-12,4,Damaged in Transit,Credit Memo,134.13
RT0006539,O00068263,P00020,2024-11-06,3,Wrong Product,Credit Memo,77.61
RT0006540,O00084177,P00063,2025-11-06,3,Quality Issue,Credit Memo,201.15
RT0006541,O00056731,P00499,2025-11-18,2,Late Delivery,Refund,142.16
RT0006542,O00001163,P00198,2025-06-01,2,Wrong Product,Replacement,110.48
RT0006543,O00025046,P00018,2024-10-20,1,Damaged in Transit,Replacement,55.61
RT0006544,O00085141,P00087,2024-10-01,3,Quality Issue,Credit Memo,86.21
RT0006545,O00094637,P01040,2024-04-06,1,Wrong Product,Credit Memo,8.41
RT0006546,O00007737,P00122,2023-09-20,3,Wrong Product,Credit Memo,26.85
RT0006547,O00030550,P00024,2024-04-19,1,Wrong Product,Refund,71.87
RT0006548,O00093743,P00104,2025-10-10,5,Damaged in Transit,Replacement,102.74
RT0006549,O00079225,P00002,2025-06-28,4,Wrong Product,Replacement,312.51
RT0006550,O00036882,P01131,2024-09-06,1,Quality Issue,Replacement,6.06
RT0006551,O00092590,P01026,2024-02-01,3,Quality Issue,Credit Memo,188.13
RT0006552,O00032951,P01188,2023-11-28,4,Damaged in Transit,Replacement,142.01
RT0006553,O00020307,P00049,2025-10-30,1,Quality Issue,Refund,18.62
RT0006554,O00095950,P00116,2024-10-24,2,Wrong Product,Refund,28.97
RT0006555,O00011604,P00007,2024-09-30,1,Wrong Product,Replacement,34.39
RT0006556,O00045945,P00470,2023-10-14,7,Wrong Product,Refund,572.96
RT0006557,O00002027,P00186,2025-02-20,1,Damaged in Transit,Refund,39.91
RT0006558,O00035708,P00003,2024-03-06,6,Damaged in Transit,Refund,53.48
RT0006559,O00031411,P00001,2024-06-03,4,Customer Changed Mind,Credit Memo,160.86
RT0006560,O00082714,P00134,2024-07-03,2,Wrong Product,Refund,105.91
RT0006561,O00002794,P00078,2024-06-06,3,Customer Changed Mind,Refund,111.57
RT0006562,O00006874,P01226,2024-04-24,1,Customer Changed Mind,Replacement,28.41
RT0006563,O00079548,P00003,2024-07-11,2,Excess Quantity,Refund,19.19
RT0006564,O00015465,P00576,2024-08-03,2,Excess Quantity,Refund,81.78
RT0006565,O00011734,P00658,2023-07-17,2,Quality Issue,Replacement,123.85
RT0006566,O00071229,P02825,2024-09-05,5,Wrong Product,Credit Memo,66.65
RT0006567,O00026350,P00603,2024-07-24,7,Customer Changed Mind,Refund,193.03
RT0006568,O00082568,P00231,2026-02-14,4,Wrong Product,Replacement,160.17
RT0006569,O00018925,P00243,2023-08-15,1,Customer Changed Mind,Replacement,37.19
RT0006570,O00083669,P02054,2025-01-07,1,Customer Changed Mind,Replacement,6.05
RT0006571,O00020300,P00167,2024-03-20,4,Damaged in Transit,Refund,112.95
RT0006572,O00061772,P01103,2024-12-30,1,Damaged in Transit,Replacement,86.64
RT0006573,O00026293,P00517,2025-12-28,4,Quality Issue,Replacement,101.62
RT0006574,O00010589,P00023,2024-08-14,2,Damaged in Transit,Replacement,90.77
RT0006575,O00090281,P00002,2025-05-12,5,Quality Issue,Refund,344.31
RT0006576,O00038233,P01666,2023-10-30,1,Quality Issue,Replacement,29.86
RT0006577,O00082860,P00243,2023-02-22,11,Excess Quantity,Replacement,371.45
RT0006578,O00041039,P00266,2025-10-06,2,Damaged in Transit,Replacement,66.99
RT0006579,O00027664,P01340,2023-05-06,5,Wrong Product,Credit Memo,57.0
RT0006580,O00084771,P01262,2024-05-26,1,Late Delivery,Replacement,31.21
RT0006581,O00084961,P00700,2023-08-12,1,Late Delivery,Credit Memo,58.91
RT0006582,O00045921,P00210,2024-03-31,5,Quality Issue,Refund,152.23
RT0006583,O00042134,P01740,2023-11-05,3,Wrong Product,Credit Memo,248.81
RT0006584,O00012622,P01713,2023-08-30,2,Wrong Product,Refund,614.84
RT0006585,O00087855,P00217,2023-08-05,1,Customer Changed Mind,Replacement,38.5
RT0006586,O00030273,P00027,2025-02-02,3,Wrong Product,Refund,44.28
RT0006587,O00050039,P00104,2023-07-04,3,Quality Issue,Refund,58.62
RT0006588,O00010865,P00088,2023-12-18,1,Customer Changed Mind,Replacement,12.59
RT0006589,O00074418,P00471,2023-08-22,2,Late Delivery,Refund,88.55
RT0006590,O00043754,P00372,2024-01-06,7,Customer Changed Mind,Replacement,141.84
RT0006591,O00027800,P00183,2025-02-04,6,Wrong Product,Credit Memo,224.59
RT0006592,O00092302,P00297,2024-09-11,4,Damaged in Transit,Replacement,484.31
RT0006593,O00051031,P00114,2024-12-05,1,Excess Quantity,Refund,216.87
RT0006594,O00073104,P01758,2025-03-19,5,Quality Issue,Credit Memo,290.19
RT0006595,O00037869,P01675,2024-12-13,6,Damaged in Transit,Credit Memo,358.38
RT0006596,O00084835,P00476,2024-06-01,3,Excess Quantity,Refund,39.06
RT0006597,O00098139,P00752,2023-05-30,3,Wrong Product,Replacement,225.51
RT0006598,O00085710,P01099,2023-09-20,1,Damaged in Transit,Credit Memo,35.72
RT0006599,O00032778,P00183,2025-10-17,1,Late Delivery,Refund,42.13
RT0006600,O00029982,P00132,2023-02-27,7,Late Delivery,Credit Memo,340.59
RT0006601,O00073934,P01797,2023-10-14,3,Quality Issue,Credit Memo,359.16
RT0006602,O00051927,P00043,2023-09-01,2,Excess Quantity,Credit Memo,28.1
RT0006603,O00065525,P01547,2025-03-10,1,Quality Issue,Refund,82.05
RT0006604,O00020400,P02664,2024-04-08,4,Late Delivery,Replacement,556.88
RT0006605,O00033933,P01443,2024-07-20,1,Damaged in Transit,Replacement,32.25
RT0006606,O00039317,P02478,2025-06-22,1,Late Delivery,Refund,81.92
RT0006607,O00000970,P02082,2025-07-30,1,Customer Changed Mind,Credit Memo,70.45
RT0006608,O00006881,P00006,2023-04-10,1,Excess Quantity,Refund,59.54
RT0006609,O00074639,P00962,2025-02-11,1,Damaged in Transit,Credit Memo,7.72
RT0006610,O00028035,P01458,2025-10-06,3,Damaged in Transit,Replacement,154.21
RT0006611,O00098372,P00464,2023-06-15,1,Wrong Product,Replacement,35.06
RT0006612,O00046475,P00131,2025-08-17,1,Damaged in Transit,Credit Memo,30.93
RT0006613,O00076481,P01552,2023-08-15,1,Customer Changed Mind,Replacement,65.91
RT0006614,O00059326,P02163,2025-08-04,1,Wrong Product,Replacement,18.46
RT0006615,O00093130,P00002,2025-10-18,3,Wrong Product,Credit Memo,212.0
RT0006616,O00041290,P00737,2024-01-03,4,Late Delivery,Credit Memo,208.12
RT0006617,O00099816,P00194,2024-09-14,3,Damaged in Transit,Replacement,166.18
RT0006618,O00046144,P00402,2024-10-13,4,Quality Issue,Refund,165.6
RT0006619,O00016938,P00234,2024-03-02,3,Customer Changed Mind,Refund,95.62
RT0006620,O00068094,P01835,2023-10-27,1,Customer Changed Mind,Refund,9.55
RT0006621,O00014411,P00031,2024-11-29,2,Late Delivery,Refund,23.14
RT0006622,O00025015,P00116,2023-07-30,2,Damaged in Transit,Credit Memo,29.07
RT0006623,O00088115,P01575,2023-06-09,3,Damaged in Transit,Credit Memo,462.24
RT0006624,O00019527,P00002,2025-12-27,2,Wrong Product,Replacement,140.01
RT0006625,O00077344,P00353,2024-04-19,4,Quality Issue,Replacement,366.09
RT0006626,O00056400,P00313,2023-09-05,2,Damaged in Transit,Credit Memo,97.66
RT0006627,O00032721,P02476,2024-07-06,2,Quality Issue,Credit Memo,135.7
RT0006628,O00085400,P02351,2024-03-27,10,Wrong Product,Refund,507.24
RT0006629,O00090303,P00060,2023-05-31,2,Damaged in Transit,Replacement,272.53
RT0006630,O00093172,P00499,2023-12-10,3,Customer Changed Mind,Refund,226.82
RT0006631,O00010773,P01222,2023-07-09,5,Wrong Product,Credit Memo,76.0
RT0006632,O00023193,P00001,2024-06-17,7,Customer Changed Mind,Refund,289.8
RT0006633,O00035412,P00888,2025-10-05,5,Customer Changed Mind,Replacement,336.65
RT0006634,O00052047,P00242,2024-12-02,3,Excess Quantity,Credit Memo,133.95
RT0006635,O00023100,P00650,2025-08-07,1,Customer Changed Mind,Refund,14.42
RT0006636,O00003200,P01330,2024-12-23,6,Quality Issue,Refund,147.24
RT0006637,O00089499,P00258,2026-01-12,1,Customer Changed Mind,Refund,72.48
RT0006638,O00007281,P00156,2024-02-13,1,Quality Issue,Credit Memo,65.5
RT0006639,O00018840,P00500,2026-01-06,1,Damaged in Transit,Replacement,39.74
RT0006640,O00094018,P01163,2024-10-10,1,Quality Issue,Refund,7.88
RT0006641,O00092980,P00777,2023-08-16,6,Late Delivery,Replacement,144.9
RT0006642,O00079554,P02918,2024-05-23,1,Customer Changed Mind,Refund,41.0
RT0006643,O00048076,P02481,2024-09-26,2,Customer Changed Mind,Refund,43.71
RT0006644,O00000574,P00024,2024-11-30,1,Customer Changed Mind,Replacement,64.14
RT0006645,O00019413,P00305,2025-03-26,2,Damaged in Transit,Replacement,23.82
RT0006646,O00013376,P00368,2023-08-23,1,Late Delivery,Refund,50.29
RT0006647,O00059962,P01721,2025-05-28,3,Quality Issue,Credit Memo,557.37
RT0006648,O00015276,P00261,2026-02-03,3,Quality Issue,Replacement,73.16
RT0006649,O00043809,P00181,2026-01-17,2,Late Delivery,Credit Memo,49.84
RT0006650,O00003494,P02868,2024-12-06,1,Damaged in Transit,Refund,29.02
RT0006651,O00029086,P02020,2024-04-09,3,Customer Changed Mind,Credit Memo,72.98
RT0006652,O00031155,P00112,2023-03-10,3,Late Delivery,Replacement,112.43
RT0006653,O00025405,P01408,2024-05-26,1,Damaged in Transit,Credit Memo,45.16
RT0006654,O00093907,P00509,2024-09-04,1,Customer Changed Mind,Credit Memo,41.6
RT0006655,O00043513,P00012,2024-09-05,3,Damaged in Transit,Refund,365.88
RT0006656,O00018078,P00028,2025-06-20,1,Quality Issue,Credit Memo,29.38
RT0006657,O00028415,P00206,2026-01-23,1,Late Delivery,Refund,17.22
RT0006658,O00079499,P02523,2025-04-03,1,Damaged in Transit,Refund,6.81
RT0006659,O00087701,P00588,2025-08-24,2,Quality Issue,Replacement,59.09
RT0006660,O00088114,P01402,2023-08-14,1,Excess Quantity,Credit Memo,59.74
RT0006661,O00063014,P00819,2025-11-29,1,Wrong Product,Credit Memo,15.4
RT0006662,O00016803,P00040,2024-10-31,1,Excess Quantity,Refund,63.16
RT0006663,O00032705,P01742,2025-01-04,1,Wrong Product,Replacement,84.45
RT0006664,O00019566,P00173,2025-11-30,3,Customer Changed Mind,Refund,338.96
RT0006665,O00008348,P02826,2025-09-14,1,Damaged in Transit,Credit Memo,44.46
RT0006666,O00087787,P00001,2024-10-12,2,Quality Issue,Credit Memo,81.57
RT0006667,O00020458,P00725,2026-01-02,4,Damaged in Transit,Replacement,149.3
RT0006668,O00007199,P01022,2023-04-02,1,Customer Changed Mind,Credit Memo,116.39
RT0006669,O00091787,P01017,2025-06-14,3,Wrong Product,Replacement,254.13
RT0006670,O00064608,P00170,2025-09-22,2,Damaged in Transit,Credit Memo,151.57
RT0006671,O00019596,P01149,2023-06-06,1,Late Delivery,Replacement,213.84
RT0006672,O00019174,P01202,2025-12-05,2,Wrong Product,Credit Memo,112.77
RT0006673,O00036274,P00035,2025-06-02,3,Late Delivery,Refund,216.39
RT0006674,O00038681,P00041,2024-07-24,1,Quality Issue,Replacement,63.45
RT0006675,O00052049,P00689,2025-10-01,1,Quality Issue,Refund,73.85
RT0006676,O00070264,P00796,2023-12-06,2,Damaged in Transit,Refund,23.32
RT0006677,O00064352,P00008,2024-03-10,2,Customer Changed Mind,Refund,113.92
RT0006678,O00031067,P01275,2025-11-20,2,Damaged in Transit,Credit Memo,26.28
RT0006679,O00072360,P00924,2024-09-28,1,Quality Issue,Replacement,30.44
RT0006680,O00010008,P00018,2024-03-14,7,Damaged in Transit,Credit Memo,391.75
RT0006681,O00056320,P01748,2023-05-05,3,Customer Changed Mind,Credit Memo,294.65
RT0006682,O00035794,P00014,2025-12-30,7,Quality Issue,Credit Memo,391.17
RT0006683,O00075503,P02057,2023-02-27,7,Damaged in Transit,Replacement,162.35
RT0006684,O00016175,P01613,2024-11-19,8,Late Delivery,Replacement,320.56
RT0006685,O00045060,P02372,2023-08-07,3,Damaged in Transit,Replacement,90.61
RT0006686,O00009300,P00213,2025-09-11,1,Late Delivery,Refund,26.56
RT0006687,O00071389,P01513,2023-09-29,3,Damaged in Transit,Credit Memo,118.09
RT0006688,O00077144,P00645,2024-12-26,9,Quality Issue,Refund,1523.27
RT0006689,O00012965,P00170,2023-09-02,2,Quality Issue,Refund,166.72
RT0006690,O00010982,P00037,2024-01-24,2,Customer Changed Mind,Credit Memo,33.21
RT0006691,O00073115,P00245,2023-10-10,2,Excess Quantity,Credit Memo,39.08
RT0006692,O00013251,P00001,2025-04-25,1,Damaged in Transit,Replacement,41.02
RT0006693,O00039206,P02182,2025-05-30,3,Late Delivery,Credit Memo,89.77
RT0006694,O00074726,P00506,2025-03-02,2,Damaged in Transit,Credit Memo,35.48
RT0006695,O00077617,P01814,2025-01-08,3,Damaged in Transit,Refund,104.0
RT0006696,O00065696,P02381,2025-06-19,1,Excess Quantity,Credit Memo,55.22
RT0006697,O00063644,P00181,2025-03-15,3,Wrong Product,Credit Memo,78.49
RT0006698,O00039150,P00150,2024-02-01,7,Customer Changed Mind,Refund,69.55
RT0006699,O00048048,P00001,2024-02-28,15,Damaged in Transit,Credit Memo,560.83
RT0006700,O00063612,P00608,2023-02-27,1,Quality Issue,Credit Memo,6.12
RT0006701,O00027969,P00246,2024-12-07,7,Quality Issue,Refund,775.21
RT0006702,O00038695,P00306,2023-06-27,2,Quality Issue,Credit Memo,33.62
RT0006703,O00067946,P00036,2024-01-09,2,Damaged in Transit,Refund,27.44
RT0006704,O00050498,P00004,2024-10-27,7,Excess Quantity,Refund,274.77
RT0006705,O00085881,P00089,2025-08-17,6,Quality Issue,Refund,711.16
RT0006706,O00080789,P02024,2023-06-03,3,Quality Issue,Refund,96.03
RT0006707,O00049625,P00025,2025-03-16,5,Quality Issue,Refund,320.16
RT0006708,O00063594,P00850,2024-05-06,1,Damaged in Transit,Replacement,11.9
RT0006709,O00056341,P01174,2023-09-05,2,Excess Quantity,Refund,54.83
RT0006710,O00054039,P00008,2024-02-03,3,Quality Issue,Replacement,170.26
RT0006711,O00094518,P02442,2023-11-15,1,Quality Issue,Replacement,18.75
RT0006712,O00038717,P00247,2025-10-16,1,Quality Issue,Credit Memo,31.05
RT0006713,O00071212,P00849,2023-05-02,1,Damaged in Transit,Credit Memo,26.57
RT0006714,O00048658,P01721,2025-01-06,6,Late Delivery,Credit Memo,940.84
RT0006715,O00047566,P00833,2025-04-20,1,Late Delivery,Refund,66.01
RT0006716,O00094484,P00479,2025-08-06,3,Customer Changed Mind,Credit Memo,103.8
RT0006717,O00025470,P00235,2023-11-09,1,Late Delivery,Replacement,92.42
RT0006718,O00028279,P00389,2025-07-08,1,Wrong Product,Refund,16.85
RT0006719,O00000666,P00676,2023-08-22,1,Customer Changed Mind,Refund,28.65
RT0006720,O00094915,P00550,2024-02-28,4,Wrong Product,Refund,267.06
RT0006721,O00045539,P00151,2024-11-24,1,Customer Changed Mind,Refund,123.44
RT0006722,O00006468,P00440,2023-06-28,1,Customer Changed Mind,Replacement,34.03
RT0006723,O00056368,P00029,2024-11-18,1,Customer Changed Mind,Replacement,35.85
RT0006724,O00004836,P01006,2024-02-21,5,Damaged in Transit,Refund,78.54
RT0006725,O00084836,P00458,2024-10-14,2,Excess Quantity,Replacement,132.32
RT0006726,O00011502,P00150,2024-08-06,3,Customer Changed Mind,Replacement,37.65
RT0006727,O00033732,P01470,2024-09-30,1,Excess Quantity,Replacement,30.07
RT0006728,O00012422,P00511,2024-11-10,2,Damaged in Transit,Refund,80.6
RT0006729,O00059708,P00212,2024-10-18,3,Late Delivery,Replacement,93.51
RT0006730,O00034789,P00308,2025-06-19,9,Damaged in Transit,Refund,217.26
RT0006731,O00088137,P01900,2025-07-19,6,Excess Quantity,Credit Memo,357.0
RT0006732,O00013954,P01007,2023-07-07,4,Damaged in Transit,Replacement,229.85
RT0006733,O00011960,P00085,2023-08-14,3,Excess Quantity,Replacement,99.0
RT0006734,O00045138,P00008,2025-06-09,5,Late Delivery,Refund,297.15
RT0006735,O00086795,P00102,2024-04-06,2,Customer Changed Mind,Credit Memo,111.57
RT0006736,O00089474,P00001,2024-06-24,3,Quality Issue,Refund,105.16
RT0006737,O00097523,P00161,2023-11-28,3,Customer Changed Mind,Credit Memo,184.57
RT0006738,O00004952,P01424,2023-04-20,3,Excess Quantity,Refund,68.23
RT0006739,O00002550,P00791,2025-07-19,4,Wrong Product,Replacement,281.92
RT0006740,O00029505,P02590,2025-06-29,3,Damaged in Transit,Refund,40.66
RT0006741,O00024814,P00031,2024-11-29,3,Late Delivery,Replacement,32.71
RT0006742,O00019403,P01498,2025-06-19,3,Customer Changed Mind,Refund,100.89
RT0006743,O00062357,P00023,2023-01-07,5,Excess Quantity,Refund,192.1
RT0006744,O00086963,P02504,2023-03-07,1,Quality Issue,Refund,11.44
RT0006745,O00004168,P00164,2024-10-01,2,Late Delivery,Refund,19.72
RT0006746,O00043705,P00180,2024-06-14,6,Damaged in Transit,Replacement,131.46
RT0006747,O00073819,P00001,2025-10-17,3,Excess Quantity,Credit Memo,115.03
RT0006748,O00020459,P00735,2023-02-13,2,Excess Quantity,Credit Memo,27.68
RT0006749,O00027567,P01920,2025-08-03,1,Customer Changed Mind,Credit Memo,31.44
RT0006750,O00054947,P01442,2024-09-05,3,Quality Issue,Replacement,229.39
RT0006751,O00014747,P02090,2023-09-22,8,Quality Issue,Replacement,72.12
RT0006752,O00007017,P00745,2023-08-09,1,Damaged in Transit,Replacement,44.22
RT0006753,O00017753,P00001,2025-09-18,2,Quality Issue,Refund,85.36
RT0006754,O00069013,P00681,2024-10-07,3,Damaged in Transit,Replacement,94.68
RT0006755,O00052738,P00321,2025-06-01,1,Excess Quantity,Refund,13.31
RT0006756,O00071345,P01504,2026-01-17,2,Wrong Product,Replacement,17.53
RT0006757,O00085351,P00402,2023-04-21,3,Quality Issue,Refund,106.49
RT0006758,O00057563,P00856,2023-06-16,1,Damaged in Transit,Refund,28.27
RT0006759,O00009575,P00680,2025-01-16,3,Damaged in Transit,Refund,81.68
RT0006760,O00095141,P00261,2023-08-17,3,Damaged in Transit,Replacement,70.95
RT0006761,O00027597,P00012,2023-05-05,1,Quality Issue,Credit Memo,113.48
RT0006762,O00041659,P00104,2025-04-22,1,Customer Changed Mind,Credit Memo,23.01
RT0006763,O00055709,P01964,2025-02-16,2,Late Delivery,Credit Memo,134.17
RT0006764,O00030893,P00956,2024-05-27,3,Customer Changed Mind,Refund,83.02
RT0006765,O00019044,P00269,2025-11-04,4,Damaged in Transit,Credit Memo,142.76
RT0006766,O00020518,P00149,2023-12-17,2,Wrong Product,Refund,109.92
RT0006767,O00074183,P00068,2024-12-05,7,Quality Issue,Credit Memo,109.28
RT0006768,O00019448,P00917,2024-06-24,1,Late Delivery,Replacement,16.77
RT0006769,O00098276,P00038,2024-10-03,9,Damaged in Transit,Credit Memo,433.01
RT0006770,O00007825,P02369,2025-07-16,1,Customer Changed Mind,Credit Memo,19.37
RT0006771,O00098398,P02471,2023-03-20,4,Wrong Product,Credit Memo,191.3
RT0006772,O00081385,P02562,2025-07-04,8,Quality Issue,Replacement,207.4
RT0006773,O00054019,P00215,2025-03-11,1,Customer Changed Mind,Credit Memo,11.65
RT0006774,O00069086,P00134,2025-08-16,4,Damaged in Transit,Credit Memo,222.86
RT0006775,O00007550,P00532,2023-08-28,7,Customer Changed Mind,Replacement,150.67
RT0006776,O00075556,P00037,2025-10-24,7,Excess Quantity,Refund,124.42
RT0006777,O00038334,P00034,2024-11-11,1,Damaged in Transit,Refund,26.88
RT0006778,O00041555,P00854,2024-10-02,3,Customer Changed Mind,Refund,80.85
RT0006779,O00026331,P00681,2025-08-24,2,Damaged in Transit,Refund,56.8
RT0006780,O00029629,P00147,2025-12-08,3,Wrong Product,Credit Memo,302.1
RT0006781,O00021609,P00072,2023-07-11,1,Late Delivery,Replacement,10.51
RT0006782,O00088149,P02997,2023-11-30,3,Damaged in Transit,Replacement,127.17
RT0006783,O00067701,P01392,2024-12-27,1,Damaged in Transit,Replacement,68.86
RT0006784,O00014081,P00001,2025-07-06,1,Excess Quantity,Replacement,43.16
RT0006785,O00074946,P00975,2024-11-15,2,Damaged in Transit,Refund,32.38
RT0006786,O00001037,P00308,2024-06-24,2,Excess Quantity,Refund,42.33
RT0006787,O00040548,P01003,2025-05-11,1,Late Delivery,Replacement,18.83
RT0006788,O00088734,P00142,2024-08-24,2,Excess Quantity,Credit Memo,118.73
RT0006789,O00026068,P00177,2024-09-29,3,Late Delivery,Replacement,66.69
RT0006790,O00039269,P00076,2025-05-08,7,Excess Quantity,Replacement,235.25
RT0006791,O00017015,P00266,2023-10-30,2,Customer Changed Mind,Refund,54.7
RT0006792,O00073296,P00008,2025-04-08,4,Customer Changed Mind,Credit Memo,187.1
RT0006793,O00062276,P00679,2024-07-20,1,Wrong Product,Replacement,33.17
RT0006794,O00053812,P00259,2025-12-24,2,Quality Issue,Credit Memo,142.44
RT0006795,O00014824,P00027,2023-11-28,1,Late Delivery,Refund,13.64
RT0006796,O00096717,P01054,2023-11-26,1,Damaged in Transit,Replacement,80.87
RT0006797,O00077526,P01731,2023-08-21,3,Damaged in Transit,Refund,120.21
RT0006798,O00011344,P00016,2024-09-30,2,Quality Issue,Replacement,296.08
RT0006799,O00023008,P01455,2023-06-30,3,Damaged in Transit,Refund,41.7
RT0006800,O00030633,P02070,2025-09-30,1,Quality Issue,Credit Memo,23.45
RT0006801,O00040754,P02101,2025-11-22,1,Quality Issue,Credit Memo,27.14
RT0006802,O00052509,P00993,2023-12-03,5,Excess Quantity,Replacement,122.75
RT0006803,O00083574,P00002,2024-08-26,2,Damaged in Transit,Credit Memo,148.28
RT0006804,O00027973,P00020,2023-01-27,5,Wrong Product,Refund,116.92
RT0006805,O00073670,P00198,2023-10-17,2,Quality Issue,Credit Memo,121.81
RT0006806,O00040300,P00131,2024-02-24,3,Customer Changed Mind,Credit Memo,88.51
RT0006807,O00070292,P00002,2025-07-20,3,Damaged in Transit,Replacement,218.8
RT0006808,O00024741,P00094,2024-10-23,1,Quality Issue,Replacement,38.52
RT0006809,O00085277,P01315,2024-10-28,3,Customer Changed Mind,Refund,63.78
RT0006810,O00053376,P00083,2023-07-08,1,Damaged in Transit,Credit Memo,59.0
RT0006811,O00096843,P02251,2025-02-04,1,Late Delivery,Refund,12.23
RT0006812,O00013990,P01133,2025-04-29,1,Customer Changed Mind,Refund,43.98
RT0006813,O00014832,P00013,2023-05-17,2,Customer Changed Mind,Refund,55.87
RT0006814,O00046153,P01332,2023-11-04,1,Late Delivery,Replacement,25.43
RT0006815,O00078952,P01518,2023-08-27,1,Damaged in Transit,Refund,86.97
RT0006816,O00024813,P02375,2024-09-27,3,Excess Quantity,Replacement,52.49
RT0006817,O00096003,P00003,2024-12-21,1,Late Delivery,Credit Memo,8.41
RT0006818,O00059499,P00117,2024-09-29,1,Customer Changed Mind,Refund,56.71
RT0006819,O00097788,P00290,2025-05-08,1,Wrong Product,Refund,31.57
RT0006820,O00073004,P00191,2024-06-24,2,Damaged in Transit,Replacement,110.77
RT0006821,O00029605,P01988,2024-11-11,1,Damaged in Transit,Credit Memo,29.58
RT0006822,O00069859,P00043,2025-09-26,2,Damaged in Transit,Credit Memo,31.06
RT0006823,O00040917,P01311,2025-12-11,1,Customer Changed Mind,Refund,23.48
RT0006824,O00060401,P00278,2025-12-19,1,Damaged in Transit,Credit Memo,30.11
RT0006825,O00062400,P00313,2024-12-05,3,Wrong Product,Credit Memo,141.75
RT0006826,O00019855,P00822,2023-09-03,2,Excess Quantity,Credit Memo,9.74
RT0006827,O00039409,P01519,2024-11-06,2,Late Delivery,Credit Memo,115.55
RT0006828,O00032704,P01403,2025-06-23,3,Quality Issue,Refund,61.53
RT0006829,O00078250,P00041,2024-11-25,5,Late Delivery,Credit Memo,266.02
RT0006830,O00027875,P00002,2024-04-12,2,Damaged in Transit,Refund,153.06
RT0006831,O00085983,P01615,2023-02-21,2,Wrong Product,Refund,116.96
RT0006832,O00045948,P00082,2023-12-23,4,Excess Quantity,Replacement,688.26
RT0006833,O00026122,P01439,2024-09-12,2,Wrong Product,Replacement,25.48
RT0006834,O00069920,P00111,2025-09-02,6,Quality Issue,Credit Memo,210.78
RT0006835,O00039620,P00052,2023-08-08,5,Damaged in Transit,Replacement,147.54
RT0006836,O00018864,P02495,2025-02-26,10,Late Delivery,Credit Memo,238.81
RT0006837,O00027196,P00006,2025-08-22,8,Customer Changed Mind,Replacement,652.08
RT0006838,O00029838,P02343,2025-09-11,3,Quality Issue,Credit Memo,75.95
RT0006839,O00023364,P00049,2025-01-12,3,Quality Issue,Refund,46.7
RT0006840,O00004027,P00704,2024-01-30,1,Damaged in Transit,Replacement,50.04
RT0006841,O00035610,P02524,2025-01-13,5,Late Delivery,Replacement,396.7
RT0006842,O00042591,P01095,2023-04-13,1,Quality Issue,Credit Memo,196.36
RT0006843,O00071595,P00785,2023-03-03,8,Wrong Product,Refund,577.91
RT0006844,O00019143,P00139,2025-08-03,7,Wrong Product,Refund,132.14
RT0006845,O00002067,P00477,2026-01-15,2,Damaged in Transit,Credit Memo,129.39
RT0006846,O00070689,P00103,2023-07-19,3,Quality Issue,Replacement,35.18
RT0006847,O00072117,P01508,2024-07-31,3,Excess Quantity,Credit Memo,285.63
RT0006848,O00073033,P00739,2023-12-22,1,Damaged in Transit,Replacement,197.06
RT0006849,O00056495,P00544,2026-02-16,1,Wrong Product,Credit Memo,15.39
RT0006850,O00087674,P01679,2024-12-20,3,Quality Issue,Replacement,68.73
RT0006851,O00052981,P00664,2025-10-06,2,Wrong Product,Refund,99.79
RT0006852,O00058277,P00892,2024-10-21,1,Damaged in Transit,Refund,8.5
RT0006853,O00097914,P00001,2023-10-22,5,Customer Changed Mind,Refund,212.85
RT0006854,O00019507,P01437,2025-06-18,7,Late Delivery,Refund,160.3
RT0006855,O00068716,P00211,2025-05-26,1,Damaged in Transit,Credit Memo,33.33
RT0006856,O00030419,P00116,2023-10-16,1,Damaged in Transit,Replacement,13.81
RT0006857,O00083048,P02102,2023-04-10,1,Quality Issue,Replacement,67.66
RT0006858,O00078681,P00013,2025-09-09,1,Damaged in Transit,Replacement,32.49
RT0006859,O00059836,P00290,2025-05-26,1,Late Delivery,Refund,28.1
RT0006860,O00058819,P00694,2024-07-18,3,Excess Quantity,Credit Memo,309.83
RT0006861,O00026385,P00005,2023-10-31,4,Damaged in Transit,Refund,189.69
RT0006862,O00042595,P00104,2023-12-19,2,Excess Quantity,Credit Memo,44.39
RT0006863,O00011712,P02136,2025-04-19,1,Wrong Product,Replacement,18.34
RT0006864,O00054884,P01236,2025-05-22,3,Late Delivery,Refund,76.78
RT0006865,O00059903,P00023,2025-08-24,1,Late Delivery,Refund,39.8
RT0006866,O00043140,P00284,2023-12-22,5,Damaged in Transit,Credit Memo,140.21
RT0006867,O00065803,P00001,2024-07-18,3,Damaged in Transit,Refund,117.51
RT0006868,O00055662,P00016,2025-06-09,4,Customer Changed Mind,Replacement,513.06
RT0006869,O00058544,P00010,2025-05-07,4,Damaged in Transit,Replacement,272.35
RT0006870,O00031515,P02704,2024-08-03,1,Quality Issue,Refund,9.59
RT0006871,O00087463,P00491,2025-10-20,5,Customer Changed Mind,Replacement,262.98
RT0006872,O00030845,P00410,2025-09-17,4,Excess Quantity,Credit Memo,215.82
RT0006873,O00058371,P01419,2024-06-12,9,Late Delivery,Refund,447.25
RT0006874,O00049733,P00022,2024-07-02,1,Late Delivery,Refund,23.62
RT0006875,O00040232,P00003,2024-06-18,3,Excess Quantity,Replacement,28.13
RT0006876,O00058698,P01060,2025-02-16,6,Quality Issue,Credit Memo,295.54
RT0006877,O00037847,P00010,2025-05-27,5,Wrong Product,Refund,342.15
RT0006878,O00045212,P01930,2025-10-04,1,Excess Quantity,Refund,34.1
RT0006879,O00024457,P00055,2025-05-28,2,Damaged in Transit,Credit Memo,115.84
RT0006880,O00096611,P00005,2025-12-06,3,Damaged in Transit,Replacement,148.1
RT0006881,O00011143,P01207,2025-02-23,1,Damaged in Transit,Replacement,11.8
RT0006882,O00038244,P00318,2026-01-21,1,Quality Issue,Refund,37.95
RT0006883,O00043082,P00022,2024-01-09,1,Excess Quantity,Replacement,23.25
RT0006884,O00023535,P00117,2024-08-22,4,Damaged in Transit,Credit Memo,220.69
RT0006885,O00076517,P00459,2025-07-18,1,Late Delivery,Credit Memo,115.53
RT0006886,O00064763,P02834,2024-01-27,1,Customer Changed Mind,Refund,54.56
RT0006887,O00072608,P00934,2024-05-19,2,Customer Changed Mind,Refund,58.94
RT0006888,O00052817,P00681,2025-10-04,1,Quality Issue,Credit Memo,32.16
RT0006889,O00017859,P00118,2023-07-30,1,Quality Issue,Refund,23.77
RT0006890,O00066912,P00838,2024-09-28,2,Damaged in Transit,Refund,55.35
RT0006891,O00009695,P00008,2025-03-06,9,Damaged in Transit,Replacement,543.47
RT0006892,O00071065,P00824,2025-11-26,4,Excess Quantity,Refund,161.86
RT0006893,O00053145,P00085,2024-09-04,2,Wrong Product,Refund,72.85
RT0006894,O00031441,P00915,2025-06-07,3,Quality Issue,Credit Memo,77.22
RT0006895,O00050390,P02944,2025-09-02,1,Damaged in Transit,Refund,45.48
RT0006896,O00088541,P00054,2024-02-15,11,Late Delivery,Replacement,219.89
RT0006897,O00062220,P00013,2025-08-21,3,Quality Issue,Replacement,80.68
RT0006898,O00038206,P00125,2023-09-06,1,Damaged in Transit,Replacement,259.62
RT0006899,O00060595,P00045,2024-11-10,2,Customer Changed Mind,Replacement,133.06
RT0006900,O00047608,P00651,2023-07-03,3,Damaged in Transit,Refund,131.73
RT0006901,O00000632,P00316,2024-04-03,5,Customer Changed Mind,Refund,489.18
RT0006902,O00072822,P00208,2025-11-14,5,Excess Quantity,Refund,153.35
RT0006903,O00087473,P00376,2024-06-26,4,Damaged in Transit,Replacement,171.07
RT0006904,O00049037,P00192,2025-12-17,2,Quality Issue,Refund,23.12
RT0006905,O00048383,P00569,2023-11-06,2,Quality Issue,Replacement,62.5
RT0006906,O00093181,P02802,2024-11-21,1,Excess Quantity,Credit Memo,70.84
RT0006907,O00086311,P01562,2025-09-25,5,Damaged in Transit,Replacement,390.2
RT0006908,O00090636,P00914,2025-11-11,1,Wrong Product,Replacement,60.65
RT0006909,O00057436,P01240,2023-01-29,3,Damaged in Transit,Refund,183.21
RT0006910,O00048717,P02289,2023-04-26,9,Late Delivery,Credit Memo,161.17
RT0006911,O00052285,P00448,2024-08-04,2,Late Delivery,Refund,65.49
RT0006912,O00059395,P00028,2025-04-30,1,Damaged in Transit,Refund,26.91
RT0006913,O00076742,P01938,2025-05-07,3,Damaged in Transit,Credit Memo,46.43
RT0006914,O00007803,P01171,2023-03-14,4,Quality Issue,Replacement,477.24
RT0006915,O00008305,P00202,2025-05-15,5,Excess Quantity,Refund,302.96
RT0006916,O00053422,P01579,2023-05-21,5,Wrong Product,Replacement,1458.54
RT0006917,O00088492,P00004,2023-02-14,2,Late Delivery,Credit Memo,70.16
RT0006918,O00024741,P00020,2024-10-02,1,Damaged in Transit,Replacement,25.16
RT0006919,O00013509,P00075,2025-09-26,1,Damaged in Transit,Replacement,70.37
RT0006920,O00091013,P02624,2023-07-23,4,Wrong Product,Credit Memo,1742.79
RT0006921,O00061164,P02173,2025-06-13,2,Damaged in Transit,Refund,63.99
RT0006922,O00016707,P02785,2024-06-07,1,Quality Issue,Credit Memo,34.67
RT0006923,O00020578,P00002,2024-05-19,1,Excess Quantity,Credit Memo,70.76
RT0006924,O00062175,P00707,2023-09-13,1,Quality Issue,Replacement,11.34
RT0006925,O00083912,P00033,2023-09-27,1,Quality Issue,Replacement,49.98
RT0006926,O00023765,P01829,2025-02-24,1,Customer Changed Mind,Replacement,32.17
RT0006927,O00068742,P01356,2024-06-28,5,Quality Issue,Credit Memo,171.3
RT0006928,O00014440,P01588,2025-04-06,5,Damaged in Transit,Credit Memo,412.85
RT0006929,O00062958,P01409,2023-08-27,1,Quality Issue,Credit Memo,14.2
RT0006930,O00087297,P01044,2024-11-03,1,Excess Quantity,Replacement,39.61
RT0006931,O00035777,P00007,2025-05-07,1,Excess Quantity,Credit Memo,40.54
RT0006932,O00077787,P00041,2024-06-19,5,Damaged in Transit,Credit Memo,307.6
RT0006933,O00033784,P02115,2023-08-30,2,Wrong Product,Refund,44.62
RT0006934,O00048300,P00314,2023-06-13,2,Quality Issue,Credit Memo,61.18
RT0006935,O00077686,P00109,2023-08-04,2,Quality Issue,Credit Memo,121.09
RT0006936,O00053487,P00091,2024-07-29,2,Wrong Product,Replacement,216.64
RT0006937,O00091673,P00008,2023-04-10,7,Customer Changed Mind,Credit Memo,369.13
RT0006938,O00057797,P01255,2025-10-11,1,Customer Changed Mind,Replacement,73.8
RT0006939,O00057939,P00282,2023-08-24,1,Wrong Product,Refund,45.58
RT0006940,O00085147,P00062,2025-08-22,7,Quality Issue,Replacement,364.52
RT0006941,O00022450,P02247,2024-02-12,3,Quality Issue,Replacement,52.45
RT0006942,O00059130,P02695,2024-07-30,4,Customer Changed Mind,Credit Memo,89.39
RT0006943,O00010279,P02200,2024-07-20,7,Quality Issue,Replacement,131.18
RT0006944,O00016470,P00011,2025-06-07,2,Late Delivery,Replacement,84.76
RT0006945,O00098922,P00043,2025-09-27,2,Quality Issue,Credit Memo,27.85
RT0006946,O00094020,P01422,2023-04-29,3,Damaged in Transit,Credit Memo,152.04
RT0006947,O00023375,P01208,2025-11-08,8,Quality Issue,Refund,643.03
RT0006948,O00030225,P00926,2024-10-19,1,Damaged in Transit,Credit Memo,26.16
RT0006949,O00002732,P00001,2025-09-20,1,Damaged in Transit,Replacement,40.23
RT0006950,O00079876,P02826,2023-06-08,1,Damaged in Transit,Credit Memo,48.49
RT0006951,O00060926,P00309,2025-03-01,1,Quality Issue,Refund,49.94
RT0006952,O00046522,P01995,2025-05-18,6,Damaged in Transit,Refund,512.48
RT0006953,O00026384,P00361,2023-04-14,4,Damaged in Transit,Replacement,106.76
RT0006954,O00087450,P00123,2024-08-09,2,Excess Quantity,Replacement,312.9
RT0006955,O00081082,P01172,2023-08-22,1,Customer Changed Mind,Credit Memo,7.68
RT0006956,O00014067,P00150,2025-03-29,1,Damaged in Transit,Credit Memo,12.98
RT0006957,O00073249,P00091,2025-05-21,2,Damaged in Transit,Replacement,230.72
RT0006958,O00081213,P00379,2023-03-27,2,Damaged in Transit,Refund,52.75
RT0006959,O00017684,P00445,2024-04-30,3,Wrong Product,Credit Memo,22.17
RT0006960,O00039739,P00651,2023-08-23,3,Customer Changed Mind,Refund,130.36
RT0006961,O00025402,P00072,2023-09-07,2,Damaged in Transit,Replacement,18.84
RT0006962,O00099697,P02442,2023-07-30,11,Wrong Product,Refund,241.01
RT0006963,O00009302,P01029,2024-09-09,2,Damaged in Transit,Replacement,45.03
RT0006964,O00088673,P00492,2025-07-03,2,Excess Quantity,Credit Memo,91.58
RT0006965,O00007561,P00692,2025-06-10,1,Customer Changed Mind,Credit Memo,39.44
RT0006966,O00004830,P01095,2024-11-27,3,Wrong Product,Replacement,539.55
RT0006967,O00085049,P00179,2023-07-25,5,Late Delivery,Replacement,237.1
RT0006968,O00005923,P01908,2025-12-06,9,Quality Issue,Replacement,868.99
RT0006969,O00027676,P00021,2024-09-30,1,Wrong Product,Replacement,67.16
RT0006970,O00012756,P00906,2025-03-14,3,Excess Quantity,Replacement,35.15
RT0006971,O00070144,P00002,2023-11-27,2,Late Delivery,Credit Memo,133.21
RT0006972,O00032536,P00495,2024-03-11,1,Wrong Product,Replacement,26.03
RT0006973,O00052237,P00869,2023-06-27,2,Late Delivery,Refund,38.22
RT0006974,O00028838,P00195,2025-11-13,1,Damaged in Transit,Refund,66.39
RT0006975,O00004501,P01509,2024-01-19,4,Customer Changed Mind,Refund,109.21
RT0006976,O00070574,P00260,2023-09-29,3,Quality Issue,Refund,193.09
RT0006977,O00060650,P00343,2025-06-02,4,Damaged in Transit,Replacement,100.32
RT0006978,O00013533,P02759,2024-10-05,3,Damaged in Transit,Replacement,136.24
RT0006979,O00002924,P00687,2025-02-07,1,Customer Changed Mind,Refund,43.96
RT0006980,O00026100,P01440,2025-04-13,1,Late Delivery,Replacement,20.62
RT0006981,O00016791,P01710,2024-02-21,2,Wrong Product,Replacement,67.84
RT0006982,O00056317,P00829,2024-11-21,6,Quality Issue,Credit Memo,238.91
RT0006983,O00041595,P00351,2025-04-21,2,Customer Changed Mind,Replacement,156.28
RT0006984,O00028398,P00029,2025-12-01,1,Damaged in Transit,Replacement,37.27
RT0006985,O00007921,P00023,2024-10-14,1,Quality Issue,Replacement,41.07
RT0006986,O00066933,P02734,2025-04-09,5,Damaged in Transit,Credit Memo,363.02
RT0006987,O00099387,P00032,2023-05-06,1,Wrong Product,Refund,39.51
RT0006988,O00003114,P00003,2024-04-10,2,Customer Changed Mind,Refund,15.74
RT0006989,O00044569,P01130,2024-02-26,5,Damaged in Transit,Replacement,452.25
RT0006990,O00021463,P01256,2023-10-13,1,Quality Issue,Replacement,20.98
RT0006991,O00057606,P00589,2023-11-23,2,Quality Issue,Credit Memo,36.78
RT0006992,O00031808,P01810,2025-10-29,1,Excess Quantity,Replacement,55.89
RT0006993,O00036168,P00009,2024-11-22,4,Damaged in Transit,Credit Memo,215.48
RT0006994,O00001620,P00041,2025-01-06,1,Customer Changed Mind,Credit Memo,57.55
RT0006995,O00058557,P02402,2025-04-05,3,Excess Quantity,Replacement,156.06
RT0006996,O00026329,P01659,2025-06-17,7,Quality Issue,Credit Memo,328.65
RT0006997,O00098058,P00116,2024-05-25,4,Wrong Product,Replacement,56.12
RT0006998,O00043384,P02319,2024-10-09,4,Customer Changed Mind,Refund,14.39
RT0006999,O00009596,P00044,2024-09-07,2,Wrong Product,Replacement,62.46
RT0007000,O00006869,P00994,2023-10-12,1,Late Delivery,Replacement,31.5
RT0007001,O00019324,P01104,2023-08-29,2,Late Delivery,Credit Memo,57.0
RT0007002,O00021153,P02358,2023-05-05,4,Quality Issue,Refund,104.88
RT0007003,O00046267,P00481,2024-09-22,1,Damaged in Transit,Credit Memo,108.62
RT0007004,O00015394,P00116,2023-05-09,3,Excess Quantity,Credit Memo,45.36
RT0007005,O00093564,P00911,2025-11-21,5,Damaged in Transit,Refund,51.94
RT0007006,O00074563,P00405,2023-07-12,1,Wrong Product,Replacement,27.46
RT0007007,O00081790,P00501,2023-06-12,1,Late Delivery,Replacement,32.83
RT0007008,O00076374,P01255,2025-10-27,3,Wrong Product,Replacement,222.88
RT0007009,O00011725,P00002,2025-06-24,4,Wrong Product,Refund,293.78
RT0007010,O00045752,P00243,2024-06-24,2,Wrong Product,Refund,70.69
RT0007011,O00072781,P00003,2024-08-18,2,Excess Quantity,Refund,17.66
RT0007012,O00072974,P01022,2024-09-28,1,Wrong Product,Replacement,121.2
RT0007013,O00046964,P01482,2024-11-23,3,Customer Changed Mind,Credit Memo,128.64
RT0007014,O00093449,P01720,2023-08-08,3,Late Delivery,Credit Memo,76.04
RT0007015,O00058658,P01147,2023-08-29,6,Wrong Product,Credit Memo,469.32
RT0007016,O00045520,P00050,2023-02-11,1,Excess Quantity,Credit Memo,48.66
RT0007017,O00030832,P02558,2023-10-10,2,Damaged in Transit,Replacement,278.21
RT0007018,O00003516,P01757,2024-03-02,2,Excess Quantity,Refund,51.01
RT0007019,O00092203,P00004,2025-04-06,1,Damaged in Transit,Credit Memo,44.95
RT0007020,O00021988,P00144,2025-05-22,2,Wrong Product,Replacement,80.08
RT0007021,O00080464,P00142,2024-08-10,1,Late Delivery,Refund,66.77
RT0007022,O00020871,P00004,2023-12-22,1,Damaged in Transit,Credit Memo,35.42
RT0007023,O00035316,P01810,2026-01-15,1,Customer Changed Mind,Refund,51.39
RT0007024,O00009771,P02645,2023-05-22,1,Damaged in Transit,Credit Memo,67.01
RT0007025,O00011178,P00099,2026-01-04,2,Wrong Product,Refund,97.14
RT0007026,O00061574,P00391,2025-01-21,1,Late Delivery,Refund,37.28
RT0007027,O00022586,P01736,2023-05-19,5,Late Delivery,Replacement,82.75
RT0007028,O00064455,P00036,2026-02-02,3,Quality Issue,Credit Memo,49.36
RT0007029,O00091956,P02775,2025-11-25,1,Damaged in Transit,Refund,49.59
RT0007030,O00045463,P00014,2025-10-10,4,Quality Issue,Credit Memo,221.78
RT0007031,O00053612,P00224,2023-11-03,1,Damaged in Transit,Replacement,73.03
RT0007032,O00097894,P00061,2024-08-12,2,Late Delivery,Replacement,39.87
RT0007033,O00060852,P00734,2023-08-13,2,Wrong Product,Credit Memo,34.34
RT0007034,O00049963,P02166,2023-07-05,1,Damaged in Transit,Credit Memo,115.28
RT0007035,O00055437,P00027,2024-07-01,1,Customer Changed Mind,Credit Memo,13.32
RT0007036,O00015640,P00283,2025-06-12,4,Damaged in Transit,Replacement,227.61
RT0007037,O00005107,P00788,2025-06-08,1,Quality Issue,Credit Memo,17.05
RT0007038,O00069641,P00375,2023-10-31,6,Damaged in Transit,Replacement,162.82
RT0007039,O00076994,P00504,2024-02-21,1,Damaged in Transit,Credit Memo,63.61
RT0007040,O00094002,P00680,2025-07-01,3,Quality Issue,Replacement,71.82
RT0007041,O00094666,P01734,2025-10-23,3,Wrong Product,Replacement,306.08
RT0007042,O00086039,P02238,2025-10-05,2,Damaged in Transit,Replacement,38.72
RT0007043,O00000519,P00002,2025-07-20,4,Damaged in Transit,Replacement,293.72
RT0007044,O00092961,P00092,2025-08-01,6,Damaged in Transit,Credit Memo,191.52
RT0007045,O00089170,P00120,2023-09-09,4,Customer Changed Mind,Refund,66.36
RT0007046,O00059333,P00441,2024-03-24,1,Customer Changed Mind,Credit Memo,40.93
RT0007047,O00001990,P00010,2023-10-14,1,Customer Changed Mind,Replacement,63.21
RT0007048,O00034922,P02669,2023-03-20,4,Damaged in Transit,Replacement,235.33
RT0007049,O00058527,P02271,2025-01-09,2,Quality Issue,Replacement,207.02
RT0007050,O00015442,P00900,2024-08-18,3,Late Delivery,Refund,74.44
RT0007051,O00027056,P00245,2024-06-17,3,Excess Quantity,Refund,56.28
RT0007052,O00086300,P02069,2024-09-25,1,Customer Changed Mind,Credit Memo,94.76
RT0007053,O00093269,P00732,2023-12-12,10,Quality Issue,Credit Memo,180.9
RT0007054,O00095688,P00244,2023-05-25,3,Late Delivery,Credit Memo,63.96
RT0007055,O00033376,P00207,2024-07-06,3,Quality Issue,Refund,90.52
RT0007056,O00083061,P00256,2024-05-22,3,Damaged in Transit,Replacement,48.14
RT0007057,O00057988,P00012,2023-05-27,1,Damaged in Transit,Credit Memo,119.87
RT0007058,O00070769,P00625,2023-08-18,4,Damaged in Transit,Credit Memo,150.18
RT0007059,O00049925,P00797,2025-05-08,2,Wrong Product,Refund,74.27
RT0007060,O00054376,P02983,2024-05-12,1,Damaged in Transit,Credit Memo,172.01
RT0007061,O00024548,P00080,2023-07-27,2,Damaged in Transit,Refund,53.45
RT0007062,O00062293,P00276,2026-01-18,5,Late Delivery,Replacement,307.8
RT0007063,O00092564,P01797,2024-09-02,1,Quality Issue,Refund,126.18
RT0007064,O00084210,P00605,2024-10-24,1,Late Delivery,Replacement,200.02
RT0007065,O00055035,P02047,2023-07-18,4,Late Delivery,Refund,76.98
RT0007066,O00063335,P01156,2025-05-15,3,Excess Quantity,Credit Memo,257.53
RT0007067,O00054038,P00404,2023-08-09,4,Wrong Product,Refund,117.69
RT0007068,O00063715,P02722,2025-03-31,1,Damaged in Transit,Refund,70.59
RT0007069,O00018435,P01777,2025-07-05,3,Excess Quantity,Refund,246.61
RT0007070,O00053347,P00010,2024-10-26,3,Wrong Product,Credit Memo,201.48
RT0007071,O00005650,P00058,2025-01-25,5,Damaged in Transit,Credit Memo,274.05
RT0007072,O00094817,P00047,2023-04-22,7,Quality Issue,Refund,194.6
RT0007073,O00074564,P00330,2025-07-30,1,Late Delivery,Credit Memo,73.42
RT0007074,O00013941,P01630,2024-10-14,4,Customer Changed Mind,Refund,70.88
RT0007075,O00092903,P02585,2024-03-29,2,Damaged in Transit,Credit Memo,160.87
RT0007076,O00037064,P01707,2023-04-19,3,Customer Changed Mind,Refund,143.02
RT0007077,O00022896,P01320,2025-11-26,2,Damaged in Transit,Refund,105.97
RT0007078,O00083744,P01009,2024-02-09,2,Wrong Product,Replacement,68.57
RT0007079,O00016524,P00009,2024-04-13,1,Customer Changed Mind,Credit Memo,44.93
RT0007080,O00012061,P01462,2024-03-27,10,Excess Quantity,Replacement,156.82
RT0007081,O00064881,P01606,2023-12-20,1,Customer Changed Mind,Credit Memo,33.79
RT0007082,O00025061,P00079,2023-03-14,3,Late Delivery,Credit Memo,125.43
RT0007083,O00060942,P00111,2023-08-12,2,Quality Issue,Replacement,65.56
RT0007084,O00008041,P00003,2023-07-13,1,Customer Changed Mind,Refund,8.8
RT0007085,O00028147,P00231,2023-03-21,2,Customer Changed Mind,Replacement,70.13
RT0007086,O00016898,P00322,2023-11-01,1,Excess Quantity,Refund,184.24
RT0007087,O00037641,P00508,2023-05-14,4,Wrong Product,Replacement,74.85
RT0007088,O00082236,P00050,2024-07-13,2,Quality Issue,Credit Memo,89.82
RT0007089,O00065453,P00569,2025-07-31,2,Excess Quantity,Replacement,70.79
RT0007090,O00078459,P02938,2025-07-07,3,Quality Issue,Refund,50.25
RT0007091,O00040120,P00275,2024-05-24,1,Quality Issue,Credit Memo,77.02
RT0007092,O00002168,P00001,2023-04-10,4,Late Delivery,Credit Memo,145.88
RT0007093,O00050571,P00463,2024-07-28,1,Customer Changed Mind,Replacement,28.37
RT0007094,O00083867,P00121,2023-02-22,3,Excess Quantity,Credit Memo,54.54
RT0007095,O00033284,P01867,2024-12-06,1,Customer Changed Mind,Replacement,242.88
RT0007096,O00034721,P00009,2023-04-27,3,Quality Issue,Credit Memo,130.74
RT0007097,O00028091,P00019,2024-04-19,7,Late Delivery,Refund,271.77
RT0007098,O00020050,P01931,2025-06-07,2,Wrong Product,Replacement,26.07
RT0007099,O00038113,P00008,2023-04-23,3,Wrong Product,Replacement,175.56
RT0007100,O00006261,P01083,2025-05-19,12,Damaged in Transit,Credit Memo,886.97
RT0007101,O00092878,P00160,2024-03-21,9,Excess Quantity,Credit Memo,687.29
RT0007102,O00011783,P00006,2025-10-20,2,Customer Changed Mind,Credit Memo,130.16
RT0007103,O00006789,P00239,2025-06-13,5,Excess Quantity,Replacement,473.66
RT0007104,O00061480,P02111,2025-06-03,3,Wrong Product,Credit Memo,362.39
RT0007105,O00001462,P00229,2025-05-30,5,Wrong Product,Credit Memo,329.57
RT0007106,O00077850,P00418,2024-08-08,6,Customer Changed Mind,Credit Memo,153.67
RT0007107,O00002152,P01478,2025-01-29,1,Wrong Product,Credit Memo,8.6
RT0007108,O00070304,P01061,2023-06-28,1,Customer Changed Mind,Refund,47.79
RT0007109,O00076278,P00953,2024-07-19,3,Excess Quantity,Refund,151.36
RT0007110,O00097347,P00047,2024-04-10,6,Excess Quantity,Refund,162.0
RT0007111,O00051664,P02645,2023-07-01,5,Excess Quantity,Credit Memo,279.4
RT0007112,O00099255,P01793,2025-06-30,5,Late Delivery,Replacement,239.38
RT0007113,O00071748,P00849,2024-08-25,5,Damaged in Transit,Replacement,136.71
RT0007114,O00048417,P00011,2024-12-21,2,Damaged in Transit,Credit Memo,85.14
RT0007115,O00054576,P02822,2024-02-19,4,Damaged in Transit,Refund,340.2
RT0007116,O00029281,P01704,2025-06-11,4,Damaged in Transit,Credit Memo,245.38
RT0007117,O00073217,P01684,2024-07-14,1,Customer Changed Mind,Refund,45.61
RT0007118,O00002593,P01287,2024-02-18,4,Damaged in Transit,Replacement,376.05
RT0007119,O00066597,P00004,2025-06-21,1,Customer Changed Mind,Refund,36.92
RT0007120,O00002903,P00001,2024-06-04,2,Quality Issue,Refund,72.61
RT0007121,O00031646,P01550,2024-06-17,2,Excess Quantity,Credit Memo,247.4
RT0007122,O00038668,P00505,2025-04-12,1,Quality Issue,Credit Memo,61.11
RT0007123,O00003831,P00044,2023-06-17,1,Late Delivery,Credit Memo,32.85
RT0007124,O00080318,P02416,2024-12-14,1,Excess Quantity,Replacement,19.3
RT0007125,O00061436,P01466,2024-05-12,3,Wrong Product,Replacement,59.82
RT0007126,O00020854,P00924,2023-04-28,2,Damaged in Transit,Replacement,62.59
RT0007127,O00055812,P01141,2023-12-03,1,Quality Issue,Refund,125.49
RT0007128,O00005271,P01035,2025-06-10,1,Excess Quantity,Credit Memo,48.87
RT0007129,O00049034,P01108,2023-07-21,1,Customer Changed Mind,Refund,18.35
RT0007130,O00061749,P00820,2024-04-02,2,Wrong Product,Replacement,76.81
RT0007131,O00055722,P00021,2023-12-07,5,Late Delivery,Replacement,320.16
RT0007132,O00026807,P00003,2024-06-08,1,Damaged in Transit,Credit Memo,8.75
RT0007133,O00008446,P00413,2025-10-27,1,Damaged in Transit,Refund,10.37
RT0007134,O00039611,P00431,2023-04-18,5,Customer Changed Mind,Replacement,77.9
RT0007135,O00001330,P00019,2024-04-09,1,Excess Quantity,Refund,40.1
RT0007136,O00062243,P00959,2023-04-25,2,Damaged in Transit,Credit Memo,44.98
RT0007137,O00062246,P00028,2025-04-04,5,Customer Changed Mind,Refund,135.09
RT0007138,O00063763,P00812,2024-11-19,1,Wrong Product,Credit Memo,54.01
RT0007139,O00006368,P00340,2023-10-17,3,Quality Issue,Refund,111.48
RT0007140,O00082104,P00636,2023-09-07,4,Damaged in Transit,Replacement,425.59
RT0007141,O00011492,P00013,2023-09-08,8,Damaged in Transit,Replacement,213.87
RT0007142,O00033444,P00883,2024-12-25,2,Excess Quantity,Refund,45.37
RT0007143,O00082578,P00148,2026-01-20,5,Damaged in Transit,Credit Memo,183.48
RT0007144,O00016418,P00359,2024-06-05,6,Damaged in Transit,Credit Memo,86.1
RT0007145,O00030387,P01511,2024-11-08,12,Quality Issue,Credit Memo,231.55
RT0007146,O00059152,P00291,2025-11-07,2,Quality Issue,Replacement,16.11
RT0007147,O00087718,P00436,2024-02-06,1,Wrong Product,Replacement,47.56
RT0007148,O00029136,P00231,2024-04-11,1,Quality Issue,Replacement,41.46
RT0007149,O00050000,P00319,2025-07-27,1,Excess Quantity,Replacement,47.2
RT0007150,O00072743,P01512,2023-10-30,1,Customer Changed Mind,Credit Memo,44.11
RT0007151,O00018595,P01480,2023-12-05,1,Customer Changed Mind,Refund,55.99
RT0007152,O00038395,P00316,2024-12-19,1,Quality Issue,Refund,113.46
RT0007153,O00076306,P00018,2025-07-28,1,Quality Issue,Replacement,57.11
RT0007154,O00003577,P00328,2025-12-19,10,Late Delivery,Refund,527.97
RT0007155,O00030504,P00024,2025-09-22,10,Customer Changed Mind,Credit Memo,726.6
RT0007156,O00041646,P00004,2023-04-03,1,Customer Changed Mind,Credit Memo,34.31
RT0007157,O00068465,P00901,2025-01-22,2,Quality Issue,Credit Memo,80.98
RT0007158,O00087870,P00308,2025-03-21,2,Quality Issue,Refund,39.4
RT0007159,O00072814,P00072,2024-01-21,2,Quality Issue,Replacement,20.68
RT0007160,O00096429,P00102,2024-11-11,2,Customer Changed Mind,Credit Memo,92.25
RT0007161,O00071056,P00055,2024-07-10,1,Late Delivery,Replacement,54.93
RT0007162,O00096686,P00532,2024-06-11,1,Customer Changed Mind,Replacement,25.87
RT0007163,O00043969,P02359,2025-11-08,2,Customer Changed Mind,Refund,162.72
RT0007164,O00003653,P02251,2023-12-11,2,Damaged in Transit,Credit Memo,22.11
RT0007165,O00028126,P00005,2024-05-06,1,Quality Issue,Replacement,53.29
RT0007166,O00090663,P00880,2025-01-18,4,Damaged in Transit,Replacement,98.0
RT0007167,O00054912,P00145,2025-09-26,1,Wrong Product,Replacement,22.24
RT0007168,O00020577,P00117,2023-03-06,1,Wrong Product,Replacement,49.2
RT0007169,O00095484,P01079,2023-01-29,4,Customer Changed Mind,Credit Memo,225.62
RT0007170,O00007469,P01479,2025-04-13,1,Customer Changed Mind,Credit Memo,67.04
RT0007171,O00046448,P00154,2023-08-13,2,Wrong Product,Replacement,64.38
RT0007172,O00060685,P01255,2024-11-09,3,Damaged in Transit,Replacement,215.32
RT0007173,O00067412,P00673,2024-10-22,1,Damaged in Transit,Refund,16.84
RT0007174,O00030628,P00957,2025-05-23,1,Late Delivery,Credit Memo,68.84
RT0007175,O00055547,P00018,2025-04-12,1,Wrong Product,Credit Memo,56.16
RT0007176,O00014994,P00001,2023-07-08,1,Damaged in Transit,Credit Memo,36.11
RT0007177,O00082549,P00876,2025-06-14,4,Excess Quantity,Replacement,111.89
RT0007178,O00073051,P00107,2023-06-07,6,Damaged in Transit,Refund,241.16
RT0007179,O00063913,P00333,2023-08-26,2,Late Delivery,Credit Memo,88.06
RT0007180,O00050873,P01419,2023-12-09,1,Quality Issue,Replacement,43.09
RT0007181,O00044388,P00081,2024-06-15,1,Damaged in Transit,Replacement,20.06
RT0007182,O00067811,P01185,2024-04-08,2,Customer Changed Mind,Refund,35.24
RT0007183,O00064615,P00128,2023-07-25,3,Wrong Product,Credit Memo,97.53
RT0007184,O00048009,P00491,2023-07-26,1,Late Delivery,Credit Memo,47.35
RT0007185,O00096770,P00446,2024-09-02,1,Damaged in Transit,Replacement,24.98
RT0007186,O00074988,P00782,2026-01-10,1,Late Delivery,Replacement,22.05
RT0007187,O00056917,P00001,2023-08-24,2,Damaged in Transit,Replacement,76.87
RT0007188,O00045059,P02735,2024-05-20,1,Wrong Product,Replacement,53.96
RT0007189,O00023925,P00151,2024-02-14,1,Late Delivery,Refund,143.61
RT0007190,O00002817,P01449,2024-04-20,1,Excess Quantity,Credit Memo,77.99
RT0007191,O00063941,P01440,2024-11-22,2,Damaged in Transit,Refund,44.16
RT0007192,O00082437,P01270,2024-07-19,1,Customer Changed Mind,Refund,72.62
RT0007193,O00085519,P00059,2024-05-29,1,Quality Issue,Credit Memo,55.08
RT0007194,O00011150,P00038,2023-01-29,8,Damaged in Transit,Replacement,318.31
RT0007195,O00094361,P00540,2025-08-09,1,Customer Changed Mind,Credit Memo,26.63
RT0007196,O00086882,P00201,2024-06-03,3,Wrong Product,Replacement,92.01
RT0007197,O00048953,P00757,2025-06-05,2,Wrong Product,Credit Memo,139.41
RT0007198,O00084265,P02070,2025-06-22,1,Late Delivery,Credit Memo,23.0
RT0007199,O00041839,P00045,2023-06-23,1,Quality Issue,Credit Memo,65.11
RT0007200,O00038699,P00207,2023-12-12,4,Late Delivery,Replacement,125.56
RT0007201,O00018127,P01184,2023-10-19,2,Excess Quantity,Replacement,121.68
RT0007202,O00099954,P00935,2023-05-30,2,Excess Quantity,Replacement,56.37
RT0007203,O00084622,P01329,2026-01-21,3,Customer Changed Mind,Refund,119.24
RT0007204,O00016563,P00291,2023-10-19,6,Wrong Product,Replacement,39.98
RT0007205,O00058981,P00012,2024-12-13,1,Quality Issue,Refund,106.53
RT0007206,O00039600,P02947,2024-09-02,3,Quality Issue,Replacement,385.99
RT0007207,O00076142,P00979,2024-09-02,2,Damaged in Transit,Refund,144.15
RT0007208,O00087873,P00055,2024-07-28,6,Customer Changed Mind,Refund,423.66
RT0007209,O00029658,P00029,2025-11-09,1,Quality Issue,Refund,40.86
RT0007210,O00067350,P00113,2024-07-11,5,Damaged in Transit,Refund,225.39
RT0007211,O00070159,P00004,2025-06-30,1,Quality Issue,Refund,40.9
RT0007212,O00068233,P02275,2025-05-14,3,Excess Quantity,Refund,122.55
RT0007213,O00002339,P00250,2024-08-23,4,Customer Changed Mind,Credit Memo,33.72
RT0007214,O00056057,P00008,2023-07-31,1,Quality Issue,Replacement,55.55
RT0007215,O00061440,P00230,2025-10-07,7,Excess Quantity,Refund,279.24
RT0007216,O00016073,P00017,2024-03-26,3,Excess Quantity,Replacement,75.75
RT0007217,O00075795,P00075,2025-12-06,9,Damaged in Transit,Refund,619.45
RT0007218,O00088886,P01625,2025-06-16,2,Quality Issue,Refund,179.29
RT0007219,O00036073,P02007,2025-12-08,1,Quality Issue,Replacement,55.22
RT0007220,O00023124,P00323,2025-08-29,3,Quality Issue,Credit Memo,100.11
RT0007221,O00091124,P00009,2025-05-07,6,Quality Issue,Credit Memo,335.27
RT0007222,O00032509,P00851,2025-11-21,1,Quality Issue,Refund,15.49
RT0007223,O00048436,P02423,2024-09-12,2,Damaged in Transit,Refund,71.3
RT0007224,O00099912,P02877,2023-08-28,1,Quality Issue,Refund,82.47
RT0007225,O00030271,P01202,2024-12-15,4,Damaged in Transit,Replacement,219.88
RT0007226,O00041535,P00007,2024-02-09,3,Late Delivery,Refund,107.64
RT0007227,O00094636,P02241,2023-07-19,4,Late Delivery,Replacement,213.98
RT0007228,O00064878,P00020,2024-10-12,1,Quality Issue,Replacement,24.02
RT0007229,O00026436,P00111,2025-05-09,5,Damaged in Transit,Credit Memo,182.62
RT0007230,O00073364,P01456,2023-03-19,2,Quality Issue,Refund,49.95
RT0007231,O00074973,P00019,2025-01-07,3,Damaged in Transit,Replacement,128.56
RT0007232,O00083500,P02648,2023-05-19,1,Damaged in Transit,Refund,51.84
RT0007233,O00016688,P00518,2023-04-23,2,Excess Quantity,Refund,46.22
RT0007234,O00005366,P00435,2023-11-27,1,Wrong Product,Replacement,19.22
RT0007235,O00069031,P00022,2024-05-16,3,Quality Issue,Refund,76.95
RT0007236,O00006722,P01820,2023-11-17,6,Customer Changed Mind,Credit Memo,377.22
RT0007237,O00095412,P00504,2025-12-22,1,Quality Issue,Replacement,62.46
RT0007238,O00072100,P01498,2025-04-16,2,Quality Issue,Credit Memo,56.9
RT0007239,O00060495,P00001,2024-07-21,4,Quality Issue,Refund,148.39
RT0007240,O00051400,P02301,2023-12-12,4,Customer Changed Mind,Replacement,304.92
RT0007241,O00011025,P00151,2023-07-24,5,Quality Issue,Credit Memo,621.97
RT0007242,O00025380,P02178,2025-08-12,3,Excess Quantity,Refund,47.28
RT0007243,O00066327,P01219,2025-04-03,1,Damaged in Transit,Credit Memo,15.11
RT0007244,O00089156,P01098,2023-05-24,5,Damaged in Transit,Replacement,178.74
RT0007245,O00004336,P02617,2025-12-10,3,Damaged in Transit,Replacement,69.6
RT0007246,O00004677,P00406,2023-07-05,1,Wrong Product,Replacement,30.67
RT0007247,O00013332,P01938,2025-02-24,2,Late Delivery,Credit Memo,29.11
RT0007248,O00014939,P01351,2025-09-09,2,Late Delivery,Credit Memo,168.34
RT0007249,O00048728,P02059,2025-12-16,2,Customer Changed Mind,Refund,137.91
RT0007250,O00018373,P01511,2025-01-02,1,Late Delivery,Refund,21.09
RT0007251,O00078272,P00201,2024-04-27,4,Damaged in Transit,Credit Memo,118.0
RT0007252,O00087539,P00249,2024-11-24,3,Excess Quantity,Replacement,38.31
RT0007253,O00089573,P00139,2025-10-07,4,Quality Issue,Replacement,65.77
RT0007254,O00041030,P00360,2025-03-25,6,Quality Issue,Replacement,144.46
RT0007255,O00007595,P00621,2024-12-02,1,Excess Quantity,Refund,89.81
RT0007256,O00008448,P00112,2025-05-20,4,Quality Issue,Credit Memo,156.75
RT0007257,O00026852,P00248,2024-07-18,1,Wrong Product,Refund,40.19
RT0007258,O00007778,P00319,2024-06-27,2,Damaged in Transit,Refund,77.25
RT0007259,O00080965,P01757,2023-05-02,3,Excess Quantity,Refund,68.34
RT0007260,O00048163,P02880,2025-12-14,8,Excess Quantity,Credit Memo,443.44
RT0007261,O00024855,P00253,2025-05-25,2,Excess Quantity,Credit Memo,13.74
RT0007262,O00079600,P01384,2025-05-27,1,Quality Issue,Replacement,12.87
RT0007263,O00030958,P02025,2025-03-07,9,Damaged in Transit,Replacement,241.48
RT0007264,O00017454,P00103,2025-08-16,9,Customer Changed Mind,Refund,112.36
RT0007265,O00020367,P00004,2024-08-07,1,Customer Changed Mind,Refund,38.1
RT0007266,O00005550,P00900,2023-12-04,1,Quality Issue,Credit Memo,27.69
RT0007267,O00032456,P00007,2023-10-07,2,Customer Changed Mind,Replacement,64.39
RT0007268,O00038529,P00077,2023-08-24,2,Customer Changed Mind,Replacement,23.13
RT0007269,O00031588,P00313,2024-10-30,3,Wrong Product,Credit Memo,131.97
RT0007270,O00053671,P01223,2024-03-10,3,Late Delivery,Credit Memo,222.13
RT0007271,O00061283,P00967,2025-10-20,1,Customer Changed Mind,Replacement,20.47
RT0007272,O00020151,P00019,2025-04-06,3,Late Delivery,Credit Memo,109.17
RT0007273,O00004199,P00012,2025-11-19,4,Excess Quantity,Refund,461.44
RT0007274,O00029987,P00016,2024-11-10,4,Customer Changed Mind,Refund,627.2
RT0007275,O00067094,P01120,2023-10-04,2,Late Delivery,Credit Memo,31.76
RT0007276,O00054236,P00835,2024-11-22,7,Late Delivery,Refund,327.98
RT0007277,O00003835,P00786,2023-06-11,4,Wrong Product,Refund,130.21
RT0007278,O00014447,P00842,2024-04-05,7,Customer Changed Mind,Refund,163.16
RT0007279,O00007154,P02682,2024-08-12,4,Excess Quantity,Replacement,646.13
RT0007280,O00019573,P00990,2024-11-04,2,Quality Issue,Replacement,256.68
RT0007281,O00083265,P00927,2024-07-30,1,Quality Issue,Replacement,29.32
RT0007282,O00016418,P01735,2024-06-10,3,Quality Issue,Replacement,240.82
RT0007283,O00004956,P00312,2025-08-03,2,Damaged in Transit,Credit Memo,93.03
RT0007284,O00046039,P00005,2025-06-27,1,Excess Quantity,Credit Memo,52.8
RT0007285,O00075750,P00064,2025-04-26,1,Late Delivery,Refund,107.35
RT0007286,O00019383,P02948,2024-10-27,2,Customer Changed Mind,Credit Memo,84.74
RT0007287,O00056568,P00046,2024-12-20,4,Customer Changed Mind,Replacement,239.02
RT0007288,O00012443,P00005,2023-04-13,1,Customer Changed Mind,Replacement,54.83
RT0007289,O00065604,P02022,2024-10-20,4,Wrong Product,Replacement,147.13
RT0007290,O00013111,P00264,2023-01-16,1,Damaged in Transit,Refund,93.85
RT0007291,O00036966,P00100,2023-08-20,7,Wrong Product,Refund,212.7
RT0007292,O00028159,P00578,2024-03-29,1,Wrong Product,Credit Memo,57.05
RT0007293,O00098167,P01306,2025-07-08,1,Quality Issue,Credit Memo,16.97
RT0007294,O00026876,P00484,2024-09-06,1,Quality Issue,Credit Memo,24.12
RT0007295,O00014073,P00116,2025-04-11,8,Damaged in Transit,Replacement,131.4
RT0007296,O00098312,P01047,2024-06-10,3,Late Delivery,Credit Memo,112.2
RT0007297,O00031473,P00010,2025-04-07,6,Excess Quantity,Refund,373.17
RT0007298,O00094038,P01480,2025-05-17,3,Quality Issue,Replacement,172.37
RT0007299,O00034550,P00666,2023-04-10,3,Wrong Product,Refund,28.73
RT0007300,O00049597,P01280,2024-04-21,2,Quality Issue,Refund,198.62
RT0007301,O00004505,P00027,2023-09-30,1,Late Delivery,Replacement,13.79
RT0007302,O00036828,P00320,2025-07-29,4,Late Delivery,Replacement,181.5
RT0007303,O00050595,P00013,2023-11-23,3,Excess Quantity,Replacement,75.22
RT0007304,O00009017,P01180,2023-10-04,1,Customer Changed Mind,Credit Memo,116.56
RT0007305,O00087210,P00640,2023-07-22,3,Late Delivery,Replacement,132.18
RT0007306,O00095231,P01126,2025-12-19,1,Wrong Product,Credit Memo,16.57
RT0007307,O00098395,P00112,2025-01-17,1,Damaged in Transit,Refund,33.69
RT0007308,O00043117,P01573,2023-08-25,1,Late Delivery,Replacement,27.91
RT0007309,O00008827,P00005,2025-03-24,2,Wrong Product,Replacement,93.1
RT0007310,O00076359,P00361,2023-07-31,4,Excess Quantity,Replacement,117.5
RT0007311,O00095152,P00122,2024-07-04,1,Quality Issue,Credit Memo,8.94
RT0007312,O00051509,P01499,2024-07-03,1,Damaged in Transit,Refund,13.82
RT0007313,O00027217,P00490,2024-07-09,2,Excess Quantity,Credit Memo,38.72
RT0007314,O00014168,P00395,2024-07-14,2,Damaged in Transit,Replacement,36.03
RT0007315,O00075963,P00064,2025-11-28,1,Quality Issue,Refund,109.74
RT0007316,O00035621,P00455,2024-04-22,5,Quality Issue,Replacement,154.8
RT0007317,O00099567,P00243,2025-11-23,1,Customer Changed Mind,Refund,37.34
RT0007318,O00003232,P00203,2026-01-13,1,Damaged in Transit,Credit Memo,75.61
RT0007319,O00006790,P00682,2026-01-06,1,Quality Issue,Refund,11.49
RT0007320,O00044234,P00036,2025-07-06,1,Wrong Product,Credit Memo,14.4
RT0007321,O00038892,P00120,2024-12-30,8,Excess Quantity,Replacement,137.74
RT0007322,O00001201,P02491,2024-09-08,4,Quality Issue,Credit Memo,270.0
RT0007323,O00061762,P00002,2023-07-19,5,Quality Issue,Refund,342.02
RT0007324,O00061367,P01453,2023-05-28,1,Wrong Product,Replacement,30.29
RT0007325,O00009033,P00147,2023-04-03,1,Late Delivery,Credit Memo,85.12
RT0007326,O00050389,P00245,2023-07-25,1,Late Delivery,Refund,18.97
RT0007327,O00043349,P00294,2025-02-06,1,Quality Issue,Refund,14.55
RT0007328,O00092913,P00003,2024-12-05,2,Damaged in Transit,Credit Memo,19.74
RT0007329,O00007399,P01046,2023-11-03,1,Damaged in Transit,Replacement,36.03
RT0007330,O00076559,P01640,2025-05-30,1,Quality Issue,Credit Memo,24.97
RT0007331,O00093996,P00001,2025-08-17,4,Late Delivery,Credit Memo,166.92
RT0007332,O00009136,P01692,2025-06-14,1,Wrong Product,Credit Memo,131.48
RT0007333,O00001197,P02226,2023-12-15,1,Damaged in Transit,Credit Memo,25.13
RT0007334,O00037605,P00483,2024-02-07,2,Damaged in Transit,Replacement,75.1
RT0007335,O00003756,P00821,2023-08-28,2,Damaged in Transit,Refund,25.7
RT0007336,O00019520,P00235,2026-01-23,3,Excess Quantity,Credit Memo,272.14
RT0007337,O00043396,P00003,2024-09-01,2,Quality Issue,Credit Memo,18.39
RT0007338,O00072192,P02316,2024-12-01,1,Wrong Product,Credit Memo,12.96
RT0007339,O00060681,P01712,2025-02-23,3,Late Delivery,Credit Memo,247.79
RT0007340,O00056407,P00865,2024-09-04,6,Wrong Product,Replacement,222.42
RT0007341,O00077208,P02804,2025-09-09,1,Excess Quantity,Credit Memo,38.32
RT0007342,O00046063,P01306,2024-11-14,1,Wrong Product,Replacement,15.5
RT0007343,O00071599,P00644,2025-05-20,2,Excess Quantity,Refund,31.74
RT0007344,O00017305,P02368,2024-11-26,3,Quality Issue,Replacement,77.75
RT0007345,O00012246,P00490,2023-05-16,1,Quality Issue,Replacement,16.86
RT0007346,O00025414,P00448,2024-10-04,7,Damaged in Transit,Refund,217.46
RT0007347,O00075454,P00067,2025-07-16,1,Damaged in Transit,Refund,62.04
RT0007348,O00084136,P00031,2023-05-19,2,Late Delivery,Replacement,18.31
RT0007349,O00004830,P02947,2024-12-03,3,Quality Issue,Replacement,356.53
RT0007350,O00023711,P00154,2025-07-07,4,Damaged in Transit,Credit Memo,151.12
RT0007351,O00062947,P02955,2023-12-22,3,Wrong Product,Credit Memo,151.33
RT0007352,O00017657,P00002,2023-03-02,1,Damaged in Transit,Refund,69.31
RT0007353,O00010866,P00245,2023-05-13,9,Late Delivery,Refund,167.53
RT0007354,O00089674,P00132,2025-03-12,2,Quality Issue,Credit Memo,104.2
RT0007355,O00067570,P00403,2025-02-20,1,Late Delivery,Credit Memo,94.25
RT0007356,O00012344,P00356,2024-10-23,2,Customer Changed Mind,Credit Memo,80.37
RT0007357,O00039207,P00607,2023-08-22,10,Damaged in Transit,Replacement,315.78
RT0007358,O00016341,P01520,2023-09-02,2,Late Delivery,Credit Memo,45.71
RT0007359,O00009424,P00405,2024-03-15,4,Wrong Product,Refund,110.35
RT0007360,O00066998,P00003,2025-10-11,1,Wrong Product,Credit Memo,9.41
RT0007361,O00012311,P00641,2025-10-10,2,Wrong Product,Refund,151.86
RT0007362,O00019387,P00378,2023-05-13,2,Customer Changed Mind,Refund,289.67
RT0007363,O00058151,P01411,2025-06-16,3,Late Delivery,Replacement,48.78
RT0007364,O00007044,P02122,2023-05-22,2,Late Delivery,Credit Memo,29.4
RT0007365,O00047804,P01935,2023-09-24,6,Wrong Product,Credit Memo,222.1
RT0007366,O00010248,P00134,2024-08-01,2,Customer Changed Mind,Refund,103.09
RT0007367,O00070691,P01356,2025-03-11,3,Customer Changed Mind,Replacement,99.0
RT0007368,O00080800,P00213,2025-11-18,1,Damaged in Transit,Credit Memo,27.46
RT0007369,O00083565,P00019,2025-10-13,3,Quality Issue,Refund,117.61
RT0007370,O00043736,P00166,2023-09-07,8,Quality Issue,Replacement,810.07
RT0007371,O00046095,P00139,2025-12-19,3,Late Delivery,Refund,60.67
RT0007372,O00064750,P02054,2023-06-24,1,Customer Changed Mind,Replacement,6.24
RT0007373,O00018008,P01423,2025-12-16,1,Damaged in Transit,Refund,31.51
RT0007374,O00029810,P00043,2024-06-17,2,Quality Issue,Refund,26.77
RT0007375,O00079387,P01438,2024-02-08,3,Late Delivery,Credit Memo,118.12
RT0007376,O00003901,P00100,2024-07-17,3,Excess Quantity,Credit Memo,102.72
RT0007377,O00091647,P00442,2024-10-18,3,Quality Issue,Credit Memo,40.55
RT0007378,O00007713,P00131,2024-01-22,7,Damaged in Transit,Credit Memo,221.54
RT0007379,O00087628,P00461,2025-01-19,3,Late Delivery,Credit Memo,79.2
RT0007380,O00061363,P00330,2024-12-19,5,Damaged in Transit,Replacement,390.3
RT0007381,O00017260,P00140,2024-03-24,5,Quality Issue,Replacement,463.98
RT0007382,O00007574,P00274,2024-11-06,3,Quality Issue,Refund,144.45
RT0007383,O00025199,P00074,2023-10-02,5,Late Delivery,Replacement,98.51
RT0007384,O00006284,P00722,2026-01-05,1,Quality Issue,Refund,13.18
RT0007385,O00029933,P00504,2025-03-21,1,Quality Issue,Replacement,71.55
RT0007386,O00016945,P00022,2023-09-07,1,Late Delivery,Credit Memo,24.17
RT0007387,O00083460,P00001,2025-10-23,3,Damaged in Transit,Refund,119.54
RT0007388,O00095433,P00327,2024-02-27,2,Excess Quantity,Credit Memo,222.36
RT0007389,O00037989,P02592,2025-06-27,1,Customer Changed Mind,Replacement,43.27
RT0007390,O00037359,P00526,2024-03-04,2,Quality Issue,Refund,25.57
RT0007391,O00060669,P02401,2024-10-20,2,Damaged in Transit,Replacement,96.3
RT0007392,O00065229,P00790,2024-11-21,1,Damaged in Transit,Credit Memo,7.25
RT0007393,O00023319,P01462,2023-07-28,5,Late Delivery,Refund,72.04
RT0007394,O00076166,P00766,2024-07-25,4,Quality Issue,Credit Memo,221.65
RT0007395,O00044615,P00648,2024-08-15,1,Late Delivery,Credit Memo,40.9
RT0007396,O00049747,P01546,2025-06-26,3,Damaged in Transit,Refund,342.71
RT0007397,O00042830,P00094,2025-07-08,2,Excess Quantity,Credit Memo,83.22
RT0007398,O00088668,P02063,2026-01-02,1,Quality Issue,Credit Memo,92.83
RT0007399,O00062436,P00289,2023-05-09,3,Quality Issue,Replacement,246.33
RT0007400,O00089085,P00008,2024-07-17,3,Wrong Product,Refund,162.56
RT0007401,O00092710,P01794,2024-05-01,5,Excess Quantity,Refund,115.25
RT0007402,O00022011,P00005,2025-09-18,6,Late Delivery,Replacement,299.07
RT0007403,O00004099,P01919,2024-02-16,5,Excess Quantity,Credit Memo,271.52
RT0007404,O00038474,P02103,2024-10-03,1,Excess Quantity,Replacement,104.31
RT0007405,O00024906,P01436,2023-03-06,1,Customer Changed Mind,Refund,9.81
RT0007406,O00060531,P00016,2024-02-16,2,Late Delivery,Replacement,309.1
RT0007407,O00059737,P00043,2024-10-26,3,Quality Issue,Credit Memo,42.61
RT0007408,O00049366,P00003,2023-04-22,2,Wrong Product,Credit Memo,16.95
RT0007409,O00024648,P01100,2025-03-23,1,Late Delivery,Refund,41.2
RT0007410,O00007194,P00006,2025-03-27,4,Damaged in Transit,Refund,280.93
RT0007411,O00058318,P00671,2023-09-12,3,Customer Changed Mind,Credit Memo,58.35
RT0007412,O00045420,P00072,2023-09-19,7,Customer Changed Mind,Replacement,78.26
RT0007413,O00003798,P00033,2025-07-19,1,Wrong Product,Refund,57.3
RT0007414,O00055647,P00763,2024-11-21,1,Quality Issue,Credit Memo,26.09
RT0007415,O00051868,P01627,2023-04-29,2,Damaged in Transit,Replacement,25.22
RT0007416,O00025501,P01277,2023-09-24,2,Quality Issue,Replacement,67.39
RT0007417,O00029627,P00001,2024-11-22,4,Wrong Product,Credit Memo,159.72
RT0007418,O00022022,P01856,2024-07-05,2,Quality Issue,Replacement,75.57
RT0007419,O00020045,P00117,2025-10-13,1,Customer Changed Mind,Credit Memo,58.27
RT0007420,O00050182,P01454,2024-05-22,2,Damaged in Transit,Refund,145.48
RT0007421,O00021304,P00002,2023-07-12,10,Quality Issue,Replacement,664.84
RT0007422,O00014143,P00290,2025-07-19,1,Late Delivery,Replacement,30.51
RT0007423,O00072535,P02904,2025-06-05,1,Wrong Product,Replacement,19.97
RT0007424,O00008369,P01833,2024-12-30,2,Damaged in Transit,Replacement,66.78
RT0007425,O00032329,P01018,2024-03-24,7,Damaged in Transit,Replacement,304.26
RT0007426,O00087120,P02799,2025-08-12,2,Late Delivery,Replacement,84.82
RT0007427,O00057363,P01627,2024-05-21,2,Damaged in Transit,Replacement,26.26
RT0007428,O00082614,P01156,2024-07-06,2,Damaged in Transit,Replacement,179.72
RT0007429,O00046320,P00016,2025-09-22,2,Quality Issue,Refund,323.61
RT0007430,O00004990,P02080,2025-06-23,2,Excess Quantity,Credit Memo,189.83
RT0007431,O00089591,P00264,2025-08-28,5,Quality Issue,Replacement,500.46
RT0007432,O00000302,P00001,2025-02-22,3,Damaged in Transit,Replacement,134.1
RT0007433,O00022586,P01736,2023-06-03,4,Customer Changed Mind,Refund,66.2
RT0007434,O00079727,P00921,2024-12-04,2,Excess Quantity,Replacement,45.72
RT0007435,O00040469,P02900,2025-06-17,3,Wrong Product,Credit Memo,92.97
RT0007436,O00017628,P02801,2024-02-11,7,Customer Changed Mind,Credit Memo,921.47
RT0007437,O00097049,P00611,2025-10-24,2,Excess Quantity,Refund,73.81
RT0007438,O00098532,P00189,2024-06-29,3,Damaged in Transit,Replacement,92.98
RT0007439,O00026131,P02014,2024-08-20,4,Wrong Product,Refund,102.52
RT0007440,O00038662,P00100,2023-09-02,5,Damaged in Transit,Credit Memo,160.45
RT0007441,O00044353,P00647,2024-04-11,7,Wrong Product,Replacement,215.86
RT0007442,O00001079,P01182,2023-08-03,6,Excess Quantity,Refund,197.45
RT0007443,O00046391,P00526,2024-06-09,2,Damaged in Transit,Refund,26.68
RT0007444,O00088760,P00001,2023-09-01,5,Quality Issue,Credit Memo,158.1
RT0007445,O00021995,P00058,2025-07-01,2,Quality Issue,Credit Memo,103.73
RT0007446,O00092562,P00422,2024-05-29,1,Damaged in Transit,Replacement,155.01
RT0007447,O00023350,P02298,2025-02-19,2,Damaged in Transit,Replacement,149.95
RT0007448,O00012471,P00001,2023-12-28,2,Excess Quantity,Replacement,63.7
RT0007449,O00089600,P02219,2025-05-13,6,Wrong Product,Refund,144.88
RT0007450,O00020617,P02243,2025-09-23,5,Wrong Product,Refund,147.89
RT0007451,O00027875,P00002,2024-05-30,2,Late Delivery,Refund,153.06
RT0007452,O00073610,P00273,2025-01-17,2,Damaged in Transit,Replacement,58.66
RT0007453,O00054359,P00043,2024-04-23,1,Damaged in Transit,Replacement,15.61
RT0007454,O00096079,P00116,2025-07-25,6,Wrong Product,Replacement,89.49
RT0007455,O00092946,P00087,2025-02-05,1,Quality Issue,Replacement,25.66
RT0007456,O00005582,P01427,2024-07-08,4,Damaged in Transit,Credit Memo,322.85
RT0007457,O00031046,P00171,2025-09-27,1,Quality Issue,Replacement,6.92
RT0007458,O00031826,P01649,2026-01-01,3,Wrong Product,Credit Memo,139.21
RT0007459,O00007244,P00032,2024-07-15,6,Customer Changed Mind,Credit Memo,229.3
RT0007460,O00062559,P02793,2024-12-13,2,Wrong Product,Credit Memo,60.76
RT0007461,O00082295,P01120,2023-08-27,1,Damaged in Transit,Credit Memo,17.86
RT0007462,O00036613,P02202,2024-04-19,4,Late Delivery,Replacement,90.32
RT0007463,O00018655,P00001,2023-06-16,2,Damaged in Transit,Replacement,69.31
RT0007464,O00053243,P00929,2024-07-20,1,Customer Changed Mind,Refund,39.62
RT0007465,O00021527,P00881,2025-08-23,5,Quality Issue,Credit Memo,100.2
RT0007466,O00093640,P01544,2025-07-28,2,Wrong Product,Replacement,33.34
RT0007467,O00072005,P00586,2023-08-22,4,Damaged in Transit,Credit Memo,71.04
RT0007468,O00088026,P00763,2025-04-19,3,Customer Changed Mind,Replacement,78.13
RT0007469,O00038686,P00183,2024-08-13,1,Quality Issue,Replacement,41.26
RT0007470,O00087893,P00106,2024-10-31,1,Customer Changed Mind,Refund,67.22
RT0007471,O00062680,P01180,2024-12-24,2,Damaged in Transit,Refund,217.34
RT0007472,O00018025,P00163,2024-09-06,1,Quality Issue,Credit Memo,123.73
RT0007473,O00098005,P00574,2023-04-05,1,Customer Changed Mind,Replacement,53.78
RT0007474,O00018265,P00026,2025-09-13,1,Customer Changed Mind,Replacement,46.6
RT0007475,O00030358,P02015,2023-05-27,9,Late Delivery,Credit Memo,423.81
RT0007476,O00064997,P00361,2024-03-29,3,Quality Issue,Credit Memo,86.81
RT0007477,O00005702,P00129,2025-05-29,3,Customer Changed Mind,Credit Memo,149.07
RT0007478,O00037084,P02362,2023-02-09,1,Wrong Product,Replacement,36.07
RT0007479,O00097069,P00020,2023-12-20,2,Excess Quantity,Credit Memo,56.04
RT0007480,O00059342,P00160,2023-11-27,1,Late Delivery,Credit Memo,65.8
RT0007481,O00054567,P00045,2025-12-28,1,Wrong Product,Replacement,70.3
RT0007482,O00055354,P01684,2024-06-30,5,Excess Quantity,Replacement,231.01
RT0007483,O00076597,P00591,2024-05-29,1,Late Delivery,Replacement,18.34
RT0007484,O00056445,P00119,2024-10-03,2,Quality Issue,Replacement,12.53
RT0007485,O00013309,P00001,2023-07-18,3,Damaged in Transit,Credit Memo,112.15
RT0007486,O00052925,P00004,2023-05-05,3,Wrong Product,Refund,107.36
RT0007487,O00005611,P00040,2025-01-22,1,Damaged in Transit,Credit Memo,73.65
RT0007488,O00044293,P00058,2024-07-04,1,Wrong Product,Replacement,50.59
RT0007489,O00004609,P00155,2023-07-27,2,Damaged in Transit,Replacement,118.67
RT0007490,O00068665,P00003,2025-11-16,2,Late Delivery,Refund,18.14
RT0007491,O00026385,P01034,2023-10-29,3,Customer Changed Mind,Refund,221.7
RT0007492,O00039688,P00003,2023-06-09,2,Late Delivery,Refund,17.16
RT0007493,O00004006,P00246,2024-07-11,1,Quality Issue,Credit Memo,114.77
RT0007494,O00003793,P00002,2023-11-29,3,Wrong Product,Refund,200.11
RT0007495,O00080475,P00261,2023-11-11,3,Excess Quantity,Credit Memo,67.92
RT0007496,O00070866,P00091,2025-06-06,1,Wrong Product,Credit Memo,133.12
RT0007497,O00044834,P00628,2026-02-10,4,Wrong Product,Replacement,81.24
RT0007498,O00030999,P02125,2024-06-28,2,Damaged in Transit,Replacement,54.74
RT0007499,O00029834,P02808,2023-09-29,2,Customer Changed Mind,Credit Memo,107.22
RT0007500,O00059782,P00762,2024-09-07,3,Damaged in Transit,Credit Memo,132.9
RT0007501,O00097630,P01599,2024-11-05,5,Wrong Product,Refund,83.97
RT0007502,O00067936,P01219,2025-08-25,4,Damaged in Transit,Credit Memo,65.66
RT0007503,O00012035,P00011,2025-08-31,1,Customer Changed Mind,Credit Memo,43.07
RT0007504,O00018712,P00470,2025-05-14,4,Damaged in Transit,Refund,376.85
RT0007505,O00009691,P00033,2025-05-04,1,Damaged in Transit,Credit Memo,54.09
RT0007506,O00070930,P02472,2023-10-16,1,Quality Issue,Credit Memo,28.16
RT0007507,O00031683,P00073,2023-10-28,4,Excess Quantity,Credit Memo,87.47
RT0007508,O00030823,P02313,2024-06-19,1,Quality Issue,Refund,170.99
RT0007509,O00078528,P00117,2024-05-22,2,Excess Quantity,Replacement,108.12
RT0007510,O00082272,P00151,2023-03-09,1,Damaged in Transit,Replacement,127.71
RT0007511,O00026710,P00002,2023-11-30,2,Damaged in Transit,Refund,141.42
RT0007512,O00075528,P00224,2024-11-07,6,Excess Quantity,Replacement,468.68
RT0007513,O00063277,P00038,2023-01-20,2,Late Delivery,Credit Memo,90.66
RT0007514,O00024612,P00135,2023-06-22,2,Damaged in Transit,Replacement,68.25
RT0007515,O00047729,P00257,2026-01-16,2,Quality Issue,Credit Memo,68.19
RT0007516,O00050271,P00123,2023-10-13,1,Customer Changed Mind,Credit Memo,138.23
RT0007517,O00032331,P00002,2023-09-11,3,Quality Issue,Credit Memo,185.44
RT0007518,O00041831,P02646,2025-02-04,1,Quality Issue,Refund,78.84
RT0007519,O00078349,P00158,2024-03-17,1,Customer Changed Mind,Credit Memo,55.24
RT0007520,O00029136,P00231,2024-05-04,1,Customer Changed Mind,Refund,41.46
RT0007521,O00031738,P00006,2024-12-29,3,Quality Issue,Refund,189.03
RT0007522,O00043525,P01064,2023-03-15,3,Quality Issue,Replacement,646.44
RT0007523,O00087782,P01486,2023-11-24,2,Damaged in Transit,Replacement,196.78
RT0007524,O00018914,P01621,2023-04-02,2,Customer Changed Mind,Refund,146.94
RT0007525,O00006604,P00008,2024-04-26,3,Quality Issue,Credit Memo,167.39
RT0007526,O00096827,P00049,2024-08-21,2,Excess Quantity,Credit Memo,31.19
RT0007527,O00063968,P00908,2024-11-17,5,Quality Issue,Replacement,265.35
RT0007528,O00086911,P02621,2024-02-08,1,Quality Issue,Credit Memo,64.64
RT0007529,O00097198,P00965,2024-09-17,3,Late Delivery,Refund,226.02
RT0007530,O00022717,P01717,2024-08-25,3,Wrong Product,Replacement,74.21
RT0007531,O00064278,P00152,2024-09-28,1,Quality Issue,Refund,76.81
RT0007532,O00070581,P00350,2024-08-23,2,Excess Quantity,Replacement,35.9
RT0007533,O00002202,P00227,2024-12-06,3,Damaged in Transit,Credit Memo,457.42
RT0007534,O00069884,P02010,2025-08-12,1,Customer Changed Mind,Refund,32.7
RT0007535,O00000642,P00768,2024-06-03,2,Late Delivery,Refund,311.31
RT0007536,O00090769,P00002,2023-06-30,7,Quality Issue,Replacement,489.97
RT0007537,O00081941,P00535,2023-09-22,3,Damaged in Transit,Refund,296.4
RT0007538,O00097942,P00387,2023-09-25,10,Damaged in Transit,Replacement,577.0
RT0007539,O00039537,P00598,2025-03-01,1,Customer Changed Mind,Refund,179.86
RT0007540,O00095266,P01527,2025-01-18,1,Quality Issue,Replacement,18.07
RT0007541,O00073715,P00076,2023-08-25,2,Quality Issue,Replacement,64.41
RT0007542,O00014073,P00094,2025-04-28,4,Quality Issue,Replacement,165.93
RT0007543,O00002363,P02479,2023-10-21,8,Excess Quantity,Credit Memo,361.08
RT0007544,O00086780,P00897,2023-05-02,2,Wrong Product,Replacement,101.54
RT0007545,O00030962,P02498,2023-10-01,3,Customer Changed Mind,Refund,158.07
RT0007546,O00072633,P00112,2024-09-13,1,Late Delivery,Refund,35.52
RT0007547,O00022402,P01417,2025-08-23,2,Excess Quantity,Credit Memo,137.28
RT0007548,O00025390,P01252,2023-05-03,3,Damaged in Transit,Credit Memo,200.32
RT0007549,O00028537,P00626,2024-07-24,5,Customer Changed Mind,Replacement,406.4
RT0007550,O00087806,P00091,2024-12-23,3,Excess Quantity,Credit Memo,334.68
RT0007551,O00019275,P00263,2025-01-22,1,Quality Issue,Credit Memo,101.46
RT0007552,O00019743,P02944,2024-09-10,1,Customer Changed Mind,Credit Memo,43.43
RT0007553,O00083232,P00115,2023-03-02,3,Customer Changed Mind,Credit Memo,72.79
RT0007554,O00057529,P00334,2023-04-16,1,Customer Changed Mind,Replacement,15.47
RT0007555,O00030195,P01700,2024-11-22,3,Excess Quantity,Credit Memo,32.34
RT0007556,O00003883,P00913,2023-07-03,1,Customer Changed Mind,Refund,16.08
RT0007557,O00026181,P00042,2025-12-09,2,Quality Issue,Replacement,67.68
RT0007558,O00030803,P01387,2023-05-13,2,Excess Quantity,Credit Memo,51.08
RT0007559,O00084277,P00136,2024-07-12,4,Wrong Product,Replacement,87.07
RT0007560,O00017535,P01290,2023-09-16,2,Wrong Product,Refund,151.3
RT0007561,O00054950,P00375,2025-03-26,1,Wrong Product,Refund,29.82
RT0007562,O00078244,P00338,2024-10-12,1,Wrong Product,Refund,65.58
RT0007563,O00088725,P00257,2025-03-15,1,Wrong Product,Replacement,39.02
RT0007564,O00053113,P00287,2023-10-24,3,Damaged in Transit,Credit Memo,141.84
RT0007565,O00026328,P00210,2025-12-06,1,Customer Changed Mind,Refund,35.51
RT0007566,O00074952,P02090,2024-12-14,4,Excess Quantity,Replacement,32.44
RT0007567,O00000848,P00999,2025-10-19,7,Wrong Product,Replacement,347.44
RT0007568,O00046761,P00318,2025-02-03,4,Quality Issue,Credit Memo,133.08
RT0007569,O00046866,P00120,2025-08-31,5,Wrong Product,Refund,91.95
RT0007570,O00020379,P00001,2025-06-24,3,Damaged in Transit,Refund,130.25
RT0007571,O00066485,P02731,2023-07-31,5,Excess Quantity,Replacement,252.31
RT0007572,O00076373,P00150,2025-08-09,1,Wrong Product,Refund,13.79
RT0007573,O00031160,P00002,2024-09-03,1,Late Delivery,Replacement,69.29
RT0007574,O00024044,P02949,2025-01-19,4,Damaged in Transit,Credit Memo,205.91
RT0007575,O00087895,P00568,2024-05-06,7,Damaged in Transit,Credit Memo,227.06
RT0007576,O00073830,P00020,2023-12-07,1,Customer Changed Mind,Credit Memo,28.56
RT0007577,O00031165,P00067,2024-09-08,5,Wrong Product,Replacement,266.69
RT0007578,O00014469,P01289,2023-11-26,4,Late Delivery,Credit Memo,81.43
RT0007579,O00046916,P02610,2023-05-03,2,Excess Quantity,Credit Memo,137.73
RT0007580,O00035096,P00099,2023-06-06,3,Quality Issue,Credit Memo,172.77
RT0007581,O00061767,P01153,2023-11-18,3,Damaged in Transit,Replacement,121.53
RT0007582,O00011087,P00097,2025-08-20,1,Damaged in Transit,Credit Memo,30.09
RT0007583,O00025258,P00021,2024-06-30,1,Damaged in Transit,Replacement,64.72
RT0007584,O00001726,P01736,2023-03-24,1,Quality Issue,Replacement,16.02
RT0007585,O00009793,P01875,2024-10-23,10,Customer Changed Mind,Refund,225.7
RT0007586,O00045187,P00027,2024-04-16,1,Customer Changed Mind,Refund,13.38
RT0007587,O00088956,P00146,2025-09-29,2,Damaged in Transit,Credit Memo,60.35
RT0007588,O00039298,P00059,2024-09-11,1,Quality Issue,Replacement,47.36
RT0007589,O00095004,P00016,2024-06-07,3,Quality Issue,Refund,391.22
RT0007590,O00094248,P02602,2024-05-04,1,Customer Changed Mind,Credit Memo,16.72
RT0007591,O00001668,P00888,2025-03-05,8,Quality Issue,Refund,611.19
RT0007592,O00014282,P01101,2025-07-20,1,Excess Quantity,Credit Memo,30.84
RT0007593,O00003420,P00208,2024-12-24,6,Excess Quantity,Credit Memo,203.52
RT0007594,O00012268,P00001,2026-01-15,1,Excess Quantity,Refund,37.7
RT0007595,O00050178,P02909,2023-03-22,1,Wrong Product,Refund,56.77
RT0007596,O00011385,P00191,2024-04-05,5,Customer Changed Mind,Replacement,254.06
RT0007597,O00016375,P00027,2024-03-26,1,Excess Quantity,Refund,13.19
RT0007598,O00030055,P02569,2025-05-10,2,Late Delivery,Replacement,95.2
RT0007599,O00025498,P00624,2025-08-31,1,Customer Changed Mind,Refund,27.64
RT0007600,O00055980,P00008,2025-07-20,1,Quality Issue,Replacement,69.15
RT0007601,O00070847,P00051,2025-03-13,1,Damaged in Transit,Replacement,37.12
RT0007602,O00055003,P00089,2025-06-28,1,Damaged in Transit,Replacement,127.07
RT0007603,O00035762,P01883,2025-11-25,1,Customer Changed Mind,Replacement,38.73
RT0007604,O00094079,P00329,2024-03-27,2,Quality Issue,Credit Memo,46.17
RT0007605,O00031969,P00011,2025-09-23,2,Damaged in Transit,Replacement,82.64
RT0007606,O00096875,P02895,2023-04-14,2,Customer Changed Mind,Replacement,47.15
RT0007607,O00048580,P00005,2025-12-12,2,Damaged in Transit,Credit Memo,104.6
RT0007608,O00012578,P01753,2025-07-27,1,Damaged in Transit,Replacement,40.08
RT0007609,O00033751,P00021,2025-04-20,5,Wrong Product,Refund,330.5
RT0007610,O00068625,P00047,2023-08-27,1,Quality Issue,Refund,26.51
RT0007611,O00087374,P02213,2025-09-20,6,Excess Quantity,Replacement,121.94
RT0007612,O00025981,P00276,2025-10-29,1,Quality Issue,Replacement,52.46
RT0007613,O00075347,P00692,2025-03-21,5,Excess Quantity,Refund,200.27
RT0007614,O00017635,P00085,2024-05-09,2,Damaged in Transit,Replacement,76.04
RT0007615,O00078693,P00047,2025-02-11,4,Late Delivery,Refund,128.92
RT0007616,O00037116,P00044,2025-11-19,3,Late Delivery,Credit Memo,100.57
RT0007617,O00075059,P00003,2023-05-26,2,Damaged in Transit,Refund,17.63
RT0007618,O00079295,P00100,2023-08-04,1,Excess Quantity,Refund,34.27
RT0007619,O00093978,P01815,2023-12-16,2,Customer Changed Mind,Refund,142.83
RT0007620,O00075948,P00118,2024-11-25,2,Damaged in Transit,Refund,52.42
RT0007621,O00036768,P00116,2023-03-30,1,Quality Issue,Credit Memo,12.4
RT0007622,O00075453,P02507,2024-11-03,2,Excess Quantity,Credit Memo,31.06
RT0007623,O00007983,P00602,2024-11-16,1,Late Delivery,Replacement,44.0
RT0007624,O00099158,P00075,2024-03-29,5,Damaged in Transit,Refund,334.49
RT0007625,O00070757,P00046,2024-04-30,2,Wrong Product,Replacement,120.59
RT0007626,O00080855,P00238,2025-11-06,4,Customer Changed Mind,Refund,213.4
RT0007627,O00009134,P02583,2025-08-03,1,Customer Changed Mind,Replacement,21.33
RT0007628,O00071281,P00693,2024-12-02,7,Late Delivery,Credit Memo,78.84
RT0007629,O00069011,P01915,2024-08-16,1,Wrong Product,Credit Memo,41.55
RT0007630,O00055495,P00338,2025-05-15,2,Late Delivery,Credit Memo,136.16
RT0007631,O00019086,P01663,2025-10-16,5,Wrong Product,Credit Memo,412.0
RT0007632,O00078395,P00475,2025-11-25,1,Wrong Product,Replacement,49.77
RT0007633,O00054232,P00696,2024-10-13,2,Excess Quantity,Refund,35.14
RT0007634,O00051244,P00021,2023-10-31,1,Wrong Product,Replacement,59.75
RT0007635,O00023934,P00290,2025-02-11,2,Damaged in Transit,Credit Memo,63.32
RT0007636,O00054870,P01891,2025-09-11,2,Damaged in Transit,Credit Memo,120.55
RT0007637,O00014047,P00403,2025-03-04,1,Customer Changed Mind,Credit Memo,84.27
RT0007638,O00016737,P00579,2025-10-26,1,Damaged in Transit,Replacement,40.92
RT0007639,O00035770,P00074,2025-08-27,3,Wrong Product,Refund,59.08
RT0007640,O00091091,P02696,2025-11-26,3,Damaged in Transit,Refund,341.58
RT0007641,O00030192,P02894,2023-08-04,1,Damaged in Transit,Credit Memo,67.55
RT0007642,O00022915,P00315,2023-07-11,3,Quality Issue,Refund,41.69
RT0007643,O00027562,P00316,2024-04-13,1,Wrong Product,Credit Memo,111.29
RT0007644,O00059659,P01776,2025-07-05,1,Customer Changed Mind,Replacement,28.63
RT0007645,O00012629,P00430,2024-09-17,1,Quality Issue,Refund,9.03
RT0007646,O00039667,P01444,2024-09-03,1,Customer Changed Mind,Refund,65.6
RT0007647,O00080239,P01674,2025-12-05,1,Quality Issue,Replacement,44.74
RT0007648,O00026469,P01499,2023-10-05,2,Damaged in Transit,Replacement,30.93
RT0007649,O00020362,P00049,2025-03-15,1,Quality Issue,Refund,14.96
RT0007650,O00047264,P00906,2025-07-18,1,Quality Issue,Replacement,11.62
RT0007651,O00080353,P00658,2026-02-26,2,Customer Changed Mind,Credit Memo,143.16
RT0007652,O00010479,P00378,2025-02-16,3,Damaged in Transit,Credit Memo,486.59
RT0007653,O00075194,P00003,2024-02-13,1,Late Delivery,Replacement,9.26
RT0007654,O00040820,P00925,2025-03-01,1,Damaged in Transit,Credit Memo,32.61
RT0007655,O00089228,P01262,2024-05-19,2,Damaged in Transit,Credit Memo,63.9
RT0007656,O00008924,P00300,2023-04-30,1,Quality Issue,Credit Memo,41.99
RT0007657,O00077409,P00234,2024-07-19,3,Quality Issue,Credit Memo,107.94
RT0007658,O00038951,P00576,2023-07-29,9,Damaged in Transit,Credit Memo,322.87
RT0007659,O00001687,P01121,2025-03-20,1,Damaged in Transit,Replacement,97.06
RT0007660,O00099836,P00126,2023-08-16,2,Damaged in Transit,Refund,47.01
RT0007661,O00082778,P01619,2024-12-25,3,Damaged in Transit,Replacement,271.74
RT0007662,O00086121,P00004,2025-07-09,2,Quality Issue,Replacement,81.27
RT0007663,O00040153,P00085,2025-06-13,5,Excess Quantity,Credit Memo,192.51
RT0007664,O00069238,P00113,2023-10-19,1,Customer Changed Mind,Credit Memo,41.65
RT0007665,O00037031,P01393,2023-05-05,3,Damaged in Transit,Refund,173.82
RT0007666,O00089762,P00437,2025-06-28,1,Damaged in Transit,Credit Memo,79.34
RT0007667,O00031129,P01182,2025-07-24,1,Damaged in Transit,Credit Memo,35.22
RT0007668,O00029167,P02056,2024-09-15,3,Quality Issue,Replacement,166.44
RT0007669,O00046519,P01297,2025-04-13,2,Late Delivery,Credit Memo,137.31
RT0007670,O00028091,P01078,2024-04-15,2,Quality Issue,Credit Memo,83.66
RT0007671,O00095527,P02883,2023-12-25,1,Damaged in Transit,Credit Memo,33.03
RT0007672,O00088235,P01570,2025-06-15,3,Customer Changed Mind,Credit Memo,152.05
RT0007673,O00090096,P00968,2025-01-29,1,Wrong Product,Credit Memo,20.24
RT0007674,O00009263,P00209,2023-07-25,2,Wrong Product,Credit Memo,178.28
RT0007675,O00042371,P01909,2025-09-14,3,Damaged in Transit,Refund,129.06
RT0007676,O00004776,P00136,2024-09-15,1,Damaged in Transit,Refund,20.71
RT0007677,O00025358,P00004,2024-07-27,1,Quality Issue,Replacement,39.64
RT0007678,O00033390,P00117,2025-08-11,2,Late Delivery,Replacement,104.26
RT0007679,O00071598,P00043,2024-01-25,2,Quality Issue,Credit Memo,26.66
RT0007680,O00077361,P00002,2023-02-01,3,Wrong Product,Credit Memo,201.23
RT0007681,O00002232,P02121,2025-04-09,1,Quality Issue,Refund,34.32
RT0007682,O00020090,P01039,2023-10-21,1,Excess Quantity,Replacement,45.14
RT0007683,O00051393,P00004,2023-08-30,2,Wrong Product,Refund,81.38
RT0007684,O00068192,P02266,2024-01-31,1,Quality Issue,Credit Memo,84.91
RT0007685,O00077132,P00463,2024-02-29,2,Excess Quantity,Replacement,56.66
RT0007686,O00092067,P00941,2024-08-25,8,Wrong Product,Credit Memo,563.77
RT0007687,O00045653,P00095,2025-09-10,1,Quality Issue,Replacement,11.48
RT0007688,O00057464,P02631,2023-09-05,1,Customer Changed Mind,Refund,52.26
RT0007689,O00098098,P00002,2024-08-19,2,Customer Changed Mind,Refund,159.3
RT0007690,O00054912,P00001,2025-08-31,1,Customer Changed Mind,Credit Memo,38.13
RT0007691,O00065092,P01663,2023-05-24,5,Damaged in Transit,Replacement,377.37
RT0007692,O00005291,P00049,2024-08-14,2,Damaged in Transit,Replacement,31.93
RT0007693,O00017457,P02869,2025-01-10,2,Damaged in Transit,Credit Memo,81.88
RT0007694,O00063741,P00543,2025-03-23,12,Customer Changed Mind,Refund,596.9
RT0007695,O00088017,P00734,2023-05-16,1,Wrong Product,Credit Memo,15.53
RT0007696,O00035515,P01530,2023-05-15,6,Damaged in Transit,Credit Memo,157.19
RT0007697,O00085498,P01248,2025-05-10,1,Damaged in Transit,Credit Memo,101.82
RT0007698,O00077010,P00022,2025-03-13,7,Quality Issue,Refund,177.62
RT0007699,O00062485,P00844,2023-05-20,4,Wrong Product,Refund,123.8
RT0007700,O00064788,P00739,2023-11-12,6,Customer Changed Mind,Refund,1076.8
RT0007701,O00085045,P01546,2024-06-25,3,Damaged in Transit,Refund,327.99
RT0007702,O00032758,P00606,2024-02-24,1,Damaged in Transit,Credit Memo,58.9
RT0007703,O00070798,P00900,2023-07-21,1,Damaged in Transit,Credit Memo,25.82
RT0007704,O00077528,P02401,2023-07-13,1,Wrong Product,Replacement,43.38
RT0007705,O00031591,P02712,2025-07-26,2,Late Delivery,Refund,56.7
RT0007706,O00048845,P02035,2025-09-08,2,Damaged in Transit,Replacement,65.93
RT0007707,O00030630,P01886,2023-05-20,4,Damaged in Transit,Refund,98.04
RT0007708,O00061383,P00430,2023-07-23,2,Damaged in Transit,Replacement,19.26
RT0007709,O00026586,P00180,2025-07-26,2,Customer Changed Mind,Refund,44.2
RT0007710,O00027367,P02797,2023-08-08,1,Wrong Product,Refund,62.43
RT0007711,O00056723,P01463,2024-11-12,6,Quality Issue,Refund,182.17
RT0007712,O00087682,P00140,2023-02-27,2,Late Delivery,Refund,154.16
RT0007713,O00068783,P02226,2024-05-24,2,Quality Issue,Replacement,51.32
RT0007714,O00046581,P01514,2025-07-11,2,Wrong Product,Refund,116.71
RT0007715,O00095037,P00001,2023-03-27,1,Damaged in Transit,Refund,39.3
RT0007716,O00059501,P00003,2023-10-20,6,Damaged in Transit,Refund,52.67
RT0007717,O00001138,P00476,2023-08-16,1,Late Delivery,Credit Memo,11.21
RT0007718,O00036992,P02814,2025-10-03,2,Damaged in Transit,Replacement,131.71
RT0007719,O00069157,P00045,2024-09-10,1,Customer Changed Mind,Replacement,59.07
RT0007720,O00071627,P02133,2025-08-26,1,Damaged in Transit,Replacement,26.56
RT0007721,O00066952,P00474,2024-08-26,4,Customer Changed Mind,Credit Memo,189.92
RT0007722,O00095395,P01179,2023-11-25,3,Wrong Product,Refund,137.23
RT0007723,O00084187,P02147,2025-03-11,3,Late Delivery,Credit Memo,81.15
RT0007724,O00017937,P01533,2025-10-30,2,Damaged in Transit,Credit Memo,63.84
RT0007725,O00035146,P00010,2025-02-20,3,Wrong Product,Credit Memo,224.85
RT0007726,O00084028,P01876,2023-08-03,3,Late Delivery,Refund,96.81
RT0007727,O00091306,P00031,2024-04-07,2,Wrong Product,Credit Memo,21.66
RT0007728,O00011422,P00350,2023-09-30,6,Quality Issue,Refund,92.08
RT0007729,O00045690,P00378,2023-07-30,3,Quality Issue,Credit Memo,398.24
RT0007730,O00013453,P02215,2023-09-25,1,Damaged in Transit,Refund,36.83
RT0007731,O00071484,P02617,2023-09-07,2,Quality Issue,Refund,42.23
RT0007732,O00030088,P00092,2025-09-19,3,Customer Changed Mind,Replacement,92.48
RT0007733,O00015182,P02567,2024-10-21,2,Damaged in Transit,Replacement,96.17
RT0007734,O00032804,P01979,2024-12-05,3,Damaged in Transit,Replacement,80.48
RT0007735,O00051647,P00190,2025-03-29,2,Excess Quantity,Credit Memo,236.66
RT0007736,O00013057,P00124,2024-08-06,1,Damaged in Transit,Refund,16.84
RT0007737,O00016690,P00375,2025-12-21,2,Quality Issue,Credit Memo,65.08
RT0007738,O00041459,P02970,2024-11-17,2,Quality Issue,Credit Memo,132.15
RT0007739,O00049732,P00303,2026-01-11,1,Wrong Product,Credit Memo,24.02
RT0007740,O00092517,P00054,2023-03-13,1,Customer Changed Mind,Credit Memo,17.88
RT0007741,O00084063,P00003,2025-09-06,8,Late Delivery,Refund,73.26
RT0007742,O00090627,P02501,2024-10-05,1,Customer Changed Mind,Credit Memo,29.06
RT0007743,O00091471,P00124,2025-03-07,6,Wrong Product,Refund,97.54
RT0007744,O00006801,P01903,2024-08-03,2,Late Delivery,Refund,155.24
RT0007745,O00055385,P01114,2024-11-12,4,Quality Issue,Credit Memo,178.6
RT0007746,O00058025,P00081,2024-08-06,1,Customer Changed Mind,Refund,19.48
RT0007747,O00072239,P01696,2024-04-26,2,Wrong Product,Refund,49.9
RT0007748,O00012285,P00320,2024-08-31,2,Customer Changed Mind,Replacement,95.74
RT0007749,O00090401,P00623,2023-11-09,2,Damaged in Transit,Refund,153.38
RT0007750,O00055128,P00619,2025-05-23,1,Damaged in Transit,Replacement,33.8
RT0007751,O00016411,P00046,2024-01-26,2,Wrong Product,Replacement,117.34
RT0007752,O00035386,P01476,2024-10-28,4,Customer Changed Mind,Credit Memo,62.38
RT0007753,O00061248,P00498,2023-09-11,1,Quality Issue,Replacement,37.14
RT0007754,O00027586,P01149,2023-08-02,5,Quality Issue,Credit Memo,1205.9
RT0007755,O00080948,P02762,2025-06-11,5,Quality Issue,Replacement,128.1
RT0007756,O00073595,P01470,2025-03-12,1,Quality Issue,Replacement,31.42
RT0007757,O00003557,P00003,2023-06-01,1,Quality Issue,Replacement,9.96
RT0007758,O00033055,P00098,2024-06-08,1,Quality Issue,Replacement,14.5
RT0007759,O00019474,P01197,2025-03-21,1,Damaged in Transit,Refund,9.37
RT0007760,O00016250,P00348,2025-05-02,2,Late Delivery,Replacement,39.37
RT0007761,O00080376,P00761,2024-12-02,2,Wrong Product,Replacement,27.86
RT0007762,O00082732,P00173,2023-06-14,2,Damaged in Transit,Refund,231.72
RT0007763,O00003948,P00160,2023-07-30,5,Quality Issue,Credit Memo,406.5
RT0007764,O00044714,P00090,2025-07-24,2,Wrong Product,Refund,67.03
RT0007765,O00066979,P01201,2024-10-30,9,Excess Quantity,Replacement,193.83
RT0007766,O00067960,P00269,2023-09-08,10,Quality Issue,Replacement,264.72
RT0007767,O00074164,P00079,2024-01-19,1,Excess Quantity,Credit Memo,45.56
RT0007768,O00008428,P00521,2023-09-27,1,Wrong Product,Credit Memo,20.26
RT0007769,O00052357,P02576,2023-08-29,1,Late Delivery,Credit Memo,98.81
RT0007770,O00083712,P00007,2023-08-16,2,Excess Quantity,Replacement,67.62
RT0007771,O00019537,P00760,2023-03-16,4,Quality Issue,Refund,144.66
RT0007772,O00047536,P00108,2023-09-10,3,Late Delivery,Refund,82.93
RT0007773,O00037117,P00220,2025-06-26,6,Damaged in Transit,Replacement,144.42
RT0007774,O00066161,P00089,2025-10-31,1,Customer Changed Mind,Refund,123.61
RT0007775,O00053749,P00002,2023-11-30,7,Late Delivery,Credit Memo,484.26
RT0007776,O00082256,P00867,2025-02-26,1,Damaged in Transit,Refund,29.15
RT0007777,O00083741,P02204,2025-11-05,2,Quality Issue,Refund,46.11
RT0007778,O00016198,P00893,2023-04-14,1,Late Delivery,Replacement,52.26
RT0007779,O00036156,P00036,2023-10-15,1,Damaged in Transit,Credit Memo,15.64
RT0007780,O00057604,P00147,2024-12-14,1,Damaged in Transit,Refund,88.14
RT0007781,O00030276,P00989,2023-07-31,2,Quality Issue,Refund,24.33
RT0007782,O00009639,P00001,2023-09-10,3,Late Delivery,Credit Memo,108.86
RT0007783,O00025593,P00222,2024-05-25,6,Customer Changed Mind,Replacement,329.04
RT0007784,O00041085,P00664,2023-04-13,4,Quality Issue,Credit Memo,160.67
RT0007785,O00039003,P00625,2025-10-01,3,Damaged in Transit,Replacement,116.5
RT0007786,O00055844,P00991,2025-05-24,1,Damaged in Transit,Replacement,47.96
RT0007787,O00063242,P00951,2024-04-23,1,Excess Quantity,Credit Memo,32.58
RT0007788,O00004937,P00098,2025-02-23,1,Wrong Product,Replacement,15.68
RT0007789,O00035516,P01129,2024-07-15,2,Quality Issue,Refund,77.53
RT0007790,O00058989,P01262,2024-08-03,4,Damaged in Transit,Credit Memo,102.6
RT0007791,O00059849,P00058,2023-03-17,2,Wrong Product,Replacement,95.48
RT0007792,O00054353,P00245,2025-08-16,2,Late Delivery,Refund,40.1
RT0007793,O00073918,P00383,2023-11-22,1,Damaged in Transit,Credit Memo,44.89
RT0007794,O00061794,P00065,2025-12-08,1,Customer Changed Mind,Refund,26.74
RT0007795,O00015941,P00017,2024-07-06,1,Customer Changed Mind,Credit Memo,25.17
RT0007796,O00074078,P01626,2024-02-14,1,Quality Issue,Replacement,94.83
RT0007797,O00076678,P00952,2025-12-13,2,Late Delivery,Refund,146.11
RT0007798,O00022497,P01513,2023-07-23,3,Quality Issue,Credit Memo,125.85
RT0007799,O00085610,P00090,2023-01-18,1,Quality Issue,Refund,31.91
RT0007800,O00057983,P00083,2025-03-04,4,Quality Issue,Refund,237.96
RT0007801,O00099188,P00160,2024-08-12,3,Wrong Product,Credit Memo,208.44
RT0007802,O00006496,P01592,2024-10-30,8,Customer Changed Mind,Replacement,186.24
RT0007803,O00021312,P00543,2024-05-20,3,Wrong Product,Replacement,161.91
RT0007804,O00034246,P00200,2024-04-25,1,Quality Issue,Credit Memo,45.31
RT0007805,O00069554,P01393,2024-07-10,2,Damaged in Transit,Refund,111.94
RT0007806,O00033570,P02201,2024-11-07,6,Quality Issue,Replacement,166.9
RT0007807,O00071281,P00036,2024-10-27,1,Quality Issue,Refund,15.94
RT0007808,O00055743,P00043,2025-10-27,2,Late Delivery,Credit Memo,27.53
RT0007809,O00050294,P02979,2023-08-17,3,Late Delivery,Refund,56.7
RT0007810,O00024636,P00001,2023-10-17,1,Wrong Product,Replacement,36.15
RT0007811,O00041605,P00123,2024-06-19,1,Customer Changed Mind,Refund,133.01
RT0007812,O00042419,P01525,2024-08-08,2,Damaged in Transit,Credit Memo,186.26
RT0007813,O00000884,P00060,2024-10-30,1,Damaged in Transit,Replacement,133.93
RT0007814,O00025165,P01706,2025-09-15,2,Damaged in Transit,Refund,17.48
RT0007815,O00005288,P00154,2025-04-29,3,Quality Issue,Credit Memo,117.48
RT0007816,O00058015,P02234,2025-10-08,4,Wrong Product,Refund,143.48
RT0007817,O00068695,P00087,2024-05-05,2,Quality Issue,Refund,55.37
RT0007818,O00005086,P01331,2023-04-30,2,Damaged in Transit,Credit Memo,37.28
RT0007819,O00065007,P00014,2024-07-28,6,Late Delivery,Replacement,337.6
RT0007820,O00040441,P00063,2024-04-20,2,Customer Changed Mind,Credit Memo,132.46
RT0007821,O00032182,P00498,2024-10-12,2,Damaged in Transit,Replacement,81.12
RT0007822,O00027279,P02049,2025-11-21,3,Quality Issue,Replacement,127.68
RT0007823,O00027964,P01943,2024-02-26,1,Late Delivery,Credit Memo,22.73
RT0007824,O00044916,P01605,2023-09-10,2,Damaged in Transit,Credit Memo,133.36
RT0007825,O00085222,P00055,2024-06-23,1,Damaged in Transit,Refund,67.32
RT0007826,O00054453,P00425,2023-05-17,10,Late Delivery,Credit Memo,204.42
RT0007827,O00034699,P02463,2025-05-19,1,Damaged in Transit,Credit Memo,18.29
RT0007828,O00005826,P01161,2025-06-21,1,Wrong Product,Refund,47.15
RT0007829,O00090277,P00001,2024-08-05,1,Quality Issue,Credit Memo,30.61
RT0007830,O00031532,P01529,2025-01-01,1,Damaged in Transit,Refund,33.39
RT0007831,O00073025,P01903,2023-03-17,9,Damaged in Transit,Credit Memo,633.09
RT0007832,O00052330,P00189,2023-06-14,2,Customer Changed Mind,Credit Memo,54.81
RT0007833,O00088635,P00019,2024-09-22,1,Late Delivery,Refund,42.67
RT0007834,O00003311,P02868,2023-06-23,1,Late Delivery,Replacement,25.87
RT0007835,O00047730,P00018,2023-08-02,1,Customer Changed Mind,Replacement,52.23
RT0007836,O00090955,P02928,2023-05-01,6,Wrong Product,Refund,105.98
RT0007837,O00074817,P00970,2023-08-16,2,Late Delivery,Credit Memo,51.78
RT0007838,O00052709,P00050,2024-03-23,1,Quality Issue,Credit Memo,43.04
RT0007839,O00038047,P01637,2023-09-09,3,Customer Changed Mind,Refund,91.03
RT0007840,O00077834,P00014,2023-05-24,1,Customer Changed Mind,Refund,57.44
RT0007841,O00092958,P00061,2023-06-14,7,Quality Issue,Refund,135.73
RT0007842,O00028455,P01871,2023-10-06,5,Excess Quantity,Refund,56.45
RT0007843,O00057573,P01193,2023-04-05,1,Late Delivery,Refund,61.24
RT0007844,O00026252,P00309,2025-04-02,1,Damaged in Transit,Refund,55.84
RT0007845,O00075079,P00135,2025-07-31,5,Late Delivery,Refund,192.09
RT0007846,O00030776,P00062,2023-03-18,3,Customer Changed Mind,Credit Memo,151.22
RT0007847,O00086835,P01357,2024-10-01,1,Wrong Product,Credit Memo,27.45
RT0007848,O00089292,P00579,2025-05-16,1,Wrong Product,Replacement,42.63
RT0007849,O00055250,P00018,2023-02-12,2,Customer Changed Mind,Replacement,118.33
RT0007850,O00041223,P00022,2025-10-14,2,Quality Issue,Refund,49.0
RT0007851,O00088418,P00017,2023-09-02,2,Damaged in Transit,Refund,42.08
RT0007852,O00035870,P01436,2026-01-16,1,Quality Issue,Replacement,11.09
RT0007853,O00059686,P01731,2024-06-18,2,Quality Issue,Replacement,84.55
RT0007854,O00067342,P00337,2024-09-25,4,Wrong Product,Replacement,103.63
RT0007855,O00089660,P00455,2023-03-19,3,Damaged in Transit,Replacement,107.79
RT0007856,O00094842,P00002,2025-10-22,5,Quality Issue,Refund,343.57
RT0007857,O00067257,P00175,2025-06-05,1,Excess Quantity,Credit Memo,13.48
RT0007858,O00046033,P00425,2023-02-25,3,Customer Changed Mind,Refund,61.69
RT0007859,O00059577,P00081,2024-06-01,3,Late Delivery,Replacement,54.21
RT0007860,O00091814,P00302,2024-04-05,4,Wrong Product,Credit Memo,474.95
RT0007861,O00054838,P00013,2023-06-12,3,Quality Issue,Credit Memo,78.8
RT0007862,O00012267,P00025,2024-11-18,1,Late Delivery,Refund,68.23
RT0007863,O00094488,P01005,2025-08-09,5,Late Delivery,Replacement,480.9
RT0007864,O00046634,P00155,2024-12-26,2,Damaged in Transit,Credit Memo,137.2
RT0007865,O00035584,P00094,2025-12-30,3,Late Delivery,Replacement,130.68
RT0007866,O00067232,P02859,2024-10-02,1,Late Delivery,Refund,41.68
RT0007867,O00027011,P00012,2023-07-14,1,Customer Changed Mind,Replacement,103.69
RT0007868,O00085712,P02610,2023-07-01,2,Damaged in Transit,Replacement,184.12
RT0007869,O00079630,P00727,2024-10-02,8,Quality Issue,Refund,325.39
RT0007870,O00060641,P00545,2023-03-12,4,Quality Issue,Replacement,232.29
RT0007871,O00081302,P00283,2025-07-18,1,Late Delivery,Replacement,53.14
RT0007872,O00050539,P00795,2024-08-29,2,Damaged in Transit,Credit Memo,34.56
RT0007873,O00023558,P00012,2024-02-29,1,Late Delivery,Replacement,112.17
RT0007874,O00028800,P00024,2025-12-12,19,Late Delivery,Credit Memo,1305.04
RT0007875,O00070066,P00532,2024-09-26,4,Damaged in Transit,Credit Memo,83.02
RT0007876,O00039001,P00347,2024-05-15,3,Damaged in Transit,Replacement,219.67
RT0007877,O00094989,P00010,2024-10-01,2,Quality Issue,Credit Memo,122.64
RT0007878,O00092393,P00015,2023-02-09,1,Damaged in Transit,Replacement,44.21
RT0007879,O00029760,P00236,2025-03-27,2,Damaged in Transit,Refund,115.2
RT0007880,O00048177,P01505,2025-08-13,1,Quality Issue,Refund,26.62
RT0007881,O00047744,P00964,2023-04-06,5,Quality Issue,Replacement,148.5
RT0007882,O00043599,P00303,2023-07-12,1,Quality Issue,Replacement,21.74
RT0007883,O00016577,P01829,2025-03-19,1,Damaged in Transit,Replacement,37.09
RT0007884,O00004177,P00599,2024-08-18,2,Damaged in Transit,Refund,25.01
RT0007885,O00075444,P00025,2024-04-14,6,Customer Changed Mind,Credit Memo,394.8
RT0007886,O00030029,P00045,2023-07-15,1,Customer Changed Mind,Refund,60.13
RT0007887,O00053735,P00193,2024-06-24,1,Quality Issue,Credit Memo,12.03
RT0007888,O00091080,P02498,2025-04-20,1,Quality Issue,Credit Memo,62.99
RT0007889,O00002044,P00315,2024-12-06,1,Customer Changed Mind,Replacement,15.94
RT0007890,O00054257,P00283,2024-05-04,1,Excess Quantity,Refund,59.21
RT0007891,O00079764,P00127,2024-01-14,1,Excess Quantity,Credit Memo,139.29
RT0007892,O00029009,P00012,2024-08-26,1,Wrong Product,Replacement,110.5
RT0007893,O00039867,P00950,2025-07-04,7,Customer Changed Mind,Refund,227.72
RT0007894,O00044411,P00963,2023-12-31,1,Late Delivery,Refund,35.11
RT0007895,O00019547,P00008,2024-03-08,3,Quality Issue,Refund,172.64
RT0007896,O00001602,P02713,2024-09-04,2,Quality Issue,Replacement,115.14
RT0007897,O00064897,P00013,2023-05-20,1,Late Delivery,Credit Memo,26.41
RT0007898,O00028618,P00104,2023-04-13,1,Quality Issue,Refund,19.96
RT0007899,O00027443,P00566,2024-08-06,2,Damaged in Transit,Credit Memo,43.57
RT0007900,O00092757,P01814,2024-02-10,2,Wrong Product,Credit Memo,60.53
RT0007901,O00079491,P00300,2024-07-10,1,Late Delivery,Replacement,34.77
RT0007902,O00066337,P00007,2024-06-03,1,Wrong Product,Refund,38.04
RT0007903,O00032674,P02647,2025-12-26,2,Quality Issue,Replacement,120.61
RT0007904,O00013993,P00196,2023-04-20,1,Quality Issue,Replacement,7.48
RT0007905,O00046222,P00036,2023-07-10,1,Quality Issue,Replacement,14.79
RT0007906,O00008007,P00041,2024-05-28,1,Customer Changed Mind,Replacement,59.9
RT0007907,O00089979,P00366,2023-08-12,5,Wrong Product,Credit Memo,263.35
RT0007908,O00078190,P00001,2025-07-30,2,Late Delivery,Refund,74.97
RT0007909,O00091559,P00382,2025-04-01,5,Quality Issue,Replacement,378.4
RT0007910,O00021883,P00255,2023-06-17,1,Quality Issue,Credit Memo,24.21
RT0007911,O00099541,P00525,2024-01-13,1,Damaged in Transit,Credit Memo,18.75
RT0007912,O00022178,P01204,2023-03-16,3,Customer Changed Mind,Credit Memo,157.11
RT0007913,O00080792,P00295,2023-10-18,1,Quality Issue,Credit Memo,59.3
RT0007914,O00069241,P00001,2024-01-27,2,Wrong Product,Replacement,79.8
RT0007915,O00025715,P02379,2025-12-10,1,Customer Changed Mind,Replacement,41.35
RT0007916,O00038468,P00172,2023-08-15,1,Late Delivery,Refund,49.09
RT0007917,O00086463,P00167,2025-03-25,2,Quality Issue,Credit Memo,56.54
RT0007918,O00097834,P00171,2025-12-03,1,Late Delivery,Replacement,6.77
RT0007919,O00062915,P00275,2025-11-01,4,Quality Issue,Refund,277.97
RT0007920,O00025939,P00005,2025-11-16,4,Quality Issue,Refund,185.58
RT0007921,O00027118,P00134,2023-09-06,1,Quality Issue,Refund,52.86
RT0007922,O00036645,P02026,2024-10-31,2,Customer Changed Mind,Refund,156.4
RT0007923,O00084165,P02178,2023-12-30,5,Quality Issue,Refund,73.87
RT0007924,O00076403,P00082,2024-10-10,1,Late Delivery,Credit Memo,178.64
RT0007925,O00012023,P01429,2025-04-23,6,Damaged in Transit,Credit Memo,288.53
RT0007926,O00023561,P00096,2024-08-25,1,Quality Issue,Credit Memo,105.97
RT0007927,O00003809,P01477,2024-08-09,1,Damaged in Transit,Refund,30.18
RT0007928,O00069678,P01203,2023-07-19,3,Excess Quantity,Refund,52.55
RT0007929,O00040802,P00121,2025-03-09,2,Late Delivery,Credit Memo,44.08
RT0007930,O00063726,P01249,2025-09-03,5,Late Delivery,Refund,159.32
RT0007931,O00029022,P01681,2025-07-07,2,Wrong Product,Credit Memo,77.66
RT0007932,O00059713,P00669,2024-08-31,2,Damaged in Transit,Replacement,104.16
RT0007933,O00086273,P01114,2023-10-11,1,Wrong Product,Replacement,37.97
RT0007934,O00021570,P00014,2023-10-23,3,Excess Quantity,Replacement,166.64
RT0007935,O00056732,P00526,2025-10-06,3,Customer Changed Mind,Refund,44.29
RT0007936,O00070248,P01169,2026-01-19,4,Late Delivery,Refund,869.65
RT0007937,O00032726,P02094,2025-11-13,2,Late Delivery,Credit Memo,133.84
RT0007938,O00015484,P01477,2024-08-18,1,Wrong Product,Replacement,27.4
RT0007939,O00045451,P00782,2025-02-13,3,Late Delivery,Refund,59.1
RT0007940,O00064530,P01585,2024-01-06,2,Wrong Product,Replacement,46.47
RT0007941,O00011923,P00005,2024-08-19,1,Late Delivery,Replacement,53.89
RT0007942,O00024391,P00193,2023-04-22,2,Late Delivery,Refund,22.03
RT0007943,O00065731,P01199,2025-11-29,1,Customer Changed Mind,Refund,41.02
RT0007944,O00018919,P01834,2023-08-14,2,Customer Changed Mind,Credit Memo,57.74
RT0007945,O00092346,P02612,2024-07-06,1,Damaged in Transit,Replacement,89.4
RT0007946,O00052613,P02267,2024-10-06,3,Late Delivery,Credit Memo,349.77
RT0007947,O00096841,P00283,2024-06-15,1,Excess Quantity,Refund,56.96
RT0007948,O00084666,P01411,2025-10-07,8,Quality Issue,Refund,123.31
RT0007949,O00022632,P00025,2024-07-18,2,Quality Issue,Refund,124.04
RT0007950,O00007330,P00501,2024-05-29,6,Wrong Product,Replacement,207.68
RT0007951,O00054848,P00034,2023-10-23,1,Quality Issue,Refund,20.41
RT0007952,O00002412,P00621,2025-03-07,1,Customer Changed Mind,Refund,82.0
RT0007953,O00080879,P00112,2024-05-19,1,Wrong Product,Refund,31.86
RT0007954,O00026512,P00002,2025-07-19,1,Damaged in Transit,Refund,63.46
RT0007955,O00035580,P01894,2024-01-09,2,Wrong Product,Credit Memo,64.66
RT0007956,O00003717,P00467,2024-07-20,1,Damaged in Transit,Refund,82.44
RT0007957,O00084541,P00081,2024-05-15,3,Wrong Product,Replacement,57.45
RT0007958,O00009030,P00244,2023-05-12,1,Customer Changed Mind,Replacement,20.46
RT0007959,O00026254,P01192,2025-09-26,8,Wrong Product,Credit Memo,121.29
RT0007960,O00030534,P01848,2025-04-10,2,Excess Quantity,Replacement,230.54
RT0007961,O00063176,P00045,2025-02-28,1,Damaged in Transit,Credit Memo,71.63
RT0007962,O00077693,P01324,2024-06-25,1,Wrong Product,Replacement,114.94
RT0007963,O00045418,P00282,2025-01-07,1,Quality Issue,Refund,45.16
RT0007964,O00053285,P00989,2025-08-20,1,Customer Changed Mind,Credit Memo,14.43
RT0007965,O00039351,P01641,2024-01-16,3,Excess Quantity,Credit Memo,360.7
RT0007966,O00004982,P00372,2024-03-09,1,Customer Changed Mind,Replacement,21.9
RT0007967,O00076115,P00263,2025-12-02,19,Quality Issue,Credit Memo,1872.45
RT0007968,O00012870,P00402,2023-08-12,4,Damaged in Transit,Replacement,166.92
RT0007969,O00082123,P00061,2024-03-11,2,Damaged in Transit,Refund,40.75
RT0007970,O00018037,P00562,2024-10-16,1,Damaged in Transit,Credit Memo,28.72
RT0007971,O00034153,P00001,2023-07-01,3,Quality Issue,Replacement,105.32
RT0007972,O00084985,P02823,2023-06-24,4,Customer Changed Mind,Refund,383.68
RT0007973,O00043183,P01755,2024-10-22,1,Late Delivery,Refund,65.34
RT0007974,O00002229,P00001,2024-06-04,1,Quality Issue,Replacement,39.25
RT0007975,O00044660,P00244,2024-02-13,13,Damaged in Transit,Refund,282.09
RT0007976,O00061926,P00008,2025-03-13,2,Quality Issue,Refund,126.16
RT0007977,O00018457,P01146,2023-06-26,2,Wrong Product,Credit Memo,118.12
RT0007978,O00046666,P00501,2025-04-08,9,Quality Issue,Replacement,309.75
RT0007979,O00054222,P00246,2024-05-21,5,Customer Changed Mind,Refund,524.19
RT0007980,O00052402,P00012,2024-05-07,2,Excess Quantity,Credit Memo,225.77
RT0007981,O00066493,P01026,2023-05-13,4,Quality Issue,Replacement,221.01
RT0007982,O00040449,P01586,2023-05-10,1,Late Delivery,Replacement,71.36
RT0007983,O00016576,P00007,2024-05-03,1,Damaged in Transit,Refund,28.91
RT0007984,O00018508,P01515,2023-06-06,1,Late Delivery,Refund,21.84
RT0007985,O00065369,P01450,2024-05-26,3,Excess Quantity,Refund,56.13
RT0007986,O00010290,P00010,2023-07-14,1,Damaged in Transit,Credit Memo,67.8
RT0007987,O00006845,P00541,2023-09-08,2,Excess Quantity,Refund,88.98
RT0007988,O00055119,P01386,2026-01-04,2,Wrong Product,Replacement,168.97
RT0007989,O00054715,P02684,2023-06-12,1,Customer Changed Mind,Refund,18.67
RT0007990,O00004942,P00032,2025-05-22,3,Late Delivery,Refund,129.32
RT0007991,O00032362,P00083,2025-08-03,2,Excess Quantity,Replacement,131.25
RT0007992,O00057416,P02629,2023-07-06,1,Excess Quantity,Credit Memo,44.04
RT0007993,O00030545,P00297,2023-06-01,3,Quality Issue,Replacement,336.72
RT0007994,O00066213,P00998,2023-11-06,5,Quality Issue,Refund,159.74
RT0007995,O00029804,P00123,2023-09-24,1,Wrong Product,Credit Memo,127.23
RT0007996,O00087926,P02525,2023-12-26,3,Late Delivery,Refund,97.11
RT0007997,O00087407,P00609,2023-06-12,1,Wrong Product,Refund,9.54
RT0007998,O00050438,P00015,2023-08-13,3,Excess Quantity,Credit Memo,145.26
RT0007999,O00058209,P02102,2024-11-07,1,Damaged in Transit,Replacement,75.54
RT0008000,O00064451,P00001,2023-10-08,3,Customer Changed Mind,Replacement,111.89
RT0008001,O00019086,P01663,2025-11-06,5,Customer Changed Mind,Credit Memo,412.0
RT0008002,O00042096,P01614,2024-11-22,1,Damaged in Transit,Refund,20.98
RT0008003,O00087373,P00067,2024-08-10,3,Damaged in Transit,Refund,184.37
RT0008004,O00090779,P00413,2024-03-25,2,Damaged in Transit,Replacement,18.64
RT0008005,O00010695,P02037,2025-08-30,2,Excess Quantity,Credit Memo,86.32
RT0008006,O00041730,P01743,2023-09-24,2,Quality Issue,Replacement,170.51
RT0008007,O00080661,P00808,2024-03-15,1,Late Delivery,Credit Memo,22.53
RT0008008,O00017310,P00079,2023-09-17,2,Quality Issue,Refund,89.31
RT0008009,O00049327,P00209,2025-05-22,4,Damaged in Transit,Refund,311.54
RT0008010,O00032423,P00913,2024-03-16,2,Quality Issue,Credit Memo,37.0
RT0008011,O00034229,P00910,2025-07-24,2,Excess Quantity,Refund,124.83
RT0008012,O00077922,P02980,2023-05-28,1,Damaged in Transit,Refund,15.0
RT0008013,O00016093,P00531,2023-07-30,1,Wrong Product,Credit Memo,22.26
RT0008014,O00008705,P00486,2023-06-16,1,Late Delivery,Refund,27.45
RT0008015,O00017179,P00166,2024-11-14,1,Quality Issue,Replacement,111.85
RT0008016,O00060598,P00011,2023-06-18,1,Damaged in Transit,Replacement,35.53
RT0008017,O00035942,P01492,2024-11-15,5,Damaged in Transit,Replacement,173.5
RT0008018,O00060751,P00258,2023-09-26,4,Damaged in Transit,Credit Memo,255.95
RT0008019,O00072502,P00002,2025-08-30,6,Customer Changed Mind,Credit Memo,450.78
RT0008020,O00028870,P01554,2025-04-05,2,Damaged in Transit,Replacement,155.78
RT0008021,O00097310,P00009,2024-07-01,6,Late Delivery,Refund,280.19
RT0008022,O00089731,P01103,2023-06-25,1,Late Delivery,Credit Memo,84.46
RT0008023,O00053686,P00286,2024-03-22,5,Late Delivery,Replacement,79.49
RT0008024,O00044655,P00014,2024-08-08,2,Quality Issue,Replacement,107.87
RT0008025,O00095361,P00284,2023-11-11,3,Wrong Product,Refund,78.94
RT0008026,O00005263,P01019,2024-04-20,1,Damaged in Transit,Credit Memo,25.65
RT0008027,O00010898,P00949,2023-07-15,1,Customer Changed Mind,Credit Memo,9.38
RT0008028,O00013397,P02989,2025-03-25,10,Damaged in Transit,Refund,295.6
RT0008029,O00057112,P01450,2025-01-13,1,Quality Issue,Replacement,18.19
RT0008030,O00058012,P00885,2025-12-05,1,Excess Quantity,Refund,16.62
RT0008031,O00023514,P00013,2024-03-27,2,Quality Issue,Refund,61.1
RT0008032,O00022962,P00726,2023-07-04,3,Damaged in Transit,Replacement,88.56
RT0008033,O00084016,P00008,2024-09-04,1,Damaged in Transit,Credit Memo,55.23
RT0008034,O00011523,P01177,2024-07-19,2,Damaged in Transit,Refund,70.13
RT0008035,O00028543,P01324,2023-10-05,5,Damaged in Transit,Replacement,607.75
RT0008036,O00049859,P01591,2024-09-17,2,Wrong Product,Refund,40.74
RT0008037,O00021190,P01466,2025-07-31,5,Excess Quantity,Replacement,97.74
RT0008038,O00049190,P00024,2024-01-13,1,Late Delivery,Replacement,65.65
RT0008039,O00026036,P00385,2024-01-21,2,Damaged in Transit,Replacement,32.29
RT0008040,O00073350,P00276,2024-06-22,1,Late Delivery,Credit Memo,51.74
RT0008041,O00061172,P00499,2025-09-14,4,Late Delivery,Refund,359.25
RT0008042,O00063952,P00383,2025-08-06,2,Wrong Product,Credit Memo,90.65
RT0008043,O00078803,P01012,2024-06-23,3,Wrong Product,Credit Memo,144.02
RT0008044,O00077153,P00309,2023-07-12,2,Damaged in Transit,Refund,108.15
RT0008045,O00080706,P01542,2025-02-05,1,Late Delivery,Credit Memo,37.92
RT0008046,O00088350,P01476,2024-02-02,1,Customer Changed Mind,Credit Memo,16.21
RT0008047,O00055274,P01257,2025-11-03,2,Damaged in Transit,Refund,76.84
RT0008048,O00074014,P02133,2024-07-30,3,Quality Issue,Refund,68.39
RT0008049,O00027113,P00286,2023-05-16,1,Damaged in Transit,Refund,15.0
RT0008050,O00082714,P00134,2024-08-01,1,Quality Issue,Refund,52.95
RT0008051,O00048958,P00027,2025-01-28,5,Damaged in Transit,Replacement,55.07
RT0008052,O00094265,P01422,2025-12-18,1,Excess Quantity,Refund,50.5
RT0008053,O00096385,P00062,2025-07-25,7,Wrong Product,Refund,320.88
RT0008054,O00080068,P00206,2024-03-03,3,Quality Issue,Credit Memo,49.7
RT0008055,O00021169,P01806,2025-12-13,3,Customer Changed Mind,Refund,218.65
RT0008056,O00016492,P01469,2024-03-07,2,Quality Issue,Refund,22.88
RT0008057,O00066735,P00653,2024-04-25,1,Damaged in Transit,Replacement,26.02
RT0008058,O00029391,P02498,2023-05-19,1,Late Delivery,Replacement,51.29
RT0008059,O00041898,P00375,2024-01-31,3,Damaged in Transit,Credit Memo,87.47
RT0008060,O00051141,P02077,2024-05-09,2,Customer Changed Mind,Credit Memo,94.47
RT0008061,O00069684,P00005,2023-09-02,10,Excess Quantity,Credit Memo,417.12
RT0008062,O00066281,P02858,2024-07-24,2,Excess Quantity,Replacement,26.5
RT0008063,O00014663,P00619,2025-12-25,3,Quality Issue,Replacement,109.83
RT0008064,O00038955,P02593,2024-07-08,2,Damaged in Transit,Refund,31.35
RT0008065,O00027113,P00168,2023-04-04,4,Quality Issue,Credit Memo,143.44
RT0008066,O00055726,P00124,2024-11-05,4,Quality Issue,Credit Memo,65.24
RT0008067,O00069757,P00644,2025-07-24,2,Late Delivery,Credit Memo,30.07
RT0008068,O00053864,P00953,2024-08-29,2,Wrong Product,Credit Memo,96.73
RT0008069,O00070834,P00501,2023-04-15,1,Wrong Product,Replacement,31.3
RT0008070,O00000448,P00364,2024-05-28,4,Late Delivery,Credit Memo,161.77
RT0008071,O00048946,P02164,2024-09-01,4,Damaged in Transit,Credit Memo,271.62
RT0008072,O00096509,P00310,2023-07-14,2,Late Delivery,Replacement,55.88
RT0008073,O00012966,P00433,2023-07-18,3,Damaged in Transit,Replacement,60.77
RT0008074,O00063545,P00004,2025-11-05,2,Quality Issue,Replacement,84.93
RT0008075,O00051202,P01274,2025-12-14,2,Quality Issue,Replacement,48.55
RT0008076,O00035867,P00949,2025-11-27,1,Damaged in Transit,Refund,11.39
RT0008077,O00016233,P00048,2025-08-17,2,Excess Quantity,Credit Memo,33.08
RT0008078,O00007870,P02475,2025-06-12,8,Excess Quantity,Refund,303.8
RT0008079,O00020820,P00043,2025-01-08,2,Damaged in Transit,Credit Memo,26.49
RT0008080,O00051743,P02854,2023-08-14,1,Quality Issue,Credit Memo,56.1
RT0008081,O00072366,P02528,2025-04-29,8,Quality Issue,Replacement,346.88
RT0008082,O00092940,P00376,2023-12-21,1,Damaged in Transit,Refund,37.45
RT0008083,O00083614,P00005,2024-10-07,1,Quality Issue,Refund,46.72
RT0008084,O00053022,P02335,2023-12-09,4,Excess Quantity,Replacement,431.63
RT0008085,O00078436,P00268,2023-08-04,3,Damaged in Transit,Refund,31.49
RT0008086,O00032072,P01975,2024-07-12,1,Excess Quantity,Credit Memo,29.4
RT0008087,O00026608,P01647,2024-07-12,2,Late Delivery,Refund,49.2
RT0008088,O00015337,P00001,2025-05-21,4,Quality Issue,Refund,169.56
RT0008089,O00015400,P00994,2023-09-09,4,Damaged in Transit,Refund,137.9
RT0008090,O00023073,P00335,2023-07-07,5,Customer Changed Mind,Credit Memo,144.77
RT0008091,O00029157,P00301,2024-10-28,4,Damaged in Transit,Replacement,240.24
RT0008092,O00049643,P02442,2025-11-17,2,Excess Quantity,Credit Memo,39.34
RT0008093,O00068004,P02399,2024-05-01,2,Customer Changed Mind,Credit Memo,139.82
RT0008094,O00032657,P00074,2024-07-10,6,Quality Issue,Credit Memo,132.58
RT0008095,O00043462,P00002,2025-10-18,1,Wrong Product,Replacement,75.04
RT0008096,O00066850,P00016,2023-04-04,2,Damaged in Transit,Credit Memo,283.58
RT0008097,O00021128,P02289,2024-08-23,1,Late Delivery,Replacement,19.18
RT0008098,O00066118,P00036,2023-06-27,2,Damaged in Transit,Replacement,29.13
RT0008099,O00040314,P00012,2023-11-02,1,Customer Changed Mind,Replacement,116.82
RT0008100,O00030778,P02489,2024-07-11,2,Excess Quantity,Credit Memo,66.13
RT0008101,O00084024,P00533,2025-09-14,1,Customer Changed Mind,Refund,23.51
RT0008102,O00005760,P01711,2023-12-15,1,Quality Issue,Replacement,32.06
RT0008103,O00019196,P00352,2025-06-14,2,Customer Changed Mind,Credit Memo,40.7
RT0008104,O00064151,P00014,2025-02-02,4,Damaged in Transit,Credit Memo,207.32
RT0008105,O00067385,P02493,2024-05-06,6,Late Delivery,Credit Memo,121.38
RT0008106,O00040429,P01172,2025-05-27,1,Excess Quantity,Credit Memo,8.3
RT0008107,O00004033,P00607,2025-04-22,3,Late Delivery,Replacement,104.14
RT0008108,O00075534,P00001,2023-09-15,2,Quality Issue,Refund,69.88
RT0008109,O00072451,P01298,2025-06-25,4,Damaged in Transit,Replacement,63.63
RT0008110,O00089098,P00105,2025-10-29,3,Late Delivery,Refund,57.71
RT0008111,O00047950,P01419,2025-07-13,9,Damaged in Transit,Replacement,490.94
RT0008112,O00099754,P02194,2023-06-30,1,Damaged in Transit,Replacement,37.87
RT0008113,O00026331,P00008,2025-08-06,3,Damaged in Transit,Credit Memo,189.66
RT0008114,O00067188,P01739,2024-02-14,1,Excess Quantity,Refund,8.19
RT0008115,O00041240,P00037,2023-05-14,3,Damaged in Transit,Credit Memo,52.21
RT0008116,O00091139,P01182,2025-11-21,2,Damaged in Transit,Replacement,70.29
RT0008117,O00089374,P01307,2023-12-10,7,Quality Issue,Credit Memo,161.64
RT0008118,O00003006,P00631,2024-02-20,2,Quality Issue,Credit Memo,136.55
RT0008119,O00015021,P01066,2024-05-22,9,Quality Issue,Replacement,366.49
RT0008120,O00057182,P00603,2024-06-04,2,Quality Issue,Replacement,54.39
RT0008121,O00056254,P00701,2025-05-25,4,Damaged in Transit,Replacement,417.32
RT0008122,O00045289,P01258,2024-01-16,5,Excess Quantity,Replacement,212.2
RT0008123,O00057756,P00048,2026-01-21,3,Excess Quantity,Refund,43.85
RT0008124,O00039496,P00005,2025-08-13,2,Excess Quantity,Credit Memo,98.66
RT0008125,O00021536,P00936,2023-04-04,1,Wrong Product,Replacement,78.33
RT0008126,O00029814,P00019,2023-08-30,1,Quality Issue,Replacement,42.31
RT0008127,O00052721,P00173,2025-03-17,4,Wrong Product,Refund,483.16
RT0008128,O00057387,P00840,2024-06-30,1,Customer Changed Mind,Refund,23.72
RT0008129,O00041327,P02099,2024-06-19,3,Damaged in Transit,Replacement,113.02
RT0008130,O00038728,P00799,2024-12-26,7,Quality Issue,Replacement,353.18
RT0008131,O00053353,P00001,2023-09-03,1,Wrong Product,Refund,35.16
RT0008132,O00038818,P00024,2023-08-08,9,Damaged in Transit,Replacement,633.15
RT0008133,O00099325,P02997,2024-03-08,1,Excess Quantity,Replacement,45.8
RT0008134,O00005113,P01571,2024-04-03,1,Late Delivery,Replacement,27.04
RT0008135,O00002118,P00002,2025-08-11,1,Damaged in Transit,Replacement,66.27
RT0008136,O00025571,P00998,2023-02-15,2,Quality Issue,Replacement,66.39
RT0008137,O00030556,P00001,2025-11-20,4,Late Delivery,Refund,144.22
RT0008138,O00048754,P00254,2025-08-11,2,Wrong Product,Credit Memo,361.69
RT0008139,O00006243,P01077,2024-11-14,4,Damaged in Transit,Refund,79.36
RT0008140,O00014245,P00075,2024-09-14,2,Damaged in Transit,Replacement,135.34
RT0008141,O00099920,P00121,2023-08-04,2,Late Delivery,Refund,37.7
RT0008142,O00002586,P02354,2023-10-14,2,Damaged in Transit,Replacement,106.68
RT0008143,O00003810,P00313,2025-03-03,2,Damaged in Transit,Refund,83.83
RT0008144,O00050048,P01173,2025-11-14,1,Wrong Product,Refund,62.01
RT0008145,O00005191,P00095,2023-04-22,1,Damaged in Transit,Replacement,11.16
RT0008146,O00080299,P01820,2023-08-30,10,Customer Changed Mind,Refund,507.15
RT0008147,O00067323,P00292,2024-12-28,1,Wrong Product,Replacement,30.6
RT0008148,O00070623,P02872,2023-05-10,3,Quality Issue,Credit Memo,223.18
RT0008149,O00062853,P00605,2025-02-03,1,Damaged in Transit,Replacement,199.31
RT0008150,O00022491,P02519,2025-09-26,2,Damaged in Transit,Replacement,135.64
RT0008151,O00085303,P01987,2023-04-25,6,Wrong Product,Refund,320.82
RT0008152,O00007679,P00061,2025-08-15,1,Quality Issue,Refund,18.59
RT0008153,O00089634,P00758,2025-06-30,1,Damaged in Transit,Credit Memo,14.33
RT0008154,O00074343,P00625,2024-09-01,1,Wrong Product,Credit Memo,36.86
RT0008155,O00000173,P01335,2025-03-31,1,Quality Issue,Credit Memo,41.17
RT0008156,O00094346,P01493,2023-03-18,2,Wrong Product,Replacement,40.66
RT0008157,O00060210,P00205,2024-09-13,1,Late Delivery,Credit Memo,10.58
RT0008158,O00029799,P00755,2024-10-05,1,Quality Issue,Replacement,205.21
RT0008159,O00009999,P00002,2026-01-28,2,Wrong Product,Credit Memo,145.08
RT0008160,O00079562,P00487,2025-02-22,4,Customer Changed Mind,Replacement,196.28
RT0008161,O00051882,P00062,2024-07-20,4,Damaged in Transit,Refund,217.59
RT0008162,O00039337,P00115,2024-08-09,3,Damaged in Transit,Replacement,79.54
RT0008163,O00019897,P00392,2023-11-09,2,Quality Issue,Credit Memo,215.2
RT0008164,O00051173,P00898,2023-03-27,11,Excess Quantity,Replacement,102.3
RT0008165,O00087479,P00311,2023-04-27,10,Late Delivery,Refund,294.21
RT0008166,O00025167,P01691,2025-06-27,1,Damaged in Transit,Replacement,50.05
RT0008167,O00006937,P00616,2024-06-05,2,Customer Changed Mind,Credit Memo,42.92
RT0008168,O00063038,P00730,2023-04-18,2,Damaged in Transit,Replacement,267.6
RT0008169,O00005968,P00836,2025-04-16,2,Customer Changed Mind,Replacement,69.14
RT0008170,O00060420,P01263,2025-07-16,1,Wrong Product,Refund,113.18
RT0008171,O00097750,P02476,2023-03-17,1,Wrong Product,Refund,75.82
RT0008172,O00088483,P01329,2025-12-12,1,Customer Changed Mind,Replacement,43.45
RT0008173,O00004413,P00191,2023-05-15,2,Excess Quantity,Refund,96.64
RT0008174,O00036126,P00002,2025-09-15,1,Late Delivery,Refund,69.53
RT0008175,O00081743,P00147,2024-04-01,1,Customer Changed Mind,Refund,89.65
RT0008176,O00019629,P02911,2023-04-29,4,Late Delivery,Credit Memo,121.33
RT0008177,O00005706,P00233,2023-06-24,3,Quality Issue,Credit Memo,46.0
RT0008178,O00046304,P01897,2025-05-18,1,Damaged in Transit,Refund,25.0
RT0008179,O00019333,P00072,2023-06-18,1,Wrong Product,Refund,10.15
RT0008180,O00084242,P00862,2023-08-18,5,Damaged in Transit,Credit Memo,103.41
RT0008181,O00042119,P00238,2024-08-24,9,Quality Issue,Replacement,467.87
RT0008182,O00007827,P01601,2023-12-31,4,Customer Changed Mind,Replacement,76.93
RT0008183,O00059398,P00064,2024-07-24,2,Excess Quantity,Credit Memo,196.23
RT0008184,O00078340,P01672,2025-10-09,4,Damaged in Transit,Refund,417.37
RT0008185,O00071690,P00253,2025-05-04,1,Quality Issue,Replacement,5.76
RT0008186,O00048532,P00117,2024-12-28,11,Damaged in Transit,Replacement,563.15
RT0008187,O00071009,P01538,2025-09-13,1,Quality Issue,Refund,100.22
RT0008188,O00018599,P00043,2024-08-28,3,Damaged in Transit,Credit Memo,44.1
RT0008189,O00046271,P00405,2023-10-03,4,Damaged in Transit,Credit Memo,108.22
RT0008190,O00073890,P01868,2024-04-16,5,Wrong Product,Refund,238.78
RT0008191,O00045080,P00916,2023-07-17,7,Damaged in Transit,Replacement,498.68
RT0008192,O00066953,P01116,2023-07-03,3,Excess Quantity,Credit Memo,178.61
RT0008193,O00007685,P00037,2023-01-23,3,Quality Issue,Replacement,56.08
RT0008194,O00030121,P01064,2023-05-31,2,Damaged in Transit,Credit Memo,420.8
RT0008195,O00029160,P00283,2023-03-16,1,Customer Changed Mind,Refund,52.45
RT0008196,O00041195,P02957,2023-09-11,4,Damaged in Transit,Refund,210.86
RT0008197,O00092936,P00252,2024-07-01,5,Quality Issue,Replacement,122.75
RT0008198,O00055827,P00125,2024-08-01,3,Damaged in Transit,Refund,794.33
RT0008199,O00056535,P01911,2023-09-03,1,Wrong Product,Credit Memo,60.65
RT0008200,O00096732,P00190,2024-04-11,7,Quality Issue,Credit Memo,836.08
RT0008201,O00021264,P01209,2024-01-27,3,Wrong Product,Credit Memo,65.36
RT0008202,O00054816,P00020,2025-06-14,2,Damaged in Transit,Credit Memo,49.39
RT0008203,O00018309,P00485,2023-07-11,9,Damaged in Transit,Replacement,777.96
RT0008204,O00029782,P01784,2023-03-30,4,Damaged in Transit,Replacement,245.07
RT0008205,O00073108,P00052,2024-05-02,5,Late Delivery,Credit Memo,156.31
RT0008206,O00067846,P00685,2024-08-03,1,Customer Changed Mind,Replacement,92.8
RT0008207,O00079947,P00002,2024-05-17,1,Damaged in Transit,Replacement,74.67
RT0008208,O00033212,P00009,2024-04-29,1,Excess Quantity,Credit Memo,48.0
RT0008209,O00083303,P02048,2025-02-01,4,Late Delivery,Credit Memo,300.4
RT0008210,O00067439,P00203,2023-07-30,1,Wrong Product,Credit Memo,60.0
RT0008211,O00046581,P00001,2025-06-18,1,Damaged in Transit,Credit Memo,37.17
RT0008212,O00073499,P00067,2025-07-25,2,Late Delivery,Credit Memo,122.38
RT0008213,O00031534,P00455,2024-04-21,7,Quality Issue,Credit Memo,259.21
RT0008214,O00087816,P00278,2024-09-11,1,Customer Changed Mind,Credit Memo,28.6
RT0008215,O00003450,P00009,2024-08-13,2,Excess Quantity,Refund,98.48
RT0008216,O00089562,P00146,2024-04-02,7,Customer Changed Mind,Refund,227.46
RT0008217,O00075638,P00176,2026-01-28,2,Excess Quantity,Refund,142.97
RT0008218,O00044163,P00192,2023-07-24,2,Wrong Product,Credit Memo,22.84
RT0008219,O00029120,P02192,2025-01-31,4,Damaged in Transit,Refund,221.12
RT0008220,O00048580,P00644,2025-11-13,2,Excess Quantity,Refund,27.4
RT0008221,O00056303,P02637,2023-03-31,7,Quality Issue,Replacement,154.24
RT0008222,O00020334,P00900,2025-05-07,2,Late Delivery,Replacement,51.67
RT0008223,O00013497,P00687,2024-06-16,3,Late Delivery,Refund,134.31
RT0008224,O00091814,P02691,2024-03-06,3,Late Delivery,Replacement,289.28
RT0008225,O00048074,P00301,2025-07-12,1,Damaged in Transit,Credit Memo,66.49
RT0008226,O00033337,P00896,2026-02-20,1,Wrong Product,Credit Memo,11.69
RT0008227,O00000848,P00999,2025-10-02,5,Excess Quantity,Refund,248.18
RT0008228,O00076422,P02473,2024-08-19,1,Late Delivery,Replacement,43.58
RT0008229,O00012296,P01482,2026-01-03,1,Late Delivery,Refund,42.71
RT0008230,O00049415,P00881,2024-05-12,1,Late Delivery,Credit Memo,17.86
RT0008231,O00075228,P00016,2023-04-25,1,Wrong Product,Refund,145.82
RT0008232,O00000339,P00040,2025-05-23,4,Wrong Product,Refund,262.75
RT0008233,O00019328,P00997,2023-07-17,1,Quality Issue,Replacement,55.76
RT0008234,O00074870,P02172,2024-12-30,5,Customer Changed Mind,Credit Memo,194.65
RT0008235,O00050858,P01894,2023-07-16,3,Late Delivery,Replacement,81.94
RT0008236,O00082801,P00084,2023-08-23,1,Damaged in Transit,Refund,65.96
RT0008237,O00092475,P01007,2024-02-29,2,Damaged in Transit,Refund,115.58
RT0008238,O00075224,P00088,2025-08-04,2,Customer Changed Mind,Refund,28.52
RT0008239,O00080184,P00272,2023-09-28,6,Late Delivery,Replacement,223.14
RT0008240,O00014042,P01908,2023-07-05,3,Damaged in Transit,Refund,235.77
RT0008241,O00072364,P01210,2025-12-11,4,Wrong Product,Replacement,192.37
RT0008242,O00000546,P00043,2024-06-18,2,Customer Changed Mind,Credit Memo,29.31
RT0008243,O00009387,P01001,2025-10-31,5,Wrong Product,Refund,153.6
RT0008244,O00043927,P01017,2024-09-12,8,Damaged in Transit,Replacement,500.2
RT0008245,O00087763,P00007,2023-08-14,1,Damaged in Transit,Replacement,31.11
RT0008246,O00045857,P02483,2025-07-14,1,Damaged in Transit,Refund,24.91
RT0008247,O00094676,P00665,2025-04-19,5,Excess Quantity,Replacement,140.94
RT0008248,O00076171,P00119,2024-05-22,1,Wrong Product,Replacement,7.6
RT0008249,O00030145,P01307,2025-04-24,4,Quality Issue,Refund,95.76
RT0008250,O00099359,P00233,2025-11-17,3,Damaged in Transit,Credit Memo,50.23
RT0008251,O00062807,P00012,2026-02-09,4,Excess Quantity,Refund,491.8
RT0008252,O00060649,P00646,2025-04-28,2,Excess Quantity,Replacement,75.72
RT0008253,O00025288,P00183,2025-12-31,1,Excess Quantity,Refund,39.67
RT0008254,O00087489,P00038,2024-01-21,4,Customer Changed Mind,Credit Memo,156.03
RT0008255,O00073214,P00220,2024-03-06,5,Late Delivery,Replacement,131.45
RT0008256,O00046131,P00116,2024-07-16,4,Quality Issue,Refund,65.08
RT0008257,O00094945,P00102,2024-12-19,1,Excess Quantity,Credit Memo,54.62
RT0008258,O00064578,P00500,2025-07-12,2,Customer Changed Mind,Credit Memo,89.08
RT0008259,O00054438,P00057,2026-01-06,2,Customer Changed Mind,Replacement,54.32
RT0008260,O00033036,P02706,2023-12-04,2,Customer Changed Mind,Replacement,118.42
RT0008261,O00029495,P00009,2023-02-25,3,Customer Changed Mind,Replacement,151.56
RT0008262,O00020734,P00051,2024-03-25,4,Quality Issue,Replacement,145.88
RT0008263,O00014248,P00001,2023-07-04,4,Customer Changed Mind,Refund,150.48
RT0008264,O00086197,P01808,2023-08-11,4,Wrong Product,Refund,47.28
RT0008265,O00042449,P00158,2024-12-19,3,Late Delivery,Refund,213.81
RT0008266,O00063973,P00057,2024-03-12,2,Quality Issue,Credit Memo,52.8
RT0008267,O00056176,P02612,2023-07-01,7,Quality Issue,Replacement,682.99
RT0008268,O00006916,P00064,2023-12-05,2,Customer Changed Mind,Refund,202.34
RT0008269,O00068328,P01592,2025-04-29,5,Excess Quantity,Refund,100.77
RT0008270,O00050248,P00730,2025-02-09,2,Quality Issue,Refund,280.1
RT0008271,O00088136,P00009,2023-04-04,1,Late Delivery,Refund,46.97
RT0008272,O00090368,P00564,2025-05-10,2,Damaged in Transit,Replacement,244.91
RT0008273,O00054979,P00784,2024-03-16,2,Customer Changed Mind,Replacement,24.8
RT0008274,O00034595,P01400,2024-12-03,2,Wrong Product,Refund,95.66
RT0008275,O00074643,P00861,2023-06-21,2,Quality Issue,Refund,144.38
RT0008276,O00077025,P00086,2024-04-13,3,Damaged in Transit,Replacement,59.98
RT0008277,O00018809,P02277,2025-05-26,2,Damaged in Transit,Credit Memo,41.1
RT0008278,O00009714,P00602,2025-03-25,2,Damaged in Transit,Credit Memo,89.85
RT0008279,O00010824,P00334,2023-02-06,10,Quality Issue,Refund,156.2
RT0008280,O00093034,P00409,2025-10-15,1,Customer Changed Mind,Credit Memo,30.53
RT0008281,O00077637,P00017,2023-09-30,7,Quality Issue,Refund,144.88
RT0008282,O00068058,P02513,2025-07-16,4,Customer Changed Mind,Credit Memo,89.93
RT0008283,O00064201,P00152,2023-10-31,1,Damaged in Transit,Replacement,66.88
RT0008284,O00053641,P00608,2023-12-29,3,Quality Issue,Credit Memo,16.91
RT0008285,O00064341,P02388,2025-03-30,1,Damaged in Transit,Credit Memo,26.52
RT0008286,O00054672,P00019,2025-07-12,1,Excess Quantity,Refund,40.44
RT0008287,O00079202,P00229,2023-12-19,2,Damaged in Transit,Refund,122.74
RT0008288,O00073557,P00089,2023-03-27,7,Quality Issue,Credit Memo,783.56
RT0008289,O00012680,P00045,2023-08-02,1,Wrong Product,Replacement,62.84
RT0008290,O00057353,P01008,2023-03-01,1,Quality Issue,Credit Memo,129.26
RT0008291,O00087533,P00850,2025-06-22,1,Damaged in Transit,Replacement,11.34
RT0008292,O00032804,P00014,2024-10-21,2,Late Delivery,Credit Memo,109.7
RT0008293,O00043752,P02160,2023-09-02,4,Quality Issue,Refund,79.5
RT0008294,O00037063,P01719,2023-10-06,1,Customer Changed Mind,Replacement,22.83
RT0008295,O00062542,P00769,2024-12-06,7,Customer Changed Mind,Replacement,540.08
RT0008296,O00093891,P00441,2024-07-11,2,Customer Changed Mind,Replacement,86.68
RT0008297,O00091446,P02309,2024-05-29,3,Quality Issue,Refund,20.85
RT0008298,O00069844,P00021,2023-10-23,5,Customer Changed Mind,Credit Memo,312.41
RT0008299,O00069161,P00798,2023-10-11,9,Quality Issue,Refund,486.4
RT0008300,O00064170,P00919,2024-11-01,7,Quality Issue,Refund,344.19
RT0008301,O00069524,P01651,2023-11-18,2,Damaged in Transit,Credit Memo,125.35
RT0008302,O00057725,P02752,2025-09-07,5,Late Delivery,Refund,81.7
RT0008303,O00008191,P00655,2023-07-15,4,Customer Changed Mind,Refund,16.45
RT0008304,O00082373,P01869,2025-10-19,2,Quality Issue,Credit Memo,58.72
RT0008305,O00019040,P00011,2025-07-27,3,Customer Changed Mind,Refund,127.82
RT0008306,O00077721,P00144,2023-08-27,2,Wrong Product,Refund,84.39
RT0008307,O00009195,P00340,2024-10-17,1,Excess Quantity,Replacement,43.92
RT0008308,O00067854,P00046,2024-04-28,3,Excess Quantity,Replacement,183.1
RT0008309,O00015451,P01645,2024-03-11,1,Damaged in Transit,Replacement,26.67
RT0008310,O00024420,P01931,2024-07-16,3,Late Delivery,Replacement,43.8
RT0008311,O00081100,P00083,2023-09-24,1,Wrong Product,Credit Memo,62.63
RT0008312,O00083345,P00069,2023-06-06,2,Wrong Product,Refund,83.05
RT0008313,O00040880,P00201,2025-02-25,3,Damaged in Transit,Replacement,85.9
RT0008314,O00082220,P00151,2025-08-27,2,Damaged in Transit,Refund,273.81
RT0008315,O00002961,P02975,2025-04-29,4,Damaged in Transit,Replacement,297.43
RT0008316,O00098701,P00446,2025-08-12,2,Wrong Product,Replacement,53.16
RT0008317,O00010606,P00893,2023-09-05,3,Quality Issue,Refund,157.46
RT0008318,O00044866,P00163,2025-10-28,3,Late Delivery,Replacement,381.41
RT0008319,O00077377,P00100,2024-04-18,1,Damaged in Transit,Refund,29.86
RT0008320,O00031318,P00432,2024-05-24,1,Damaged in Transit,Refund,34.5
RT0008321,O00090507,P00087,2024-11-10,2,Damaged in Transit,Replacement,53.43
RT0008322,O00034136,P00045,2023-04-10,2,Wrong Product,Refund,135.2
RT0008323,O00080425,P01315,2025-12-30,3,Quality Issue,Credit Memo,74.24
RT0008324,O00024748,P00904,2023-12-09,3,Wrong Product,Refund,134.29
RT0008325,O00041095,P00116,2023-10-09,1,Damaged in Transit,Refund,14.99
RT0008326,O00026470,P02080,2024-01-07,3,Late Delivery,Replacement,255.02
RT0008327,O00001777,P02604,2024-05-03,4,Wrong Product,Refund,59.17
RT0008328,O00078096,P00094,2023-08-12,7,Excess Quantity,Credit Memo,282.29
RT0008329,O00022893,P00002,2023-08-20,1,Wrong Product,Credit Memo,67.02
RT0008330,O00065530,P01151,2023-09-11,2,Excess Quantity,Refund,43.87
RT0008331,O00036962,P00002,2023-07-03,2,Wrong Product,Refund,115.22
RT0008332,O00062342,P00548,2024-05-12,4,Late Delivery,Refund,109.44
RT0008333,O00047247,P02059,2023-04-05,2,Excess Quantity,Credit Memo,124.53
RT0008334,O00057188,P01471,2023-01-28,3,Wrong Product,Refund,373.45
RT0008335,O00055084,P00274,2023-04-20,4,Wrong Product,Replacement,154.69
RT0008336,O00098247,P00332,2024-04-09,1,Wrong Product,Replacement,22.56
RT0008337,O00004437,P02282,2024-04-27,2,Damaged in Transit,Refund,109.31
RT0008338,O00044249,P00055,2023-07-15,1,Customer Changed Mind,Replacement,58.27
RT0008339,O00086564,P00015,2024-03-08,2,Wrong Product,Credit Memo,104.6
RT0008340,O00017605,P00044,2025-03-30,2,Customer Changed Mind,Refund,59.81
RT0008341,O00041605,P00865,2024-07-12,3,Wrong Product,Refund,105.45
RT0008342,O00096143,P00004,2025-02-09,2,Damaged in Transit,Replacement,83.5
RT0008343,O00038000,P01868,2024-10-24,2,Wrong Product,Credit Memo,108.02
RT0008344,O00094326,P00180,2024-09-20,6,Wrong Product,Credit Memo,129.18
RT0008345,O00063168,P00647,2024-06-12,5,Quality Issue,Credit Memo,150.01
RT0008346,O00054159,P00222,2025-09-04,8,Quality Issue,Credit Memo,370.56
RT0008347,O00034440,P00070,2023-12-18,1,Quality Issue,Refund,121.81
RT0008348,O00013398,P02719,2025-04-21,2,Wrong Product,Replacement,39.14
RT0008349,O00066243,P00170,2025-12-01,1,Damaged in Transit,Replacement,79.6
RT0008350,O00027136,P00054,2023-03-15,1,Quality Issue,Replacement,19.97
RT0008351,O00029540,P00001,2024-10-16,5,Damaged in Transit,Credit Memo,185.4
RT0008352,O00044601,P02298,2024-02-06,2,Wrong Product,Replacement,145.05
RT0008353,O00058200,P00806,2023-10-18,2,Quality Issue,Refund,104.31
RT0008354,O00041820,P00126,2025-09-11,2,Customer Changed Mind,Replacement,50.67
RT0008355,O00008849,P00177,2024-03-05,1,Quality Issue,Replacement,24.4
RT0008356,O00073158,P01186,2024-04-12,8,Late Delivery,Replacement,114.91
RT0008357,O00032857,P01626,2025-04-21,2,Late Delivery,Credit Memo,196.25
RT0008358,O00043158,P00084,2025-11-12,1,Excess Quantity,Credit Memo,79.94
RT0008359,O00025234,P00160,2024-09-07,1,Damaged in Transit,Refund,68.24
RT0008360,O00014207,P02761,2024-07-19,5,Late Delivery,Refund,271.45
RT0008361,O00046079,P00110,2024-12-30,2,Quality Issue,Replacement,53.81
RT0008362,O00007457,P00968,2023-04-17,1,Damaged in Transit,Credit Memo,19.03
RT0008363,O00090994,P00357,2023-11-23,2,Wrong Product,Replacement,38.76
RT0008364,O00068390,P01899,2025-05-19,4,Customer Changed Mind,Replacement,50.23
RT0008365,O00044774,P00055,2025-07-13,1,Excess Quantity,Refund,62.36
RT0008366,O00081457,P01673,2025-07-07,3,Damaged in Transit,Refund,36.97
RT0008367,O00073764,P00182,2023-11-23,3,Damaged in Transit,Refund,192.76
RT0008368,O00005983,P02087,2024-12-30,2,Damaged in Transit,Replacement,60.93
RT0008369,O00053743,P00010,2024-03-29,2,Customer Changed Mind,Replacement,131.27
RT0008370,O00046631,P00093,2024-07-11,2,Wrong Product,Replacement,91.84
RT0008371,O00052764,P01969,2023-07-25,2,Wrong Product,Replacement,177.03
RT0008372,O00008844,P00213,2024-06-23,1,Customer Changed Mind,Replacement,23.66
RT0008373,O00026490,P00440,2023-02-23,5,Excess Quantity,Credit Memo,173.87
RT0008374,O00002935,P01271,2024-01-23,2,Wrong Product,Credit Memo,112.57
RT0008375,O00047797,P02231,2025-09-28,2,Damaged in Transit,Refund,87.95
RT0008376,O00042152,P00210,2023-10-25,3,Late Delivery,Refund,94.89
RT0008377,O00030801,P02532,2024-08-20,3,Customer Changed Mind,Credit Memo,66.89
RT0008378,O00010620,P00213,2025-10-20,1,Damaged in Transit,Credit Memo,28.75
RT0008379,O00062649,P00004,2023-08-12,3,Late Delivery,Refund,117.94
RT0008380,O00060127,P00890,2024-05-30,4,Damaged in Transit,Credit Memo,71.0
RT0008381,O00001797,P00241,2024-03-09,3,Damaged in Transit,Credit Memo,142.71
RT0008382,O00018979,P02806,2025-09-30,2,Quality Issue,Refund,157.17
RT0008383,O00054327,P00388,2023-03-17,1,Quality Issue,Credit Memo,42.21
RT0008384,O00032788,P00030,2024-11-27,1,Quality Issue,Replacement,27.89
RT0008385,O00009341,P00214,2025-07-23,2,Late Delivery,Refund,115.12
RT0008386,O00059099,P00002,2025-08-08,2,Damaged in Transit,Replacement,139.72
RT0008387,O00087720,P00313,2023-02-25,6,Late Delivery,Credit Memo,240.25
RT0008388,O00067229,P01066,2024-05-15,3,Late Delivery,Replacement,123.86
RT0008389,O00025862,P00087,2026-02-17,1,Customer Changed Mind,Replacement,27.55
RT0008390,O00068980,P00130,2023-09-23,1,Customer Changed Mind,Credit Memo,26.28
RT0008391,O00008603,P02727,2024-06-13,13,Customer Changed Mind,Credit Memo,1834.47
RT0008392,O00030249,P00616,2024-05-07,9,Wrong Product,Credit Memo,188.36
RT0008393,O00038829,P01506,2024-09-18,2,Wrong Product,Replacement,452.32
RT0008394,O00026598,P00151,2023-10-01,2,Damaged in Transit,Credit Memo,255.89
RT0008395,O00015294,P00771,2023-10-20,4,Quality Issue,Refund,138.78
RT0008396,O00041832,P00042,2026-01-15,7,Wrong Product,Refund,267.33
RT0008397,O00047034,P00106,2025-09-01,3,Quality Issue,Replacement,238.08
RT0008398,O00050618,P00001,2025-07-03,3,Quality Issue,Replacement,122.1
RT0008399,O00004545,P00055,2025-12-24,4,Quality Issue,Replacement,227.18
RT0008400,O00047098,P02178,2023-12-07,1,Wrong Product,Replacement,15.33
RT0008401,O00078984,P02341,2023-08-11,3,Late Delivery,Credit Memo,254.17
RT0008402,O00064271,P00011,2024-05-25,4,Late Delivery,Credit Memo,162.76
RT0008403,O00043132,P00001,2024-03-16,3,Damaged in Transit,Replacement,116.02
RT0008404,O00012184,P00159,2023-12-09,3,Customer Changed Mind,Credit Memo,106.83
RT0008405,O00094837,P00087,2023-08-18,10,Damaged in Transit,Credit Memo,283.95
RT0008406,O00080004,P01056,2025-08-02,4,Damaged in Transit,Refund,190.8
RT0008407,O00061935,P00098,2025-07-02,2,Late Delivery,Replacement,31.82
RT0008408,O00018667,P00412,2023-09-10,1,Wrong Product,Refund,17.25
RT0008409,O00050294,P01254,2023-08-16,4,Damaged in Transit,Credit Memo,502.85
RT0008410,O00004871,P00112,2024-10-05,1,Wrong Product,Refund,32.91
RT0008411,O00015644,P00403,2025-07-20,6,Excess Quantity,Refund,552.72
RT0008412,O00075704,P00788,2025-06-29,5,Wrong Product,Replacement,86.59
RT0008413,O00090480,P00182,2024-12-27,6,Excess Quantity,Credit Memo,372.83
RT0008414,O00008735,P01420,2025-05-26,3,Quality Issue,Replacement,261.86
RT0008415,O00022298,P00140,2025-08-07,6,Excess Quantity,Refund,489.9
RT0008416,O00063145,P00449,2025-11-14,4,Customer Changed Mind,Replacement,121.41
RT0008417,O00013305,P01005,2026-01-15,5,Quality Issue,Refund,486.7
RT0008418,O00096238,P00420,2024-11-21,1,Damaged in Transit,Replacement,116.22
RT0008419,O00022175,P01609,2024-02-15,3,Damaged in Transit,Credit Memo,37.62
RT0008420,O00044934,P00870,2025-01-13,1,Quality Issue,Refund,25.68
RT0008421,O00044143,P01689,2023-07-18,6,Late Delivery,Replacement,324.13
RT0008422,O00072672,P00015,2025-05-19,2,Wrong Product,Refund,93.13
RT0008423,O00093759,P00297,2023-08-03,1,Customer Changed Mind,Credit Memo,126.75
RT0008424,O00001470,P01374,2024-05-29,2,Damaged in Transit,Credit Memo,143.91
RT0008425,O00086576,P01685,2025-12-19,2,Late Delivery,Replacement,119.14
RT0008426,O00074541,P00638,2025-12-08,1,Damaged in Transit,Replacement,30.06
RT0008427,O00029096,P01773,2025-11-19,3,Customer Changed Mind,Credit Memo,76.45
RT0008428,O00071679,P00011,2024-11-01,1,Late Delivery,Replacement,36.85
RT0008429,O00092418,P00001,2023-12-08,4,Damaged in Transit,Credit Memo,156.85
RT0008430,O00007129,P00006,2023-10-16,1,Excess Quantity,Replacement,68.0
RT0008431,O00072836,P00748,2024-11-22,1,Damaged in Transit,Refund,26.22
RT0008432,O00072371,P01208,2024-08-05,5,Damaged in Transit,Replacement,401.85
RT0008433,O00026482,P01142,2025-08-03,1,Damaged in Transit,Refund,83.0
RT0008434,O00038013,P00271,2025-11-21,12,Wrong Product,Credit Memo,128.88
RT0008435,O00021791,P00008,2023-11-21,1,Quality Issue,Refund,53.04
RT0008436,O00078174,P00343,2025-07-27,2,Damaged in Transit,Refund,54.21
RT0008437,O00090380,P00014,2023-02-15,3,Quality Issue,Credit Memo,144.74
RT0008438,O00036058,P01077,2023-09-24,8,Quality Issue,Replacement,178.6
RT0008439,O00092092,P01011,2024-05-14,1,Wrong Product,Refund,29.78
RT0008440,O00038730,P00492,2024-12-29,5,Late Delivery,Replacement,231.85
RT0008441,O00066107,P00591,2025-04-09,1,Quality Issue,Refund,18.55
RT0008442,O00059831,P00250,2024-01-17,1,Wrong Product,Credit Memo,7.39
RT0008443,O00006687,P01729,2024-07-31,1,Wrong Product,Refund,49.93
RT0008444,O00026489,P02127,2025-02-04,5,Damaged in Transit,Refund,258.26
RT0008445,O00004373,P00225,2024-12-25,6,Customer Changed Mind,Refund,493.94
RT0008446,O00031492,P02918,2025-08-10,1,Quality Issue,Refund,40.21
RT0008447,O00036401,P02675,2023-10-05,2,Late Delivery,Replacement,109.32
RT0008448,O00047362,P02360,2023-12-20,1,Customer Changed Mind,Refund,34.81
RT0008449,O00083265,P00171,2024-07-11,3,Late Delivery,Credit Memo,22.38
RT0008450,O00017382,P00461,2025-09-07,1,Wrong Product,Refund,30.1
RT0008451,O00037116,P00040,2025-11-26,1,Customer Changed Mind,Credit Memo,63.59
RT0008452,O00056745,P00275,2025-10-11,2,Customer Changed Mind,Refund,139.73
RT0008453,O00040442,P00160,2023-04-11,6,Wrong Product,Credit Memo,407.75
RT0008454,O00076089,P01759,2023-07-21,1,Quality Issue,Replacement,53.5
RT0008455,O00070222,P00007,2024-09-12,3,Excess Quantity,Refund,90.8
RT0008456,O00037837,P01798,2025-03-19,1,Damaged in Transit,Replacement,32.13
RT0008457,O00096360,P01403,2025-03-13,2,Wrong Product,Credit Memo,34.49
RT0008458,O00093108,P01084,2025-07-22,2,Damaged in Transit,Credit Memo,565.96
RT0008459,O00093540,P00004,2024-04-12,5,Quality Issue,Replacement,203.07
RT0008460,O00014271,P00291,2025-04-10,2,Quality Issue,Refund,17.86
RT0008461,O00013444,P00068,2024-01-26,1,Wrong Product,Credit Memo,16.75
RT0008462,O00054263,P00497,2025-09-30,2,Wrong Product,Credit Memo,319.42
RT0008463,O00007557,P02022,2023-12-21,4,Customer Changed Mind,Credit Memo,134.67
RT0008464,O00032862,P00003,2025-07-16,2,Wrong Product,Credit Memo,17.81
RT0008465,O00051862,P00006,2023-12-14,3,Excess Quantity,Refund,207.74
RT0008466,O00089860,P02958,2024-09-14,6,Quality Issue,Credit Memo,280.81
RT0008467,O00055829,P00006,2025-03-07,1,Excess Quantity,Refund,71.06
RT0008468,O00097044,P00973,2023-05-05,1,Quality Issue,Credit Memo,34.75
RT0008469,O00015555,P00437,2024-06-10,1,Late Delivery,Replacement,72.88
RT0008470,O00099723,P01641,2023-03-30,10,Quality Issue,Credit Memo,1437.6
RT0008471,O00099530,P01858,2024-08-06,6,Quality Issue,Credit Memo,125.23
RT0008472,O00069086,P00134,2025-08-24,3,Quality Issue,Credit Memo,167.14
RT0008473,O00094265,P01422,2025-11-14,2,Late Delivery,Refund,101.0
RT0008474,O00098679,P00207,2023-01-18,6,Late Delivery,Credit Memo,171.23
RT0008475,O00047955,P02539,2023-04-10,1,Quality Issue,Replacement,46.65
RT0008476,O00036409,P00149,2025-05-26,1,Quality Issue,Replacement,54.41
RT0008477,O00045895,P00135,2023-08-08,2,Quality Issue,Credit Memo,82.26
RT0008478,O00014364,P00073,2025-07-19,7,Damaged in Transit,Refund,166.05
RT0008479,O00073308,P00110,2023-04-27,3,Customer Changed Mind,Credit Memo,74.12
RT0008480,O00024940,P00287,2024-05-17,1,Damaged in Transit,Replacement,47.82
RT0008481,O00012467,P00444,2025-02-27,4,Wrong Product,Refund,416.39
RT0008482,O00064473,P01142,2025-04-06,1,Damaged in Transit,Replacement,88.96
RT0008483,O00003778,P00850,2024-10-09,1,Excess Quantity,Refund,12.02
RT0008484,O00045708,P00031,2023-12-14,5,Excess Quantity,Refund,49.28
RT0008485,O00002366,P01423,2023-11-22,2,Customer Changed Mind,Replacement,57.26
RT0008486,O00058725,P00925,2024-06-22,3,Excess Quantity,Replacement,103.77
RT0008487,O00030545,P02810,2023-07-01,1,Customer Changed Mind,Credit Memo,46.19
RT0008488,O00078357,P00999,2024-08-28,1,Quality Issue,Refund,57.59
RT0008489,O00018842,P02244,2025-01-16,1,Damaged in Transit,Replacement,141.78
RT0008490,O00001808,P00340,2025-09-10,3,Customer Changed Mind,Refund,137.14
RT0008491,O00044351,P00057,2025-04-18,3,Customer Changed Mind,Refund,83.73
RT0008492,O00074838,P00149,2025-02-26,1,Late Delivery,Refund,55.92
RT0008493,O00069439,P02267,2023-12-30,3,Quality Issue,Credit Memo,357.66
RT0008494,O00043738,P00307,2023-05-21,2,Damaged in Transit,Refund,29.76
RT0008495,O00090572,P02612,2024-08-20,2,Customer Changed Mind,Replacement,202.1
RT0008496,O00079587,P02072,2023-09-15,1,Excess Quantity,Replacement,37.28
RT0008497,O00096360,P01403,2025-03-17,6,Late Delivery,Replacement,103.48
RT0008498,O00082223,P00266,2024-07-27,3,Quality Issue,Replacement,99.75
RT0008499,O00091896,P00746,2024-07-20,7,Customer Changed Mind,Credit Memo,154.17
RT0008500,O00094710,P01474,2024-09-24,3,Damaged in Transit,Replacement,375.08
RT0008501,O00048289,P02593,2025-09-07,1,Wrong Product,Credit Memo,16.24
RT0008502,O00098014,P00064,2023-08-08,5,Damaged in Transit,Replacement,482.4
RT0008503,O00023687,P00517,2025-10-22,5,Excess Quantity,Replacement,123.6
RT0008504,O00036063,P00034,2025-10-05,1,Excess Quantity,Replacement,28.98
RT0008505,O00004125,P00384,2023-10-12,5,Excess Quantity,Refund,188.62
RT0008506,O00069053,P02534,2023-10-22,5,Excess Quantity,Replacement,42.24
RT0008507,O00013198,P00768,2024-05-12,2,Damaged in Transit,Credit Memo,296.26
RT0008508,O00028930,P00216,2025-04-03,6,Wrong Product,Credit Memo,105.81
RT0008509,O00011074,P00401,2023-06-08,3,Wrong Product,Refund,50.2
RT0008510,O00008801,P00080,2024-06-06,6,Customer Changed Mind,Credit Memo,146.47
RT0008511,O00045052,P00887,2023-03-01,1,Late Delivery,Credit Memo,13.4
RT0008512,O00003993,P00104,2025-01-29,3,Damaged in Transit,Credit Memo,59.09
RT0008513,O00039519,P00796,2024-12-12,1,Wrong Product,Replacement,12.87
RT0008514,O00061146,P00001,2024-06-19,6,Customer Changed Mind,Replacement,207.46
RT0008515,O00057439,P00052,2023-10-27,2,Customer Changed Mind,Replacement,62.6
RT0008516,O00072014,P01795,2023-08-11,2,Quality Issue,Refund,43.06
RT0008517,O00047152,P00003,2023-05-08,1,Quality Issue,Credit Memo,8.61
RT0008518,O00074474,P02051,2024-12-20,2,Damaged in Transit,Refund,98.18
RT0008519,O00053842,P01099,2023-05-06,3,Wrong Product,Credit Memo,108.11
RT0008520,O00038946,P02378,2023-02-17,1,Excess Quantity,Refund,145.31
RT0008521,O00051275,P01939,2025-10-09,2,Quality Issue,Refund,43.62
RT0008522,O00032412,P00059,2025-12-25,8,Quality Issue,Replacement,405.24
RT0008523,O00043668,P00025,2023-05-04,1,Customer Changed Mind,Refund,66.82
RT0008524,O00011915,P00838,2025-07-14,1,Customer Changed Mind,Credit Memo,30.27
RT0008525,O00099648,P00367,2025-06-23,5,Damaged in Transit,Refund,288.75
RT0008526,O00015526,P02904,2024-03-31,1,Excess Quantity,Credit Memo,16.98
RT0008527,O00017556,P00007,2024-02-03,4,Quality Issue,Replacement,124.05
RT0008528,O00078427,P01223,2025-07-08,3,Late Delivery,Replacement,206.1
RT0008529,O00080945,P02720,2024-03-19,3,Late Delivery,Refund,136.0
RT0008530,O00071302,P00053,2024-07-06,7,Damaged in Transit,Credit Memo,147.82
RT0008531,O00060768,P00005,2024-09-24,4,Customer Changed Mind,Replacement,192.24
RT0008532,O00030899,P01103,2024-03-28,8,Late Delivery,Refund,670.93
RT0008533,O00010110,P00004,2023-09-06,1,Customer Changed Mind,Credit Memo,39.08
RT0008534,O00054395,P02066,2024-10-30,4,Wrong Product,Replacement,273.27
RT0008535,O00071925,P02152,2024-11-06,1,Excess Quantity,Replacement,23.85
RT0008536,O00056488,P00152,2023-04-21,2,Wrong Product,Credit Memo,126.33
RT0008537,O00038773,P00255,2023-09-15,2,Quality Issue,Replacement,49.28
RT0008538,O00078166,P00839,2024-11-26,2,Wrong Product,Credit Memo,137.02
RT0008539,O00014339,P01674,2024-04-10,1,Damaged in Transit,Credit Memo,41.62
RT0008540,O00002399,P01234,2026-01-12,2,Damaged in Transit,Refund,48.51
RT0008541,O00026887,P00001,2024-05-23,1,Damaged in Transit,Credit Memo,34.81
RT0008542,O00027462,P01489,2025-09-23,1,Wrong Product,Replacement,16.58
RT0008543,O00037050,P00048,2024-12-17,1,Damaged in Transit,Refund,15.4
RT0008544,O00099421,P02805,2024-09-06,1,Quality Issue,Replacement,54.58
RT0008545,O00028029,P00568,2023-05-27,5,Damaged in Transit,Replacement,135.0
RT0008546,O00052070,P02015,2025-09-26,1,Quality Issue,Credit Memo,44.22
RT0008547,O00094397,P00460,2024-09-29,2,Late Delivery,Replacement,214.95
RT0008548,O00043005,P01810,2025-06-23,6,Late Delivery,Replacement,273.57
RT0008549,O00098234,P00024,2025-10-11,1,Damaged in Transit,Replacement,64.3
RT0008550,O00081821,P00809,2023-07-08,4,Damaged in Transit,Replacement,951.98
RT0008551,O00042080,P02515,2024-08-13,2,Damaged in Transit,Refund,143.52
RT0008552,O00098446,P00114,2025-08-31,2,Wrong Product,Credit Memo,422.66
RT0008553,O00074761,P00317,2025-04-07,1,Damaged in Transit,Replacement,30.64
RT0008554,O00057626,P00001,2023-12-13,1,Customer Changed Mind,Refund,37.08
RT0008555,O00016526,P00680,2024-01-26,1,Late Delivery,Credit Memo,25.12
RT0008556,O00059415,P00074,2025-09-20,2,Damaged in Transit,Credit Memo,43.04
RT0008557,O00021597,P00040,2024-08-24,2,Wrong Product,Credit Memo,139.0
RT0008558,O00091334,P00004,2025-09-02,3,Damaged in Transit,Replacement,113.74
RT0008559,O00049978,P00603,2024-04-29,2,Excess Quantity,Replacement,53.38
RT0008560,O00041680,P00745,2025-10-26,2,Customer Changed Mind,Refund,102.68
RT0008561,O00049023,P00007,2023-08-09,2,Wrong Product,Replacement,65.54
RT0008562,O00099001,P01819,2025-05-29,2,Quality Issue,Replacement,77.85
RT0008563,O00087600,P00111,2025-08-19,5,Excess Quantity,Credit Memo,187.29
RT0008564,O00008147,P00311,2024-06-08,1,Late Delivery,Credit Memo,34.02
RT0008565,O00006294,P01861,2024-09-01,1,Damaged in Transit,Replacement,45.87
RT0008566,O00077079,P00049,2025-05-05,2,Wrong Product,Refund,30.69
RT0008567,O00038277,P00002,2023-05-10,1,Late Delivery,Credit Memo,69.85
RT0008568,O00012618,P00001,2025-05-31,1,Quality Issue,Replacement,41.74
RT0008569,O00045014,P00286,2023-04-04,2,Quality Issue,Credit Memo,26.61
RT0008570,O00093023,P01054,2023-04-09,3,Customer Changed Mind,Credit Memo,263.14
RT0008571,O00016713,P00452,2025-07-28,4,Quality Issue,Credit Memo,173.02
RT0008572,O00023180,P00407,2025-11-15,1,Wrong Product,Replacement,39.36
RT0008573,O00085115,P00003,2025-10-27,1,Quality Issue,Credit Memo,9.95
RT0008574,O00098270,P00098,2025-04-07,1,Quality Issue,Refund,13.89
RT0008575,O00073433,P00057,2024-11-05,2,Quality Issue,Credit Memo,49.7
RT0008576,O00076768,P01939,2024-09-15,5,Excess Quantity,Refund,103.05
RT0008577,O00002837,P00671,2024-09-22,1,Quality Issue,Refund,21.09
RT0008578,O00044957,P00059,2023-12-03,2,Quality Issue,Refund,102.56
RT0008579,O00063401,P00920,2024-07-28,6,Excess Quantity,Refund,480.24
RT0008580,O00022566,P00031,2023-11-10,6,Damaged in Transit,Replacement,61.74
RT0008581,O00024891,P00003,2023-08-14,2,Late Delivery,Replacement,19.58
RT0008582,O00088353,P00792,2023-09-27,2,Quality Issue,Replacement,97.06
RT0008583,O00041088,P00228,2023-03-14,3,Customer Changed Mind,Replacement,107.93
RT0008584,O00046450,P01038,2024-05-26,3,Excess Quantity,Credit Memo,91.03
RT0008585,O00022546,P00145,2025-01-22,7,Late Delivery,Credit Memo,175.49
RT0008586,O00027717,P00276,2024-07-07,11,Damaged in Transit,Refund,609.42
RT0008587,O00022225,P01398,2023-08-26,10,Damaged in Transit,Replacement,587.05
RT0008588,O00045249,P01349,2025-03-07,1,Late Delivery,Credit Memo,58.95
RT0008589,O00080498,P00011,2023-06-17,1,Wrong Product,Replacement,34.98
RT0008590,O00037903,P00005,2024-11-22,1,Wrong Product,Refund,49.95
RT0008591,O00000303,P00012,2024-06-26,2,Late Delivery,Replacement,220.87
RT0008592,O00039922,P00429,2023-03-12,2,Wrong Product,Credit Memo,85.62
RT0008593,O00057006,P01839,2023-12-17,2,Damaged in Transit,Replacement,32.34
RT0008594,O00084573,P02963,2023-06-20,6,Excess Quantity,Credit Memo,81.09
RT0008595,O00063702,P00435,2023-03-13,2,Quality Issue,Credit Memo,35.51
RT0008596,O00097346,P00083,2025-10-07,3,Customer Changed Mind,Replacement,201.23
RT0008597,O00003336,P00154,2026-01-05,1,Wrong Product,Credit Memo,34.99
RT0008598,O00022408,P01836,2025-05-03,2,Late Delivery,Replacement,107.42
RT0008599,O00021430,P00494,2024-10-07,1,Quality Issue,Refund,12.77
RT0008600,O00085986,P02201,2024-08-24,2,Quality Issue,Credit Memo,59.33
RT0008601,O00026245,P02231,2023-05-11,5,Quality Issue,Refund,231.23
RT0008602,O00043008,P00045,2024-10-19,5,Excess Quantity,Refund,336.86
RT0008603,O00069022,P00945,2024-10-22,4,Late Delivery,Credit Memo,58.88
RT0008604,O00098009,P00072,2023-07-21,1,Wrong Product,Refund,11.04
RT0008605,O00081522,P02907,2023-05-13,3,Customer Changed Mind,Replacement,160.47
RT0008606,O00084645,P00060,2024-08-12,3,Late Delivery,Replacement,380.47
RT0008607,O00087411,P00309,2023-09-16,4,Wrong Product,Refund,232.2
RT0008608,O00088665,P00702,2024-08-27,8,Quality Issue,Credit Memo,314.86
RT0008609,O00013440,P01722,2023-12-24,1,Customer Changed Mind,Refund,37.44
RT0008610,O00044873,P00004,2023-11-08,3,Quality Issue,Replacement,120.97
RT0008611,O00054186,P00045,2025-05-20,1,Customer Changed Mind,Replacement,62.82
RT0008612,O00027830,P01336,2025-09-24,1,Damaged in Transit,Replacement,61.87
RT0008613,O00036196,P00001,2024-03-10,8,Damaged in Transit,Replacement,272.82
RT0008614,O00051227,P00658,2023-06-12,2,Customer Changed Mind,Replacement,117.99
RT0008615,O00037912,P00035,2024-12-19,7,Damaged in Transit,Credit Memo,493.9
RT0008616,O00078536,P00009,2025-06-12,1,Damaged in Transit,Replacement,47.92
RT0008617,O00031548,P00048,2023-12-28,1,Late Delivery,Replacement,12.94
RT0008618,O00099804,P00092,2024-02-07,2,Excess Quantity,Credit Memo,57.76
RT0008619,O00074029,P00036,2023-05-26,3,Late Delivery,Credit Memo,41.48
RT0008620,O00093983,P02421,2025-08-07,3,Damaged in Transit,Credit Memo,130.22
RT0008621,O00026737,P00001,2024-01-08,2,Quality Issue,Replacement,65.35
RT0008622,O00038614,P01416,2023-03-06,1,Wrong Product,Credit Memo,22.46
RT0008623,O00060178,P00010,2024-12-20,2,Quality Issue,Credit Memo,108.35
RT0008624,O00086650,P00015,2024-01-07,1,Damaged in Transit,Credit Memo,44.73
RT0008625,O00047099,P01432,2024-10-30,2,Customer Changed Mind,Refund,42.06
RT0008626,O00080663,P00327,2023-02-17,1,Quality Issue,Replacement,106.75
RT0008627,O00051212,P00289,2025-09-10,2,Damaged in Transit,Credit Memo,179.57
RT0008628,O00031488,P00104,2025-03-11,1,Quality Issue,Replacement,19.12
RT0008629,O00043434,P00002,2024-05-26,3,Quality Issue,Replacement,235.44
RT0008630,O00061427,P00063,2024-10-05,2,Damaged in Transit,Replacement,129.22
RT0008631,O00089872,P01281,2025-10-02,4,Quality Issue,Credit Memo,181.9
RT0008632,O00007245,P00258,2026-02-11,4,Excess Quantity,Credit Memo,340.6
RT0008633,O00081567,P01311,2023-04-14,6,Wrong Product,Replacement,128.58
RT0008634,O00041630,P00819,2025-12-12,2,Wrong Product,Credit Memo,30.46
RT0008635,O00023460,P02515,2024-03-02,1,Damaged in Transit,Credit Memo,77.54
RT0008636,O00037010,P00485,2023-07-10,4,Excess Quantity,Credit Memo,369.56
RT0008637,O00009977,P01025,2025-12-18,7,Customer Changed Mind,Refund,260.48
RT0008638,O00089388,P02279,2025-09-10,3,Quality Issue,Credit Memo,193.74
RT0008639,O00047805,P00784,2024-07-05,1,Excess Quantity,Credit Memo,16.02
RT0008640,O00099082,P02385,2025-04-18,4,Quality Issue,Replacement,50.89
RT0008641,O00042368,P00184,2025-10-03,3,Wrong Product,Replacement,67.72
RT0008642,O00013728,P00100,2025-06-16,4,Quality Issue,Credit Memo,129.81
RT0008643,O00054604,P02533,2024-11-12,4,Damaged in Transit,Replacement,134.36
RT0008644,O00034046,P01402,2024-10-30,1,Damaged in Transit,Credit Memo,65.5
RT0008645,O00061393,P01038,2025-09-07,1,Excess Quantity,Credit Memo,31.81
RT0008646,O00088340,P00012,2023-06-07,1,Customer Changed Mind,Credit Memo,121.63
RT0008647,O00019301,P00062,2024-12-23,4,Wrong Product,Credit Memo,202.93
RT0008648,O00085655,P00995,2025-01-12,4,Damaged in Transit,Replacement,90.8
RT0008649,O00076082,P02316,2024-06-14,5,Excess Quantity,Refund,64.0
RT0008650,O00075120,P00441,2024-01-07,3,Customer Changed Mind,Replacement,123.12
RT0008651,O00088611,P02165,2023-12-29,6,Excess Quantity,Credit Memo,357.84
RT0008652,O00007912,P00051,2024-08-16,4,Customer Changed Mind,Replacement,141.44
RT0008653,O00046283,P00728,2024-05-29,3,Damaged in Transit,Refund,266.38
RT0008654,O00035226,P02119,2025-09-13,2,Excess Quantity,Credit Memo,71.57
RT0008655,O00001908,P00253,2025-09-18,9,Damaged in Transit,Credit Memo,65.79
RT0008656,O00040754,P02101,2025-12-14,2,Late Delivery,Replacement,54.28
RT0008657,O00027392,P00009,2024-06-23,1,Late Delivery,Replacement,49.12
RT0008658,O00085952,P02572,2025-04-06,1,Damaged in Transit,Refund,30.69
RT0008659,O00052465,P00147,2024-01-06,13,Customer Changed Mind,Credit Memo,1245.74
RT0008660,O00001488,P00015,2025-10-03,1,Quality Issue,Credit Memo,43.94
RT0008661,O00050424,P00602,2025-07-26,3,Damaged in Transit,Replacement,127.65
RT0008662,O00073754,P02366,2025-09-26,2,Quality Issue,Credit Memo,85.68
RT0008663,O00072750,P00881,2025-08-02,4,Damaged in Transit,Credit Memo,80.68
RT0008664,O00070849,P00001,2024-07-26,1,Excess Quantity,Replacement,39.84
RT0008665,O00001865,P00491,2024-10-10,4,Quality Issue,Replacement,200.44
RT0008666,O00029020,P02972,2025-04-11,5,Damaged in Transit,Replacement,360.5
RT0008667,O00050657,P01080,2024-10-07,1,Damaged in Transit,Replacement,63.89
RT0008668,O00033705,P00427,2023-10-21,4,Quality Issue,Credit Memo,212.26
RT0008669,O00018146,P01517,2024-09-25,1,Wrong Product,Refund,17.89
RT0008670,O00021307,P00061,2025-03-13,1,Damaged in Transit,Refund,18.9
RT0008671,O00041392,P00461,2025-07-17,1,Late Delivery,Replacement,26.31
RT0008672,O00054658,P00297,2023-05-19,1,Damaged in Transit,Credit Memo,120.56
RT0008673,O00065543,P01791,2024-06-18,3,Quality Issue,Replacement,184.79
RT0008674,O00013262,P00001,2025-07-28,1,Damaged in Transit,Credit Memo,40.23
RT0008675,O00072007,P00342,2024-04-19,5,Late Delivery,Credit Memo,572.98
RT0008676,O00014018,P00056,2024-05-07,3,Damaged in Transit,Credit Memo,195.91
RT0008677,O00058887,P01261,2025-04-30,1,Customer Changed Mind,Credit Memo,41.49
RT0008678,O00027658,P00594,2024-07-28,1,Quality Issue,Replacement,34.32
RT0008679,O00032504,P00040,2023-09-29,3,Quality Issue,Replacement,197.04
RT0008680,O00089843,P01097,2023-10-13,2,Quality Issue,Credit Memo,36.92
RT0008681,O00040914,P00428,2023-07-27,3,Quality Issue,Refund,103.41
RT0008682,O00095740,P00006,2025-07-22,2,Damaged in Transit,Credit Memo,138.83
RT0008683,O00024945,P00565,2024-04-01,4,Wrong Product,Credit Memo,144.83
RT0008684,O00098245,P00051,2025-10-16,1,Customer Changed Mind,Replacement,38.55
RT0008685,O00083355,P00741,2023-08-07,1,Quality Issue,Refund,67.92
RT0008686,O00042944,P00855,2025-10-20,6,Damaged in Transit,Replacement,458.79
RT0008687,O00097413,P00622,2024-03-04,2,Late Delivery,Replacement,242.18
RT0008688,O00004495,P00677,2024-01-13,2,Customer Changed Mind,Credit Memo,25.82
RT0008689,O00036982,P01256,2024-06-25,3,Quality Issue,Credit Memo,64.59
RT0008690,O00076639,P01014,2025-03-06,4,Wrong Product,Refund,221.28
RT0008691,O00086196,P00004,2025-09-03,5,Quality Issue,Refund,193.23
RT0008692,O00073946,P00356,2024-02-28,2,Excess Quantity,Replacement,84.36
RT0008693,O00001232,P00001,2023-05-06,4,Late Delivery,Replacement,144.72
RT0008694,O00064916,P00818,2024-07-03,1,Damaged in Transit,Credit Memo,31.5
RT0008695,O00001007,P00021,2025-05-07,3,Late Delivery,Credit Memo,225.12
RT0008696,O00099925,P00459,2024-10-26,2,Quality Issue,Credit Memo,202.49
RT0008697,O00043474,P01208,2025-10-16,4,Quality Issue,Replacement,356.08
RT0008698,O00070676,P01199,2024-11-11,6,Late Delivery,Refund,217.17
RT0008699,O00016378,P01695,2024-12-04,1,Wrong Product,Replacement,10.17
RT0008700,O00012797,P01824,2023-07-18,2,Damaged in Transit,Replacement,196.74
RT0008701,O00031378,P00887,2023-06-11,2,Excess Quantity,Replacement,27.8
RT0008702,O00055320,P01918,2025-02-17,2,Customer Changed Mind,Credit Memo,178.0
RT0008703,O00065693,P00670,2024-09-05,1,Damaged in Transit,Credit Memo,229.01
RT0008704,O00019433,P00005,2025-01-19,2,Damaged in Transit,Refund,102.85
RT0008705,O00063818,P01735,2023-07-27,5,Damaged in Transit,Credit Memo,446.02
RT0008706,O00091246,P01964,2024-09-11,2,Damaged in Transit,Credit Memo,133.08
RT0008707,O00059496,P00701,2024-09-29,1,Quality Issue,Credit Memo,87.34
RT0008708,O00046530,P00903,2025-05-18,4,Quality Issue,Replacement,197.62
RT0008709,O00058697,P01086,2025-09-23,1,Damaged in Transit,Credit Memo,20.21
RT0008710,O00002967,P00069,2024-03-20,1,Damaged in Transit,Replacement,48.97
RT0008711,O00097312,P01415,2023-02-17,1,Quality Issue,Credit Memo,13.46
RT0008712,O00095896,P01560,2024-07-05,3,Customer Changed Mind,Credit Memo,63.3
RT0008713,O00077520,P02928,2023-08-01,1,Late Delivery,Replacement,16.44
RT0008714,O00086789,P00901,2025-08-17,1,Wrong Product,Replacement,43.88
RT0008715,O00029593,P00503,2024-04-05,12,Damaged in Transit,Credit Memo,388.08
RT0008716,O00030800,P00078,2024-09-26,1,Quality Issue,Replacement,41.9
RT0008717,O00013976,P01133,2025-08-02,4,Damaged in Transit,Replacement,172.08
RT0008718,O00015175,P01906,2025-11-29,2,Wrong Product,Replacement,81.95
RT0008719,O00052703,P00140,2023-05-25,3,Wrong Product,Replacement,252.78
RT0008720,O00043108,P02078,2025-03-08,2,Late Delivery,Refund,44.86
RT0008721,O00069918,P00389,2025-04-20,2,Damaged in Transit,Credit Memo,31.68
RT0008722,O00076242,P00202,2023-08-18,7,Damaged in Transit,Refund,404.89
RT0008723,O00034762,P00083,2025-11-06,1,Late Delivery,Refund,61.77
RT0008724,O00014967,P00101,2024-09-28,1,Customer Changed Mind,Replacement,36.59
RT0008725,O00020985,P01380,2023-11-10,2,Damaged in Transit,Refund,140.94
RT0008726,O00029172,P01857,2025-03-08,4,Late Delivery,Refund,132.0
RT0008727,O00057507,P00065,2023-11-23,1,Quality Issue,Refund,25.54
RT0008728,O00069462,P00661,2023-06-03,3,Quality Issue,Refund,62.85
RT0008729,O00093228,P01093,2025-03-23,4,Damaged in Transit,Replacement,55.86
RT0008730,O00029254,P01248,2023-05-28,2,Damaged in Transit,Credit Memo,190.04
RT0008731,O00068540,P02017,2024-05-12,1,Late Delivery,Credit Memo,55.31
RT0008732,O00016417,P01538,2024-08-02,2,Quality Issue,Credit Memo,194.64
RT0008733,O00054183,P01968,2024-09-15,2,Damaged in Transit,Replacement,120.18
RT0008734,O00012659,P01296,2024-03-24,1,Late Delivery,Refund,25.3
RT0008735,O00071599,P01233,2025-04-29,1,Customer Changed Mind,Credit Memo,22.98
RT0008736,O00070184,P02433,2025-07-22,4,Damaged in Transit,Refund,82.32
RT0008737,O00051217,P00713,2025-06-28,1,Excess Quantity,Replacement,36.86
RT0008738,O00007722,P01586,2024-11-10,2,Damaged in Transit,Refund,155.42
RT0008739,O00050289,P00417,2023-08-23,4,Excess Quantity,Refund,82.92
RT0008740,O00063229,P00233,2025-09-23,2,Customer Changed Mind,Replacement,34.94
RT0008741,O00016127,P01294,2023-10-12,2,Quality Issue,Refund,72.98
RT0008742,O00098025,P02789,2024-01-22,2,Late Delivery,Replacement,74.8
RT0008743,O00083527,P00989,2025-11-23,1,Late Delivery,Replacement,15.39
RT0008744,O00062012,P01516,2024-03-11,5,Customer Changed Mind,Credit Memo,189.15
RT0008745,O00070754,P00093,2025-08-09,2,Excess Quantity,Refund,81.05
RT0008746,O00001336,P00458,2024-08-13,1,Wrong Product,Refund,64.38
RT0008747,O00085852,P00230,2025-08-09,1,Quality Issue,Replacement,41.3
RT0008748,O00078531,P00989,2025-11-20,2,Quality Issue,Replacement,25.14
RT0008749,O00094015,P00265,2025-09-12,2,Wrong Product,Credit Memo,69.01
RT0008750,O00014115,P00013,2025-11-27,6,Customer Changed Mind,Replacement,190.86
RT0008751,O00073193,P01085,2023-09-03,1,Damaged in Transit,Refund,22.19
RT0008752,O00095496,P01683,2024-10-03,2,Damaged in Transit,Credit Memo,115.08
RT0008753,O00052633,P00002,2024-07-25,4,Wrong Product,Replacement,265.92
RT0008754,O00065589,P00395,2025-10-12,1,Excess Quantity,Replacement,17.68
RT0008755,O00052279,P00496,2025-08-28,1,Excess Quantity,Credit Memo,74.88
RT0008756,O00060525,P00191,2026-01-14,3,Quality Issue,Refund,168.47
RT0008757,O00080779,P00002,2025-10-27,5,Customer Changed Mind,Credit Memo,402.8
RT0008758,O00002536,P00838,2023-06-28,4,Customer Changed Mind,Refund,108.43
RT0008759,O00025462,P00144,2023-06-05,3,Damaged in Transit,Refund,129.41
RT0008760,O00058269,P00010,2023-08-01,1,Wrong Product,Refund,64.38
RT0008761,O00061516,P00615,2024-06-26,4,Quality Issue,Replacement,304.04
RT0008762,O00058993,P00227,2026-01-17,2,Damaged in Transit,Credit Memo,314.18
RT0008763,O00088562,P00264,2024-09-21,2,Late Delivery,Replacement,170.02
RT0008764,O00018206,P00112,2025-06-27,2,Quality Issue,Credit Memo,60.83
RT0008765,O00058260,P00601,2024-10-07,3,Wrong Product,Replacement,60.66
RT0008766,O00021780,P00592,2024-07-05,5,Wrong Product,Refund,103.58
RT0008767,O00045960,P00001,2023-07-15,2,Damaged in Transit,Replacement,77.98
RT0008768,O00038466,P02664,2024-04-19,5,Damaged in Transit,Refund,651.91
RT0008769,O00030174,P00703,2024-08-18,1,Quality Issue,Replacement,22.65
RT0008770,O00042408,P00640,2024-01-16,2,Customer Changed Mind,Credit Memo,81.73
RT0008771,O00062625,P00001,2024-10-23,2,Customer Changed Mind,Credit Memo,71.26
RT0008772,O00094525,P00593,2025-12-31,3,Quality Issue,Credit Memo,119.25
RT0008773,O00069650,P02209,2023-03-18,1,Excess Quantity,Replacement,80.09
RT0008774,O00064129,P02151,2025-09-07,1,Excess Quantity,Refund,29.55
RT0008775,O00065890,P00831,2023-03-05,1,Wrong Product,Replacement,160.48
RT0008776,O00059778,P02569,2025-08-19,9,Quality Issue,Credit Memo,406.3
RT0008777,O00090367,P00945,2023-04-16,4,Wrong Product,Replacement,52.93
RT0008778,O00017037,P01936,2023-10-24,8,Quality Issue,Replacement,234.58
RT0008779,O00017356,P00496,2024-04-10,1,Late Delivery,Credit Memo,72.73
RT0008780,O00064438,P01321,2023-07-06,4,Wrong Product,Replacement,178.91
RT0008781,O00099173,P00528,2023-09-07,3,Customer Changed Mind,Replacement,48.79
RT0008782,O00034339,P00396,2025-10-14,1,Late Delivery,Refund,32.6
RT0008783,O00073542,P00334,2023-09-25,3,Damaged in Transit,Refund,39.7
RT0008784,O00095298,P01979,2025-02-07,4,Damaged in Transit,Replacement,108.67
RT0008785,O00081972,P00769,2023-09-23,1,Quality Issue,Replacement,79.06
RT0008786,O00022458,P01722,2024-10-27,2,Quality Issue,Replacement,77.13
RT0008787,O00088949,P00006,2023-07-09,10,Quality Issue,Credit Memo,681.4
RT0008788,O00095181,P00125,2025-04-17,4,Quality Issue,Credit Memo,1197.66
RT0008789,O00086948,P00072,2024-10-06,2,Late Delivery,Replacement,20.59
RT0008790,O00030734,P00002,2024-05-07,1,Excess Quantity,Refund,71.3
RT0008791,O00013424,P00004,2025-12-23,3,Damaged in Transit,Credit Memo,110.3
RT0008792,O00005365,P01507,2024-01-10,4,Excess Quantity,Replacement,107.86
RT0008793,O00052090,P00079,2023-11-08,1,Wrong Product,Credit Memo,43.45
RT0008794,O00070441,P00287,2025-09-19,6,Excess Quantity,Credit Memo,313.98
RT0008795,O00020132,P00282,2024-12-21,1,Damaged in Transit,Credit Memo,43.98
RT0008796,O00059733,P00050,2023-07-10,3,Wrong Product,Refund,127.99
RT0008797,O00007768,P00010,2025-09-10,3,Damaged in Transit,Refund,193.4
RT0008798,O00052150,P00212,2023-07-02,2,Quality Issue,Replacement,53.42
RT0008799,O00094583,P00021,2025-08-13,3,Wrong Product,Replacement,218.02
RT0008800,O00087468,P01592,2023-03-03,1,Customer Changed Mind,Refund,20.63
RT0008801,O00069836,P00032,2025-03-20,7,Late Delivery,Replacement,272.86
RT0008802,O00057659,P00022,2025-10-04,6,Customer Changed Mind,Replacement,142.44
RT0008803,O00059106,P00034,2024-01-03,2,Quality Issue,Replacement,52.98
RT0008804,O00041297,P01237,2023-09-11,2,Wrong Product,Refund,75.51
RT0008805,O00011529,P00236,2023-10-13,1,Damaged in Transit,Replacement,54.04
RT0008806,O00075362,P01188,2026-02-20,1,Damaged in Transit,Credit Memo,45.99
RT0008807,O00029399,P00113,2024-09-13,3,Damaged in Transit,Replacement,120.84
RT0008808,O00055770,P00302,2023-09-17,1,Wrong Product,Credit Memo,121.9
RT0008809,O00041377,P00206,2025-03-07,5,Excess Quantity,Refund,88.27
RT0008810,O00074593,P02197,2023-06-21,1,Damaged in Transit,Refund,14.14
RT0008811,O00036384,P00171,2025-02-05,15,Wrong Product,Credit Memo,113.34
RT0008812,O00013463,P00304,2025-11-16,6,Wrong Product,Refund,391.2
RT0008813,O00092325,P00997,2025-06-22,4,Customer Changed Mind,Replacement,230.52
RT0008814,O00048673,P00718,2023-08-23,1,Quality Issue,Replacement,54.39
RT0008815,O00016677,P01870,2025-02-04,2,Wrong Product,Refund,48.55
RT0008816,O00073065,P00333,2025-02-15,8,Excess Quantity,Replacement,413.14
RT0008817,O00009446,P00002,2024-09-28,4,Wrong Product,Credit Memo,293.4
RT0008818,O00093208,P02062,2024-04-17,2,Excess Quantity,Credit Memo,40.0
RT0008819,O00054505,P00191,2025-07-15,4,Wrong Product,Replacement,203.79
RT0008820,O00076650,P00748,2025-12-18,1,Quality Issue,Replacement,28.68
RT0008821,O00041635,P01169,2025-04-26,1,Damaged in Transit,Replacement,230.53
RT0008822,O00044220,P00939,2024-12-12,1,Quality Issue,Refund,71.51
RT0008823,O00062306,P00001,2025-02-22,4,Quality Issue,Refund,152.13
RT0008824,O00071870,P00522,2025-09-01,2,Quality Issue,Refund,132.8
RT0008825,O00016533,P00053,2024-06-13,1,Wrong Product,Credit Memo,19.85
RT0008826,O00070093,P02148,2025-06-23,4,Wrong Product,Refund,141.86
RT0008827,O00096681,P00285,2024-12-06,1,Customer Changed Mind,Credit Memo,48.11
RT0008828,O00022948,P00309,2023-08-12,1,Late Delivery,Credit Memo,61.09
RT0008829,O00082641,P00136,2025-06-03,5,Quality Issue,Credit Memo,106.97
RT0008830,O00002788,P01030,2023-07-31,5,Late Delivery,Credit Memo,100.18
RT0008831,O00011287,P02100,2023-07-09,2,Quality Issue,Replacement,15.11
RT0008832,O00049374,P00485,2023-07-30,2,Damaged in Transit,Refund,181.12
RT0008833,O00099143,P00620,2023-09-13,1,Quality Issue,Replacement,60.97
RT0008834,O00023426,P02624,2024-08-02,1,Customer Changed Mind,Replacement,438.79
RT0008835,O00098115,P00016,2025-11-01,5,Customer Changed Mind,Credit Memo,764.05
RT0008836,O00050706,P00455,2023-11-21,1,Quality Issue,Refund,37.16
RT0008837,O00047776,P00211,2024-01-15,4,Excess Quantity,Refund,157.52
RT0008838,O00035941,P00018,2025-08-06,2,Customer Changed Mind,Replacement,114.11
RT0008839,O00071447,P00072,2025-01-06,5,Excess Quantity,Credit Memo,55.45
RT0008840,O00068475,P00294,2025-03-13,1,Excess Quantity,Credit Memo,14.02
RT0008841,O00093966,P00012,2023-08-17,1,Quality Issue,Refund,103.81
RT0008842,O00042767,P00041,2024-08-16,2,Damaged in Transit,Replacement,96.96
RT0008843,O00063534,P01034,2023-08-15,2,Wrong Product,Credit Memo,128.88
RT0008844,O00048093,P02039,2024-10-05,2,Quality Issue,Refund,11.63
RT0008845,O00085134,P00077,2023-04-09,3,Damaged in Transit,Replacement,36.39
RT0008846,O00087505,P00484,2024-10-15,5,Wrong Product,Replacement,125.46
RT0008847,O00024177,P00079,2025-08-09,1,Damaged in Transit,Refund,48.01
RT0008848,O00086595,P00012,2025-09-08,2,Damaged in Transit,Refund,233.91
RT0008849,O00053394,P01248,2025-02-15,2,Quality Issue,Refund,212.15
RT0008850,O00065315,P00308,2023-08-06,5,Damaged in Transit,Credit Memo,107.54
RT0008851,O00090409,P00004,2023-08-31,2,Excess Quantity,Replacement,72.25
RT0008852,O00085155,P00007,2023-08-08,1,Late Delivery,Replacement,30.38
RT0008853,O00041384,P00878,2024-08-12,3,Quality Issue,Credit Memo,327.05
RT0008854,O00070345,P00158,2025-02-04,1,Wrong Product,Refund,63.07
RT0008855,O00047484,P00004,2024-07-24,4,Quality Issue,Refund,179.08
RT0008856,O00078479,P00124,2025-04-16,2,Quality Issue,Credit Memo,32.66
RT0008857,O00033412,P00744,2023-08-06,8,Wrong Product,Replacement,523.21
RT0008858,O00042399,P01779,2024-04-26,2,Excess Quantity,Refund,70.48
RT0008859,O00097702,P01427,2023-09-10,4,Damaged in Transit,Replacement,282.01
RT0008860,O00041623,P00354,2023-08-21,1,Customer Changed Mind,Refund,25.06
RT0008861,O00020333,P00602,2025-07-11,3,Damaged in Transit,Refund,133.45
RT0008862,O00079701,P00043,2024-03-04,2,Damaged in Transit,Credit Memo,28.21
RT0008863,O00094594,P00920,2025-04-25,4,Customer Changed Mind,Credit Memo,348.72
RT0008864,O00042137,P00002,2023-12-19,1,Quality Issue,Credit Memo,67.13
RT0008865,O00082623,P00001,2025-06-06,5,Customer Changed Mind,Credit Memo,189.27
RT0008866,O00009658,P00273,2024-05-19,3,Customer Changed Mind,Replacement,83.89
RT0008867,O00077155,P00957,2025-10-26,6,Quality Issue,Replacement,470.14
RT0008868,O00089973,P00582,2025-03-11,3,Damaged in Transit,Refund,104.85
RT0008869,O00056830,P01091,2023-06-23,5,Damaged in Transit,Refund,990.66
RT0008870,O00066438,P00001,2024-02-14,1,Quality Issue,Refund,43.16
RT0008871,O00048391,P00074,2023-07-21,1,Quality Issue,Replacement,19.33
RT0008872,O00087237,P01035,2023-06-03,7,Quality Issue,Replacement,320.01
RT0008873,O00002692,P00936,2024-12-14,2,Damaged in Transit,Replacement,168.04
RT0008874,O00076702,P00040,2023-04-13,5,Customer Changed Mind,Credit Memo,281.93
RT0008875,O00007175,P00471,2023-04-17,2,Wrong Product,Credit Memo,94.06
RT0008876,O00005310,P01290,2025-06-04,1,Late Delivery,Credit Memo,92.37
RT0008877,O00047134,P00007,2024-07-31,6,Quality Issue,Replacement,209.81
RT0008878,O00072464,P00001,2025-11-30,1,Late Delivery,Refund,35.99
RT0008879,O00048892,P01560,2025-06-07,1,Damaged in Transit,Credit Memo,19.21
RT0008880,O00007334,P00361,2025-05-24,2,Excess Quantity,Refund,65.92
RT0008881,O00011457,P00151,2023-09-27,5,Wrong Product,Replacement,649.95
RT0008882,O00098026,P00010,2023-12-31,1,Damaged in Transit,Refund,61.82
RT0008883,O00050343,P00795,2024-12-25,1,Wrong Product,Replacement,16.9
RT0008884,O00054963,P00769,2023-06-07,6,Customer Changed Mind,Refund,451.92
RT0008885,O00081781,P02031,2025-07-01,3,Damaged in Transit,Credit Memo,121.88
RT0008886,O00031100,P00012,2023-10-08,1,Quality Issue,Credit Memo,117.93
RT0008887,O00057890,P00337,2024-03-16,4,Quality Issue,Refund,106.4
RT0008888,O00063439,P00486,2023-07-17,3,Damaged in Transit,Refund,76.82
RT0008889,O00020176,P00008,2025-12-13,1,Late Delivery,Refund,61.28
RT0008890,O00098281,P00368,2025-10-12,1,Late Delivery,Credit Memo,51.78
RT0008891,O00073298,P00001,2023-06-14,2,Customer Changed Mind,Replacement,70.96
RT0008892,O00045026,P00058,2024-10-09,3,Damaged in Transit,Refund,165.78
RT0008893,O00006319,P00509,2023-06-11,2,Damaged in Transit,Replacement,82.75
RT0008894,O00059240,P02553,2023-06-06,2,Damaged in Transit,Replacement,67.96
RT0008895,O00007098,P00053,2026-01-20,1,Damaged in Transit,Refund,20.61
RT0008896,O00054210,P00043,2026-01-06,1,Quality Issue,Replacement,14.6
RT0008897,O00031837,P00044,2024-06-15,3,Excess Quantity,Credit Memo,91.37
RT0008898,O00077126,P00962,2025-05-16,5,Late Delivery,Replacement,39.03
RT0008899,O00079580,P01160,2024-11-30,1,Quality Issue,Replacement,165.08
RT0008900,O00023576,P02873,2025-03-03,5,Excess Quantity,Credit Memo,380.05
RT0008901,O00037960,P00040,2023-04-27,2,Damaged in Transit,Credit Memo,134.64
RT0008902,O00072092,P00812,2024-09-14,1,Quality Issue,Refund,58.57
RT0008903,O00066831,P02106,2025-01-19,1,Excess Quantity,Credit Memo,40.33
RT0008904,O00039774,P00190,2024-07-31,1,Damaged in Transit,Credit Memo,125.65
RT0008905,O00089058,P00911,2023-03-06,7,Damaged in Transit,Refund,60.61
RT0008906,O00091060,P00605,2024-06-23,1,Late Delivery,Credit Memo,193.47
RT0008907,O00054100,P00184,2025-07-29,1,Quality Issue,Replacement,18.64
RT0008908,O00039487,P00263,2025-10-21,14,Wrong Product,Replacement,1521.25
RT0008909,O00049841,P02463,2025-03-03,2,Wrong Product,Replacement,33.23
RT0008910,O00049563,P02288,2024-04-19,4,Quality Issue,Credit Memo,334.93
RT0008911,O00048884,P00030,2023-10-01,1,Damaged in Transit,Credit Memo,20.71
RT0008912,O00074075,P00001,2023-08-25,4,Quality Issue,Credit Memo,135.22
RT0008913,O00040518,P00386,2023-05-31,5,Damaged in Transit,Replacement,533.96
RT0008914,O00076938,P00129,2024-10-24,1,Quality Issue,Refund,50.74
RT0008915,O00040180,P00027,2024-12-12,2,Quality Issue,Credit Memo,30.18
RT0008916,O00089630,P01135,2024-10-06,1,Damaged in Transit,Credit Memo,11.54
RT0008917,O00084190,P00214,2024-01-24,3,Customer Changed Mind,Replacement,160.43
RT0008918,O00035295,P00111,2025-08-10,7,Damaged in Transit,Credit Memo,277.24
RT0008919,O00020749,P00026,2025-04-11,9,Excess Quantity,Replacement,471.33
RT0008920,O00005957,P00109,2024-05-19,1,Excess Quantity,Refund,62.78
RT0008921,O00066283,P00113,2024-04-14,3,Damaged in Transit,Replacement,152.22
RT0008922,O00013808,P00328,2024-08-09,1,Excess Quantity,Credit Memo,54.49
RT0008923,O00046924,P00775,2024-11-29,6,Late Delivery,Credit Memo,287.5
RT0008924,O00075980,P00081,2024-05-11,2,Damaged in Transit,Credit Memo,40.06
RT0008925,O00054501,P00799,2024-11-18,1,Quality Issue,Replacement,51.13
RT0008926,O00054213,P00028,2023-09-17,2,Wrong Product,Credit Memo,44.95
RT0008927,O00069667,P00019,2025-12-04,1,Customer Changed Mind,Refund,42.11
RT0008928,O00031041,P00015,2025-02-12,1,Wrong Product,Refund,51.43
RT0008929,O00011010,P01137,2026-02-05,1,Late Delivery,Refund,80.97
RT0008930,O00048455,P00343,2025-12-17,1,Quality Issue,Credit Memo,27.32
RT0008931,O00062989,P00236,2024-01-12,11,Quality Issue,Credit Memo,621.77
RT0008932,O00047044,P01893,2024-04-12,2,Damaged in Transit,Replacement,301.23
RT0008933,O00091404,P00130,2023-05-30,3,Wrong Product,Replacement,102.72
RT0008934,O00056493,P00196,2025-03-16,1,Late Delivery,Credit Memo,7.19
RT0008935,O00052432,P00573,2024-04-03,2,Excess Quantity,Replacement,91.6
RT0008936,O00006230,P02719,2023-07-25,4,Damaged in Transit,Credit Memo,78.48
RT0008937,O00052175,P00583,2023-06-23,4,Quality Issue,Replacement,67.32
RT0008938,O00073163,P00271,2024-12-12,2,Excess Quantity,Credit Memo,21.62
RT0008939,O00087793,P00748,2023-09-17,1,Damaged in Transit,Refund,23.48
RT0008940,O00018413,P00048,2023-06-18,1,Excess Quantity,Credit Memo,15.61
RT0008941,O00061860,P00006,2023-11-19,3,Damaged in Transit,Refund,203.79
RT0008942,O00088899,P00162,2025-04-24,1,Damaged in Transit,Refund,96.03
RT0008943,O00082445,P00211,2024-06-10,2,Damaged in Transit,Credit Memo,72.28
RT0008944,O00081357,P00031,2023-08-30,1,Damaged in Transit,Credit Memo,10.19
RT0008945,O00085008,P00314,2024-09-15,1,Quality Issue,Credit Memo,34.53
RT0008946,O00068378,P00210,2024-11-02,5,Wrong Product,Refund,162.2
RT0008947,O00039918,P00789,2025-12-09,4,Late Delivery,Replacement,146.57
RT0008948,O00017351,P00144,2023-05-27,1,Excess Quantity,Replacement,42.72
RT0008949,O00046360,P00726,2026-01-13,2,Customer Changed Mind,Refund,53.98
RT0008950,O00078334,P01802,2024-10-27,1,Late Delivery,Refund,17.06
RT0008951,O00051340,P00655,2024-10-22,2,Late Delivery,Refund,8.93
RT0008952,O00034686,P01187,2026-01-19,1,Excess Quantity,Credit Memo,47.29
RT0008953,O00031139,P00071,2025-11-20,2,Customer Changed Mind,Replacement,132.37
RT0008954,O00012301,P00205,2023-05-28,3,Wrong Product,Credit Memo,30.19
RT0008955,O00032034,P00429,2025-06-27,4,Customer Changed Mind,Replacement,195.62
RT0008956,O00039145,P02286,2023-11-21,5,Excess Quantity,Refund,168.59
RT0008957,O00017584,P00005,2023-10-28,7,Quality Issue,Replacement,329.99
RT0008958,O00032969,P00479,2024-03-14,1,Quality Issue,Refund,35.01
RT0008959,O00068634,P00559,2023-05-14,1,Excess Quantity,Refund,72.72
RT0008960,O00011267,P01190,2025-11-26,7,Damaged in Transit,Credit Memo,236.0
RT0008961,O00071306,P00006,2024-08-06,1,Customer Changed Mind,Replacement,66.19
RT0008962,O00085761,P00992,2025-06-12,1,Wrong Product,Replacement,38.54
RT0008963,O00096303,P00350,2025-06-16,2,Customer Changed Mind,Credit Memo,37.79
RT0008964,O00057399,P00570,2025-06-23,3,Customer Changed Mind,Replacement,101.27
RT0008965,O00095782,P00002,2023-11-06,1,Wrong Product,Refund,64.2
RT0008966,O00073488,P00906,2025-06-04,1,Customer Changed Mind,Credit Memo,12.37
RT0008967,O00084693,P00015,2025-11-22,8,Wrong Product,Refund,392.07
RT0008968,O00082910,P00167,2024-11-14,5,Damaged in Transit,Replacement,140.15
RT0008969,O00095800,P00284,2024-03-24,6,Quality Issue,Replacement,173.26
RT0008970,O00079710,P01700,2025-12-28,2,Damaged in Transit,Refund,20.56
RT0008971,O00029704,P00016,2023-07-04,2,Wrong Product,Refund,249.3
RT0008972,O00080236,P00429,2025-03-13,8,Damaged in Transit,Credit Memo,365.64
RT0008973,O00067097,P00239,2025-09-10,1,Quality Issue,Refund,92.41
RT0008974,O00052339,P01683,2024-10-17,3,Excess Quantity,Credit Memo,169.32
RT0008975,O00028840,P00014,2025-09-14,2,Excess Quantity,Refund,105.91
RT0008976,O00019583,P01512,2024-09-17,1,Late Delivery,Refund,42.11
RT0008977,O00019960,P00023,2023-10-27,1,Late Delivery,Replacement,36.21
RT0008978,O00042545,P00324,2024-01-18,2,Late Delivery,Credit Memo,95.73
RT0008979,O00078666,P00245,2025-08-01,3,Quality Issue,Replacement,59.02
RT0008980,O00065096,P00921,2025-03-01,4,Quality Issue,Credit Memo,93.2
RT0008981,O00063558,P00007,2025-11-19,7,Damaged in Transit,Replacement,253.13
RT0008982,O00009017,P00278,2023-10-14,1,Customer Changed Mind,Credit Memo,26.4
RT0008983,O00059558,P00001,2023-08-22,1,Wrong Product,Credit Memo,37.93
RT0008984,O00018643,P01126,2023-08-09,5,Damaged in Transit,Refund,84.83
RT0008985,O00085284,P00001,2023-04-06,1,Damaged in Transit,Refund,40.41
RT0008986,O00000941,P00002,2025-05-17,6,Quality Issue,Credit Memo,439.5
RT0008987,O00000917,P00004,2023-02-06,1,Customer Changed Mind,Refund,38.91
RT0008988,O00079393,P01206,2025-07-23,2,Customer Changed Mind,Credit Memo,41.93
RT0008989,O00088680,P00024,2024-09-10,2,Quality Issue,Refund,129.88
RT0008990,O00083293,P00811,2025-11-11,3,Excess Quantity,Refund,171.89
RT0008991,O00031520,P00403,2023-09-04,1,Excess Quantity,Refund,90.84
RT0008992,O00007653,P00403,2024-04-13,1,Late Delivery,Replacement,75.86
RT0008993,O00063118,P01768,2024-01-04,11,Quality Issue,Refund,721.41
RT0008994,O00023237,P00892,2025-10-15,2,Quality Issue,Credit Memo,16.81
RT0008995,O00054891,P00016,2025-09-04,3,Customer Changed Mind,Refund,419.79
RT0008996,O00008122,P00011,2025-08-19,12,Wrong Product,Credit Memo,556.39
RT0008997,O00012597,P00030,2023-04-15,2,Quality Issue,Replacement,52.71
RT0008998,O00040530,P01271,2025-07-23,8,Quality Issue,Refund,462.18
RT0008999,O00032892,P02796,2024-11-13,5,Quality Issue,Credit Memo,206.98
RT0009000,O00056882,P00853,2024-01-26,1,Excess Quantity,Credit Memo,45.55
RT0009001,O00068538,P00009,2024-03-14,1,Damaged in Transit,Refund,51.9
RT0009002,O00044418,P00651,2025-03-07,1,Wrong Product,Credit Memo,49.52
RT0009003,O00096063,P01141,2025-01-07,2,Quality Issue,Replacement,269.28
RT0009004,O00032299,P00971,2023-06-02,7,Quality Issue,Refund,89.9
RT0009005,O00065199,P00066,2024-08-18,3,Quality Issue,Replacement,74.16
RT0009006,O00053222,P00076,2023-05-15,1,Excess Quantity,Refund,34.6
RT0009007,O00060251,P00221,2023-07-23,3,Damaged in Transit,Refund,113.55
RT0009008,O00063240,P01031,2024-09-07,4,Excess Quantity,Replacement,45.36
RT0009009,O00056538,P00002,2023-12-01,5,Customer Changed Mind,Refund,318.83
RT0009010,O00020330,P01666,2024-09-25,5,Quality Issue,Credit Memo,160.86
RT0009011,O00046299,P01742,2023-11-18,1,Late Delivery,Refund,79.75
RT0009012,O00058610,P00053,2025-07-10,1,Damaged in Transit,Refund,21.67
RT0009013,O00086441,P00011,2025-07-02,1,Late Delivery,Credit Memo,44.22
RT0009014,O00086753,P00037,2024-05-29,3,Late Delivery,Credit Memo,50.03
RT0009015,O00055453,P02755,2023-05-13,2,Customer Changed Mind,Refund,70.7
RT0009016,O00040046,P02077,2025-05-24,1,Customer Changed Mind,Credit Memo,42.57
RT0009017,O00022177,P00674,2023-11-16,5,Damaged in Transit,Replacement,270.35
RT0009018,O00047262,P01714,2023-04-01,5,Quality Issue,Credit Memo,254.52
RT0009019,O00031819,P00009,2024-04-03,1,Wrong Product,Replacement,48.38
RT0009020,O00059250,P00096,2024-09-30,2,Damaged in Transit,Credit Memo,205.99
RT0009021,O00069454,P02961,2023-08-31,8,Damaged in Transit,Replacement,199.8
RT0009022,O00012397,P00360,2025-03-13,1,Damaged in Transit,Refund,23.43
RT0009023,O00056335,P00932,2025-01-27,1,Damaged in Transit,Refund,123.02
RT0009024,O00028628,P00495,2024-06-10,11,Excess Quantity,Credit Memo,274.52
RT0009025,O00034000,P00347,2023-02-28,5,Quality Issue,Refund,356.72
RT0009026,O00030641,P00712,2023-10-19,4,Damaged in Transit,Credit Memo,165.93
RT0009027,O00068002,P02802,2024-01-05,1,Late Delivery,Refund,57.86
RT0009028,O00038445,P00142,2024-03-04,2,Quality Issue,Credit Memo,127.76
RT0009029,O00070117,P00481,2026-02-03,6,Quality Issue,Credit Memo,595.3
RT0009030,O00031692,P00421,2023-09-12,4,Damaged in Transit,Credit Memo,467.93
RT0009031,O00099121,P02786,2023-08-26,6,Damaged in Transit,Refund,401.32
RT0009032,O00093726,P02355,2024-03-22,1,Quality Issue,Credit Memo,19.27
RT0009033,O00078717,P00387,2023-03-22,6,Quality Issue,Refund,372.38
RT0009034,O00066339,P00160,2025-06-21,1,Damaged in Transit,Refund,81.84
RT0009035,O00086254,P00111,2024-08-09,1,Customer Changed Mind,Credit Memo,33.35
RT0009036,O00081121,P00466,2023-08-13,3,Quality Issue,Credit Memo,95.58
RT0009037,O00011346,P01125,2025-05-07,2,Quality Issue,Refund,92.24
RT0009038,O00067217,P00052,2024-02-07,2,Quality Issue,Credit Memo,70.33
RT0009039,O00071144,P00033,2025-05-05,1,Customer Changed Mind,Credit Memo,62.44
RT0009040,O00012962,P00360,2025-01-11,1,Damaged in Transit,Credit Memo,24.24
RT0009041,O00081487,P00050,2023-10-25,1,Quality Issue,Refund,39.03
RT0009042,O00076930,P00020,2025-11-28,2,Excess Quantity,Refund,59.26
RT0009043,O00098616,P01005,2025-06-14,1,Excess Quantity,Refund,106.52
RT0009044,O00059597,P00630,2024-05-04,5,Damaged in Transit,Refund,639.65
RT0009045,O00043843,P00285,2023-10-31,1,Damaged in Transit,Replacement,43.6
RT0009046,O00039922,P01198,2023-03-29,3,Wrong Product,Credit Memo,66.54
RT0009047,O00080933,P00017,2025-08-02,3,Damaged in Transit,Credit Memo,74.15
RT0009048,O00026018,P02198,2024-05-21,1,Quality Issue,Refund,24.74
RT0009049,O00021151,P01823,2024-10-31,2,Quality Issue,Refund,52.97
RT0009050,O00010445,P00088,2024-07-12,2,Wrong Product,Replacement,24.53
RT0009051,O00051231,P01564,2024-07-10,5,Late Delivery,Refund,245.6
RT0009052,O00056574,P00984,2024-02-20,3,Late Delivery,Credit Memo,148.8
RT0009053,O00054273,P01062,2025-10-23,3,Wrong Product,Replacement,54.77
RT0009054,O00027045,P00007,2023-11-04,1,Late Delivery,Refund,36.14
RT0009055,O00096082,P02682,2024-04-25,1,Quality Issue,Credit Memo,179.03
RT0009056,O00004070,P00513,2025-04-02,3,Late Delivery,Replacement,35.25
RT0009057,O00013678,P00205,2023-05-11,3,Customer Changed Mind,Replacement,32.52
RT0009058,O00064723,P00917,2025-08-12,1,Late Delivery,Replacement,17.52
RT0009059,O00005974,P00973,2023-05-11,1,Damaged in Transit,Replacement,37.23
RT0009060,O00025271,P00476,2023-02-23,3,Excess Quantity,Replacement,36.37
RT0009061,O00031451,P01642,2025-10-14,4,Wrong Product,Credit Memo,113.31
RT0009062,O00012513,P00272,2023-04-11,3,Quality Issue,Replacement,103.39
RT0009063,O00040234,P01942,2023-07-30,1,Customer Changed Mind,Credit Memo,62.15
RT0009064,O00069667,P00019,2025-12-21,1,Quality Issue,Refund,42.11
RT0009065,O00039200,P00123,2025-04-09,2,Late Delivery,Replacement,292.96
RT0009066,O00020363,P00341,2024-04-30,2,Excess Quantity,Credit Memo,122.4
RT0009067,O00086557,P00028,2023-06-05,4,Excess Quantity,Credit Memo,96.16
RT0009068,O00063019,P01797,2024-11-05,9,Excess Quantity,Credit Memo,1023.32
RT0009069,O00065117,P00002,2025-01-07,4,Customer Changed Mind,Credit Memo,291.2
RT0009070,O00070470,P00377,2024-12-12,3,Customer Changed Mind,Credit Memo,63.7
RT0009071,O00083602,P00062,2025-11-06,2,Customer Changed Mind,Credit Memo,99.42
RT0009072,O00064995,P01058,2025-01-20,3,Damaged in Transit,Credit Memo,208.42
RT0009073,O00096437,P02096,2023-07-27,2,Quality Issue,Refund,110.4
RT0009074,O00062255,P02737,2024-05-08,1,Excess Quantity,Refund,47.92
RT0009075,O00055669,P02135,2023-07-31,1,Excess Quantity,Replacement,84.49
RT0009076,O00090661,P00826,2024-09-24,2,Quality Issue,Refund,47.31
RT0009077,O00099474,P00075,2024-07-28,1,Damaged in Transit,Credit Memo,69.24
RT0009078,O00047833,P00107,2025-05-15,1,Late Delivery,Replacement,40.23
RT0009079,O00008260,P00003,2025-11-13,2,Excess Quantity,Credit Memo,18.57
RT0009080,O00098364,P02428,2025-08-22,2,Excess Quantity,Refund,77.77
RT0009081,O00043824,P00542,2023-11-17,2,Damaged in Transit,Credit Memo,102.34
RT0009082,O00035062,P00001,2025-03-07,4,Excess Quantity,Replacement,164.64
RT0009083,O00034432,P00045,2024-04-16,1,Excess Quantity,Credit Memo,58.72
RT0009084,O00082257,P00003,2025-12-17,1,Wrong Product,Replacement,9.15
RT0009085,O00003721,P00108,2024-06-20,1,Quality Issue,Replacement,32.66
RT0009086,O00055396,P00075,2025-08-06,3,Quality Issue,Replacement,200.09
RT0009087,O00046226,P02452,2025-09-04,3,Customer Changed Mind,Credit Memo,135.45
RT0009088,O00033472,P00541,2025-07-12,2,Damaged in Transit,Replacement,89.39
RT0009089,O00007350,P00005,2024-11-12,7,Quality Issue,Replacement,336.16
RT0009090,O00098015,P00676,2024-04-02,3,Damaged in Transit,Refund,79.57
RT0009091,O00037114,P00467,2023-10-06,1,Quality Issue,Refund,86.15
RT0009092,O00097995,P00068,2024-11-06,2,Excess Quantity,Replacement,34.27
RT0009093,O00031217,P00157,2025-09-22,2,Late Delivery,Refund,262.28
RT0009094,O00088489,P02986,2023-04-17,3,Late Delivery,Refund,158.54
RT0009095,O00040027,P00505,2023-06-21,1,Late Delivery,Credit Memo,59.5
RT0009096,O00069558,P00031,2023-09-24,2,Excess Quantity,Credit Memo,19.75
RT0009097,O00065185,P00468,2025-10-14,2,Quality Issue,Replacement,90.51
RT0009098,O00090559,P02402,2024-02-19,1,Excess Quantity,Replacement,48.63
RT0009099,O00082385,P00740,2023-03-28,5,Damaged in Transit,Refund,163.17
RT0009100,O00030065,P02379,2025-08-01,3,Wrong Product,Refund,110.67
RT0009101,O00056151,P01608,2024-01-11,1,Quality Issue,Refund,67.54
RT0009102,O00010625,P00613,2023-08-04,11,Damaged in Transit,Replacement,277.63
RT0009103,O00032309,P01703,2025-11-19,2,Damaged in Transit,Credit Memo,21.25
RT0009104,O00061359,P01404,2023-03-31,1,Customer Changed Mind,Replacement,111.88
RT0009105,O00030963,P00006,2023-12-03,2,Quality Issue,Refund,129.01
RT0009106,O00086861,P00001,2023-11-02,5,Damaged in Transit,Refund,198.9
RT0009107,O00004647,P01443,2025-08-05,2,Damaged in Transit,Refund,74.58
RT0009108,O00020505,P01127,2023-10-14,3,Excess Quantity,Credit Memo,203.47
RT0009109,O00039828,P00068,2024-01-17,2,Damaged in Transit,Refund,34.49
RT0009110,O00021297,P00357,2024-10-04,1,Excess Quantity,Refund,19.02
RT0009111,O00097589,P00368,2023-12-11,1,Wrong Product,Refund,54.93
RT0009112,O00070143,P00143,2025-06-11,2,Late Delivery,Credit Memo,37.62
RT0009113,O00086733,P00244,2024-12-24,6,Excess Quantity,Credit Memo,127.34
RT0009114,O00012711,P01251,2024-08-17,1,Damaged in Transit,Credit Memo,60.74
RT0009115,O00036151,P01013,2024-12-16,1,Wrong Product,Refund,14.18
RT0009116,O00080656,P00005,2024-04-09,1,Damaged in Transit,Credit Memo,51.39
RT0009117,O00006943,P00033,2023-06-28,9,Customer Changed Mind,Refund,519.0
RT0009118,O00037979,P01172,2023-05-07,2,Wrong Product,Credit Memo,15.48
RT0009119,O00087301,P00692,2023-11-14,2,Wrong Product,Replacement,76.08
RT0009120,O00065424,P00205,2024-04-04,1,Quality Issue,Credit Memo,11.79
RT0009121,O00084190,P00549,2024-02-03,1,Damaged in Transit,Refund,91.81
RT0009122,O00051169,P01793,2024-02-05,2,Excess Quantity,Replacement,109.67
RT0009123,O00063427,P01479,2023-12-14,1,Damaged in Transit,Refund,65.98
RT0009124,O00049826,P00025,2025-08-10,4,Quality Issue,Refund,278.62
RT0009125,O00062709,P00002,2024-09-13,4,Wrong Product,Credit Memo,287.2
RT0009126,O00070426,P00721,2024-12-14,4,Quality Issue,Refund,89.26
RT0009127,O00027068,P00005,2025-07-06,2,Customer Changed Mind,Refund,97.58
RT0009128,O00037988,P02572,2024-07-04,3,Late Delivery,Replacement,84.15
RT0009129,O00031958,P01354,2024-04-24,2,Damaged in Transit,Replacement,106.27
RT0009130,O00077037,P00005,2023-07-11,2,Quality Issue,Replacement,101.42
RT0009131,O00088013,P01183,2024-12-10,2,Customer Changed Mind,Credit Memo,606.42
RT0009132,O00064092,P00014,2024-06-23,1,Damaged in Transit,Replacement,62.25
RT0009133,O00075184,P00019,2024-08-15,1,Wrong Product,Replacement,36.54
RT0009134,O00097920,P00087,2024-10-27,3,Late Delivery,Replacement,80.71
RT0009135,O00004899,P01371,2023-11-07,2,Quality Issue,Refund,42.23
RT0009136,O00096854,P01628,2025-06-09,2,Quality Issue,Refund,55.86
RT0009137,O00050213,P01620,2024-10-16,1,Excess Quantity,Credit Memo,93.94
RT0009138,O00078408,P00072,2025-09-24,5,Late Delivery,Replacement,57.74
RT0009139,O00028719,P00052,2023-11-05,2,Damaged in Transit,Refund,55.87
RT0009140,O00041236,P01987,2025-01-29,4,Quality Issue,Credit Memo,218.54
RT0009141,O00075278,P01041,2023-07-08,1,Customer Changed Mind,Replacement,67.94
RT0009142,O00063768,P00053,2024-07-24,1,Wrong Product,Refund,24.39
RT0009143,O00037976,P00278,2024-07-31,2,Damaged in Transit,Refund,65.01
RT0009144,O00073829,P00107,2024-07-21,1,Late Delivery,Replacement,42.6
RT0009145,O00087133,P00513,2024-09-30,1,Quality Issue,Credit Memo,12.35
RT0009146,O00008418,P00428,2026-01-16,5,Wrong Product,Refund,199.55
RT0009147,O00040533,P00515,2025-05-31,8,Quality Issue,Credit Memo,285.94
RT0009148,O00095609,P00138,2024-07-26,2,Quality Issue,Replacement,204.02
RT0009149,O00039565,P00487,2025-08-24,2,Customer Changed Mind,Replacement,79.89
RT0009150,O00000606,P00495,2023-03-23,2,Wrong Product,Credit Memo,50.07
RT0009151,O00073095,P02057,2024-05-23,1,Excess Quantity,Replacement,25.8
RT0009152,O00080283,P00052,2024-05-13,1,Damaged in Transit,Credit Memo,36.56
RT0009153,O00028182,P00041,2025-07-29,2,Late Delivery,Credit Memo,118.47
RT0009154,O00000283,P01170,2024-04-09,3,Quality Issue,Replacement,206.74
RT0009155,O00077179,P00757,2023-08-24,1,Late Delivery,Replacement,59.84
RT0009156,O00035589,P00019,2025-01-17,3,Customer Changed Mind,Replacement,134.55
RT0009157,O00018356,P00010,2025-02-13,1,Quality Issue,Replacement,68.0
RT0009158,O00082321,P00046,2025-03-09,3,Wrong Product,Credit Memo,170.1
RT0009159,O00023406,P01042,2025-08-29,2,Wrong Product,Replacement,33.97
RT0009160,O00076021,P00642,2024-08-06,1,Wrong Product,Credit Memo,9.71
RT0009161,O00050939,P01874,2025-08-25,2,Customer Changed Mind,Replacement,28.42
RT0009162,O00023069,P00253,2024-03-30,1,Excess Quantity,Refund,6.51
RT0009163,O00046697,P00177,2025-08-02,4,Excess Quantity,Replacement,77.89
RT0009164,O00017087,P00480,2025-03-17,1,Quality Issue,Credit Memo,49.63
RT0009165,O00053317,P00521,2025-06-09,2,Customer Changed Mind,Replacement,44.06
RT0009166,O00023719,P00173,2024-07-28,1,Damaged in Transit,Replacement,134.61
RT0009167,O00015386,P01592,2026-01-26,3,Late Delivery,Replacement,83.34
RT0009168,O00082462,P02983,2025-01-23,3,Damaged in Transit,Refund,457.28
RT0009169,O00064347,P00413,2024-12-31,2,Excess Quantity,Credit Memo,19.5
RT0009170,O00000593,P00474,2024-10-26,3,Customer Changed Mind,Credit Memo,129.8
RT0009171,O00039544,P00959,2024-03-30,8,Quality Issue,Credit Memo,161.18
RT0009172,O00075809,P01579,2025-07-27,1,Quality Issue,Refund,286.58
RT0009173,O00082467,P00092,2023-09-01,1,Quality Issue,Refund,26.93
RT0009174,O00034814,P01473,2025-01-28,2,Quality Issue,Refund,66.46
RT0009175,O00032216,P00478,2024-12-30,1,Damaged in Transit,Credit Memo,27.58
RT0009176,O00088652,P00018,2023-08-31,3,Excess Quantity,Replacement,170.58
RT0009177,O00041801,P00675,2023-10-05,12,Damaged in Transit,Refund,721.8
RT0009178,O00031652,P02661,2025-10-23,6,Customer Changed Mind,Replacement,426.64
RT0009179,O00036491,P00014,2023-07-28,2,Excess Quantity,Credit Memo,125.4
RT0009180,O00073959,P00083,2025-08-09,1,Wrong Product,Refund,60.59
RT0009181,O00044544,P01226,2025-09-18,4,Late Delivery,Credit Memo,95.52
RT0009182,O00036288,P00419,2025-10-01,1,Late Delivery,Refund,34.18
RT0009183,O00058795,P01176,2025-03-26,5,Quality Issue,Credit Memo,284.45
RT0009184,O00044439,P00337,2025-12-30,6,Quality Issue,Credit Memo,155.95
RT0009185,O00024189,P00415,2025-05-31,1,Excess Quantity,Refund,73.17
RT0009186,O00051949,P02334,2025-03-29,3,Excess Quantity,Refund,361.51
RT0009187,O00057903,P02399,2026-01-30,1,Damaged in Transit,Refund,64.55
RT0009188,O00066674,P00259,2024-03-24,1,Excess Quantity,Replacement,66.49
RT0009189,O00055242,P00266,2024-05-05,1,Quality Issue,Credit Memo,32.04
RT0009190,O00092715,P02200,2024-06-17,3,Late Delivery,Credit Memo,58.2
RT0009191,O00041182,P00544,2024-04-19,2,Late Delivery,Replacement,29.03
RT0009192,O00079332,P00048,2024-02-27,4,Late Delivery,Credit Memo,52.6
RT0009193,O00059962,P01721,2025-06-20,4,Excess Quantity,Replacement,743.17
RT0009194,O00034351,P00177,2023-01-18,6,Damaged in Transit,Credit Memo,124.52
RT0009195,O00012153,P00346,2024-01-31,1,Late Delivery,Credit Memo,52.1
RT0009196,O00059538,P00156,2024-05-02,2,Wrong Product,Refund,135.42
RT0009197,O00099859,P00129,2025-01-28,2,Customer Changed Mind,Credit Memo,94.06
RT0009198,O00038530,P01875,2025-10-25,2,Late Delivery,Refund,40.49
RT0009199,O00049310,P00422,2024-07-02,2,Wrong Product,Replacement,287.11
RT0009200,O00003013,P00940,2023-05-27,3,Damaged in Transit,Refund,265.08
RT0009201,O00018298,P00117,2023-08-16,1,Wrong Product,Credit Memo,47.67
RT0009202,O00025288,P00183,2026-01-08,1,Customer Changed Mind,Credit Memo,39.67
RT0009203,O00096247,P00093,2023-11-07,2,Damaged in Transit,Refund,74.59
RT0009204,O00064594,P00018,2025-02-04,5,Late Delivery,Refund,228.31
RT0009205,O00027134,P00092,2025-06-29,2,Late Delivery,Credit Memo,65.8
RT0009206,O00009624,P00002,2024-08-07,2,Damaged in Transit,Refund,138.01
RT0009207,O00086371,P00042,2025-04-19,1,Customer Changed Mind,Replacement,38.56
RT0009208,O00001051,P02708,2025-12-23,8,Customer Changed Mind,Credit Memo,870.2
RT0009209,O00067840,P02873,2023-05-16,2,Damaged in Transit,Replacement,143.53
RT0009210,O00007038,P00980,2023-08-05,3,Quality Issue,Refund,72.99
RT0009211,O00062352,P01379,2023-11-18,12,Wrong Product,Credit Memo,581.64
RT0009212,O00001073,P02502,2025-04-25,1,Quality Issue,Refund,21.24
RT0009213,O00010442,P01972,2025-05-23,2,Quality Issue,Credit Memo,44.5
RT0009214,O00035880,P00054,2023-08-09,1,Late Delivery,Credit Memo,21.1
RT0009215,O00025483,P00299,2024-02-21,1,Excess Quantity,Replacement,23.8
RT0009216,O00061914,P00078,2023-08-01,5,Quality Issue,Credit Memo,170.43
RT0009217,O00004477,P02228,2024-06-21,1,Late Delivery,Refund,54.98
RT0009218,O00039517,P00132,2024-08-02,2,Late Delivery,Refund,99.14
RT0009219,O00023134,P00211,2024-05-21,1,Late Delivery,Credit Memo,35.77
RT0009220,O00021500,P00012,2025-08-03,1,Excess Quantity,Refund,122.52
RT0009221,O00068075,P00893,2023-06-23,6,Customer Changed Mind,Refund,389.12
RT0009222,O00010689,P00031,2025-07-12,1,Quality Issue,Replacement,10.01
RT0009223,O00066290,P02505,2025-10-29,3,Late Delivery,Refund,83.52
RT0009224,O00055357,P00140,2023-04-07,2,Damaged in Transit,Credit Memo,168.94
RT0009225,O00012793,P00018,2025-09-28,1,Late Delivery,Replacement,52.25
RT0009226,O00043354,P01118,2025-05-13,10,Wrong Product,Refund,183.54
RT0009227,O00072570,P00024,2025-04-10,5,Quality Issue,Refund,312.25
RT0009228,O00027654,P00470,2023-04-14,14,Damaged in Transit,Credit Memo,1212.26
RT0009229,O00088847,P01077,2023-06-27,1,Wrong Product,Refund,21.58
RT0009230,O00016517,P00123,2024-08-23,1,Late Delivery,Refund,139.39
RT0009231,O00065021,P00053,2024-03-16,1,Damaged in Transit,Replacement,19.94
RT0009232,O00035960,P00213,2024-08-15,2,Customer Changed Mind,Credit Memo,43.89
RT0009233,O00081913,P02431,2024-12-27,1,Excess Quantity,Replacement,15.31
RT0009234,O00033473,P00011,2025-11-26,4,Damaged in Transit,Replacement,176.12
RT0009235,O00014129,P00007,2023-08-21,2,Damaged in Transit,Credit Memo,58.63
RT0009236,O00070000,P00001,2023-02-06,1,Wrong Product,Replacement,37.51
RT0009237,O00053104,P00086,2025-03-03,8,Late Delivery,Refund,178.27
RT0009238,O00029034,P00027,2023-05-06,1,Damaged in Transit,Refund,15.65
RT0009239,O00086273,P01114,2023-10-21,1,Excess Quantity,Credit Memo,37.97
RT0009240,O00003925,P00701,2023-06-06,1,Damaged in Transit,Refund,92.11
RT0009241,O00051616,P00436,2023-12-15,2,Wrong Product,Refund,106.32
RT0009242,O00018140,P00474,2023-08-07,1,Customer Changed Mind,Refund,39.55
RT0009243,O00096795,P00230,2023-04-19,2,Damaged in Transit,Replacement,81.77
RT0009244,O00035890,P01235,2024-07-16,1,Wrong Product,Refund,49.24
RT0009245,O00025270,P00052,2024-10-10,5,Excess Quantity,Refund,151.81
RT0009246,O00073610,P01314,2024-12-23,5,Damaged in Transit,Refund,403.65
RT0009247,O00080703,P00668,2025-07-28,7,Quality Issue,Replacement,423.8
RT0009248,O00092202,P00194,2023-09-21,1,Wrong Product,Refund,55.51
RT0009249,O00040127,P00699,2023-11-01,1,Customer Changed Mind,Refund,61.6
RT0009250,O00099608,P00636,2023-06-01,1,Late Delivery,Replacement,112.06
RT0009251,O00070371,P00620,2023-02-27,4,Customer Changed Mind,Refund,243.01
RT0009252,O00049235,P00519,2025-03-30,1,Wrong Product,Credit Memo,61.49
RT0009253,O00053743,P00104,2024-03-02,2,Damaged in Transit,Refund,40.0
RT0009254,O00044310,P02426,2024-02-06,1,Wrong Product,Refund,23.38
RT0009255,O00073542,P00649,2023-09-17,2,Late Delivery,Refund,24.26
RT0009256,O00022302,P01136,2023-02-13,8,Late Delivery,Refund,356.48
RT0009257,O00004934,P00006,2023-09-01,4,Excess Quantity,Replacement,281.08
RT0009258,O00040478,P00134,2024-03-03,1,Late Delivery,Replacement,47.57
RT0009259,O00025605,P00015,2024-06-25,8,Quality Issue,Credit Memo,384.62
RT0009260,O00025122,P00090,2024-04-29,4,Late Delivery,Credit Memo,141.97
RT0009261,O00059302,P00975,2023-07-10,3,Customer Changed Mind,Credit Memo,44.22
RT0009262,O00040561,P02491,2024-07-10,2,Customer Changed Mind,Refund,132.14
RT0009263,O00018920,P01907,2025-05-06,2,Wrong Product,Replacement,59.44
RT0009264,O00055283,P02138,2024-08-24,2,Damaged in Transit,Credit Memo,87.04
RT0009265,O00025773,P00010,2025-12-16,1,Quality Issue,Refund,66.37
RT0009266,O00082001,P02532,2023-06-03,1,Wrong Product,Credit Memo,21.64
RT0009267,O00006522,P00031,2023-04-14,2,Damaged in Transit,Refund,20.26
RT0009268,O00074613,P00087,2023-06-06,2,Customer Changed Mind,Credit Memo,51.31
RT0009269,O00050540,P01272,2024-08-27,2,Customer Changed Mind,Refund,50.45
RT0009270,O00055730,P00595,2026-01-18,2,Wrong Product,Replacement,129.37
RT0009271,O00003070,P00384,2023-01-21,1,Quality Issue,Replacement,39.08
RT0009272,O00075759,P00222,2024-07-21,1,Late Delivery,Replacement,57.32
RT0009273,O00040881,P02250,2023-08-02,1,Quality Issue,Credit Memo,56.21
RT0009274,O00049723,P00041,2025-03-22,1,Damaged in Transit,Replacement,56.94
RT0009275,O00029983,P00011,2025-04-14,2,Excess Quantity,Refund,79.44
RT0009276,O00064430,P01285,2023-09-04,1,Quality Issue,Refund,10.67
RT0009277,O00042876,P00322,2024-08-26,1,Damaged in Transit,Credit Memo,209.89
RT0009278,O00094956,P02487,2025-06-25,3,Customer Changed Mind,Credit Memo,266.63
RT0009279,O00058769,P00001,2024-04-28,4,Wrong Product,Replacement,151.84
RT0009280,O00037185,P00231,2023-09-24,4,Customer Changed Mind,Replacement,140.21
RT0009281,O00091090,P01636,2023-04-22,4,Quality Issue,Credit Memo,330.07
RT0009282,O00009327,P00012,2024-04-24,3,Late Delivery,Credit Memo,337.41
RT0009283,O00055277,P00092,2025-08-17,3,Late Delivery,Replacement,84.4
RT0009284,O00099246,P00675,2024-12-16,5,Damaged in Transit,Replacement,341.2
RT0009285,O00034712,P01386,2023-06-14,3,Customer Changed Mind,Credit Memo,247.79
RT0009286,O00029034,P01271,2023-06-23,1,Wrong Product,Replacement,50.38
RT0009287,O00006379,P00101,2023-09-25,1,Damaged in Transit,Credit Memo,36.93
RT0009288,O00012341,P02761,2024-02-04,3,Wrong Product,Credit Memo,147.69
RT0009289,O00068643,P00004,2023-04-20,5,Quality Issue,Refund,181.1
RT0009290,O00030233,P02237,2025-11-24,12,Quality Issue,Credit Memo,2082.55
RT0009291,O00077905,P00798,2025-10-24,1,Late Delivery,Credit Memo,67.48
RT0009292,O00020783,P00017,2023-01-28,2,Late Delivery,Replacement,45.02
RT0009293,O00008755,P00328,2024-11-02,1,Damaged in Transit,Refund,49.47
RT0009294,O00023284,P00001,2025-12-12,1,Damaged in Transit,Credit Memo,41.75
RT0009295,O00054815,P02768,2024-09-04,1,Damaged in Transit,Replacement,37.5
RT0009296,O00090155,P01180,2025-01-02,1,Late Delivery,Refund,114.37
RT0009297,O00019457,P02040,2023-03-05,2,Customer Changed Mind,Refund,53.64
RT0009298,O00034242,P02886,2024-04-20,7,Wrong Product,Refund,503.62
RT0009299,O00070857,P02549,2023-03-08,2,Quality Issue,Refund,136.08
RT0009300,O00013948,P01752,2024-07-06,1,Customer Changed Mind,Refund,67.42
RT0009301,O00066437,P02573,2023-06-27,1,Customer Changed Mind,Replacement,14.6
RT0009302,O00067581,P02898,2023-07-10,7,Damaged in Transit,Replacement,136.69
RT0009303,O00005015,P00702,2023-11-27,3,Quality Issue,Replacement,114.66
RT0009304,O00065542,P00357,2023-10-13,6,Wrong Product,Refund,113.93
RT0009305,O00034039,P00023,2024-03-06,4,Damaged in Transit,Credit Memo,167.69
RT0009306,O00054617,P01245,2026-02-05,6,Damaged in Transit,Refund,628.99
RT0009307,O00087067,P00467,2025-11-15,2,Damaged in Transit,Credit Memo,173.53
RT0009308,O00015896,P00784,2024-05-23,1,Customer Changed Mind,Replacement,16.45
RT0009309,O00008967,P00525,2024-04-26,4,Quality Issue,Refund,71.97
RT0009310,O00073834,P02382,2026-01-07,1,Excess Quantity,Replacement,41.59
RT0009311,O00075406,P00942,2024-09-21,2,Damaged in Transit,Refund,52.7
RT0009312,O00030017,P00127,2026-01-28,1,Customer Changed Mind,Replacement,129.7
RT0009313,O00014953,P00180,2024-06-25,3,Quality Issue,Credit Memo,63.44
RT0009314,O00065330,P00009,2023-07-04,5,Quality Issue,Credit Memo,261.68
RT0009315,O00072659,P01967,2023-08-13,2,Quality Issue,Credit Memo,91.1
RT0009316,O00051052,P00451,2025-10-12,2,Excess Quantity,Refund,114.84
RT0009317,O00062794,P00074,2023-12-08,1,Wrong Product,Refund,22.07
RT0009318,O00076834,P00201,2024-03-14,2,Wrong Product,Replacement,60.14
RT0009319,O00085138,P00926,2025-04-02,1,Damaged in Transit,Credit Memo,27.08
RT0009320,O00068399,P00077,2024-10-13,1,Excess Quantity,Credit Memo,12.36
RT0009321,O00031054,P00245,2025-09-10,1,Damaged in Transit,Credit Memo,21.54
RT0009322,O00096347,P00186,2024-11-09,16,Damaged in Transit,Replacement,632.74
RT0009323,O00075994,P00450,2023-04-15,4,Late Delivery,Refund,233.28
RT0009324,O00066643,P01682,2024-07-20,5,Excess Quantity,Replacement,251.28
RT0009325,O00093351,P00072,2025-03-06,1,Quality Issue,Replacement,11.34
RT0009326,O00026237,P01522,2024-03-16,5,Customer Changed Mind,Credit Memo,94.9
RT0009327,O00081419,P01071,2023-05-27,2,Wrong Product,Refund,74.41
RT0009328,O00089658,P02957,2024-05-14,1,Late Delivery,Refund,49.59
RT0009329,O00087288,P02972,2024-07-11,1,Damaged in Transit,Refund,68.01
RT0009330,O00044442,P00419,2025-05-28,1,Late Delivery,Credit Memo,33.11
RT0009331,O00048825,P00211,2025-12-11,3,Quality Issue,Replacement,108.12
RT0009332,O00016798,P00087,2023-09-12,3,Late Delivery,Credit Memo,76.39
RT0009333,O00060511,P01293,2023-09-29,1,Damaged in Transit,Credit Memo,40.21
RT0009334,O00078011,P00185,2023-11-19,1,Quality Issue,Credit Memo,38.25
RT0009335,O00079089,P00039,2024-06-20,3,Wrong Product,Replacement,92.72
RT0009336,O00095478,P02028,2024-08-15,6,Wrong Product,Credit Memo,315.56
RT0009337,O00007265,P00672,2023-09-20,2,Quality Issue,Refund,132.9
RT0009338,O00090234,P00531,2024-02-11,3,Wrong Product,Refund,90.73
RT0009339,O00065756,P00046,2024-11-18,3,Wrong Product,Credit Memo,189.03
RT0009340,O00041470,P01907,2023-07-29,8,Excess Quantity,Credit Memo,231.12
RT0009341,O00044343,P02220,2025-08-25,2,Damaged in Transit,Replacement,37.75
RT0009342,O00079889,P00153,2024-03-13,1,Wrong Product,Refund,27.55
RT0009343,O00040011,P00009,2025-09-02,2,Excess Quantity,Refund,97.72
RT0009344,O00036550,P02929,2023-07-27,1,Customer Changed Mind,Refund,82.29
RT0009345,O00072853,P00104,2023-06-14,5,Customer Changed Mind,Replacement,105.02
RT0009346,O00043070,P00008,2023-09-13,3,Damaged in Transit,Refund,173.55
RT0009347,O00091024,P00001,2025-06-14,1,Late Delivery,Credit Memo,42.92
RT0009348,O00046482,P00374,2023-11-28,1,Late Delivery,Refund,110.52
RT0009349,O00039863,P00080,2024-09-22,10,Quality Issue,Replacement,225.94
RT0009350,O00076543,P02193,2024-12-06,3,Damaged in Transit,Credit Memo,194.57
RT0009351,O00061885,P00236,2023-02-21,1,Damaged in Transit,Replacement,59.88
RT0009352,O00034524,P00580,2024-04-12,1,Late Delivery,Replacement,5.13
RT0009353,O00019319,P02960,2025-10-09,2,Customer Changed Mind,Replacement,120.67
RT0009354,O00083163,P02335,2023-06-19,3,Quality Issue,Replacement,343.96
RT0009355,O00007954,P00875,2025-10-06,1,Quality Issue,Replacement,28.48
RT0009356,O00000878,P00016,2024-02-12,1,Customer Changed Mind,Refund,143.84
RT0009357,O00089503,P01258,2024-04-16,7,Quality Issue,Refund,289.46
RT0009358,O00068135,P00619,2024-02-07,1,Quality Issue,Credit Memo,32.72
RT0009359,O00004287,P00046,2024-11-20,3,Customer Changed Mind,Replacement,176.31
RT0009360,O00026171,P01684,2025-01-29,1,Quality Issue,Credit Memo,39.33
RT0009361,O00069835,P00158,2023-03-03,5,Customer Changed Mind,Replacement,327.25
RT0009362,O00061599,P01048,2025-11-08,2,Late Delivery,Refund,73.36
RT0009363,O00051504,P00895,2024-12-08,1,Customer Changed Mind,Refund,55.62
RT0009364,O00075069,P01709,2025-06-08,2,Excess Quantity,Credit Memo,96.07
RT0009365,O00059399,P00141,2023-12-26,1,Quality Issue,Refund,45.17
RT0009366,O00060794,P01819,2023-05-21,1,Excess Quantity,Replacement,37.02
RT0009367,O00065592,P00003,2023-06-05,1,Damaged in Transit,Replacement,7.74
RT0009368,O00001407,P00143,2025-01-27,2,Late Delivery,Credit Memo,35.28
RT0009369,O00056504,P00079,2023-06-17,2,Customer Changed Mind,Credit Memo,93.48
RT0009370,O00064908,P02126,2025-04-03,1,Quality Issue,Replacement,36.14
RT0009371,O00013780,P00089,2023-03-15,1,Excess Quantity,Refund,125.88
RT0009372,O00044200,P00002,2024-11-03,10,Damaged in Transit,Refund,772.41
RT0009373,O00098930,P00142,2024-10-05,1,Late Delivery,Refund,66.45
RT0009374,O00056766,P00243,2024-06-17,9,Quality Issue,Credit Memo,309.84
RT0009375,O00032779,P00646,2024-09-05,10,Quality Issue,Refund,355.31
RT0009376,O00057364,P00025,2024-03-15,3,Quality Issue,Replacement,180.33
RT0009377,O00031726,P00593,2025-11-17,2,Late Delivery,Replacement,67.55
RT0009378,O00006697,P00395,2024-05-24,3,Damaged in Transit,Credit Memo,62.07
RT0009379,O00094747,P01000,2023-10-23,1,Wrong Product,Credit Memo,24.32
RT0009380,O00072596,P02692,2024-11-08,2,Quality Issue,Replacement,50.17
RT0009381,O00001673,P00086,2025-02-08,4,Wrong Product,Replacement,86.25
RT0009382,O00068131,P00007,2024-04-03,4,Excess Quantity,Credit Memo,144.14
RT0009383,O00046335,P00295,2024-05-14,2,Customer Changed Mind,Refund,118.73
RT0009384,O00013394,P00435,2023-04-29,8,Wrong Product,Credit Memo,147.86
RT0009385,O00021361,P00626,2025-11-05,5,Quality Issue,Refund,416.07
RT0009386,O00069170,P00325,2023-08-31,2,Customer Changed Mind,Refund,70.0
RT0009387,O00071424,P00462,2024-06-09,1,Quality Issue,Replacement,39.45
RT0009388,O00084097,P00756,2025-06-27,6,Wrong Product,Refund,205.62
RT0009389,O00025513,P00010,2025-08-26,2,Damaged in Transit,Refund,134.52
RT0009390,O00025245,P00110,2024-10-17,1,Damaged in Transit,Replacement,29.87
RT0009391,O00012300,P00256,2025-07-28,4,Damaged in Transit,Replacement,65.92
RT0009392,O00081088,P01154,2023-07-18,7,Damaged in Transit,Replacement,868.95
RT0009393,O00048782,P00212,2024-08-13,1,Customer Changed Mind,Credit Memo,30.85
RT0009394,O00094500,P00069,2023-10-15,3,Quality Issue,Credit Memo,130.29
RT0009395,O00074889,P01320,2024-08-31,1,Excess Quantity,Refund,49.25
RT0009396,O00051961,P00916,2024-09-08,3,Customer Changed Mind,Replacement,205.21
RT0009397,O00030171,P02222,2025-06-18,1,Late Delivery,Replacement,30.83
RT0009398,O00051026,P00080,2024-07-16,1,Customer Changed Mind,Credit Memo,26.27
RT0009399,O00092616,P00146,2025-03-22,8,Customer Changed Mind,Credit Memo,282.0
RT0009400,O00008858,P00546,2023-12-27,1,Late Delivery,Credit Memo,26.52
RT0009401,O00097027,P01273,2023-01-25,3,Quality Issue,Replacement,136.56
RT0009402,O00083731,P01015,2024-08-25,1,Wrong Product,Replacement,37.62
RT0009403,O00092386,P00044,2025-06-13,2,Customer Changed Mind,Credit Memo,72.26
RT0009404,O00051780,P00560,2023-03-18,2,Quality Issue,Replacement,117.66
RT0009405,O00044160,P00479,2024-04-20,1,Late Delivery,Refund,33.62
RT0009406,O00020152,P00289,2025-11-07,6,Damaged in Transit,Credit Memo,599.22
RT0009407,O00024076,P00211,2024-11-03,2,Excess Quantity,Refund,65.74
RT0009408,O00006887,P01704,2024-02-20,1,Quality Issue,Replacement,65.4
RT0009409,O00069505,P00936,2023-10-27,6,Damaged in Transit,Refund,502.63
RT0009410,O00072076,P00501,2024-10-17,1,Customer Changed Mind,Refund,37.46
RT0009411,O00088395,P00833,2024-08-15,3,Customer Changed Mind,Replacement,211.44
RT0009412,O00094584,P00001,2025-06-26,1,Damaged in Transit,Credit Memo,40.78
RT0009413,O00022188,P00224,2025-11-25,3,Excess Quantity,Credit Memo,265.92
RT0009414,O00019797,P02937,2024-11-08,5,Quality Issue,Credit Memo,284.05
RT0009415,O00050907,P00559,2023-09-07,4,Wrong Product,Refund,279.4
RT0009416,O00071106,P00044,2023-10-16,3,Excess Quantity,Refund,94.99
RT0009417,O00072989,P00314,2025-10-30,1,Quality Issue,Refund,35.69
RT0009418,O00039460,P00274,2024-04-15,1,Quality Issue,Refund,44.25
RT0009419,O00072565,P00021,2025-01-16,1,Wrong Product,Refund,58.47
RT0009420,O00025146,P00063,2024-07-15,1,Quality Issue,Credit Memo,66.02
RT0009421,O00058431,P00171,2023-10-19,1,Damaged in Transit,Credit Memo,7.76
RT0009422,O00030270,P00551,2024-05-17,3,Wrong Product,Replacement,286.28
RT0009423,O00062123,P00480,2025-07-10,3,Excess Quantity,Replacement,138.29
RT0009424,O00027599,P00046,2025-11-03,2,Quality Issue,Refund,126.35
RT0009425,O00012004,P02358,2025-09-10,2,Damaged in Transit,Replacement,55.04
RT0009426,O00099637,P01685,2024-05-31,2,Excess Quantity,Refund,112.28
RT0009427,O00067784,P02709,2023-12-03,4,Wrong Product,Replacement,262.13
RT0009428,O00097704,P00003,2025-05-31,1,Damaged in Transit,Credit Memo,9.52
RT0009429,O00044911,P00433,2024-11-19,1,Wrong Product,Replacement,24.35
RT0009430,O00033274,P00634,2025-08-08,2,Customer Changed Mind,Credit Memo,55.75
RT0009431,O00052511,P01203,2025-04-26,7,Quality Issue,Replacement,126.91
RT0009432,O00000958,P00421,2024-10-27,1,Quality Issue,Refund,131.69
RT0009433,O00062442,P00008,2024-06-24,3,Excess Quantity,Refund,182.71
RT0009434,O00007881,P00011,2024-04-24,5,Quality Issue,Refund,198.41
RT0009435,O00000126,P00057,2024-06-30,1,Wrong Product,Refund,26.4
RT0009436,O00025498,P00344,2025-09-13,2,Damaged in Transit,Credit Memo,146.89
RT0009437,O00002149,P00494,2023-02-20,2,Damaged in Transit,Replacement,22.21
RT0009438,O00082492,P00668,2024-06-24,5,Damaged in Transit,Refund,259.07
RT0009439,O00011934,P01175,2023-09-04,13,Late Delivery,Replacement,1175.6
RT0009440,O00097954,P00001,2023-09-09,2,Excess Quantity,Refund,69.68
RT0009441,O00039019,P02168,2025-07-15,1,Excess Quantity,Refund,67.68
RT0009442,O00051763,P01008,2024-03-06,1,Customer Changed Mind,Credit Memo,134.26
RT0009443,O00093845,P00708,2025-08-23,1,Customer Changed Mind,Replacement,97.58
RT0009444,O00005099,P02923,2024-12-09,4,Quality Issue,Refund,416.21
RT0009445,O00020046,P02711,2024-06-10,7,Wrong Product,Refund,581.74
RT0009446,O00058034,P00684,2025-03-14,3,Customer Changed Mind,Refund,55.26
RT0009447,O00080966,P02621,2025-09-01,3,Damaged in Transit,Credit Memo,193.35
RT0009448,O00080173,P00105,2023-10-28,1,Excess Quantity,Replacement,18.09
RT0009449,O00012991,P00383,2025-06-22,2,Damaged in Transit,Credit Memo,90.25
RT0009450,O00035837,P01448,2025-12-04,3,Customer Changed Mind,Replacement,63.48
RT0009451,O00092267,P02355,2025-09-15,2,Wrong Product,Replacement,39.91
RT0009452,O00024291,P00610,2024-06-05,5,Wrong Product,Refund,96.05
RT0009453,O00070651,P00037,2025-07-16,4,Quality Issue,Replacement,69.69
RT0009454,O00071820,P00137,2023-07-11,1,Wrong Product,Replacement,33.46
RT0009455,O00028683,P00017,2024-10-31,4,Excess Quantity,Replacement,106.48
RT0009456,O00028883,P02188,2026-01-23,2,Excess Quantity,Replacement,146.84
RT0009457,O00063197,P00001,2025-07-08,1,Wrong Product,Refund,40.42
RT0009458,O00091298,P00001,2024-12-08,3,Excess Quantity,Replacement,106.43
RT0009459,O00060260,P00039,2024-09-22,5,Quality Issue,Credit Memo,165.91
RT0009460,O00097152,P02320,2025-05-05,1,Quality Issue,Replacement,30.63
RT0009461,O00046042,P00029,2024-02-26,1,Customer Changed Mind,Credit Memo,34.44
RT0009462,O00014063,P00002,2024-10-03,3,Damaged in Transit,Refund,229.71
RT0009463,O00019471,P00012,2026-01-22,1,Quality Issue,Replacement,121.8
RT0009464,O00009138,P00341,2025-12-03,4,Damaged in Transit,Refund,262.64
RT0009465,O00008357,P00003,2025-10-15,1,Quality Issue,Refund,9.11
RT0009466,O00082626,P00025,2024-08-20,2,Excess Quantity,Credit Memo,138.88
RT0009467,O00086414,P01700,2024-03-04,1,Damaged in Transit,Refund,9.9
RT0009468,O00069502,P02605,2023-05-22,5,Damaged in Transit,Replacement,202.2
RT0009469,O00011285,P00150,2023-12-21,3,Wrong Product,Replacement,33.05
RT0009470,O00074990,P02939,2024-02-12,1,Wrong Product,Refund,24.39
RT0009471,O00099855,P00044,2023-02-20,3,Quality Issue,Replacement,96.8
RT0009472,O00046353,P00139,2025-08-12,1,Customer Changed Mind,Credit Memo,21.74
RT0009473,O00007956,P00009,2023-05-24,1,Wrong Product,Replacement,53.46
RT0009474,O00043203,P02234,2024-07-27,5,Customer Changed Mind,Refund,192.0
RT0009475,O00038738,P02478,2025-08-18,1,Excess Quantity,Replacement,90.03
RT0009476,O00080192,P00009,2025-08-12,3,Damaged in Transit,Refund,147.36
RT0009477,O00096865,P00260,2025-11-12,3,Wrong Product,Credit Memo,196.46
RT0009478,O00017752,P02730,2026-01-09,4,Damaged in Transit,Credit Memo,217.78
RT0009479,O00073823,P00207,2026-01-06,1,Wrong Product,Replacement,31.97
RT0009480,O00017837,P00986,2024-12-14,2,Damaged in Transit,Refund,64.33
RT0009481,O00091769,P00471,2023-07-11,5,Customer Changed Mind,Replacement,236.98
RT0009482,O00015046,P01055,2025-10-22,3,Wrong Product,Replacement,94.81
RT0009483,O00030755,P00249,2025-10-19,9,Quality Issue,Replacement,109.71
RT0009484,O00018616,P00007,2023-05-07,3,Late Delivery,Refund,97.75
RT0009485,O00069001,P00953,2024-11-30,3,Customer Changed Mind,Replacement,138.17
RT0009486,O00082501,P00008,2025-01-23,4,Excess Quantity,Refund,234.76
RT0009487,O00085397,P00365,2024-04-24,1,Damaged in Transit,Refund,16.91
RT0009488,O00082623,P00406,2025-05-22,1,Quality Issue,Credit Memo,28.78
RT0009489,O00006597,P01112,2023-07-29,1,Wrong Product,Replacement,37.68
RT0009490,O00078672,P00188,2024-09-07,1,Late Delivery,Replacement,54.81
RT0009491,O00086007,P00838,2024-01-30,1,Wrong Product,Refund,30.57
RT0009492,O00066442,P00694,2024-12-18,4,Customer Changed Mind,Credit Memo,407.59
RT0009493,O00083501,P00008,2023-10-06,2,Damaged in Transit,Refund,103.18
RT0009494,O00062354,P02564,2024-11-15,2,Excess Quantity,Replacement,92.14
RT0009495,O00032655,P00024,2023-10-05,2,Late Delivery,Credit Memo,139.09
RT0009496,O00035108,P01261,2023-06-16,7,Customer Changed Mind,Refund,239.08
RT0009497,O00056799,P01049,2024-05-10,1,Late Delivery,Replacement,64.23
RT0009498,O00045815,P01429,2024-08-28,2,Excess Quantity,Credit Memo,79.85
RT0009499,O00096621,P00037,2024-02-29,5,Quality Issue,Replacement,86.31
RT0009500,O00071790,P00672,2024-10-20,1,Wrong Product,Credit Memo,59.73
RT0009501,O00064293,P00680,2025-11-24,1,Damaged in Transit,Replacement,24.25
RT0009502,O00042415,P00035,2024-02-15,2,Quality Issue,Credit Memo,142.79
RT0009503,O00004998,P00592,2025-03-24,5,Damaged in Transit,Replacement,119.55
RT0009504,O00039460,P00088,2024-04-27,8,Customer Changed Mind,Replacement,104.14
RT0009505,O00013750,P00023,2025-04-06,1,Quality Issue,Refund,43.07
RT0009506,O00048790,P00819,2024-06-12,3,Damaged in Transit,Refund,47.79
RT0009507,O00005504,P00905,2024-02-16,2,Damaged in Transit,Refund,89.74
RT0009508,O00093668,P00636,2024-08-02,4,Damaged in Transit,Refund,527.84
RT0009509,O00076481,P00006,2023-09-05,3,Excess Quantity,Refund,199.98
RT0009510,O00086496,P01998,2024-10-14,1,Wrong Product,Refund,65.55
RT0009511,O00056576,P00228,2025-07-22,3,Excess Quantity,Refund,109.61
RT0009512,O00054982,P00747,2023-10-10,2,Wrong Product,Replacement,39.89
RT0009513,O00044225,P00022,2024-07-11,5,Customer Changed Mind,Replacement,136.51
RT0009514,O00082423,P00572,2025-06-01,3,Late Delivery,Replacement,36.39
RT0009515,O00048195,P00573,2024-09-30,2,Late Delivery,Credit Memo,106.28
RT0009516,O00032163,P00545,2024-07-11,4,Damaged in Transit,Refund,265.04
RT0009517,O00031117,P00268,2024-06-13,1,Customer Changed Mind,Credit Memo,10.85
RT0009518,O00069282,P00279,2025-04-08,2,Late Delivery,Replacement,52.9
RT0009519,O00063767,P00004,2025-05-16,3,Wrong Product,Credit Memo,118.29
RT0009520,O00098504,P00018,2025-05-19,3,Damaged in Transit,Credit Memo,189.3
RT0009521,O00095456,P01318,2023-06-05,2,Damaged in Transit,Refund,202.89
RT0009522,O00036174,P01497,2025-07-23,1,Customer Changed Mind,Credit Memo,34.54
RT0009523,O00051592,P00078,2024-04-17,1,Damaged in Transit,Refund,40.49
RT0009524,O00046725,P02652,2024-12-18,6,Quality Issue,Replacement,558.0
RT0009525,O00031311,P00003,2024-05-21,1,Damaged in Transit,Credit Memo,10.22
RT0009526,O00080146,P01816,2025-06-06,9,Customer Changed Mind,Refund,681.03
RT0009527,O00024554,P00203,2024-02-26,2,Customer Changed Mind,Refund,133.26
RT0009528,O00085701,P01856,2023-04-05,1,Customer Changed Mind,Replacement,48.04
RT0009529,O00000468,P02303,2024-07-25,1,Damaged in Transit,Refund,45.08
RT0009530,O00086773,P00008,2023-05-21,2,Wrong Product,Replacement,113.33
RT0009531,O00057687,P02302,2025-02-02,2,Late Delivery,Credit Memo,92.3
RT0009532,O00023274,P02691,2023-11-07,1,Damaged in Transit,Replacement,90.67
RT0009533,O00000483,P00276,2024-10-25,4,Customer Changed Mind,Refund,263.84
RT0009534,O00046054,P01602,2025-01-15,4,Damaged in Transit,Replacement,108.74
RT0009535,O00091623,P00361,2023-08-26,1,Damaged in Transit,Credit Memo,27.84
RT0009536,O00014743,P00031,2024-01-23,4,Damaged in Transit,Credit Memo,40.62
RT0009537,O00056378,P01590,2025-06-25,3,Late Delivery,Replacement,254.22
RT0009538,O00091294,P00439,2024-07-01,2,Late Delivery,Replacement,90.29
RT0009539,O00052825,P01751,2025-06-29,4,Customer Changed Mind,Refund,130.83
RT0009540,O00036416,P01669,2025-06-09,9,Customer Changed Mind,Credit Memo,283.81
RT0009541,O00004887,P02393,2023-10-11,2,Wrong Product,Refund,65.6
RT0009542,O00023204,P01958,2023-11-24,1,Excess Quantity,Credit Memo,8.16
RT0009543,O00056306,P01761,2025-07-18,2,Quality Issue,Credit Memo,44.58
RT0009544,O00063710,P01146,2025-09-25,5,Quality Issue,Replacement,342.22
RT0009545,O00052786,P00045,2023-07-29,2,Quality Issue,Refund,114.93
RT0009546,O00015033,P01779,2025-08-02,1,Damaged in Transit,Refund,35.31
RT0009547,O00000237,P00007,2025-08-20,1,Excess Quantity,Refund,34.45
RT0009548,O00027331,P00034,2023-12-25,1,Customer Changed Mind,Credit Memo,22.25
RT0009549,O00003685,P01557,2024-09-04,1,Wrong Product,Replacement,110.81
RT0009550,O00097721,P00073,2024-11-21,1,Late Delivery,Credit Memo,23.94
RT0009551,O00064662,P00018,2025-12-17,4,Damaged in Transit,Refund,246.34
RT0009552,O00056900,P00015,2024-08-30,1,Quality Issue,Credit Memo,42.13
RT0009553,O00041691,P00939,2023-07-17,2,Damaged in Transit,Refund,168.2
RT0009554,O00030339,P01864,2023-03-30,4,Damaged in Transit,Credit Memo,229.54
RT0009555,O00014942,P00085,2024-10-03,1,Wrong Product,Replacement,41.74
RT0009556,O00033067,P00074,2024-05-22,2,Customer Changed Mind,Credit Memo,41.52
RT0009557,O00022403,P00663,2024-10-09,1,Damaged in Transit,Refund,36.46
RT0009558,O00027703,P00211,2025-01-14,1,Late Delivery,Replacement,30.03
RT0009559,O00088338,P00045,2023-07-08,1,Quality Issue,Refund,67.89
RT0009560,O00092028,P01661,2025-02-26,5,Customer Changed Mind,Credit Memo,64.7
RT0009561,O00041440,P00154,2024-04-21,1,Quality Issue,Refund,34.54
RT0009562,O00059715,P00119,2025-03-17,1,Quality Issue,Replacement,6.21
RT0009563,O00030769,P00912,2024-06-12,1,Quality Issue,Refund,72.97
RT0009564,O00024373,P01654,2025-04-06,2,Damaged in Transit,Refund,138.26
RT0009565,O00040235,P00396,2023-07-20,2,Quality Issue,Replacement,53.54
RT0009566,O00004109,P02257,2024-01-13,8,Quality Issue,Refund,611.17
RT0009567,O00075827,P01602,2024-10-30,1,Excess Quantity,Refund,30.37
RT0009568,O00087907,P00295,2023-09-06,5,Excess Quantity,Credit Memo,268.79
RT0009569,O00002777,P00024,2025-06-02,2,Damaged in Transit,Credit Memo,140.7
RT0009570,O00000188,P01009,2024-08-22,2,Damaged in Transit,Replacement,76.13
RT0009571,O00028879,P02933,2024-07-19,1,Damaged in Transit,Credit Memo,21.17
RT0009572,O00070452,P00125,2025-07-27,6,Wrong Product,Credit Memo,1615.83
RT0009573,O00080897,P00834,2025-06-28,3,Late Delivery,Replacement,137.34
RT0009574,O00039101,P00096,2025-07-17,2,Damaged in Transit,Replacement,233.36
RT0009575,O00084636,P00300,2024-01-27,3,Damaged in Transit,Refund,109.96
RT0009576,O00045522,P00021,2025-07-25,3,Damaged in Transit,Credit Memo,173.3
RT0009577,O00021108,P02032,2024-08-17,1,Damaged in Transit,Refund,20.09
RT0009578,O00067459,P00070,2023-06-23,1,Damaged in Transit,Replacement,129.83
RT0009579,O00042910,P00001,2024-08-02,3,Damaged in Transit,Refund,122.52
RT0009580,O00009781,P00026,2025-09-03,1,Wrong Product,Credit Memo,46.46
RT0009581,O00030421,P01299,2024-05-24,9,Quality Issue,Credit Memo,710.45
RT0009582,O00048147,P00266,2025-06-24,1,Wrong Product,Credit Memo,31.1
RT0009583,O00021478,P00297,2025-03-23,8,Quality Issue,Replacement,1118.24
RT0009584,O00028440,P00413,2024-01-26,3,Wrong Product,Credit Memo,22.65
RT0009585,O00016749,P02947,2024-12-06,6,Excess Quantity,Refund,709.88
RT0009586,O00096090,P00031,2024-06-07,1,Damaged in Transit,Credit Memo,10.86
RT0009587,O00087372,P00032,2024-07-21,4,Excess Quantity,Replacement,174.24
RT0009588,O00045483,P00162,2025-05-15,3,Wrong Product,Refund,321.7
RT0009589,O00002560,P00216,2024-07-30,2,Customer Changed Mind,Replacement,31.8
RT0009590,O00071364,P01380,2023-07-25,6,Damaged in Transit,Credit Memo,363.15
RT0009591,O00002825,P02973,2024-09-09,3,Damaged in Transit,Credit Memo,301.19
RT0009592,O00099282,P00438,2025-03-26,2,Damaged in Transit,Refund,26.44
RT0009593,O00042596,P02834,2025-10-12,6,Customer Changed Mind,Replacement,359.94
RT0009594,O00094305,P00186,2023-09-16,3,Quality Issue,Refund,132.59
RT0009595,O00052364,P00151,2024-04-14,1,Customer Changed Mind,Refund,147.2
RT0009596,O00043773,P00066,2024-05-21,5,Customer Changed Mind,Replacement,115.41
RT0009597,O00011364,P00356,2025-07-02,2,Excess Quantity,Credit Memo,76.5
RT0009598,O00004440,P00158,2024-06-03,1,Quality Issue,Credit Memo,70.05
RT0009599,O00021057,P00182,2025-06-28,2,Excess Quantity,Replacement,116.71
RT0009600,O00015562,P00482,2025-02-24,4,Wrong Product,Credit Memo,73.72
RT0009601,O00006399,P00252,2024-09-05,1,Damaged in Transit,Credit Memo,24.71
RT0009602,O00014666,P01520,2025-01-26,1,Quality Issue,Refund,25.34
RT0009603,O00071985,P00499,2024-02-06,4,Customer Changed Mind,Refund,280.93
RT0009604,O00082644,P00113,2024-12-01,3,Quality Issue,Replacement,132.81
RT0009605,O00057301,P00589,2024-10-31,5,Excess Quantity,Refund,99.36
RT0009606,O00073124,P00574,2024-01-01,1,Excess Quantity,Credit Memo,52.46
RT0009607,O00043444,P02940,2023-02-21,5,Customer Changed Mind,Credit Memo,473.89
RT0009608,O00089946,P02421,2025-07-13,2,Excess Quantity,Refund,77.79
RT0009609,O00040012,P00214,2023-05-02,6,Wrong Product,Refund,295.71
RT0009610,O00081625,P02902,2023-11-05,6,Wrong Product,Credit Memo,294.89
RT0009611,O00078078,P00001,2023-03-21,2,Wrong Product,Replacement,72.35
RT0009612,O00089668,P02051,2023-05-26,3,Quality Issue,Replacement,150.34
RT0009613,O00010558,P01341,2023-06-12,1,Customer Changed Mind,Credit Memo,114.14
RT0009614,O00082008,P00184,2023-12-21,1,Late Delivery,Refund,17.63
RT0009615,O00022942,P00062,2025-02-21,1,Late Delivery,Replacement,51.87
RT0009616,O00081268,P00601,2025-07-01,6,Late Delivery,Credit Memo,120.24
RT0009617,O00082711,P00343,2024-06-27,1,Damaged in Transit,Refund,25.82
RT0009618,O00056731,P00111,2025-11-03,5,Wrong Product,Replacement,188.55
RT0009619,O00023895,P00310,2025-06-02,1,Damaged in Transit,Replacement,27.08
RT0009620,O00024887,P00234,2025-06-29,6,Damaged in Transit,Refund,225.18
RT0009621,O00074423,P01301,2025-06-04,2,Customer Changed Mind,Replacement,46.21
RT0009622,O00028092,P00016,2025-05-09,2,Damaged in Transit,Replacement,324.33
RT0009623,O00011743,P00896,2025-04-08,4,Customer Changed Mind,Refund,44.88
RT0009624,O00054015,P00519,2023-12-26,4,Damaged in Transit,Refund,245.59
RT0009625,O00078895,P02981,2024-10-12,6,Late Delivery,Credit Memo,142.3
RT0009626,O00006646,P00161,2025-01-10,1,Late Delivery,Replacement,67.29
RT0009627,O00075782,P00014,2024-01-28,1,Wrong Product,Replacement,58.71
RT0009628,O00028860,P00002,2024-06-09,1,Wrong Product,Credit Memo,75.25
RT0009629,O00065129,P02895,2024-07-13,2,Damaged in Transit,Refund,53.65
RT0009630,O00070724,P01927,2024-12-18,3,Wrong Product,Refund,32.38
RT0009631,O00092391,P00360,2024-11-08,2,Damaged in Transit,Replacement,46.89
RT0009632,O00077374,P00020,2025-07-18,1,Quality Issue,Replacement,24.1
RT0009633,O00057808,P02756,2023-04-08,1,Customer Changed Mind,Refund,54.95
RT0009634,O00068312,P00498,2025-01-06,3,Quality Issue,Replacement,110.32
RT0009635,O00033780,P02077,2025-05-22,4,Customer Changed Mind,Refund,191.84
RT0009636,O00087665,P00851,2023-06-27,2,Late Delivery,Replacement,28.3
RT0009637,O00009728,P01356,2023-06-25,6,Customer Changed Mind,Refund,170.03
RT0009638,O00094434,P00032,2024-08-01,4,Excess Quantity,Refund,167.18
RT0009639,O00061315,P01838,2023-08-24,3,Late Delivery,Replacement,50.43
RT0009640,O00082233,P01708,2023-06-27,9,Late Delivery,Refund,115.84
RT0009641,O00087075,P00317,2025-07-13,3,Customer Changed Mind,Replacement,83.13
RT0009642,O00092778,P00619,2024-05-31,2,Customer Changed Mind,Credit Memo,68.13
RT0009643,O00058915,P00230,2025-10-10,1,Customer Changed Mind,Replacement,41.89
RT0009644,O00057125,P00988,2025-11-04,2,Damaged in Transit,Credit Memo,25.74
RT0009645,O00095883,P00046,2023-06-01,1,Quality Issue,Credit Memo,58.46
RT0009646,O00064985,P01174,2023-09-09,1,Excess Quantity,Replacement,30.74
RT0009647,O00002293,P00669,2025-08-02,5,Damaged in Transit,Replacement,295.87
RT0009648,O00097895,P00460,2024-09-22,7,Wrong Product,Credit Memo,710.78
RT0009649,O00038419,P01505,2023-07-20,2,Excess Quantity,Replacement,64.12
RT0009650,O00038775,P01635,2025-10-04,1,Quality Issue,Credit Memo,35.99
RT0009651,O00028185,P00730,2025-07-19,4,Quality Issue,Credit Memo,522.61
RT0009652,O00080117,P00270,2023-05-25,1,Customer Changed Mind,Refund,5.7
RT0009653,O00006735,P02989,2024-01-07,4,Wrong Product,Credit Memo,105.34
RT0009654,O00081601,P00002,2024-07-07,2,Quality Issue,Replacement,151.31
RT0009655,O00070406,P00551,2025-02-21,1,Late Delivery,Replacement,86.14
RT0009656,O00094696,P01592,2024-01-28,2,Late Delivery,Credit Memo,41.79
RT0009657,O00008318,P00748,2025-01-09,2,Customer Changed Mind,Replacement,50.62
RT0009658,O00037200,P01566,2025-11-04,3,Quality Issue,Credit Memo,216.83
RT0009659,O00004207,P00293,2024-07-12,1,Quality Issue,Replacement,63.31
RT0009660,O00048539,P00132,2024-08-05,2,Quality Issue,Credit Memo,94.47
RT0009661,O00050717,P00576,2025-05-07,1,Customer Changed Mind,Replacement,43.26
RT0009662,O00041118,P01692,2025-11-28,1,Damaged in Transit,Credit Memo,113.38
RT0009663,O00004314,P01058,2024-05-05,1,Wrong Product,Refund,62.16
RT0009664,O00088441,P01418,2023-06-02,1,Quality Issue,Refund,51.44
RT0009665,O00024393,P01919,2023-06-23,2,Wrong Product,Credit Memo,99.01
RT0009666,O00078798,P02387,2023-11-20,1,Damaged in Transit,Credit Memo,34.24
RT0009667,O00051751,P00865,2024-08-07,1,Quality Issue,Refund,32.47
RT0009668,O00066756,P00381,2025-06-06,1,Damaged in Transit,Credit Memo,120.0
RT0009669,O00085745,P01043,2025-10-25,15,Damaged in Transit,Credit Memo,1239.61
RT0009670,O00093709,P00028,2025-05-18,3,Wrong Product,Replacement,81.96
RT0009671,O00063628,P00304,2025-07-17,1,Customer Changed Mind,Replacement,67.35
RT0009672,O00006271,P00007,2025-12-18,2,Damaged in Transit,Replacement,65.54
RT0009673,O00046422,P00003,2025-12-19,6,Quality Issue,Refund,61.14
RT0009674,O00008099,P00335,2023-10-11,7,Wrong Product,Refund,199.19
RT0009675,O00066016,P02751,2024-09-14,7,Wrong Product,Credit Memo,178.13
RT0009676,O00055645,P00352,2023-12-15,2,Quality Issue,Refund,36.67
RT0009677,O00012027,P01506,2025-05-30,3,Quality Issue,Refund,785.25
RT0009678,O00039612,P01171,2025-07-10,1,Damaged in Transit,Credit Memo,124.52
RT0009679,O00070347,P00009,2024-05-07,3,Wrong Product,Refund,129.91
RT0009680,O00073897,P00098,2024-06-23,3,Quality Issue,Credit Memo,43.82
RT0009681,O00056618,P01874,2025-06-27,6,Quality Issue,Credit Memo,81.25
RT0009682,O00028236,P01240,2023-05-23,1,Excess Quantity,Refund,56.81
RT0009683,O00008449,P00211,2025-10-19,4,Customer Changed Mind,Refund,131.97
RT0009684,O00047260,P00261,2023-02-09,4,Customer Changed Mind,Refund,98.46
RT0009685,O00087081,P00122,2025-06-04,4,Quality Issue,Replacement,40.74
RT0009686,O00003343,P00429,2024-08-30,1,Quality Issue,Replacement,40.54
RT0009687,O00092349,P00740,2023-10-28,2,Wrong Product,Refund,67.03
RT0009688,O00066929,P00975,2023-02-18,1,Wrong Product,Refund,15.82
RT0009689,O00092619,P00405,2023-08-25,1,Late Delivery,Replacement,29.7
RT0009690,O00001454,P02756,2024-06-01,4,Quality Issue,Credit Memo,214.29
RT0009691,O00077111,P00041,2025-09-30,1,Customer Changed Mind,Refund,59.96
RT0009692,O00060888,P00855,2025-08-06,2,Wrong Product,Replacement,137.52
RT0009693,O00036237,P00725,2023-07-21,1,Quality Issue,Replacement,39.57
RT0009694,O00022173,P00009,2024-09-26,1,Wrong Product,Credit Memo,46.49
RT0009695,O00005251,P01890,2025-03-13,1,Damaged in Transit,Refund,42.7
RT0009696,O00042621,P00974,2023-07-02,1,Damaged in Transit,Replacement,16.95
RT0009697,O00025715,P00297,2025-10-19,1,Customer Changed Mind,Replacement,139.94
RT0009698,O00066526,P00159,2024-10-30,4,Customer Changed Mind,Refund,156.07
RT0009699,O00061118,P00231,2025-03-11,3,Wrong Product,Credit Memo,118.01
RT0009700,O00038228,P02067,2023-09-13,1,Damaged in Transit,Refund,43.23
RT0009701,O00089864,P00563,2023-08-30,5,Damaged in Transit,Credit Memo,154.19
RT0009702,O00039976,P01512,2023-12-10,3,Excess Quantity,Refund,138.0
RT0009703,O00037813,P00009,2024-12-26,1,Customer Changed Mind,Replacement,47.83
RT0009704,O00001915,P00825,2025-09-18,1,Wrong Product,Credit Memo,32.48
RT0009705,O00009582,P02194,2024-01-09,5,Late Delivery,Refund,163.8
RT0009706,O00040405,P01171,2025-06-18,1,Damaged in Transit,Refund,120.02
RT0009707,O00087180,P00002,2024-06-16,1,Late Delivery,Replacement,74.53
RT0009708,O00021742,P02199,2024-08-25,1,Damaged in Transit,Refund,33.37
RT0009709,O00047324,P00152,2024-10-06,2,Late Delivery,Credit Memo,123.56
RT0009710,O00041827,P00568,2023-06-25,4,Excess Quantity,Refund,115.52
RT0009711,O00004086,P01889,2024-08-08,1,Excess Quantity,Refund,20.57
RT0009712,O00019705,P00647,2025-11-30,2,Damaged in Transit,Credit Memo,61.29
RT0009713,O00036344,P02402,2024-10-18,4,Damaged in Transit,Credit Memo,187.85
RT0009714,O00026345,P02270,2023-10-20,4,Damaged in Transit,Replacement,61.16
RT0009715,O00069160,P01134,2025-02-03,1,Excess Quantity,Credit Memo,50.08
RT0009716,O00014281,P00078,2025-01-10,2,Late Delivery,Replacement,76.96
RT0009717,O00080234,P00001,2023-10-18,6,Wrong Product,Credit Memo,246.72
RT0009718,O00093509,P00458,2025-08-22,1,Wrong Product,Replacement,71.4
RT0009719,O00048543,P00356,2024-06-04,1,Damaged in Transit,Credit Memo,39.83
RT0009720,O00022893,P00010,2023-07-22,1,Damaged in Transit,Replacement,65.84
RT0009721,O00014354,P00231,2023-09-03,2,Wrong Product,Credit Memo,74.57
RT0009722,O00056403,P00959,2024-03-15,6,Damaged in Transit,Credit Memo,119.01
RT0009723,O00050208,P01213,2024-04-03,6,Quality Issue,Refund,350.16
RT0009724,O00059316,P00617,2023-07-16,1,Damaged in Transit,Credit Memo,18.26
RT0009725,O00099706,P00039,2023-05-13,6,Late Delivery,Replacement,185.79
RT0009726,O00091585,P01432,2023-01-22,1,Wrong Product,Replacement,22.79
RT0009727,O00087753,P01168,2025-10-08,2,Quality Issue,Credit Memo,52.84
RT0009728,O00097784,P00136,2023-12-05,1,Quality Issue,Refund,20.42
RT0009729,O00034494,P02183,2024-12-03,1,Quality Issue,Refund,7.63
RT0009730,O00099955,P00647,2025-11-16,1,Late Delivery,Refund,29.05
RT0009731,O00049788,P01422,2023-03-11,1,Quality Issue,Replacement,46.24
RT0009732,O00082555,P00010,2023-07-09,5,Wrong Product,Replacement,351.5
RT0009733,O00018761,P00231,2025-08-11,5,Late Delivery,Refund,203.51
RT0009734,O00070441,P01944,2025-09-22,6,Excess Quantity,Credit Memo,155.82
RT0009735,O00069765,P00258,2025-10-08,2,Customer Changed Mind,Replacement,171.72
RT0009736,O00041955,P00515,2024-01-03,12,Damaged in Transit,Replacement,379.51
RT0009737,O00034480,P00005,2024-08-19,2,Customer Changed Mind,Credit Memo,105.48
RT0009738,O00010997,P00488,2023-03-29,3,Quality Issue,Refund,50.7
RT0009739,O00002866,P01394,2024-06-03,2,Wrong Product,Credit Memo,88.25
RT0009740,O00042372,P00505,2025-09-25,1,Customer Changed Mind,Credit Memo,63.07
RT0009741,O00039818,P00629,2023-09-16,2,Quality Issue,Refund,151.56
RT0009742,O00035838,P02992,2024-10-18,2,Customer Changed Mind,Replacement,60.77
RT0009743,O00011722,P00432,2023-12-01,1,Damaged in Transit,Credit Memo,27.1
RT0009744,O00029648,P00041,2024-08-03,1,Excess Quantity,Refund,58.2
RT0009745,O00064977,P00969,2023-07-31,8,Excess Quantity,Replacement,242.97
RT0009746,O00083890,P00876,2023-05-19,1,Quality Issue,Replacement,25.25
RT0009747,O00096998,P00006,2025-02-20,2,Customer Changed Mind,Credit Memo,108.91
RT0009748,O00092010,P01049,2024-12-28,3,Damaged in Transit,Refund,195.76
RT0009749,O00096097,P00576,2023-03-14,2,Quality Issue,Credit Memo,74.72
RT0009750,O00009162,P02185,2024-06-01,1,Late Delivery,Replacement,34.59
RT0009751,O00089248,P02241,2023-07-25,4,Customer Changed Mind,Credit Memo,212.57
RT0009752,O00006804,P02247,2023-11-19,1,Excess Quantity,Replacement,18.9
RT0009753,O00086936,P01518,2023-11-22,6,Late Delivery,Replacement,541.96
RT0009754,O00089517,P01966,2023-11-13,10,Customer Changed Mind,Credit Memo,151.2
RT0009755,O00037504,P00583,2023-03-08,3,Late Delivery,Credit Memo,49.19
RT0009756,O00033490,P00095,2024-09-30,3,Wrong Product,Refund,33.64
RT0009757,O00027470,P00021,2025-02-01,4,Customer Changed Mind,Replacement,287.52
RT0009758,O00057197,P00773,2024-06-10,1,Customer Changed Mind,Refund,103.65
RT0009759,O00080924,P00462,2023-05-28,4,Damaged in Transit,Credit Memo,160.64
RT0009760,O00073916,P00467,2024-07-08,3,Damaged in Transit,Replacement,238.8
RT0009761,O00090719,P00059,2023-02-13,2,Quality Issue,Replacement,98.97
RT0009762,O00029185,P02044,2024-08-25,5,Wrong Product,Credit Memo,111.83
RT0009763,O00019912,P00021,2025-05-24,4,Customer Changed Mind,Replacement,239.71
RT0009764,O00049939,P00187,2024-05-06,1,Quality Issue,Credit Memo,68.68
RT0009765,O00095134,P02109,2025-11-29,1,Late Delivery,Replacement,91.51
RT0009766,O00097539,P00509,2023-04-09,2,Wrong Product,Replacement,75.29
RT0009767,O00041351,P00063,2023-07-07,2,Late Delivery,Credit Memo,126.72
RT0009768,O00064654,P02696,2025-11-08,3,Excess Quantity,Replacement,330.92
RT0009769,O00061085,P00009,2023-04-21,6,Wrong Product,Replacement,291.16
RT0009770,O00015573,P00381,2024-05-02,3,Late Delivery,Refund,356.25
RT0009771,O00097618,P00083,2025-11-24,1,Customer Changed Mind,Replacement,70.65
RT0009772,O00031913,P00674,2023-07-25,1,Wrong Product,Replacement,54.04
RT0009773,O00009746,P00349,2024-03-06,1,Quality Issue,Replacement,8.71
RT0009774,O00037753,P02024,2023-07-21,3,Late Delivery,Replacement,79.51
RT0009775,O00062380,P00661,2023-06-25,6,Damaged in Transit,Refund,103.3
RT0009776,O00021283,P00106,2023-10-17,1,Late Delivery,Credit Memo,67.12
RT0009777,O00086729,P02018,2024-04-25,1,Wrong Product,Refund,22.86
RT0009778,O00078878,P00023,2025-09-13,2,Customer Changed Mind,Replacement,75.11
RT0009779,O00039837,P00391,2024-08-01,3,Quality Issue,Refund,124.89
RT0009780,O00093794,P00004,2023-06-05,9,Damaged in Transit,Refund,381.24
RT0009781,O00070393,P00108,2026-01-03,2,Wrong Product,Replacement,66.18
RT0009782,O00036255,P00240,2024-11-09,6,Damaged in Transit,Credit Memo,202.25
RT0009783,O00008663,P01999,2023-03-02,1,Late Delivery,Replacement,61.08
RT0009784,O00052731,P02628,2023-10-28,1,Late Delivery,Credit Memo,73.18
RT0009785,O00035616,P00650,2023-12-25,1,Damaged in Transit,Credit Memo,15.61
RT0009786,O00024766,P00004,2024-09-06,5,Damaged in Transit,Credit Memo,199.5
RT0009787,O00094731,P00040,2026-01-16,4,Customer Changed Mind,Credit Memo,251.82
RT0009788,O00009157,P00694,2023-09-12,16,Quality Issue,Refund,1652.41
RT0009789,O00034075,P01503,2023-10-14,6,Late Delivery,Replacement,208.74
RT0009790,O00016446,P00916,2023-04-27,1,Customer Changed Mind,Replacement,65.8
RT0009791,O00061722,P00415,2023-07-12,2,Late Delivery,Replacement,141.47
RT0009792,O00092667,P00499,2023-10-15,1,Customer Changed Mind,Replacement,77.21
RT0009793,O00071896,P01177,2025-09-26,3,Quality Issue,Replacement,106.29
RT0009794,O00066394,P00002,2024-05-12,1,Damaged in Transit,Credit Memo,64.64
RT0009795,O00094773,P00326,2023-10-16,1,Quality Issue,Replacement,186.11
RT0009796,O00099226,P00057,2025-07-08,1,Wrong Product,Refund,27.34
RT0009797,O00088048,P01129,2023-09-05,1,Damaged in Transit,Replacement,33.76
RT0009798,O00038458,P02061,2025-02-06,5,Wrong Product,Credit Memo,108.11
RT0009799,O00041890,P02305,2023-02-06,1,Quality Issue,Refund,16.32
RT0009800,O00020475,P00015,2024-11-09,1,Wrong Product,Replacement,47.98
RT0009801,O00063424,P00120,2024-12-12,5,Excess Quantity,Replacement,74.31
RT0009802,O00010148,P02886,2023-11-16,2,Damaged in Transit,Refund,154.67
RT0009803,O00022584,P01290,2025-05-27,2,Late Delivery,Refund,160.74
RT0009804,O00012501,P00050,2024-05-22,1,Damaged in Transit,Replacement,48.17
RT0009805,O00005928,P00262,2024-03-19,1,Damaged in Transit,Credit Memo,92.17
RT0009806,O00062323,P00954,2024-09-27,2,Damaged in Transit,Credit Memo,85.14
RT0009807,O00036733,P00409,2023-05-11,11,Wrong Product,Replacement,305.89
RT0009808,O00079875,P00742,2023-06-12,1,Customer Changed Mind,Replacement,31.78
RT0009809,O00038689,P00003,2024-07-20,6,Quality Issue,Refund,57.8
RT0009810,O00024029,P00557,2024-01-27,3,Wrong Product,Refund,56.68
RT0009811,O00026515,P00003,2024-10-27,1,Quality Issue,Refund,9.45
RT0009812,O00002345,P00262,2025-03-15,2,Damaged in Transit,Credit Memo,161.03
RT0009813,O00016200,P00499,2023-10-29,2,Excess Quantity,Replacement,147.29
RT0009814,O00018829,P00054,2024-04-15,2,Customer Changed Mind,Replacement,40.52
RT0009815,O00065362,P00965,2024-05-28,13,Customer Changed Mind,Replacement,1006.55
RT0009816,O00030531,P01556,2025-01-30,1,Late Delivery,Replacement,52.87
RT0009817,O00088646,P01635,2024-06-27,1,Excess Quantity,Credit Memo,32.45
RT0009818,O00008430,P00002,2024-06-27,5,Damaged in Transit,Replacement,320.32
RT0009819,O00030503,P01852,2023-11-23,1,Customer Changed Mind,Refund,24.3
RT0009820,O00044931,P00061,2025-10-27,1,Customer Changed Mind,Credit Memo,21.85
RT0009821,O00009096,P00431,2024-10-12,6,Customer Changed Mind,Refund,89.97
RT0009822,O00045899,P00046,2025-03-20,4,Late Delivery,Refund,258.56
RT0009823,O00049273,P00055,2025-10-27,4,Excess Quantity,Replacement,252.82
RT0009824,O00077463,P00063,2025-12-08,5,Customer Changed Mind,Credit Memo,331.85
RT0009825,O00062924,P00273,2024-08-02,2,Wrong Product,Credit Memo,61.24
RT0009826,O00017758,P00706,2023-08-31,2,Quality Issue,Credit Memo,62.6
RT0009827,O00002635,P00281,2023-09-09,3,Quality Issue,Replacement,124.97
RT0009828,O00031517,P01386,2024-11-15,6,Customer Changed Mind,Replacement,467.54
RT0009829,O00008272,P02392,2025-08-12,6,Damaged in Transit,Replacement,151.8
RT0009830,O00013669,P00386,2023-06-12,2,Customer Changed Mind,Replacement,232.98
RT0009831,O00093339,P00931,2024-05-04,2,Late Delivery,Replacement,104.42
RT0009832,O00046157,P01653,2023-03-18,1,Customer Changed Mind,Replacement,391.61
RT0009833,O00077835,P00129,2023-04-01,2,Wrong Product,Refund,84.15
RT0009834,O00019994,P01131,2024-09-29,5,Damaged in Transit,Replacement,30.08
RT0009835,O00059543,P00001,2023-09-26,4,Wrong Product,Credit Memo,154.48
RT0009836,O00048271,P00637,2025-01-01,2,Late Delivery,Credit Memo,58.24
RT0009837,O00076611,P02217,2023-07-14,3,Late Delivery,Refund,118.35
RT0009838,O00001154,P00106,2025-09-27,5,Wrong Product,Replacement,387.55
RT0009839,O00052673,P00186,2025-02-18,15,Customer Changed Mind,Refund,665.05
RT0009840,O00079035,P00103,2023-07-11,2,Quality Issue,Refund,20.2
RT0009841,O00020335,P00180,2025-11-04,1,Excess Quantity,Refund,20.19
RT0009842,O00086753,P00019,2024-06-09,1,Wrong Product,Replacement,35.36
RT0009843,O00092074,P00982,2023-08-10,4,Late Delivery,Credit Memo,117.36
RT0009844,O00066766,P02647,2024-09-23,4,Late Delivery,Refund,184.96
RT0009845,O00013398,P00548,2025-05-02,1,Quality Issue,Replacement,24.7
RT0009846,O00052168,P00001,2024-07-14,8,Damaged in Transit,Credit Memo,281.96
RT0009847,O00060356,P01035,2023-08-02,4,Late Delivery,Replacement,173.54
RT0009848,O00077869,P00267,2024-05-03,4,Quality Issue,Credit Memo,101.64
RT0009849,O00066428,P00503,2023-04-02,2,Wrong Product,Replacement,63.88
RT0009850,O00026228,P00044,2024-01-29,2,Quality Issue,Credit Memo,70.6
RT0009851,O00058737,P00020,2025-09-12,1,Wrong Product,Credit Memo,28.28
RT0009852,O00046223,P00328,2024-01-10,4,Damaged in Transit,Refund,210.65
RT0009853,O00035387,P00132,2025-01-25,2,Damaged in Transit,Refund,100.97
RT0009854,O00043877,P02696,2024-07-18,7,Wrong Product,Replacement,684.83
RT0009855,O00009951,P00394,2024-01-01,1,Quality Issue,Refund,36.5
RT0009856,O00082226,P00009,2023-10-03,1,Excess Quantity,Credit Memo,45.12
RT0009857,O00077162,P00737,2023-11-01,4,Excess Quantity,Refund,197.6
RT0009858,O00037545,P00990,2024-03-13,1,Excess Quantity,Refund,123.57
RT0009859,O00094027,P01205,2026-01-25,1,Damaged in Transit,Replacement,9.44
RT0009860,O00080411,P00413,2023-10-04,6,Quality Issue,Replacement,54.15
RT0009861,O00023469,P00603,2024-06-25,2,Customer Changed Mind,Credit Memo,47.38
RT0009862,O00087953,P00923,2023-08-20,2,Wrong Product,Refund,22.45
RT0009863,O00022459,P01852,2023-07-20,1,Excess Quantity,Credit Memo,19.78
RT0009864,O00099872,P00001,2025-09-30,9,Customer Changed Mind,Refund,352.6
RT0009865,O00057348,P02253,2023-11-28,3,Quality Issue,Refund,71.4
RT0009866,O00063982,P00517,2023-05-01,2,Late Delivery,Refund,52.46
RT0009867,O00093448,P01313,2025-09-25,3,Late Delivery,Refund,82.16
RT0009868,O00068854,P00894,2023-12-14,2,Customer Changed Mind,Credit Memo,202.56
RT0009869,O00082003,P02333,2024-06-19,5,Late Delivery,Credit Memo,1075.66
RT0009870,O00074141,P00672,2026-02-04,5,Excess Quantity,Credit Memo,346.34
RT0009871,O00092195,P00003,2025-10-29,1,Late Delivery,Refund,9.39
RT0009872,O00057906,P00533,2024-09-14,4,Damaged in Transit,Credit Memo,86.94
RT0009873,O00034146,P01509,2024-04-20,1,Quality Issue,Credit Memo,25.93
RT0009874,O00081979,P01329,2024-06-08,3,Quality Issue,Replacement,111.67
RT0009875,O00098321,P01906,2025-06-06,1,Damaged in Transit,Credit Memo,41.09
RT0009876,O00088592,P00643,2024-09-18,2,Customer Changed Mind,Refund,78.24
RT0009877,O00040732,P00049,2023-03-07,11,Damaged in Transit,Replacement,150.33
RT0009878,O00071291,P00003,2025-06-28,1,Quality Issue,Replacement,9.17
RT0009879,O00098008,P00546,2024-05-16,1,Late Delivery,Credit Memo,24.02
RT0009880,O00069412,P00582,2023-06-10,1,Quality Issue,Credit Memo,35.28
RT0009881,O00014400,P02780,2023-05-21,1,Wrong Product,Refund,26.54
RT0009882,O00001881,P02334,2024-06-29,2,Excess Quantity,Credit Memo,207.2
RT0009883,O00098702,P02033,2024-09-03,3,Wrong Product,Credit Memo,160.37
RT0009884,O00002657,P00435,2023-11-24,2,Wrong Product,Refund,38.99
RT0009885,O00003494,P01206,2024-11-15,1,Wrong Product,Credit Memo,23.48
RT0009886,O00065635,P00417,2024-06-27,1,Customer Changed Mind,Refund,20.0
RT0009887,O00047250,P00258,2023-02-20,2,Late Delivery,Replacement,141.3
RT0009888,O00083862,P01647,2024-10-03,1,Damaged in Transit,Replacement,27.05
RT0009889,O00056860,P00924,2025-09-21,1,Wrong Product,Replacement,36.62
RT0009890,O00066476,P00490,2023-05-06,2,Damaged in Transit,Replacement,33.58
RT0009891,O00089346,P01798,2025-12-23,1,Damaged in Transit,Refund,34.08
RT0009892,O00062878,P02954,2024-07-19,1,Quality Issue,Credit Memo,34.51
RT0009893,O00099721,P00641,2025-06-20,9,Quality Issue,Replacement,661.93
RT0009894,O00090799,P02207,2024-12-21,1,Damaged in Transit,Replacement,56.21
RT0009895,O00086393,P00076,2024-03-21,3,Customer Changed Mind,Replacement,109.29
RT0009896,O00090646,P01450,2024-10-16,2,Excess Quantity,Refund,36.53
RT0009897,O00016709,P00073,2024-01-07,2,Customer Changed Mind,Refund,46.99
RT0009898,O00036082,P00018,2024-10-29,1,Damaged in Transit,Refund,58.27
RT0009899,O00076750,P00686,2025-09-12,3,Damaged in Transit,Credit Memo,44.84
RT0009900,O00013413,P02021,2025-08-25,1,Quality Issue,Credit Memo,39.16
RT0009901,O00046925,P00177,2025-07-04,3,Excess Quantity,Refund,72.4
RT0009902,O00056981,P02391,2023-09-22,4,Wrong Product,Replacement,116.96
RT0009903,O00030556,P00001,2025-11-14,2,Quality Issue,Replacement,72.11
RT0009904,O00070875,P02389,2025-06-15,6,Damaged in Transit,Refund,134.24
RT0009905,O00087927,P01360,2025-11-22,9,Late Delivery,Credit Memo,750.78
RT0009906,O00017460,P00006,2024-10-29,1,Excess Quantity,Credit Memo,68.64
RT0009907,O00089212,P01863,2024-06-15,2,Late Delivery,Credit Memo,70.67
RT0009908,O00030720,P00006,2025-12-03,4,Late Delivery,Replacement,286.64
RT0009909,O00001322,P01955,2023-08-25,2,Wrong Product,Replacement,43.34
RT0009910,O00057963,P01421,2023-10-17,5,Wrong Product,Replacement,171.07
RT0009911,O00063170,P00548,2023-09-12,3,Damaged in Transit,Replacement,73.36
RT0009912,O00053337,P00178,2025-05-12,2,Damaged in Transit,Credit Memo,179.12
RT0009913,O00056798,P00003,2023-11-17,2,Customer Changed Mind,Refund,19.77
RT0009914,O00068723,P00005,2023-07-31,2,Excess Quantity,Replacement,89.61
RT0009915,O00096766,P00184,2025-08-21,2,Damaged in Transit,Replacement,39.47
RT0009916,O00084271,P00964,2024-03-11,2,Wrong Product,Replacement,60.83
RT0009917,O00079819,P00955,2023-07-12,4,Customer Changed Mind,Replacement,135.56
RT0009918,O00086411,P00246,2025-03-30,2,Quality Issue,Replacement,211.51
RT0009919,O00029781,P00071,2024-03-03,1,Quality Issue,Replacement,68.55
RT0009920,O00053862,P00969,2024-08-08,1,Late Delivery,Credit Memo,31.16
RT0009921,O00050498,P00129,2024-10-16,2,Customer Changed Mind,Credit Memo,109.82
RT0009922,O00084844,P02665,2024-04-21,2,Damaged in Transit,Credit Memo,89.03
RT0009923,O00070578,P00070,2025-10-06,12,Quality Issue,Refund,1724.88
RT0009924,O00037077,P00024,2025-11-10,2,Late Delivery,Credit Memo,131.02
RT0009925,O00075531,P00082,2025-06-14,1,Customer Changed Mind,Credit Memo,183.67
RT0009926,O00034254,P01278,2025-12-14,1,Customer Changed Mind,Credit Memo,43.86
RT0009927,O00088413,P00979,2024-11-22,1,Quality Issue,Credit Memo,67.58
RT0009928,O00029373,P02729,2023-04-21,1,Late Delivery,Replacement,9.75
RT0009929,O00008018,P00076,2025-08-03,3,Late Delivery,Refund,105.03
RT0009930,O00025686,P00566,2025-01-19,3,Damaged in Transit,Credit Memo,66.66
RT0009931,O00078362,P02471,2025-11-25,3,Late Delivery,Refund,168.39
RT0009932,O00021137,P01718,2025-03-07,1,Customer Changed Mind,Replacement,20.31
RT0009933,O00052934,P02893,2026-01-23,8,Customer Changed Mind,Refund,248.6
RT0009934,O00002434,P00004,2024-11-13,1,Quality Issue,Refund,40.72
RT0009935,O00090928,P00079,2023-08-13,2,Quality Issue,Replacement,89.0
RT0009936,O00038514,P00154,2023-08-25,4,Quality Issue,Refund,126.11
RT0009937,O00063162,P00015,2025-06-03,3,Quality Issue,Credit Memo,152.21
RT0009938,O00001153,P00373,2023-06-09,3,Quality Issue,Refund,94.94
RT0009939,O00059372,P01215,2023-04-16,2,Late Delivery,Credit Memo,62.28
RT0009940,O00004715,P00586,2024-07-12,5,Customer Changed Mind,Credit Memo,90.54
RT0009941,O00052335,P02818,2023-04-24,1,Quality Issue,Refund,39.09
RT0009942,O00032639,P00778,2023-08-28,1,Excess Quantity,Replacement,13.6
RT0009943,O00041638,P00582,2024-11-03,2,Late Delivery,Refund,70.81
RT0009944,O00028623,P00128,2026-01-06,1,Damaged in Transit,Replacement,37.41
RT0009945,O00011282,P01320,2024-07-05,2,Wrong Product,Credit Memo,104.08
RT0009946,O00093587,P00237,2025-06-19,2,Quality Issue,Refund,66.26
RT0009947,O00030037,P00239,2025-09-26,1,Damaged in Transit,Credit Memo,101.19
RT0009948,O00079300,P01090,2023-08-16,1,Late Delivery,Refund,69.97
RT0009949,O00001791,P00101,2023-12-25,2,Customer Changed Mind,Credit Memo,75.4
RT0009950,O00065713,P00195,2023-08-03,1,Wrong Product,Refund,63.49
RT0009951,O00026782,P00052,2023-11-12,1,Late Delivery,Refund,34.29
RT0009952,O00020540,P00005,2023-11-30,1,Customer Changed Mind,Replacement,45.74
RT0009953,O00032356,P00039,2023-10-26,1,Excess Quantity,Refund,27.78
RT0009954,O00025686,P00024,2024-12-11,5,Damaged in Transit,Credit Memo,349.28
RT0009955,O00068671,P01230,2025-07-10,3,Excess Quantity,Refund,35.61
RT0009956,O00099430,P00643,2023-11-06,3,Damaged in Transit,Replacement,106.92
RT0009957,O00070026,P02329,2025-08-10,1,Damaged in Transit,Refund,19.66
RT0009958,O00086073,P01141,2025-09-12,3,Wrong Product,Credit Memo,356.23
RT0009959,O00032249,P00211,2023-05-06,11,Quality Issue,Replacement,379.5
RT0009960,O00049183,P01681,2024-04-14,2,Late Delivery,Credit Memo,65.38
RT0009961,O00004808,P01990,2024-03-10,2,Wrong Product,Refund,112.42
RT0009962,O00095923,P00153,2023-02-27,1,Customer Changed Mind,Refund,31.79
RT0009963,O00085615,P00083,2026-01-12,4,Excess Quantity,Credit Memo,258.68
RT0009964,O00017646,P00020,2025-07-26,2,Customer Changed Mind,Refund,50.87
RT0009965,O00035245,P00374,2024-01-27,4,Excess Quantity,Refund,483.32
RT0009966,O00086460,P00299,2025-08-13,6,Customer Changed Mind,Credit Memo,156.86
RT0009967,O00031259,P02915,2024-01-12,5,Customer Changed Mind,Credit Memo,167.0
RT0009968,O00063379,P01980,2023-09-06,1,Quality Issue,Refund,22.08
RT0009969,O00032919,P01324,2023-06-23,3,Customer Changed Mind,Credit Memo,356.91
RT0009970,O00029703,P00709,2024-02-07,2,Damaged in Transit,Refund,275.11
RT0009971,O00091374,P01145,2023-08-06,1,Late Delivery,Refund,59.82
RT0009972,O00003435,P01935,2023-05-31,7,Customer Changed Mind,Refund,287.15
RT0009973,O00050940,P02862,2023-05-22,1,Damaged in Transit,Replacement,35.69
RT0009974,O00066665,P00006,2023-11-18,2,Excess Quantity,Credit Memo,147.7
RT0009975,O00034209,P02819,2023-04-06,1,Quality Issue,Refund,43.13
RT0009976,O00064733,P00235,2023-07-15,3,Quality Issue,Credit Memo,272.91
RT0009977,O00090054,P00571,2025-02-09,8,Excess Quantity,Refund,1285.92
RT0009978,O00045213,P00004,2024-05-16,3,Customer Changed Mind,Credit Memo,106.88
RT0009979,O00037881,P01233,2024-01-27,1,Customer Changed Mind,Refund,26.15
RT0009980,O00045363,P00406,2024-01-01,7,Quality Issue,Refund,218.32
RT0009981,O00022154,P00840,2025-11-02,2,Quality Issue,Credit Memo,35.28
RT0009982,O00087640,P00003,2023-02-12,1,Damaged in Transit,Credit Memo,8.82
RT0009983,O00099396,P00773,2025-09-07,1,Excess Quantity,Replacement,114.06
RT0009984,O00034208,P01689,2024-09-20,3,Damaged in Transit,Credit Memo,175.43
RT0009985,O00092587,P00560,2024-05-13,3,Damaged in Transit,Refund,173.58
RT0009986,O00019241,P00818,2024-07-25,1,Late Delivery,Refund,38.02
RT0009987,O00028466,P00124,2025-06-19,9,Excess Quantity,Credit Memo,139.19
RT0009988,O00036001,P00877,2025-08-08,3,Damaged in Transit,Replacement,78.27
RT0009989,O00001711,P00786,2025-06-07,1,Late Delivery,Refund,35.12
RT0009990,O00009654,P00133,2023-02-28,1,Wrong Product,Credit Memo,67.14
RT0009991,O00012651,P00215,2026-02-23,1,Damaged in Transit,Replacement,15.09
RT0009992,O00085943,P00004,2025-06-27,1,Quality Issue,Replacement,43.51
RT0009993,O00051888,P00250,2024-07-05,2,Wrong Product,Replacement,15.62
RT0009994,O00025484,P01040,2023-04-08,2,Late Delivery,Credit Memo,18.7
RT0009995,O00071450,P00396,2024-09-10,7,Damaged in Transit,Credit Memo,219.03
RT0009996,O00086613,P02725,2024-08-21,6,Wrong Product,Credit Memo,487.08
RT0009997,O00050426,P01147,2024-09-27,2,Damaged in Transit,Refund,145.63
RT0009998,O00064266,P00689,2023-02-08,4,Wrong Product,Refund,284.08
RT0009999,O00099888,P00149,2024-01-07,1,Damaged in Transit,Credit Memo,47.39
RT0010000,O00007014,P00872,2025-09-25,1,Quality Issue,Replacement,64.95
RT0010001,O00090545,P00585,2024-04-25,2,Late Delivery,Refund,44.14
RT0010002,O00052438,P00125,2023-08-23,2,Damaged in Transit,Credit Memo,572.66
RT0010003,O00051998,P00040,2023-05-18,3,Excess Quantity,Replacement,189.47
RT0010004,O00070944,P00228,2023-11-30,1,Damaged in Transit,Credit Memo,32.21
RT0010005,O00085156,P00031,2024-01-19,1,Damaged in Transit,Refund,9.65
RT0010006,O00069421,P00361,2024-04-25,2,Late Delivery,Credit Memo,61.07
RT0010007,O00078333,P00531,2024-01-25,2,Customer Changed Mind,Replacement,53.64
RT0010008,O00038015,P02236,2023-12-14,1,Quality Issue,Replacement,42.04
RT0010009,O00015619,P02219,2023-06-09,2,Quality Issue,Refund,52.07
RT0010010,O00049438,P00145,2025-06-05,2,Wrong Product,Replacement,53.86
RT0010011,O00044412,P02146,2025-04-15,1,Quality Issue,Refund,28.9
RT0010012,O00002133,P02266,2025-06-10,3,Wrong Product,Replacement,229.05
RT0010013,O00046082,P00115,2023-11-02,1,Customer Changed Mind,Refund,21.03
RT0010014,O00035870,P00109,2025-12-05,1,Wrong Product,Replacement,63.78
RT0010015,O00034314,P00006,2025-07-16,4,Quality Issue,Refund,318.0
RT0010016,O00057706,P02197,2023-06-29,1,Damaged in Transit,Credit Memo,16.23
RT0010017,O00056206,P00982,2025-02-06,1,Wrong Product,Credit Memo,32.78
RT0010018,O00017724,P02891,2023-12-11,1,Wrong Product,Replacement,24.9
RT0010019,O00076443,P00008,2025-05-07,1,Excess Quantity,Replacement,54.57
RT0010020,O00096538,P01334,2025-07-16,2,Quality Issue,Refund,66.02
RT0010021,O00069683,P02085,2023-09-08,2,Excess Quantity,Refund,74.54
RT0010022,O00039036,P00243,2024-10-05,5,Late Delivery,Replacement,173.88
RT0010023,O00035754,P01231,2023-04-19,4,Damaged in Transit,Credit Memo,59.01
RT0010024,O00069586,P00986,2023-04-08,2,Customer Changed Mind,Refund,70.79
RT0010025,O00018265,P00255,2025-08-12,2,Damaged in Transit,Replacement,53.38
RT0010026,O00013053,P00708,2024-11-23,3,Excess Quantity,Replacement,306.0
RT0010027,O00080990,P00141,2025-09-11,2,Late Delivery,Credit Memo,107.2
RT0010028,O00033209,P00192,2024-09-19,1,Quality Issue,Credit Memo,10.46
RT0010029,O00056797,P00393,2023-08-12,1,Quality Issue,Credit Memo,34.33
RT0010030,O00092884,P00116,2026-01-22,4,Quality Issue,Credit Memo,61.56
RT0010031,O00041919,P00007,2023-10-03,1,Damaged in Transit,Replacement,26.75
RT0010032,O00057107,P02362,2024-12-29,1,Excess Quantity,Credit Memo,36.61
RT0010033,O00077753,P00091,2023-02-12,5,Damaged in Transit,Credit Memo,575.91
RT0010034,O00055106,P01012,2024-08-12,2,Late Delivery,Refund,108.91
RT0010035,O00061013,P00014,2025-05-23,1,Damaged in Transit,Replacement,62.19
RT0010036,O00095078,P00001,2023-05-02,1,Late Delivery,Refund,35.21
RT0010037,O00013984,P00024,2023-03-27,1,Quality Issue,Replacement,67.49
RT0010038,O00055640,P00225,2025-04-10,1,Late Delivery,Refund,92.81
RT0010039,O00055074,P00681,2025-08-05,1,Customer Changed Mind,Replacement,32.66
RT0010040,O00035510,P01984,2025-08-29,2,Wrong Product,Replacement,32.49
RT0010041,O00016339,P01141,2025-08-05,1,Damaged in Transit,Credit Memo,122.8
RT0010042,O00067102,P01752,2025-01-25,1,Damaged in Transit,Refund,70.08
RT0010043,O00008487,P00229,2023-04-04,3,Damaged in Transit,Credit Memo,191.7
RT0010044,O00098506,P00009,2025-05-26,6,Quality Issue,Credit Memo,309.96
RT0010045,O00067242,P00251,2025-01-08,1,Excess Quantity,Credit Memo,98.14
RT0010046,O00043327,P02710,2025-08-30,5,Damaged in Transit,Credit Memo,206.65
RT0010047,O00054612,P00019,2025-05-11,1,Late Delivery,Credit Memo,40.76
RT0010048,O00060962,P00043,2023-10-25,2,Wrong Product,Replacement,30.16
RT0010049,O00001784,P02627,2023-02-12,1,Excess Quantity,Replacement,121.69
RT0010050,O00019408,P00310,2024-10-26,9,Late Delivery,Credit Memo,264.78
RT0010051,O00056822,P01076,2024-11-19,1,Quality Issue,Replacement,38.83
RT0010052,O00004726,P00003,2024-06-24,3,Quality Issue,Replacement,25.98
RT0010053,O00011743,P00176,2025-04-25,2,Quality Issue,Replacement,137.51
RT0010054,O00061874,P02470,2024-09-11,3,Excess Quantity,Replacement,191.78
RT0010055,O00023676,P00056,2023-06-25,4,Wrong Product,Replacement,204.96
RT0010056,O00086529,P00057,2023-05-06,1,Quality Issue,Replacement,26.47
RT0010057,O00092949,P00137,2025-08-05,1,Damaged in Transit,Credit Memo,35.78
RT0010058,O00020338,P00420,2025-09-03,1,Damaged in Transit,Replacement,107.79
RT0010059,O00084055,P00012,2023-03-19,4,Quality Issue,Credit Memo,458.72
RT0010060,O00045914,P02713,2025-07-28,1,Damaged in Transit,Refund,62.12
RT0010061,O00088524,P00035,2023-02-01,1,Quality Issue,Refund,66.17
RT0010062,O00080027,P00762,2023-12-14,1,Damaged in Transit,Replacement,38.93
RT0010063,O00029985,P02193,2024-06-01,2,Wrong Product,Replacement,125.44
RT0010064,O00013480,P00332,2023-02-21,4,Wrong Product,Refund,86.52
RT0010065,O00099193,P00286,2023-09-23,1,Damaged in Transit,Refund,14.0
RT0010066,O00057181,P00413,2024-11-12,1,Wrong Product,Refund,10.81
RT0010067,O00060675,P00228,2025-12-09,3,Quality Issue,Refund,112.66
RT0010068,O00039931,P00003,2024-06-01,1,Quality Issue,Replacement,9.51
RT0010069,O00008830,P01039,2023-06-24,4,Quality Issue,Credit Memo,192.4
RT0010070,O00099734,P01993,2023-05-17,1,Damaged in Transit,Credit Memo,26.59
RT0010071,O00031917,P00005,2025-01-14,3,Wrong Product,Refund,143.22
RT0010072,O00001197,P01122,2023-11-02,1,Wrong Product,Credit Memo,10.97
RT0010073,O00064466,P01872,2025-01-05,4,Wrong Product,Replacement,50.12
RT0010074,O00094521,P01194,2023-05-29,2,Late Delivery,Refund,18.79
RT0010075,O00066549,P00965,2025-07-01,2,Excess Quantity,Credit Memo,162.13
RT0010076,O00053241,P00038,2023-11-17,2,Wrong Product,Credit Memo,87.54
RT0010077,O00027475,P00009,2024-06-19,1,Quality Issue,Replacement,44.11
RT0010078,O00078596,P00783,2023-10-12,5,Damaged in Transit,Credit Memo,92.53
RT0010079,O00082202,P00457,2024-06-11,3,Customer Changed Mind,Replacement,180.31
RT0010080,O00081806,P00001,2023-05-04,9,Damaged in Transit,Credit Memo,342.09
RT0010081,O00056213,P00230,2024-07-31,3,Damaged in Transit,Replacement,127.31
RT0010082,O00085375,P02206,2024-04-20,4,Excess Quantity,Credit Memo,490.66
RT0010083,O00045034,P00228,2025-11-24,6,Excess Quantity,Refund,263.04
RT0010084,O00053754,P00478,2023-07-07,3,Quality Issue,Refund,88.41
RT0010085,O00008765,P00358,2025-01-02,5,Excess Quantity,Credit Memo,207.34
RT0010086,O00024619,P00394,2023-03-05,3,Wrong Product,Replacement,101.6
RT0010087,O00028227,P00399,2023-12-12,2,Damaged in Transit,Refund,126.8
RT0010088,O00081284,P00034,2024-05-17,5,Damaged in Transit,Credit Memo,136.94
RT0010089,O00073038,P00874,2023-06-05,4,Quality Issue,Credit Memo,88.69
RT0010090,O00004593,P02774,2024-04-08,1,Customer Changed Mind,Replacement,101.89
RT0010091,O00000771,P01804,2025-09-06,2,Late Delivery,Refund,17.39
RT0010092,O00068021,P01854,2024-10-30,4,Customer Changed Mind,Credit Memo,161.5
RT0010093,O00041021,P00013,2025-07-14,2,Customer Changed Mind,Credit Memo,51.9
RT0010094,O00073169,P00386,2024-06-25,6,Wrong Product,Replacement,744.7
RT0010095,O00080134,P00075,2024-02-28,2,Excess Quantity,Credit Memo,136.77
RT0010096,O00092257,P00088,2025-08-21,3,Quality Issue,Replacement,38.96
RT0010097,O00036223,P01327,2023-09-17,5,Quality Issue,Credit Memo,376.11
RT0010098,O00035525,P00011,2024-07-07,2,Damaged in Transit,Credit Memo,83.52
RT0010099,O00065228,P00428,2023-06-13,3,Customer Changed Mind,Replacement,110.48
RT0010100,O00085766,P00826,2025-03-26,3,Customer Changed Mind,Replacement,79.62
RT0010101,O00011290,P00005,2023-11-16,1,Quality Issue,Replacement,47.89
RT0010102,O00013155,P00073,2025-09-18,3,Quality Issue,Replacement,71.26
RT0010103,O00073112,P02020,2025-06-09,1,Late Delivery,Refund,31.86
RT0010104,O00006224,P01109,2024-08-28,1,Wrong Product,Replacement,36.2
RT0010105,O00081525,P00156,2023-06-28,1,Late Delivery,Replacement,63.98
RT0010106,O00061084,P02185,2023-05-08,1,Damaged in Transit,Refund,29.57
RT0010107,O00067105,P00493,2025-06-02,2,Quality Issue,Refund,113.68
RT0010108,O00045071,P00009,2024-06-10,8,Late Delivery,Replacement,385.24
RT0010109,O00059784,P02596,2023-09-12,3,Late Delivery,Replacement,114.63
RT0010110,O00014095,P02782,2024-09-18,3,Quality Issue,Refund,124.11
RT0010111,O00069541,P00707,2024-11-08,1,Quality Issue,Credit Memo,12.14
RT0010112,O00051444,P02246,2024-10-10,1,Damaged in Transit,Refund,148.07
RT0010113,O00033539,P00003,2025-01-08,2,Excess Quantity,Credit Memo,17.33
RT0010114,O00085461,P00006,2024-09-08,2,Late Delivery,Credit Memo,123.17
RT0010115,O00080470,P00045,2023-10-30,2,Damaged in Transit,Replacement,119.25
RT0010116,O00007179,P00370,2026-01-06,1,Damaged in Transit,Credit Memo,13.98
RT0010117,O00064826,P00222,2025-10-28,2,Excess Quantity,Replacement,119.09
RT0010118,O00083432,P01305,2025-01-31,1,Wrong Product,Replacement,57.2
RT0010119,O00058374,P02230,2025-08-27,1,Late Delivery,Credit Memo,22.03
RT0010120,O00053145,P00315,2024-09-11,2,Damaged in Transit,Replacement,30.82
RT0010121,O00031733,P00550,2023-12-20,1,Quality Issue,Replacement,64.9
RT0010122,O00083748,P00001,2023-07-06,2,Quality Issue,Credit Memo,78.48
RT0010123,O00008316,P00937,2025-01-19,1,Wrong Product,Refund,32.12
RT0010124,O00004939,P00650,2025-03-15,13,Quality Issue,Replacement,196.31
RT0010125,O00023068,P01872,2023-12-26,1,Wrong Product,Credit Memo,13.13
RT0010126,O00011449,P00271,2024-09-02,3,Quality Issue,Refund,27.34
RT0010127,O00080821,P00027,2025-05-24,5,Late Delivery,Credit Memo,64.98
RT0010128,O00041007,P00745,2025-10-15,3,Quality Issue,Replacement,146.83
RT0010129,O00041084,P01048,2024-08-25,1,Damaged in Transit,Credit Memo,37.84
RT0010130,O00035887,P00007,2024-03-10,2,Quality Issue,Credit Memo,71.76
RT0010131,O00095285,P00144,2024-12-11,2,Customer Changed Mind,Credit Memo,84.4
RT0010132,O00006038,P00002,2025-11-14,4,Damaged in Transit,Replacement,294.38
RT0010133,O00025811,P00830,2023-04-06,5,Quality Issue,Replacement,318.94
RT0010134,O00007166,P00503,2024-09-19,1,Damaged in Transit,Replacement,31.57
RT0010135,O00061067,P02405,2024-06-07,1,Quality Issue,Refund,22.61
RT0010136,O00094528,P00109,2024-07-19,5,Customer Changed Mind,Credit Memo,312.98
RT0010137,O00018702,P01125,2025-07-19,5,Excess Quantity,Replacement,222.82
RT0010138,O00061601,P00008,2023-03-17,2,Damaged in Transit,Credit Memo,99.95
RT0010139,O00030086,P01341,2025-09-12,2,Late Delivery,Refund,254.04
RT0010140,O00011643,P00253,2023-08-04,1,Late Delivery,Refund,5.85
RT0010141,O00093511,P00346,2024-03-14,2,Quality Issue,Credit Memo,119.4
RT0010142,O00021325,P00644,2025-01-01,2,Damaged in Transit,Refund,34.8
RT0010143,O00008536,P00021,2025-08-19,7,Customer Changed Mind,Refund,444.94
RT0010144,O00095301,P00003,2023-07-23,2,Damaged in Transit,Refund,18.54
RT0010145,O00083702,P00172,2025-05-04,1,Late Delivery,Credit Memo,57.22
RT0010146,O00009040,P00536,2026-01-17,4,Late Delivery,Refund,133.39
RT0010147,O00031065,P00011,2023-11-05,2,Customer Changed Mind,Replacement,77.08
RT0010148,O00072120,P00115,2024-06-15,1,Quality Issue,Refund,27.42
RT0010149,O00000458,P01607,2023-10-13,1,Late Delivery,Refund,69.6
RT0010150,O00077496,P02039,2025-07-07,2,Excess Quantity,Refund,16.3
RT0010151,O00018536,P00066,2024-10-08,2,Damaged in Transit,Credit Memo,50.46
RT0010152,O00026901,P00488,2025-07-11,1,Quality Issue,Credit Memo,17.66
RT0010153,O00020076,P00370,2025-03-05,5,Damaged in Transit,Refund,60.04
RT0010154,O00042810,P00636,2023-09-28,1,Quality Issue,Refund,114.56
RT0010155,O00023844,P00068,2025-12-21,5,Customer Changed Mind,Credit Memo,96.2
RT0010156,O00019411,P01372,2024-10-08,1,Excess Quantity,Credit Memo,24.39
RT0010157,O00014304,P00059,2025-08-24,7,Damaged in Transit,Replacement,340.7
RT0010158,O00079727,P00921,2025-01-09,1,Damaged in Transit,Replacement,22.86
RT0010159,O00090412,P00044,2023-06-14,4,Quality Issue,Credit Memo,132.28
RT0010160,O00085493,P00521,2024-10-26,2,Quality Issue,Refund,46.27
RT0010161,O00093540,P00074,2024-04-14,4,Late Delivery,Credit Memo,73.7
RT0010162,O00038417,P00227,2023-08-25,2,Damaged in Transit,Refund,272.26
RT0010163,O00014752,P01425,2024-07-24,2,Quality Issue,Credit Memo,149.21
RT0010164,O00041338,P02201,2025-11-01,1,Excess Quantity,Refund,31.35
RT0010165,O00076597,P00003,2024-05-24,1,Quality Issue,Replacement,9.09
RT0010166,O00029618,P00590,2023-12-28,1,Customer Changed Mind,Credit Memo,46.38
RT0010167,O00054428,P00046,2024-02-28,4,Damaged in Transit,Refund,242.14
RT0010168,O00075543,P02087,2025-08-30,1,Wrong Product,Refund,34.0
RT0010169,O00089516,P01531,2023-01-19,1,Damaged in Transit,Refund,67.92
RT0010170,O00023168,P00023,2024-03-05,2,Damaged in Transit,Replacement,78.98
RT0010171,O00051031,P00114,2024-11-23,1,Excess Quantity,Refund,216.87
RT0010172,O00007851,P00054,2023-10-27,1,Quality Issue,Refund,18.23
RT0010173,O00030883,P00400,2025-07-16,8,Quality Issue,Credit Memo,531.14
RT0010174,O00026771,P00009,2024-11-24,6,Late Delivery,Replacement,274.16
RT0010175,O00072327,P00118,2023-07-22,5,Customer Changed Mind,Refund,109.11
RT0010176,O00005054,P02988,2023-07-28,3,Excess Quantity,Credit Memo,270.95
RT0010177,O00061401,P01268,2023-08-11,1,Customer Changed Mind,Replacement,28.54
RT0010178,O00046967,P00502,2024-08-24,1,Quality Issue,Refund,36.38
RT0010179,O00011550,P00159,2024-07-17,1,Damaged in Transit,Credit Memo,41.29
RT0010180,O00032889,P02855,2024-08-25,2,Customer Changed Mind,Replacement,69.27
RT0010181,O00018802,P02928,2023-04-24,2,Quality Issue,Refund,33.12
RT0010182,O00019472,P00029,2024-02-03,3,Damaged in Transit,Replacement,121.38
RT0010183,O00029233,P02011,2024-05-20,2,Late Delivery,Credit Memo,79.74
RT0010184,O00046021,P02234,2024-06-05,1,Quality Issue,Credit Memo,34.92
RT0010185,O00006351,P00006,2025-10-15,4,Damaged in Transit,Credit Memo,331.76
RT0010186,O00023711,P00154,2025-08-09,1,Customer Changed Mind,Replacement,37.78
RT0010187,O00005835,P01052,2025-09-04,2,Customer Changed Mind,Refund,46.64
RT0010188,O00075969,P00135,2025-09-08,6,Excess Quantity,Replacement,219.23
RT0010189,O00000598,P02029,2023-04-10,7,Quality Issue,Refund,355.82
RT0010190,O00056601,P01776,2024-02-24,4,Quality Issue,Replacement,103.32
RT0010191,O00074820,P00163,2023-07-28,2,Customer Changed Mind,Refund,245.09
RT0010192,O00066698,P00041,2024-03-09,1,Customer Changed Mind,Replacement,56.52
RT0010193,O00025673,P01208,2023-08-07,4,Damaged in Transit,Replacement,321.37
RT0010194,O00064031,P00095,2024-11-15,2,Quality Issue,Refund,24.66
RT0010195,O00097816,P00292,2025-02-17,11,Excess Quantity,Replacement,297.33
RT0010196,O00029788,P02386,2025-09-15,2,Damaged in Transit,Replacement,97.94
RT0010197,O00047573,P00010,2024-01-03,3,Quality Issue,Replacement,168.05
RT0010198,O00021608,P00023,2023-05-20,7,Customer Changed Mind,Replacement,256.96
RT0010199,O00044499,P00092,2026-02-19,1,Quality Issue,Credit Memo,28.75
RT0010200,O00076722,P02136,2023-10-26,9,Excess Quantity,Refund,134.72
RT0010201,O00084822,P02136,2025-07-31,2,Wrong Product,Replacement,32.37
RT0010202,O00037403,P00174,2023-10-06,4,Late Delivery,Refund,128.6
RT0010203,O00015609,P01773,2023-03-05,1,Customer Changed Mind,Refund,28.3
RT0010204,O00058132,P00096,2024-08-25,1,Damaged in Transit,Credit Memo,95.3
RT0010205,O00030477,P00132,2024-11-23,1,Late Delivery,Replacement,41.44
RT0010206,O00056690,P00116,2023-05-25,5,Excess Quantity,Replacement,70.86
RT0010207,O00010441,P00047,2023-04-01,2,Late Delivery,Credit Memo,47.36
RT0010208,O00051977,P00342,2024-05-01,3,Customer Changed Mind,Refund,350.24
RT0010209,O00005667,P00415,2024-07-09,1,Customer Changed Mind,Refund,72.53
RT0010210,O00000727,P00009,2024-10-20,1,Late Delivery,Refund,47.49
RT0010211,O00096345,P00129,2024-11-15,1,Quality Issue,Refund,51.13
RT0010212,O00001829,P00015,2023-02-18,8,Late Delivery,Replacement,344.74
RT0010213,O00038500,P01216,2025-03-22,2,Quality Issue,Credit Memo,19.91
RT0010214,O00091043,P00690,2025-01-30,1,Damaged in Transit,Refund,45.73
RT0010215,O00033816,P00004,2025-04-14,2,Customer Changed Mind,Refund,75.82
RT0010216,O00034260,P00424,2024-01-22,6,Excess Quantity,Refund,2723.4
RT0010217,O00026770,P00456,2025-06-10,5,Customer Changed Mind,Credit Memo,126.29
RT0010218,O00038922,P02079,2023-05-01,3,Quality Issue,Replacement,199.5
RT0010219,O00044511,P00012,2023-08-26,1,Quality Issue,Replacement,119.67
RT0010220,O00098025,P00001,2024-02-21,6,Quality Issue,Credit Memo,237.12
RT0010221,O00076265,P01155,2024-07-13,7,Wrong Product,Refund,631.67
RT0010222,O00023438,P00038,2025-10-29,1,Damaged in Transit,Replacement,40.62
RT0010223,O00081082,P01902,2023-08-30,1,Quality Issue,Refund,27.84
RT0010224,O00087266,P00032,2024-08-12,1,Damaged in Transit,Refund,44.6
RT0010225,O00001200,P00039,2023-12-04,1,Late Delivery,Credit Memo,33.29
RT0010226,O00059641,P00246,2025-11-07,4,Customer Changed Mind,Credit Memo,471.52
RT0010227,O00046702,P00353,2024-09-27,3,Damaged in Transit,Replacement,249.81
RT0010228,O00079823,P01842,2024-07-14,8,Quality Issue,Replacement,296.38
RT0010229,O00092383,P00128,2024-08-19,2,Damaged in Transit,Refund,68.21
RT0010230,O00035948,P00859,2024-03-24,1,Quality Issue,Refund,21.74
RT0010231,O00050109,P00072,2025-08-18,1,Quality Issue,Refund,12.42
RT0010232,O00027730,P00062,2024-01-26,1,Wrong Product,Refund,44.38
RT0010233,O00043294,P00862,2024-03-26,5,Damaged in Transit,Refund,99.32
RT0010234,O00082080,P00072,2024-10-27,7,Damaged in Transit,Replacement,76.61
RT0010235,O00061509,P00034,2025-01-11,1,Quality Issue,Refund,25.26
RT0010236,O00099280,P01426,2023-02-22,3,Damaged in Transit,Refund,77.96
RT0010237,O00038388,P02463,2025-02-11,2,Quality Issue,Credit Memo,31.49
RT0010238,O00082291,P01392,2024-08-08,2,Damaged in Transit,Refund,141.49
RT0010239,O00036636,P00150,2025-09-22,2,Excess Quantity,Refund,24.12
RT0010240,O00006106,P00171,2023-06-20,4,Customer Changed Mind,Replacement,23.68
RT0010241,O00078528,P00117,2024-06-08,2,Wrong Product,Replacement,108.12
RT0010242,O00051799,P02023,2024-10-23,1,Excess Quantity,Refund,15.81
RT0010243,O00032084,P02395,2025-06-08,2,Quality Issue,Refund,371.66
RT0010244,O00032708,P00469,2023-06-03,1,Damaged in Transit,Refund,15.45
RT0010245,O00088792,P00026,2023-07-18,6,Damaged in Transit,Credit Memo,278.78
RT0010246,O00042497,P00925,2025-02-19,1,Damaged in Transit,Replacement,34.59
RT0010247,O00037625,P00113,2024-05-20,3,Damaged in Transit,Replacement,139.8
RT0010248,O00015058,P02696,2025-07-16,2,Customer Changed Mind,Replacement,198.93
RT0010249,O00017315,P00309,2025-10-01,2,Quality Issue,Refund,107.92
RT0010250,O00093592,P02980,2023-04-15,5,Wrong Product,Refund,85.87
RT0010251,O00043381,P00001,2024-08-27,1,Late Delivery,Credit Memo,42.8
RT0010252,O00030980,P00452,2025-04-09,1,Excess Quantity,Refund,38.53
RT0010253,O00095896,P01246,2024-07-10,5,Wrong Product,Refund,390.72
RT0010254,O00056516,P00822,2024-05-29,5,Damaged in Transit,Credit Memo,29.99
RT0010255,O00009226,P00637,2025-08-15,1,Damaged in Transit,Refund,32.1
RT0010256,O00011139,P00032,2023-03-01,2,Wrong Product,Credit Memo,84.02
RT0010257,O00049158,P02788,2025-04-27,3,Late Delivery,Credit Memo,343.11
RT0010258,O00099802,P00767,2025-07-15,3,Excess Quantity,Credit Memo,216.48
RT0010259,O00091459,P00561,2023-10-08,2,Damaged in Transit,Credit Memo,85.54
RT0010260,O00041887,P00721,2024-02-24,3,Customer Changed Mind,Refund,73.38
RT0010261,O00031474,P00133,2025-02-03,1,Wrong Product,Replacement,59.36
RT0010262,O00066070,P00004,2023-05-30,1,Quality Issue,Replacement,37.55
RT0010263,O00059323,P00240,2023-09-04,1,Late Delivery,Refund,37.99
RT0010264,O00059005,P00513,2025-10-20,1,Customer Changed Mind,Credit Memo,10.8
RT0010265,O00035439,P00056,2025-07-31,1,Quality Issue,Credit Memo,64.44
RT0010266,O00026664,P00463,2023-09-13,3,Quality Issue,Replacement,81.77
RT0010267,O00005038,P00362,2024-11-28,6,Excess Quantity,Refund,42.43
RT0010268,O00060606,P00492,2024-05-20,14,Wrong Product,Refund,636.8
RT0010269,O00030931,P02170,2026-01-14,1,Excess Quantity,Replacement,43.1
RT0010270,O00038914,P00838,2025-05-09,2,Damaged in Transit,Refund,66.78
RT0010271,O00080035,P00285,2024-10-25,6,Quality Issue,Replacement,279.07
RT0010272,O00042397,P00508,2025-05-12,6,Customer Changed Mind,Credit Memo,118.69
RT0010273,O00008866,P02561,2023-06-25,2,Late Delivery,Refund,73.87
RT0010274,O00071357,P02543,2024-09-10,1,Wrong Product,Replacement,76.74
RT0010275,O00079973,P00111,2025-08-22,3,Late Delivery,Credit Memo,102.33
RT0010276,O00061886,P00109,2023-09-25,1,Quality Issue,Replacement,64.36
RT0010277,O00027265,P02181,2025-10-08,15,Quality Issue,Refund,760.03
RT0010278,O00016604,P01127,2024-04-04,3,Customer Changed Mind,Credit Memo,190.25
RT0010279,O00096072,P00875,2025-08-25,4,Wrong Product,Refund,102.53
RT0010280,O00014117,P01387,2023-06-02,5,Damaged in Transit,Replacement,134.87
RT0010281,O00091562,P00322,2025-07-12,4,Excess Quantity,Refund,785.64
RT0010282,O00059147,P00202,2023-06-12,10,Excess Quantity,Credit Memo,603.15
RT0010283,O00043437,P01249,2026-01-14,5,Wrong Product,Replacement,174.7
RT0010284,O00061097,P01968,2023-08-16,2,Excess Quantity,Replacement,103.08
RT0010285,O00087807,P02170,2024-10-07,1,Quality Issue,Credit Memo,45.86
RT0010286,O00020450,P00036,2024-06-28,2,Excess Quantity,Credit Memo,29.52
RT0010287,O00079895,P02913,2025-07-03,2,Quality Issue,Credit Memo,17.67
RT0010288,O00080198,P01866,2023-12-01,5,Quality Issue,Replacement,107.04
RT0010289,O00013517,P00287,2025-09-28,1,Quality Issue,Replacement,47.72
RT0010290,O00051574,P00450,2023-07-07,1,Late Delivery,Refund,52.15
RT0010291,O00020536,P00246,2025-11-26,14,Customer Changed Mind,Credit Memo,1339.68
RT0010292,O00067022,P02396,2024-07-13,2,Customer Changed Mind,Credit Memo,30.55
RT0010293,O00007897,P02473,2025-07-19,1,Quality Issue,Refund,43.82
RT0010294,O00017942,P01160,2024-01-16,3,Quality Issue,Refund,489.66
RT0010295,O00066758,P00093,2025-06-07,1,Quality Issue,Replacement,45.53
RT0010296,O00023749,P00034,2025-05-08,1,Customer Changed Mind,Credit Memo,26.07
RT0010297,O00069438,P01316,2025-07-12,1,Wrong Product,Replacement,37.15
RT0010298,O00045237,P00090,2024-07-23,1,Damaged in Transit,Refund,33.17
RT0010299,O00040757,P01282,2024-02-29,3,Customer Changed Mind,Replacement,278.16
RT0010300,O00022520,P00708,2025-05-19,2,Customer Changed Mind,Credit Memo,177.73
RT0010301,O00037055,P02449,2025-08-27,1,Customer Changed Mind,Replacement,57.06
RT0010302,O00096165,P00167,2023-10-10,1,Customer Changed Mind,Credit Memo,23.66
RT0010303,O00053385,P01391,2026-01-20,3,Wrong Product,Replacement,353.47
RT0010304,O00068195,P00738,2023-02-27,1,Excess Quantity,Credit Memo,24.34
RT0010305,O00017141,P00347,2023-08-21,1,Customer Changed Mind,Replacement,73.1
RT0010306,O00082186,P00347,2024-05-31,4,Customer Changed Mind,Refund,272.66
RT0010307,O00073388,P01531,2024-12-03,4,Late Delivery,Refund,278.29
RT0010308,O00007742,P00006,2026-01-06,2,Late Delivery,Refund,149.47
RT0010309,O00050478,P00001,2025-11-14,2,Damaged in Transit,Credit Memo,74.33
RT0010310,O00062682,P00493,2024-12-16,3,Excess Quantity,Refund,211.95
RT0010311,O00084443,P00409,2024-01-10,1,Damaged in Transit,Replacement,26.5
RT0010312,O00040704,P01740,2024-08-22,1,Quality Issue,Credit Memo,94.97
RT0010313,O00053768,P00007,2024-06-04,4,Quality Issue,Credit Memo,132.15
RT0010314,O00077939,P00105,2025-12-25,1,Late Delivery,Replacement,18.42
RT0010315,O00025247,P00001,2025-04-30,5,Customer Changed Mind,Replacement,207.72
RT0010316,O00008082,P00033,2023-02-01,1,Quality Issue,Replacement,54.98
RT0010317,O00048197,P02895,2025-09-20,1,Damaged in Transit,Replacement,27.77
RT0010318,O00013059,P00070,2024-11-27,2,Damaged in Transit,Credit Memo,301.15
RT0010319,O00057476,P00277,2025-07-04,1,Quality Issue,Credit Memo,53.3
RT0010320,O00032976,P00235,2023-08-13,2,Late Delivery,Credit Memo,181.58
RT0010321,O00073207,P00010,2023-04-13,4,Late Delivery,Replacement,259.81
RT0010322,O00024454,P00157,2025-03-04,1,Excess Quantity,Credit Memo,104.52
RT0010323,O00056573,P01172,2023-06-29,9,Quality Issue,Refund,67.63
RT0010324,O00035142,P02068,2025-05-02,5,Excess Quantity,Refund,72.97
RT0010325,O00015446,P02730,2024-06-12,3,Customer Changed Mind,Credit Memo,172.42
RT0010326,O00095670,P00572,2024-12-06,4,Customer Changed Mind,Refund,41.82
RT0010327,O00051686,P01514,2024-04-29,1,Customer Changed Mind,Refund,45.14
RT0010328,O00030795,P02156,2024-08-01,6,Late Delivery,Credit Memo,230.05
RT0010329,O00048913,P00218,2024-11-25,3,Quality Issue,Credit Memo,248.49
RT0010330,O00040091,P00395,2023-09-30,1,Late Delivery,Credit Memo,18.22
RT0010331,O00058917,P00019,2024-10-10,1,Customer Changed Mind,Replacement,42.54
RT0010332,O00002562,P00111,2023-06-19,1,Customer Changed Mind,Refund,38.53
RT0010333,O00074863,P01863,2024-06-25,2,Excess Quantity,Credit Memo,82.95
RT0010334,O00051119,P01772,2024-05-26,1,Late Delivery,Replacement,26.19
RT0010335,O00025758,P02473,2025-06-18,9,Late Delivery,Refund,418.69
RT0010336,O00081764,P01708,2025-06-14,2,Quality Issue,Replacement,30.4
RT0010337,O00047280,P01859,2025-05-10,4,Customer Changed Mind,Refund,276.21
RT0010338,O00093036,P00368,2023-12-07,5,Customer Changed Mind,Refund,245.1
RT0010339,O00093251,P02689,2024-03-22,4,Customer Changed Mind,Refund,136.6
RT0010340,O00031046,P00770,2025-10-31,4,Damaged in Transit,Replacement,65.05
RT0010341,O00006816,P01217,2023-07-22,5,Damaged in Transit,Replacement,105.34
RT0010342,O00082540,P00104,2023-05-03,1,Damaged in Transit,Replacement,20.87
RT0010343,O00030786,P00140,2025-10-10,6,Wrong Product,Replacement,587.65
RT0010344,O00002259,P00012,2025-07-13,1,Damaged in Transit,Credit Memo,127.53
RT0010345,O00035330,P02181,2023-10-15,1,Excess Quantity,Credit Memo,45.48
RT0010346,O00054619,P00001,2025-02-10,1,Damaged in Transit,Credit Memo,39.27
RT0010347,O00055170,P00003,2025-09-24,2,Late Delivery,Refund,19.58
RT0010348,O00032206,P00033,2024-12-31,1,Late Delivery,Refund,54.59
RT0010349,O00038022,P01760,2024-01-05,2,Late Delivery,Refund,57.81
RT0010350,O00062239,P00392,2025-03-30,2,Excess Quantity,Refund,238.77
RT0010351,O00000872,P00147,2024-03-19,1,Wrong Product,Replacement,97.77
RT0010352,O00003604,P00008,2025-08-01,3,Quality Issue,Credit Memo,196.31
RT0010353,O00033344,P00020,2025-07-12,2,Damaged in Transit,Credit Memo,54.07
RT0010354,O00066235,P02269,2024-06-21,4,Excess Quantity,Refund,103.19
RT0010355,O00064387,P00874,2024-03-07,3,Excess Quantity,Refund,65.27
RT0010356,O00067950,P00178,2025-03-31,4,Quality Issue,Replacement,359.8
RT0010357,O00019701,P00037,2023-12-20,2,Wrong Product,Refund,37.02
RT0010358,O00024756,P00896,2024-05-17,2,Late Delivery,Refund,23.86
RT0010359,O00008600,P01165,2025-10-29,1,Excess Quantity,Refund,54.15
RT0010360,O00048167,P02840,2023-09-30,3,Quality Issue,Replacement,144.95
RT0010361,O00072258,P00237,2024-11-26,1,Excess Quantity,Replacement,30.63
RT0010362,O00030378,P00750,2025-06-10,7,Damaged in Transit,Credit Memo,385.13
RT0010363,O00010904,P01274,2024-05-01,4,Customer Changed Mind,Credit Memo,118.28
RT0010364,O00013213,P00012,2023-05-03,2,Excess Quantity,Replacement,247.32
RT0010365,O00015982,P01604,2023-06-12,1,Late Delivery,Credit Memo,45.02
RT0010366,O00056435,P02347,2025-07-31,1,Excess Quantity,Replacement,60.61
RT0010367,O00022697,P00059,2024-08-31,1,Damaged in Transit,Refund,54.34
RT0010368,O00031290,P01477,2024-06-19,5,Quality Issue,Replacement,118.64
RT0010369,O00099938,P00763,2025-09-26,3,Customer Changed Mind,Credit Memo,74.25
RT0010370,O00083643,P00030,2025-07-03,3,Customer Changed Mind,Credit Memo,67.43
RT0010371,O00045292,P00001,2025-09-09,1,Late Delivery,Refund,39.8
RT0010372,O00059805,P01156,2023-05-11,9,Wrong Product,Replacement,672.41
RT0010373,O00021774,P00795,2024-10-14,1,Damaged in Transit,Credit Memo,15.97
RT0010374,O00095363,P00156,2025-12-11,4,Wrong Product,Replacement,250.92
RT0010375,O00014040,P00149,2023-06-26,1,Quality Issue,Replacement,50.68
RT0010376,O00046156,P00245,2025-03-22,3,Quality Issue,Refund,60.9
RT0010377,O00027770,P00706,2024-05-18,1,Quality Issue,Refund,33.72
RT0010378,O00031707,P01153,2024-08-19,5,Late Delivery,Replacement,215.24
RT0010379,O00035550,P00001,2024-08-28,5,Quality Issue,Refund,196.55
RT0010380,O00002042,P00109,2024-04-21,1,Damaged in Transit,Refund,56.46
RT0010381,O00064052,P00024,2023-05-01,4,Late Delivery,Refund,281.68
RT0010382,O00081485,P00470,2025-12-24,7,Quality Issue,Refund,615.72
RT0010383,O00063874,P01635,2023-09-24,1,Late Delivery,Refund,30.35
RT0010384,O00076106,P00318,2025-12-16,1,Wrong Product,Credit Memo,35.05
RT0010385,O00006960,P00318,2024-03-18,1,Damaged in Transit,Credit Memo,35.75
RT0010386,O00034587,P00080,2023-09-30,1,Wrong Product,Refund,24.83
RT0010387,O00002213,P02270,2023-06-05,5,Customer Changed Mind,Refund,97.85
RT0010388,O00006686,P00111,2024-05-01,4,Wrong Product,Credit Memo,152.1
RT0010389,O00055611,P00231,2023-08-01,9,Wrong Product,Credit Memo,315.72
RT0010390,O00017297,P00628,2023-10-26,2,Customer Changed Mind,Credit Memo,40.46
RT0010391,O00066566,P01135,2024-12-27,2,Late Delivery,Refund,19.5
RT0010392,O00009647,P01951,2025-09-10,2,Quality Issue,Replacement,116.07
RT0010393,O00090229,P00273,2025-08-27,1,Wrong Product,Replacement,31.39
RT0010394,O00087685,P01553,2024-06-24,3,Customer Changed Mind,Credit Memo,102.45
RT0010395,O00091760,P01294,2024-11-18,7,Quality Issue,Credit Memo,242.59
RT0010396,O00008038,P02023,2024-10-23,3,Damaged in Transit,Replacement,49.32
RT0010397,O00021650,P00272,2023-09-13,6,Customer Changed Mind,Replacement,229.63
RT0010398,O00018810,P00799,2024-08-23,1,Wrong Product,Credit Memo,48.67
RT0010399,O00056615,P00055,2025-05-15,4,Damaged in Transit,Refund,229.4
RT0010400,O00083001,P00002,2025-04-18,4,Late Delivery,Replacement,251.23
RT0010401,O00043033,P01025,2024-03-24,2,Damaged in Transit,Refund,93.18
RT0010402,O00082198,P00350,2024-02-07,2,Quality Issue,Credit Memo,38.7
RT0010403,O00076336,P02458,2023-11-24,1,Wrong Product,Replacement,107.37
RT0010404,O00078899,P00242,2024-12-03,1,Excess Quantity,Credit Memo,47.44
RT0010405,O00064181,P00182,2024-10-16,3,Late Delivery,Credit Memo,181.06
RT0010406,O00040179,P00127,2025-07-22,1,Wrong Product,Credit Memo,132.32
RT0010407,O00024993,P01618,2025-10-22,1,Wrong Product,Replacement,35.34
RT0010408,O00012136,P02395,2023-05-20,4,Damaged in Transit,Credit Memo,801.72
RT0010409,O00015962,P01876,2024-09-10,1,Late Delivery,Refund,34.04
RT0010410,O00071020,P00697,2024-08-03,2,Damaged in Transit,Credit Memo,51.05
RT0010411,O00007868,P00004,2025-06-06,2,Damaged in Transit,Replacement,82.43
RT0010412,O00032631,P00525,2025-11-25,6,Wrong Product,Refund,126.6
RT0010413,O00056286,P00042,2025-05-07,3,Late Delivery,Refund,108.96
RT0010414,O00025603,P00182,2025-03-24,7,Wrong Product,Credit Memo,480.48
RT0010415,O00095636,P00085,2025-07-28,2,Damaged in Transit,Credit Memo,77.09
RT0010416,O00035911,P00058,2024-02-06,3,Damaged in Transit,Refund,137.92
RT0010417,O00007303,P00592,2023-07-04,6,Late Delivery,Refund,135.65
RT0010418,O00001660,P01011,2023-09-03,2,Quality Issue,Credit Memo,61.13
RT0010419,O00033856,P02090,2023-11-22,1,Customer Changed Mind,Refund,9.43
RT0010420,O00047447,P00027,2024-07-10,6,Customer Changed Mind,Refund,76.45
RT0010421,O00044354,P00753,2025-10-23,2,Excess Quantity,Refund,84.54
RT0010422,O00061010,P02398,2025-09-13,5,Excess Quantity,Refund,362.71
RT0010423,O00097592,P00103,2025-04-06,1,Damaged in Transit,Credit Memo,13.09
RT0010424,O00066215,P02593,2026-01-12,8,Damaged in Transit,Replacement,123.94
RT0010425,O00084252,P00046,2024-06-13,2,Late Delivery,Credit Memo,120.86
RT0010426,O00050242,P01337,2025-06-08,2,Damaged in Transit,Refund,57.13
RT0010427,O00099007,P00080,2023-09-26,3,Wrong Product,Refund,71.6
RT0010428,O00033396,P00002,2025-06-14,2,Quality Issue,Credit Memo,153.16
RT0010429,O00047944,P00466,2025-02-08,9,Excess Quantity,Refund,334.44
RT0010430,O00098355,P00017,2025-04-22,1,Customer Changed Mind,Credit Memo,21.65
RT0010431,O00014448,P00735,2024-09-01,4,Damaged in Transit,Refund,54.94
RT0010432,O00003179,P01120,2025-02-06,1,Damaged in Transit,Credit Memo,17.11
RT0010433,O00025174,P00314,2024-06-11,4,Late Delivery,Refund,121.46
RT0010434,O00055972,P00927,2025-02-20,7,Late Delivery,Refund,212.31
RT0010435,O00046376,P02690,2024-08-13,1,Quality Issue,Replacement,33.14
RT0010436,O00013927,P01063,2026-02-07,2,Wrong Product,Replacement,97.0
RT0010437,O00039439,P00012,2024-07-14,1,Wrong Product,Refund,130.86
RT0010438,O00083017,P00032,2024-03-06,4,Damaged in Transit,Replacement,154.23
RT0010439,O00090280,P00484,2025-08-19,3,Customer Changed Mind,Refund,87.64
RT0010440,O00004679,P00002,2024-06-20,1,Quality Issue,Credit Memo,69.76
RT0010441,O00099955,P00002,2025-12-18,1,Damaged in Transit,Replacement,78.87
RT0010442,O00012504,P00001,2023-07-06,2,Damaged in Transit,Refund,71.25
RT0010443,O00089069,P00789,2025-07-19,5,Damaged in Transit,Credit Memo,177.05
RT0010444,O00028447,P00969,2025-11-03,1,Excess Quantity,Credit Memo,34.69
RT0010445,O00090758,P00392,2024-12-13,1,Quality Issue,Credit Memo,133.07
RT0010446,O00050206,P00388,2024-07-27,4,Excess Quantity,Refund,183.77
RT0010447,O00038450,P00658,2024-06-26,1,Customer Changed Mind,Replacement,67.42
RT0010448,O00027665,P01641,2023-06-08,2,Damaged in Transit,Credit Memo,288.68
RT0010449,O00019742,P01068,2024-02-04,4,Damaged in Transit,Refund,84.56
RT0010450,O00040608,P01231,2023-04-16,5,Quality Issue,Refund,74.8
RT0010451,O00090655,P00556,2024-08-05,1,Excess Quantity,Credit Memo,106.53
RT0010452,O00021025,P01443,2024-07-03,2,Damaged in Transit,Replacement,66.04
RT0010453,O00024286,P00757,2024-10-31,1,Damaged in Transit,Refund,70.91
RT0010454,O00071772,P02971,2024-02-25,1,Wrong Product,Credit Memo,10.11
RT0010455,O00047126,P00029,2023-10-07,3,Quality Issue,Replacement,119.7
RT0010456,O00011835,P02250,2023-06-22,2,Damaged in Transit,Credit Memo,110.11
RT0010457,O00035549,P00716,2024-11-18,3,Late Delivery,Replacement,98.15
RT0010458,O00029155,P00232,2025-09-13,1,Late Delivery,Refund,10.34
RT0010459,O00062505,P00302,2024-07-06,1,Excess Quantity,Replacement,94.9
RT0010460,O00003865,P00046,2024-01-14,4,Quality Issue,Replacement,262.52
RT0010461,O00015312,P02075,2025-05-17,1,Damaged in Transit,Refund,33.85
RT0010462,O00055906,P01447,2024-06-02,1,Customer Changed Mind,Refund,28.49
RT0010463,O00001718,P00766,2023-07-11,1,Excess Quantity,Replacement,56.0
RT0010464,O00030482,P00875,2023-05-03,3,Customer Changed Mind,Refund,76.15
RT0010465,O00049632,P00801,2023-06-21,2,Wrong Product,Credit Memo,74.94
RT0010466,O00085530,P01407,2025-11-28,9,Wrong Product,Credit Memo,232.9
RT0010467,O00038027,P00421,2025-06-25,2,Late Delivery,Refund,277.69
RT0010468,O00007750,P01640,2023-08-07,1,Damaged in Transit,Refund,22.65
RT0010469,O00061061,P00349,2025-02-18,2,Damaged in Transit,Refund,16.02
RT0010470,O00034423,P02130,2025-12-15,1,Late Delivery,Replacement,97.16
RT0010471,O00034365,P00495,2025-06-23,2,Damaged in Transit,Credit Memo,55.99
RT0010472,O00035753,P00211,2024-12-17,1,Late Delivery,Refund,37.76
RT0010473,O00003304,P01536,2023-10-13,1,Damaged in Transit,Credit Memo,69.11
RT0010474,O00017675,P00402,2025-06-03,2,Excess Quantity,Refund,82.21
RT0010475,O00026858,P00002,2025-02-26,1,Customer Changed Mind,Refund,80.94
RT0010476,O00096958,P00675,2024-09-23,2,Wrong Product,Credit Memo,130.2
RT0010477,O00087686,P00116,2025-09-01,1,Customer Changed Mind,Credit Memo,16.05
RT0010478,O00056264,P00266,2023-11-12,6,Excess Quantity,Credit Memo,161.07
RT0010479,O00031157,P00318,2024-09-01,2,Damaged in Transit,Refund,69.48
RT0010480,O00023040,P01767,2024-11-03,3,Quality Issue,Replacement,273.16
RT0010481,O00095154,P00576,2024-07-03,2,Late Delivery,Credit Memo,82.76
RT0010482,O00026609,P02853,2024-05-21,1,Customer Changed Mind,Credit Memo,20.15
RT0010483,O00027218,P00418,2023-03-19,2,Customer Changed Mind,Refund,44.23
RT0010484,O00045514,P00092,2024-10-07,1,Quality Issue,Credit Memo,27.64
RT0010485,O00019441,P00896,2025-10-02,5,Damaged in Transit,Replacement,59.36
RT0010486,O00043475,P01796,2024-03-02,6,Wrong Product,Refund,230.18
RT0010487,O00063747,P00003,2025-03-10,3,Damaged in Transit,Credit Memo,30.72
RT0010488,O00099859,P00129,2024-12-18,2,Damaged in Transit,Credit Memo,94.06
RT0010489,O00021273,P00002,2024-04-15,1,Customer Changed Mind,Replacement,76.22
RT0010490,O00041545,P00771,2023-03-17,1,Excess Quantity,Replacement,35.42
RT0010491,O00019393,P01560,2024-01-23,2,Damaged in Transit,Refund,40.36
RT0010492,O00010119,P00789,2023-04-12,1,Damaged in Transit,Credit Memo,34.77
RT0010493,O00096206,P02950,2023-10-10,8,Excess Quantity,Credit Memo,477.66
RT0010494,O00046111,P00008,2024-07-25,4,Damaged in Transit,Credit Memo,232.33
RT0010495,O00096726,P02737,2025-05-04,1,Wrong Product,Credit Memo,53.8
RT0010496,O00062128,P01628,2026-02-04,1,Wrong Product,Credit Memo,26.0
RT0010497,O00010890,P00726,2024-02-27,6,Wrong Product,Credit Memo,149.48
RT0010498,O00092134,P00707,2023-02-14,1,Damaged in Transit,Refund,12.9
RT0010499,O00026894,P00256,2024-03-04,5,Damaged in Transit,Replacement,74.88
RT0010500,O00097813,P02879,2025-11-09,1,Damaged in Transit,Replacement,18.6
RT0010501,O00068486,P00977,2023-12-26,2,Excess Quantity,Replacement,20.1
RT0010502,O00071880,P00008,2025-09-16,1,Late Delivery,Credit Memo,60.93
RT0010503,O00021808,P00722,2025-08-01,1,Late Delivery,Credit Memo,12.77
RT0010504,O00048724,P00079,2024-12-04,2,Wrong Product,Refund,97.06
RT0010505,O00067250,P00083,2024-01-19,8,Quality Issue,Replacement,464.2
RT0010506,O00089799,P00535,2023-06-02,4,Late Delivery,Refund,394.02
RT0010507,O00004741,P00044,2023-09-19,6,Excess Quantity,Refund,209.22
RT0010508,O00089267,P01497,2025-08-09,1,Customer Changed Mind,Replacement,37.32
RT0010509,O00029990,P00008,2024-04-08,6,Customer Changed Mind,Credit Memo,341.55
RT0010510,O00019810,P00132,2023-12-07,4,Wrong Product,Credit Memo,167.51
RT0010511,O00035971,P02975,2023-07-06,6,Excess Quantity,Replacement,483.96
RT0010512,O00095437,P00214,2023-10-12,2,Quality Issue,Credit Memo,102.18
RT0010513,O00079113,P00282,2024-08-24,2,Late Delivery,Replacement,77.13
RT0010514,O00097305,P00206,2023-05-01,13,Customer Changed Mind,Replacement,210.86
RT0010515,O00023861,P02588,2024-07-05,7,Excess Quantity,Refund,1060.87
RT0010516,O00022111,P01591,2025-10-07,2,Quality Issue,Refund,43.72
RT0010517,O00064361,P00525,2025-04-22,6,Late Delivery,Credit Memo,110.59
RT0010518,O00078363,P02613,2025-12-10,3,Wrong Product,Credit Memo,242.19
RT0010519,O00010844,P01174,2024-09-16,4,Late Delivery,Credit Memo,122.99
RT0010520,O00024703,P00250,2023-08-01,2,Excess Quantity,Replacement,15.36
RT0010521,O00025499,P00338,2023-02-24,5,Damaged in Transit,Credit Memo,330.03
RT0010522,O00076285,P00656,2024-06-10,1,Excess Quantity,Credit Memo,14.85
RT0010523,O00081691,P01750,2024-08-12,3,Customer Changed Mind,Credit Memo,99.66
RT0010524,O00057794,P01713,2023-08-30,1,Quality Issue,Replacement,345.88
RT0010525,O00050674,P02244,2023-05-20,3,Customer Changed Mind,Refund,416.21
RT0010526,O00097269,P00168,2024-05-20,3,Customer Changed Mind,Replacement,116.79
RT0010527,O00040252,P00874,2023-06-04,4,Customer Changed Mind,Refund,89.38
RT0010528,O00028543,P00262,2023-10-25,4,Excess Quantity,Refund,371.48
RT0010529,O00094860,P00634,2024-08-08,1,Damaged in Transit,Replacement,23.62
RT0010530,O00099490,P00146,2024-09-27,5,Customer Changed Mind,Replacement,145.51
RT0010531,O00082862,P00152,2023-12-05,2,Late Delivery,Credit Memo,123.44
RT0010532,O00039972,P00868,2023-04-18,1,Excess Quantity,Replacement,30.31
RT0010533,O00012578,P01753,2025-07-18,1,Late Delivery,Replacement,40.08
RT0010534,O00030716,P00008,2023-07-08,1,Damaged in Transit,Credit Memo,56.7
RT0010535,O00056851,P02413,2023-07-20,1,Damaged in Transit,Refund,47.37
RT0010536,O00069895,P00036,2024-11-01,3,Quality Issue,Refund,45.46
RT0010537,O00056739,P00534,2024-08-31,1,Damaged in Transit,Replacement,25.65
RT0010538,O00019549,P00036,2025-08-19,4,Excess Quantity,Replacement,67.56
RT0010539,O00067389,P00008,2025-08-10,4,Customer Changed Mind,Replacement,252.15
RT0010540,O00045504,P00331,2024-10-13,1,Excess Quantity,Credit Memo,14.15
RT0010541,O00086255,P00305,2025-10-08,1,Damaged in Transit,Credit Memo,11.84
RT0010542,O00030347,P00076,2023-10-19,1,Customer Changed Mind,Replacement,35.77
RT0010543,O00072352,P00622,2023-10-02,6,Excess Quantity,Replacement,695.58
RT0010544,O00053145,P00085,2024-09-08,1,Quality Issue,Replacement,36.42
RT0010545,O00091398,P00697,2023-08-29,10,Quality Issue,Credit Memo,243.8
RT0010546,O00087549,P00004,2025-12-25,1,Damaged in Transit,Replacement,41.48
RT0010547,O00053961,P00001,2023-05-30,3,Damaged in Transit,Credit Memo,109.64
RT0010548,O00057527,P00933,2023-01-27,1,Damaged in Transit,Refund,51.39
RT0010549,O00086718,P00718,2024-04-16,1,Damaged in Transit,Refund,59.02
RT0010550,O00006982,P01126,2024-12-01,2,Customer Changed Mind,Credit Memo,33.32
RT0010551,O00019933,P02866,2024-02-11,11,Late Delivery,Credit Memo,92.62
RT0010552,O00006973,P00041,2025-11-24,16,Quality Issue,Refund,1008.18
RT0010553,O00078857,P00144,2025-01-10,5,Quality Issue,Replacement,210.06
RT0010554,O00085502,P00954,2025-07-29,6,Quality Issue,Refund,276.92
RT0010555,O00021449,P00017,2026-01-16,2,Excess Quantity,Replacement,50.64
RT0010556,O00064555,P00214,2024-06-11,2,Customer Changed Mind,Credit Memo,110.34
RT0010557,O00034136,P00659,2023-04-21,2,Customer Changed Mind,Replacement,76.34
RT0010558,O00086772,P01352,2023-04-19,1,Wrong Product,Replacement,77.07
RT0010559,O00031587,P01273,2025-04-25,2,Damaged in Transit,Credit Memo,97.35
RT0010560,O00086496,P00160,2024-11-17,4,Wrong Product,Replacement,295.28
RT0010561,O00048070,P01670,2024-09-25,1,Late Delivery,Credit Memo,22.34
RT0010562,O00098756,P02199,2025-07-03,1,Damaged in Transit,Replacement,38.88
RT0010563,O00041465,P01351,2023-02-21,2,Wrong Product,Refund,154.7
RT0010564,O00010736,P02400,2023-09-14,1,Excess Quantity,Credit Memo,29.92
RT0010565,O00084241,P00488,2024-06-24,1,Quality Issue,Credit Memo,17.84
RT0010566,O00054013,P01388,2025-09-02,3,Excess Quantity,Replacement,95.36
RT0010567,O00004200,P00220,2024-04-19,4,Late Delivery,Refund,93.9
RT0010568,O00072929,P00009,2023-09-06,1,Damaged in Transit,Credit Memo,52.19
RT0010569,O00081797,P00050,2024-11-14,11,Customer Changed Mind,Credit Memo,510.38
RT0010570,O00014171,P00804,2024-06-18,2,Damaged in Transit,Refund,126.18
RT0010571,O00033352,P00292,2023-11-04,11,Damaged in Transit,Credit Memo,275.32
RT0010572,O00099336,P00249,2023-05-27,1,Damaged in Transit,Credit Memo,11.58
RT0010573,O00090513,P00171,2026-01-16,2,Wrong Product,Refund,14.98
RT0010574,O00087778,P00907,2023-11-30,1,Quality Issue,Replacement,55.8
RT0010575,O00029203,P00144,2025-05-06,2,Excess Quantity,Replacement,81.38
RT0010576,O00067351,P00045,2023-07-19,2,Quality Issue,Refund,136.78
RT0010577,O00078025,P00283,2024-10-26,4,Customer Changed Mind,Replacement,233.47
RT0010578,O00030452,P02132,2023-06-14,2,Customer Changed Mind,Replacement,42.41
RT0010579,O00024550,P01535,2023-12-05,1,Customer Changed Mind,Replacement,161.94
RT0010580,O00000523,P00695,2024-06-18,8,Quality Issue,Replacement,365.04
RT0010581,O00092980,P00001,2023-09-23,3,Wrong Product,Credit Memo,102.29
RT0010582,O00031065,P00011,2023-11-26,4,Quality Issue,Credit Memo,154.17
RT0010583,O00092910,P00012,2023-05-04,2,Customer Changed Mind,Replacement,214.36
RT0010584,O00052588,P02498,2025-09-01,1,Quality Issue,Replacement,59.37
RT0010585,O00077038,P00013,2025-10-28,5,Wrong Product,Replacement,139.13
RT0010586,O00003975,P00938,2024-01-15,2,Damaged in Transit,Credit Memo,31.12
RT0010587,O00041767,P01292,2023-08-28,2,Customer Changed Mind,Refund,71.55
RT0010588,O00003758,P00865,2025-04-12,3,Damaged in Transit,Credit Memo,87.45
RT0010589,O00052618,P00495,2024-07-03,2,Customer Changed Mind,Replacement,52.98
RT0010590,O00062955,P01707,2023-11-12,1,Customer Changed Mind,Replacement,49.36
RT0010591,O00036004,P01606,2025-06-08,3,Damaged in Transit,Replacement,117.31
RT0010592,O00002336,P00250,2023-02-24,1,Late Delivery,Refund,7.24
RT0010593,O00000993,P01528,2023-09-23,2,Customer Changed Mind,Credit Memo,59.17
RT0010594,O00080375,P00585,2024-02-03,1,Damaged in Transit,Replacement,25.04
RT0010595,O00029508,P01388,2024-05-16,3,Excess Quantity,Credit Memo,96.72
RT0010596,O00092133,P01618,2024-06-22,1,Damaged in Transit,Credit Memo,34.81
RT0010597,O00022986,P02894,2024-09-16,2,Quality Issue,Replacement,136.95
RT0010598,O00060041,P00285,2023-03-27,1,Damaged in Transit,Refund,49.88
RT0010599,O00046530,P02105,2025-04-29,7,Quality Issue,Credit Memo,575.0
RT0010600,O00084610,P00014,2025-12-19,2,Excess Quantity,Refund,105.64
RT0010601,O00083980,P02828,2023-04-29,1,Damaged in Transit,Credit Memo,29.96
RT0010602,O00015494,P00033,2025-09-25,5,Late Delivery,Credit Memo,303.4
RT0010603,O00063110,P00950,2024-05-31,2,Customer Changed Mind,Replacement,67.47
RT0010604,O00021081,P00016,2023-06-17,5,Quality Issue,Replacement,725.46
RT0010605,O00042068,P00153,2024-08-15,1,Damaged in Transit,Credit Memo,31.02
RT0010606,O00043790,P00079,2024-01-14,2,Damaged in Transit,Refund,93.04
RT0010607,O00044899,P00162,2024-08-20,1,Wrong Product,Refund,102.92
RT0010608,O00046452,P00932,2025-11-15,10,Excess Quantity,Credit Memo,1270.2
RT0010609,O00096268,P02564,2025-10-27,2,Customer Changed Mind,Refund,110.6
RT0010610,O00002379,P00856,2024-06-02,1,Customer Changed Mind,Refund,26.8
RT0010611,O00018549,P01261,2023-05-24,3,Damaged in Transit,Credit Memo,102.93
RT0010612,O00018113,P02442,2025-08-13,1,Customer Changed Mind,Replacement,25.52
RT0010613,O00091053,P01985,2024-06-19,2,Late Delivery,Credit Memo,49.04
RT0010614,O00086618,P00179,2024-08-01,1,Excess Quantity,Refund,48.28
RT0010615,O00059746,P01416,2023-11-22,5,Damaged in Transit,Replacement,113.05
RT0010616,O00029943,P00316,2024-09-12,1,Quality Issue,Credit Memo,103.44
RT0010617,O00023957,P01043,2025-04-02,1,Wrong Product,Refund,70.6
RT0010618,O00083441,P00081,2025-07-14,1,Customer Changed Mind,Refund,17.1
RT0010619,O00071155,P00141,2025-12-31,1,Damaged in Transit,Credit Memo,42.72
RT0010620,O00044775,P00656,2023-12-20,3,Wrong Product,Replacement,50.98
RT0010621,O00093546,P02349,2024-12-15,5,Late Delivery,Refund,272.16
RT0010622,O00036060,P02796,2025-07-17,1,Damaged in Transit,Refund,41.72
RT0010623,O00042776,P02387,2025-09-11,3,Excess Quantity,Refund,96.49
RT0010624,O00069736,P01756,2024-08-26,3,Late Delivery,Credit Memo,140.27
RT0010625,O00087135,P00001,2024-10-18,4,Customer Changed Mind,Replacement,156.48
RT0010626,O00033725,P01665,2024-10-23,1,Quality Issue,Credit Memo,30.59
RT0010627,O00069043,P00079,2023-04-22,2,Customer Changed Mind,Refund,90.29
RT0010628,O00088367,P00061,2024-01-16,10,Customer Changed Mind,Credit Memo,189.15
RT0010629,O00003960,P00012,2025-01-19,1,Excess Quantity,Replacement,117.29
RT0010630,O00094147,P00877,2024-06-07,1,Late Delivery,Refund,22.26
RT0010631,O00058845,P01527,2024-06-17,1,Quality Issue,Credit Memo,20.27
RT0010632,O00090701,P01273,2025-08-28,7,Damaged in Transit,Credit Memo,317.54
RT0010633,O00095986,P01406,2024-06-17,1,Damaged in Transit,Refund,26.56
RT0010634,O00027573,P01658,2025-09-14,6,Wrong Product,Credit Memo,406.11
RT0010635,O00098285,P02649,2023-03-22,3,Quality Issue,Credit Memo,74.79
RT0010636,O00087737,P01188,2024-04-13,5,Quality Issue,Refund,198.9
RT0010637,O00029660,P00004,2023-06-19,1,Excess Quantity,Credit Memo,36.24
RT0010638,O00023784,P00408,2024-10-12,1,Customer Changed Mind,Credit Memo,25.47
RT0010639,O00006618,P00017,2024-06-18,2,Quality Issue,Replacement,43.53
RT0010640,O00002969,P00971,2024-06-23,1,Quality Issue,Refund,14.24
RT0010641,O00052696,P00502,2024-11-18,1,Quality Issue,Replacement,35.41
RT0010642,O00051776,P00007,2025-12-04,2,Customer Changed Mind,Credit Memo,65.32
RT0010643,O00078202,P00093,2024-04-05,3,Quality Issue,Replacement,131.64
RT0010644,O00056201,P00356,2025-04-11,1,Customer Changed Mind,Replacement,43.98
RT0010645,O00046681,P00003,2025-01-18,3,Wrong Product,Replacement,29.64
RT0010646,O00070954,P00036,2025-06-29,1,Late Delivery,Credit Memo,16.21
RT0010647,O00044049,P00119,2025-11-05,5,Wrong Product,Credit Memo,31.0
RT0010648,O00084625,P02078,2023-08-23,9,Customer Changed Mind,Replacement,225.54
RT0010649,O00003961,P00044,2023-11-16,3,Quality Issue,Credit Memo,84.3
RT0010650,O00004833,P01389,2023-08-29,4,Excess Quantity,Refund,223.38
RT0010651,O00022242,P00393,2023-06-10,2,Quality Issue,Replacement,70.02
RT0010652,O00073291,P01238,2023-06-27,2,Late Delivery,Refund,42.01
RT0010653,O00089982,P00043,2024-09-12,2,Damaged in Transit,Refund,31.24
RT0010654,O00049734,P00302,2025-05-23,5,Quality Issue,Refund,610.83
RT0010655,O00009026,P02677,2024-04-15,3,Excess Quantity,Replacement,222.4
RT0010656,O00098220,P01064,2023-10-03,2,Damaged in Transit,Credit Memo,427.25
RT0010657,O00078815,P00008,2024-06-15,17,Customer Changed Mind,Credit Memo,979.85
RT0010658,O00079694,P01773,2024-07-30,5,Excess Quantity,Replacement,144.95
RT0010659,O00022385,P02114,2023-09-06,3,Quality Issue,Replacement,128.28
RT0010660,O00077010,P00013,2025-03-29,1,Late Delivery,Credit Memo,27.45
RT0010661,O00035253,P00070,2025-01-23,5,Quality Issue,Replacement,694.16
RT0010662,O00065310,P00002,2026-01-10,1,Damaged in Transit,Credit Memo,75.77
RT0010663,O00060116,P01657,2023-03-29,2,Excess Quantity,Credit Memo,60.33
RT0010664,O00039172,P00039,2025-09-01,1,Quality Issue,Refund,31.46
RT0010665,O00059366,P00014,2025-11-24,2,Wrong Product,Credit Memo,113.66
RT0010666,O00059902,P00013,2025-03-28,2,Wrong Product,Replacement,59.62
RT0010667,O00093809,P00989,2024-04-19,3,Quality Issue,Replacement,37.51
RT0010668,O00022789,P02506,2025-01-21,8,Quality Issue,Replacement,515.13
RT0010669,O00072900,P00008,2025-05-04,7,Late Delivery,Replacement,400.93
RT0010670,O00061010,P00228,2025-10-18,2,Excess Quantity,Replacement,81.54
RT0010671,O00032593,P00052,2025-02-02,1,Late Delivery,Refund,29.69
RT0010672,O00071837,P00005,2025-06-23,1,Wrong Product,Refund,50.68
RT0010673,O00098198,P00115,2025-08-23,6,Wrong Product,Refund,152.36
RT0010674,O00096140,P01281,2025-07-07,1,Quality Issue,Refund,47.8
RT0010675,O00079323,P00885,2026-02-04,2,Quality Issue,Replacement,33.84
RT0010676,O00030550,P00260,2024-04-12,1,Damaged in Transit,Refund,63.93
RT0010677,O00079873,P01928,2025-07-16,2,Excess Quantity,Refund,97.08
RT0010678,O00052788,P00937,2025-09-26,6,Quality Issue,Credit Memo,178.87
RT0010679,O00051893,P02531,2025-03-30,1,Quality Issue,Credit Memo,20.31
RT0010680,O00081801,P00317,2024-09-07,1,Damaged in Transit,Refund,29.42
RT0010681,O00008372,P00791,2024-11-14,1,Late Delivery,Credit Memo,77.8
RT0010682,O00090561,P00828,2023-11-19,1,Excess Quantity,Credit Memo,24.39
RT0010683,O00022500,P00337,2023-07-11,3,Damaged in Transit,Refund,75.41
RT0010684,O00058820,P01481,2025-10-23,3,Late Delivery,Credit Memo,39.24
RT0010685,O00045638,P00391,2024-07-11,1,Excess Quantity,Refund,41.18
RT0010686,O00046069,P00100,2025-03-18,2,Damaged in Transit,Refund,74.86
RT0010687,O00076205,P01273,2024-03-22,4,Damaged in Transit,Credit Memo,184.46
RT0010688,O00062629,P00958,2023-11-21,1,Quality Issue,Replacement,78.86
RT0010689,O00013275,P02114,2025-08-12,6,Late Delivery,Replacement,255.2
RT0010690,O00053666,P00009,2025-09-11,3,Damaged in Transit,Refund,156.27
RT0010691,O00012967,P00011,2024-03-27,1,Customer Changed Mind,Refund,38.93
RT0010692,O00041611,P02881,2023-09-25,2,Quality Issue,Replacement,378.52
RT0010693,O00042219,P00059,2024-07-21,1,Excess Quantity,Refund,48.08
RT0010694,O00048702,P00656,2025-07-26,3,Late Delivery,Credit Memo,48.58
RT0010695,O00078097,P00241,2025-11-04,3,Customer Changed Mind,Credit Memo,133.24
RT0010696,O00091397,P00045,2023-04-19,2,Damaged in Transit,Refund,128.8
RT0010697,O00005473,P01897,2023-07-18,4,Damaged in Transit,Refund,89.49
RT0010698,O00003902,P00342,2024-12-22,1,Quality Issue,Credit Memo,112.95
RT0010699,O00075405,P00164,2024-08-24,4,Damaged in Transit,Credit Memo,39.67
RT0010700,O00051376,P01836,2024-11-26,2,Damaged in Transit,Replacement,93.2
RT0010701,O00028241,P00168,2025-09-17,5,Wrong Product,Replacement,175.05
RT0010702,O00019469,P01041,2025-01-03,2,Damaged in Transit,Refund,107.71
RT0010703,O00098330,P00053,2025-01-11,2,Customer Changed Mind,Credit Memo,41.55
RT0010704,O00022452,P00719,2024-06-18,2,Late Delivery,Refund,55.22
RT0010705,O00018198,P01079,2025-11-03,2,Quality Issue,Refund,125.93
RT0010706,O00010909,P00387,2023-11-21,1,Excess Quantity,Credit Memo,55.71
RT0010707,O00074121,P02909,2024-11-28,1,Wrong Product,Refund,49.51
RT0010708,O00004893,P02895,2024-05-30,2,Wrong Product,Refund,56.47
RT0010709,O00046227,P02927,2023-07-25,1,Quality Issue,Refund,52.29
RT0010710,O00032377,P00736,2025-11-29,1,Quality Issue,Credit Memo,47.84
RT0010711,O00005083,P00581,2025-05-01,3,Wrong Product,Replacement,43.29
RT0010712,O00058576,P00301,2024-09-13,2,Late Delivery,Replacement,126.26
RT0010713,O00087058,P02318,2025-02-27,2,Customer Changed Mind,Credit Memo,88.5
RT0010714,O00017633,P02614,2024-12-15,3,Damaged in Transit,Refund,100.41
RT0010715,O00096654,P00109,2025-06-16,3,Quality Issue,Replacement,228.24
RT0010716,O00042708,P01439,2023-10-03,1,Damaged in Transit,Credit Memo,12.62
RT0010717,O00027181,P00574,2023-05-23,2,Late Delivery,Replacement,114.39
RT0010718,O00066639,P00076,2023-09-21,2,Customer Changed Mind,Replacement,65.24
RT0010719,O00040071,P00216,2023-12-11,3,Customer Changed Mind,Replacement,48.93
RT0010720,O00049232,P00001,2024-12-17,3,Wrong Product,Refund,105.86
RT0010721,O00046385,P01013,2024-10-27,1,Wrong Product,Refund,14.51
RT0010722,O00069342,P01610,2025-05-10,10,Customer Changed Mind,Replacement,2381.06
RT0010723,O00048974,P02614,2025-05-31,2,Customer Changed Mind,Refund,80.75
RT0010724,O00079148,P00006,2024-06-10,1,Customer Changed Mind,Refund,73.61
RT0010725,O00084345,P01469,2025-06-18,1,Wrong Product,Credit Memo,11.79
RT0010726,O00038059,P00004,2025-09-13,2,Wrong Product,Replacement,80.12
RT0010727,O00075505,P00152,2023-11-16,4,Customer Changed Mind,Credit Memo,281.96
RT0010728,O00014323,P01642,2023-10-21,6,Customer Changed Mind,Replacement,173.17
RT0010729,O00044167,P00014,2023-07-04,2,Customer Changed Mind,Credit Memo,87.66
RT0010730,O00036980,P01548,2023-10-22,2,Wrong Product,Replacement,256.88
RT0010731,O00046294,P01443,2023-09-20,1,Damaged in Transit,Refund,33.81
RT0010732,O00086960,P01690,2025-11-19,1,Damaged in Transit,Replacement,18.49
RT0010733,O00039381,P00114,2023-04-22,14,Damaged in Transit,Credit Memo,2437.14
RT0010734,O00099853,P00886,2025-08-12,1,Excess Quantity,Replacement,29.22
RT0010735,O00076700,P01838,2024-05-16,4,Customer Changed Mind,Replacement,68.64
RT0010736,O00069138,P01186,2024-04-05,1,Damaged in Transit,Replacement,15.87
RT0010737,O00041402,P02766,2023-06-08,3,Excess Quantity,Replacement,72.26
RT0010738,O00018515,P01641,2023-09-17,3,Customer Changed Mind,Replacement,424.02
RT0010739,O00001414,P00311,2025-08-28,3,Damaged in Transit,Replacement,94.72
RT0010740,O00042375,P00608,2025-08-30,5,Wrong Product,Replacement,30.09
RT0010741,O00068160,P02256,2023-08-25,2,Damaged in Transit,Credit Memo,72.88
RT0010742,O00072104,P00556,2024-09-22,2,Wrong Product,Refund,211.68
RT0010743,O00003836,P00028,2023-12-06,3,Wrong Product,Replacement,64.68
RT0010744,O00085166,P00455,2023-04-29,1,Wrong Product,Refund,35.51
RT0010745,O00035446,P02684,2025-10-06,2,Damaged in Transit,Credit Memo,41.11
RT0010746,O00057585,P00009,2024-11-02,1,Customer Changed Mind,Refund,46.09
RT0010747,O00072507,P02466,2025-09-24,1,Wrong Product,Replacement,64.7
RT0010748,O00044499,P00171,2026-01-17,2,Quality Issue,Refund,13.3
RT0010749,O00067918,P02650,2025-09-07,1,Quality Issue,Refund,51.67
RT0010750,O00082207,P00031,2024-01-26,1,Quality Issue,Replacement,10.67
RT0010751,O00092938,P00060,2023-09-18,1,Quality Issue,Replacement,118.13
RT0010752,O00061456,P00110,2023-12-24,1,Damaged in Transit,Replacement,29.73
RT0010753,O00082647,P01302,2024-11-24,1,Excess Quantity,Credit Memo,48.64
RT0010754,O00088807,P01643,2024-09-11,1,Customer Changed Mind,Credit Memo,18.99
RT0010755,O00052617,P00251,2025-07-30,1,Wrong Product,Credit Memo,113.2
RT0010756,O00085760,P01826,2025-08-11,3,Customer Changed Mind,Replacement,301.86
RT0010757,O00044096,P02473,2024-05-21,4,Customer Changed Mind,Credit Memo,150.28
RT0010758,O00052165,P00018,2023-04-24,1,Late Delivery,Replacement,50.44
RT0010759,O00021429,P00375,2024-09-26,1,Quality Issue,Credit Memo,27.85
RT0010760,O00052940,P01863,2023-12-10,4,Quality Issue,Replacement,178.44
RT0010761,O00055149,P01565,2025-06-14,5,Damaged in Transit,Replacement,94.95
RT0010762,O00080896,P00018,2025-04-12,1,Wrong Product,Credit Memo,60.29
RT0010763,O00070188,P01378,2025-06-20,3,Customer Changed Mind,Replacement,208.99
RT0010764,O00052038,P02679,2025-09-17,4,Quality Issue,Replacement,44.96
RT0010765,O00049179,P00232,2024-07-07,2,Customer Changed Mind,Replacement,23.62
RT0010766,O00004767,P00013,2024-10-22,5,Late Delivery,Credit Memo,150.16
RT0010767,O00067963,P00721,2023-08-11,4,Damaged in Transit,Refund,90.08
RT0010768,O00027262,P00045,2025-08-26,2,Late Delivery,Replacement,139.95
RT0010769,O00059007,P02742,2024-12-29,1,Excess Quantity,Replacement,43.43
RT0010770,O00001863,P02481,2025-06-23,7,Excess Quantity,Credit Memo,174.5
RT0010771,O00028700,P00210,2025-05-20,4,Damaged in Transit,Replacement,127.23
RT0010772,O00087082,P01325,2025-07-03,2,Excess Quantity,Credit Memo,122.18
RT0010773,O00007160,P00004,2024-11-05,6,Wrong Product,Refund,244.94
RT0010774,O00062527,P00509,2024-11-04,5,Excess Quantity,Replacement,186.92
RT0010775,O00066845,P01654,2025-06-21,5,Customer Changed Mind,Refund,332.9
RT0010776,O00083112,P00125,2024-12-26,1,Quality Issue,Credit Memo,246.59
RT0010777,O00057478,P01709,2024-06-30,2,Late Delivery,Refund,87.55
RT0010778,O00080136,P01715,2023-05-17,2,Quality Issue,Credit Memo,353.46
RT0010779,O00078334,P01802,2024-11-02,1,Wrong Product,Replacement,17.06
RT0010780,O00090061,P00017,2023-06-04,2,Damaged in Transit,Refund,48.84
RT0010781,O00033038,P00008,2025-07-26,1,Late Delivery,Replacement,58.97
RT0010782,O00016186,P02456,2025-03-17,1,Quality Issue,Replacement,17.58
RT0010783,O00099621,P00017,2024-10-05,1,Quality Issue,Credit Memo,23.0
RT0010784,O00013205,P01599,2025-07-10,2,Damaged in Transit,Replacement,38.09
RT0010785,O00032765,P00001,2024-06-01,4,Quality Issue,Credit Memo,146.83
RT0010786,O00090218,P00098,2023-12-25,1,Wrong Product,Refund,13.11
RT0010787,O00014774,P00901,2023-09-02,5,Wrong Product,Credit Memo,201.76
RT0010788,O00024710,P00008,2023-07-15,2,Customer Changed Mind,Credit Memo,115.57
RT0010789,O00023083,P02629,2024-04-09,2,Damaged in Transit,Credit Memo,79.38
RT0010790,O00020342,P01769,2025-05-28,4,Damaged in Transit,Refund,302.21
RT0010791,O00084787,P02054,2025-12-30,4,Late Delivery,Credit Memo,24.4
RT0010792,O00022062,P01038,2025-10-11,4,Quality Issue,Replacement,135.66
RT0010793,O00009131,P01981,2025-09-27,2,Damaged in Transit,Replacement,165.19
RT0010794,O00074112,P00800,2023-10-15,6,Wrong Product,Refund,540.27
RT0010795,O00007082,P00790,2025-01-10,2,Wrong Product,Credit Memo,14.7
RT0010796,O00067741,P00272,2023-12-19,6,Excess Quantity,Refund,203.29
RT0010797,O00092829,P02768,2023-12-31,4,Quality Issue,Refund,137.02
RT0010798,O00044078,P02923,2025-03-29,1,Customer Changed Mind,Credit Memo,114.92
RT0010799,O00068138,P00778,2025-08-08,13,Wrong Product,Credit Memo,202.02
RT0010800,O00098161,P00698,2025-07-04,4,Damaged in Transit,Credit Memo,49.1
RT0010801,O00057075,P00099,2024-03-07,1,Excess Quantity,Refund,55.76
RT0010802,O00036747,P00564,2025-11-24,5,Quality Issue,Refund,658.59
RT0010803,O00094345,P00026,2023-06-20,2,Quality Issue,Credit Memo,92.3
RT0010804,O00015222,P00110,2024-01-28,2,Customer Changed Mind,Replacement,58.32
RT0010805,O00056115,P00119,2024-08-08,1,Damaged in Transit,Credit Memo,6.5
RT0010806,O00005389,P00009,2025-05-08,3,Quality Issue,Credit Memo,145.94
RT0010807,O00058627,P02232,2024-08-23,1,Damaged in Transit,Replacement,75.21
RT0010808,O00083711,P01359,2023-09-09,5,Excess Quantity,Replacement,214.7
RT0010809,O00062379,P00358,2023-08-01,2,Wrong Product,Replacement,75.7
RT0010810,O00084212,P00014,2025-05-24,1,Excess Quantity,Replacement,58.94
RT0010811,O00027011,P00084,2023-07-27,4,Customer Changed Mind,Replacement,317.41
RT0010812,O00015249,P02207,2023-06-17,1,Customer Changed Mind,Refund,50.74
RT0010813,O00088473,P00182,2023-03-14,1,Customer Changed Mind,Replacement,55.86
RT0010814,O00023759,P00049,2024-02-05,2,Wrong Product,Credit Memo,33.02
RT0010815,O00096682,P00063,2023-10-25,7,Damaged in Transit,Credit Memo,444.02
RT0010816,O00051387,P02792,2023-07-18,1,Customer Changed Mind,Refund,87.96
RT0010817,O00015528,P00003,2023-10-19,1,Damaged in Transit,Credit Memo,8.41
RT0010818,O00092848,P00501,2024-10-20,6,Customer Changed Mind,Replacement,231.42
RT0010819,O00061040,P00011,2023-04-08,3,Damaged in Transit,Replacement,132.06
RT0010820,O00059173,P02242,2024-03-06,1,Late Delivery,Refund,45.88
RT0010821,O00007763,P01533,2024-06-14,4,Damaged in Transit,Credit Memo,144.29
RT0010822,O00084984,P00250,2024-03-25,1,Customer Changed Mind,Credit Memo,8.47
RT0010823,O00079934,P01641,2024-10-28,3,Customer Changed Mind,Replacement,411.07
RT0010824,O00089263,P01308,2024-02-13,1,Customer Changed Mind,Credit Memo,7.92
RT0010825,O00086756,P01212,2023-12-23,3,Late Delivery,Credit Memo,339.63
RT0010826,O00075389,P02718,2024-05-14,3,Damaged in Transit,Replacement,44.17
RT0010827,O00017522,P00299,2025-02-07,3,Wrong Product,Credit Memo,59.14
RT0010828,O00083865,P00045,2025-12-28,3,Quality Issue,Refund,217.37
RT0010829,O00050468,P00219,2023-03-08,5,Late Delivery,Credit Memo,106.2
RT0010830,O00079051,P00282,2025-03-01,6,Damaged in Transit,Credit Memo,293.83
RT0010831,O00095297,P00061,2023-08-24,2,Damaged in Transit,Replacement,39.91
RT0010832,O00087773,P02019,2025-02-22,5,Excess Quantity,Credit Memo,833.34
RT0010833,O00012110,P00228,2025-08-10,2,Customer Changed Mind,Replacement,61.31
RT0010834,O00003495,P00513,2024-01-01,1,Damaged in Transit,Replacement,10.64
RT0010835,O00096445,P00607,2024-10-30,2,Damaged in Transit,Refund,70.47
RT0010836,O00089828,P00163,2023-03-15,1,Quality Issue,Refund,108.8
RT0010837,O00078880,P00051,2023-12-14,2,Late Delivery,Replacement,68.76
RT0010838,O00004289,P01591,2024-07-23,2,Damaged in Transit,Replacement,36.86
RT0010839,O00021255,P00695,2026-01-05,4,Wrong Product,Refund,160.99
RT0010840,O00078244,P00007,2024-09-29,2,Quality Issue,Credit Memo,75.04
RT0010841,O00035912,P00626,2025-11-08,2,Damaged in Transit,Credit Memo,156.93
RT0010842,O00010692,P00020,2024-08-09,2,Wrong Product,Refund,47.04
RT0010843,O00034679,P02619,2023-01-25,6,Quality Issue,Refund,124.49
RT0010844,O00066928,P00281,2024-05-16,4,Customer Changed Mind,Replacement,158.86
RT0010845,O00072676,P00045,2024-05-16,3,Damaged in Transit,Replacement,192.55
RT0010846,O00071868,P00698,2025-12-16,6,Damaged in Transit,Credit Memo,75.62
RT0010847,O00074682,P00059,2023-09-08,3,Damaged in Transit,Replacement,145.23
RT0010848,O00040296,P00010,2023-09-18,1,Customer Changed Mind,Credit Memo,57.8
RT0010849,O00071620,P01563,2024-04-29,1,Customer Changed Mind,Replacement,42.57
RT0010850,O00010859,P00897,2025-11-10,7,Excess Quantity,Credit Memo,422.17
RT0010851,O00017172,P00043,2024-01-17,1,Customer Changed Mind,Credit Memo,12.72
RT0010852,O00063395,P00140,2025-05-25,3,Wrong Product,Credit Memo,250.21
RT0010853,O00093434,P00605,2024-07-23,1,Damaged in Transit,Credit Memo,194.11
RT0010854,O00054065,P01964,2025-03-14,3,Late Delivery,Credit Memo,181.93
RT0010855,O00048061,P00004,2025-05-09,3,Customer Changed Mind,Replacement,133.8
RT0010856,O00061716,P00749,2025-07-18,2,Damaged in Transit,Credit Memo,111.49
RT0010857,O00002699,P00597,2024-10-23,3,Customer Changed Mind,Credit Memo,84.73
RT0010858,O00019409,P01143,2023-05-18,1,Damaged in Transit,Replacement,52.75
RT0010859,O00025631,P01416,2025-09-02,11,Customer Changed Mind,Credit Memo,262.5
RT0010860,O00003285,P02668,2025-08-20,2,Customer Changed Mind,Refund,148.84
RT0010861,O00058644,P00112,2025-10-16,1,Late Delivery,Replacement,33.75
RT0010862,O00036541,P02464,2023-02-19,5,Excess Quantity,Refund,413.86
RT0010863,O00032388,P02162,2025-03-08,2,Late Delivery,Replacement,23.75
RT0010864,O00053411,P00046,2025-10-29,1,Late Delivery,Credit Memo,62.64
RT0010865,O00029541,P00350,2024-08-13,5,Late Delivery,Replacement,87.54
RT0010866,O00076648,P00298,2024-03-30,1,Wrong Product,Credit Memo,15.15
RT0010867,O00073643,P00661,2023-05-30,1,Excess Quantity,Credit Memo,19.11
RT0010868,O00055104,P02163,2025-01-20,4,Customer Changed Mind,Credit Memo,71.03
RT0010869,O00058261,P00178,2023-08-11,2,Late Delivery,Credit Memo,147.19
RT0010870,O00055394,P00087,2024-12-11,1,Damaged in Transit,Refund,28.93
RT0010871,O00088738,P00410,2023-02-07,1,Damaged in Transit,Replacement,44.67
RT0010872,O00020977,P02315,2025-03-31,3,Damaged in Transit,Refund,89.42
RT0010873,O00053835,P02647,2023-06-04,2,Damaged in Transit,Refund,105.91
RT0010874,O00030600,P00658,2024-06-09,1,Damaged in Transit,Refund,72.85
RT0010875,O00056786,P00044,2024-05-14,3,Customer Changed Mind,Replacement,103.31
RT0010876,O00051780,P00101,2023-04-22,2,Quality Issue,Credit Memo,73.87
RT0010877,O00060417,P02073,2023-05-20,2,Wrong Product,Replacement,159.44
RT0010878,O00032129,P01135,2025-09-20,3,Customer Changed Mind,Refund,32.24
RT0010879,O00094292,P02438,2025-10-31,2,Wrong Product,Credit Memo,41.88
RT0010880,O00038632,P00309,2023-08-26,2,Quality Issue,Credit Memo,114.76
RT0010881,O00086068,P00150,2024-09-08,1,Excess Quantity,Replacement,13.91
RT0010882,O00065691,P02567,2023-04-30,4,Quality Issue,Replacement,158.61
RT0010883,O00062673,P02475,2025-03-06,3,Wrong Product,Credit Memo,105.14
RT0010884,O00002111,P02731,2023-09-14,1,Damaged in Transit,Credit Memo,45.66
RT0010885,O00057459,P01731,2023-06-16,3,Damaged in Transit,Refund,120.24
RT0010886,O00077421,P02844,2025-06-08,1,Customer Changed Mind,Replacement,98.44
RT0010887,O00062188,P00650,2023-06-30,1,Late Delivery,Refund,13.95
RT0010888,O00074441,P00001,2024-07-24,6,Quality Issue,Refund,207.02
RT0010889,O00001300,P00600,2023-04-22,1,Excess Quantity,Replacement,117.59
RT0010890,O00000513,P00074,2025-11-16,5,Late Delivery,Replacement,108.2
RT0010891,O00027326,P00740,2024-05-29,1,Late Delivery,Refund,37.5
RT0010892,O00092941,P00633,2023-07-04,2,Wrong Product,Refund,77.81
RT0010893,O00001507,P00836,2023-09-20,3,Quality Issue,Refund,88.97
RT0010894,O00055139,P02612,2023-09-14,3,Quality Issue,Replacement,267.27
RT0010895,O00021672,P01716,2024-07-13,2,Customer Changed Mind,Credit Memo,32.58
RT0010896,O00067870,P01141,2023-05-27,5,Quality Issue,Refund,532.57
RT0010897,O00046619,P02101,2023-04-14,4,Quality Issue,Replacement,101.16
RT0010898,O00082605,P00032,2023-04-30,1,Quality Issue,Replacement,40.18
RT0010899,O00056890,P00776,2024-01-12,3,Wrong Product,Replacement,46.91
RT0010900,O00048412,P01246,2024-09-27,1,Wrong Product,Credit Memo,77.97
RT0010901,O00019753,P00941,2025-09-23,1,Customer Changed Mind,Credit Memo,73.44
RT0010902,O00045137,P01406,2024-08-21,2,Late Delivery,Refund,56.51
RT0010903,O00076107,P00065,2023-05-27,3,Damaged in Transit,Credit Memo,63.57
RT0010904,O00048542,P00965,2025-12-11,1,Wrong Product,Credit Memo,75.36
RT0010905,O00016874,P00132,2024-12-06,4,Customer Changed Mind,Replacement,191.14
RT0010906,O00094117,P01826,2024-04-12,2,Excess Quantity,Refund,179.4
RT0010907,O00034273,P00096,2024-06-29,6,Wrong Product,Credit Memo,660.96
RT0010908,O00002216,P00435,2023-07-15,2,Wrong Product,Refund,42.56
RT0010909,O00079139,P00581,2025-02-09,3,Quality Issue,Refund,42.0
RT0010910,O00038320,P00656,2025-07-26,2,Damaged in Transit,Credit Memo,26.85
RT0010911,O00023324,P02377,2025-07-25,2,Damaged in Transit,Refund,145.3
RT0010912,O00085357,P02891,2025-11-03,7,Quality Issue,Refund,210.22
RT0010913,O00080899,P00012,2023-12-21,2,Wrong Product,Refund,225.88
RT0010914,O00070111,P00064,2023-03-07,1,Quality Issue,Replacement,97.19
RT0010915,O00035453,P01027,2023-11-29,4,Damaged in Transit,Replacement,393.84
RT0010916,O00067481,P01468,2023-07-18,4,Wrong Product,Credit Memo,77.87
RT0010917,O00023168,P00434,2024-03-30,3,Quality Issue,Replacement,36.05
RT0010918,O00046976,P02495,2024-09-12,2,Damaged in Transit,Credit Memo,38.57
RT0010919,O00003328,P00783,2023-02-21,3,Damaged in Transit,Refund,49.74
RT0010920,O00051781,P00507,2024-06-05,2,Excess Quantity,Credit Memo,47.56
RT0010921,O00080720,P00005,2025-07-10,1,Excess Quantity,Credit Memo,52.67
RT0010922,O00069672,P01031,2026-01-30,9,Late Delivery,Refund,98.86
RT0010923,O00038043,P00046,2025-04-08,5,Quality Issue,Refund,345.7
RT0010924,O00039514,P02231,2023-10-10,3,Quality Issue,Replacement,135.55
RT0010925,O00076255,P01975,2024-04-08,2,Late Delivery,Refund,60.51
RT0010926,O00031625,P01238,2025-06-02,1,Quality Issue,Credit Memo,26.62
RT0010927,O00077357,P00905,2023-07-19,2,Customer Changed Mind,Credit Memo,90.6
RT0010928,O00003591,P01452,2024-11-15,2,Damaged in Transit,Refund,135.41
RT0010929,O00078832,P00196,2023-09-21,1,Wrong Product,Credit Memo,7.69
RT0010930,O00023474,P00212,2025-08-13,2,Quality Issue,Replacement,68.4
RT0010931,O00008093,P00010,2024-10-05,1,Late Delivery,Refund,65.67
RT0010932,O00027701,P02078,2024-08-26,1,Damaged in Transit,Credit Memo,23.95
RT0010933,O00012364,P00037,2024-05-30,1,Customer Changed Mind,Credit Memo,16.65
RT0010934,O00026096,P00289,2023-07-09,5,Damaged in Transit,Refund,437.14
RT0010935,O00087934,P00586,2025-09-02,2,Customer Changed Mind,Refund,34.24
RT0010936,O00013079,P02972,2024-11-22,4,Quality Issue,Refund,247.35
RT0010937,O00010781,P00474,2026-02-09,1,Damaged in Transit,Credit Memo,43.62
RT0010938,O00035271,P00013,2024-06-21,1,Customer Changed Mind,Credit Memo,29.44
RT0010939,O00016159,P00598,2024-06-18,5,Damaged in Transit,Refund,808.54
RT0010940,O00007192,P00039,2023-07-17,3,Damaged in Transit,Refund,93.45
RT0010941,O00000840,P00002,2024-01-22,1,Damaged in Transit,Refund,63.05
RT0010942,O00066319,P01124,2025-10-24,3,Late Delivery,Credit Memo,47.97
RT0010943,O00050154,P00980,2024-03-15,3,Wrong Product,Refund,82.77
RT0010944,O00019679,P02031,2025-09-15,5,Damaged in Transit,Replacement,187.38
RT0010945,O00027927,P00249,2024-09-03,3,Excess Quantity,Refund,39.62
RT0010946,O00071444,P01651,2025-08-24,3,Late Delivery,Credit Memo,210.65
RT0010947,O00097497,P00001,2025-07-28,1,Quality Issue,Replacement,35.3
RT0010948,O00031430,P00067,2024-04-18,1,Wrong Product,Credit Memo,60.18
RT0010949,O00000804,P01220,2025-05-13,3,Customer Changed Mind,Credit Memo,287.36
RT0010950,O00041370,P00110,2023-11-11,3,Wrong Product,Replacement,81.45
RT0010951,O00050850,P02596,2025-10-10,1,Late Delivery,Replacement,38.22
RT0010952,O00094706,P01146,2025-03-27,3,Quality Issue,Refund,230.82
RT0010953,O00014951,P00910,2023-06-16,1,Damaged in Transit,Replacement,54.96
RT0010954,O00023848,P00103,2024-05-27,3,Quality Issue,Refund,37.66
RT0010955,O00078694,P00006,2025-09-02,1,Quality Issue,Refund,75.78
RT0010956,O00050960,P00282,2025-02-24,2,Wrong Product,Credit Memo,85.95
RT0010957,O00034913,P02558,2023-04-13,2,Wrong Product,Replacement,228.04
RT0010958,O00006702,P00051,2024-06-06,1,Quality Issue,Replacement,35.09
RT0010959,O00093136,P00629,2024-07-21,1,Damaged in Transit,Refund,65.26
RT0010960,O00038945,P00003,2024-11-09,1,Excess Quantity,Replacement,8.95
RT0010961,O00012077,P00310,2025-06-27,2,Quality Issue,Refund,59.22
RT0010962,O00022354,P02594,2023-04-14,2,Wrong Product,Replacement,112.04
RT0010963,O00035168,P00097,2025-04-30,3,Excess Quantity,Replacement,85.35
RT0010964,O00037537,P00672,2024-03-01,1,Late Delivery,Replacement,65.26
RT0010965,O00075591,P00180,2025-01-17,4,Customer Changed Mind,Refund,82.4
RT0010966,O00023761,P00161,2023-02-18,2,Excess Quantity,Credit Memo,124.26
RT0010967,O00028005,P01268,2025-05-07,10,Late Delivery,Credit Memo,325.3
RT0010968,O00041493,P02343,2024-05-09,12,Quality Issue,Credit Memo,300.73
RT0010969,O00011042,P00039,2024-02-06,1,Damaged in Transit,Credit Memo,36.33
RT0010970,O00011022,P00214,2023-06-07,3,Damaged in Transit,Replacement,160.83
RT0010971,O00004089,P00304,2023-12-02,2,Quality Issue,Replacement,118.15
RT0010972,O00066074,P00752,2025-04-23,3,Quality Issue,Refund,277.24
RT0010973,O00037505,P00005,2023-07-24,3,Wrong Product,Credit Memo,134.03
RT0010974,O00068610,P01977,2025-07-25,1,Wrong Product,Replacement,36.29
RT0010975,O00034242,P00001,2024-04-28,2,Wrong Product,Credit Memo,76.32
RT0010976,O00009656,P00975,2025-04-16,3,Late Delivery,Credit Memo,54.51
RT0010977,O00076365,P00006,2024-09-08,2,Damaged in Transit,Replacement,142.85
RT0010978,O00057194,P00012,2025-06-15,2,Customer Changed Mind,Credit Memo,211.06
RT0010979,O00053828,P00393,2023-09-17,11,Quality Issue,Replacement,387.32
RT0010980,O00072196,P01361,2024-08-13,1,Quality Issue,Replacement,35.51
RT0010981,O00078067,P00115,2025-12-01,1,Excess Quantity,Replacement,25.86
RT0010982,O00020911,P00485,2023-06-19,7,Quality Issue,Credit Memo,677.23
RT0010983,O00090518,P00048,2025-02-03,1,Wrong Product,Credit Memo,14.07
RT0010984,O00084660,P01374,2023-06-10,1,Wrong Product,Replacement,69.6
RT0010985,O00081929,P00055,2024-06-19,2,Customer Changed Mind,Replacement,115.02
RT0010986,O00040456,P00034,2025-11-05,2,Wrong Product,Replacement,50.38
RT0010987,O00050123,P00109,2023-12-05,3,Wrong Product,Refund,180.44
RT0010988,O00094870,P00444,2025-11-18,1,Late Delivery,Refund,103.35
RT0010989,O00025160,P00008,2025-12-06,4,Wrong Product,Refund,216.11
RT0010990,O00068598,P01555,2023-08-14,3,Damaged in Transit,Replacement,32.47
RT0010991,O00046788,P00004,2025-05-06,3,Wrong Product,Replacement,124.43
RT0010992,O00071895,P01546,2025-05-09,3,Damaged in Transit,Replacement,351.06
RT0010993,O00080517,P00867,2024-12-13,4,Damaged in Transit,Replacement,120.2
RT0010994,O00039584,P00585,2023-04-22,2,Damaged in Transit,Refund,43.94
RT0010995,O00072318,P00178,2025-08-11,4,Damaged in Transit,Replacement,309.38
RT0010996,O00081531,P00085,2025-11-11,5,Excess Quantity,Refund,209.5
RT0010997,O00057763,P02563,2024-07-15,2,Late Delivery,Replacement,59.63
RT0010998,O00041858,P00873,2024-03-06,1,Wrong Product,Replacement,65.63
RT0010999,O00084082,P00355,2024-07-11,3,Damaged in Transit,Refund,115.74
RT0011000,O00034503,P00333,2025-03-15,1,Damaged in Transit,Replacement,45.23
RT0011001,O00088477,P01088,2023-06-18,3,Customer Changed Mind,Credit Memo,159.16
RT0011002,O00015635,P01417,2024-05-16,5,Customer Changed Mind,Refund,315.93
RT0011003,O00029090,P00030,2023-10-10,2,Damaged in Transit,Credit Memo,48.56
RT0011004,O00067540,P00100,2024-02-22,1,Quality Issue,Replacement,36.9
RT0011005,O00050935,P00380,2025-04-04,8,Damaged in Transit,Credit Memo,371.96
RT0011006,O00068164,P00002,2024-09-28,1,Excess Quantity,Refund,63.31
RT0011007,O00072362,P01478,2023-10-01,5,Wrong Product,Credit Memo,38.41
RT0011008,O00069367,P00027,2025-10-04,1,Damaged in Transit,Replacement,14.88
RT0011009,O00048174,P00171,2024-06-11,9,Wrong Product,Refund,61.77
RT0011010,O00058856,P00053,2023-09-23,4,Damaged in Transit,Credit Memo,74.48
RT0011011,O00025798,P00114,2023-04-23,2,Damaged in Transit,Refund,372.15
RT0011012,O00062042,P00299,2024-09-12,1,Damaged in Transit,Replacement,21.99
RT0011013,O00099133,P01375,2023-04-20,1,Damaged in Transit,Replacement,25.0
RT0011014,O00030240,P00439,2025-08-03,1,Damaged in Transit,Credit Memo,48.77
RT0011015,O00003396,P00014,2025-12-26,3,Wrong Product,Refund,167.49
RT0011016,O00028073,P00740,2023-11-02,1,Customer Changed Mind,Credit Memo,34.14
RT0011017,O00035436,P00822,2025-06-27,4,Quality Issue,Refund,24.64
RT0011018,O00031594,P00175,2025-07-16,4,Late Delivery,Replacement,50.46
RT0011019,O00000701,P00979,2023-04-22,3,Wrong Product,Refund,199.68
RT0011020,O00086549,P00597,2025-08-06,4,Wrong Product,Credit Memo,115.06
RT0011021,O00027401,P02701,2025-09-13,4,Excess Quantity,Credit Memo,113.51
RT0011022,O00064770,P00153,2024-11-03,10,Quality Issue,Refund,330.79
RT0011023,O00091619,P00036,2023-12-24,1,Damaged in Transit,Refund,14.35
RT0011024,O00019970,P00065,2023-07-19,1,Quality Issue,Credit Memo,24.28
RT0011025,O00012869,P01806,2025-01-15,3,Damaged in Transit,Refund,220.79
RT0011026,O00081372,P00018,2024-02-07,2,Damaged in Transit,Refund,106.48
RT0011027,O00032454,P00947,2023-09-24,2,Quality Issue,Credit Memo,33.4
RT0011028,O00085790,P00075,2024-03-17,1,Customer Changed Mind,Credit Memo,71.87
RT0011029,O00003379,P00002,2024-07-28,7,Damaged in Transit,Credit Memo,492.79
RT0011030,O00069172,P00231,2024-12-10,4,Excess Quantity,Replacement,171.2
RT0011031,O00037951,P00347,2023-10-10,1,Quality Issue,Refund,74.76
RT0011032,O00030123,P00143,2024-03-18,4,Quality Issue,Credit Memo,75.88
RT0011033,O00065919,P00494,2024-08-09,4,Excess Quantity,Credit Memo,49.29
RT0011034,O00081923,P00321,2024-06-10,3,Damaged in Transit,Credit Memo,39.79
RT0011035,O00032893,P00649,2025-08-22,1,Damaged in Transit,Refund,13.69
RT0011036,O00066286,P00839,2025-06-07,2,Damaged in Transit,Credit Memo,157.26
RT0011037,O00070903,P02220,2025-06-25,16,Excess Quantity,Credit Memo,318.4
RT0011038,O00088352,P01955,2025-03-09,1,Late Delivery,Credit Memo,23.57
RT0011039,O00017091,P00876,2023-03-04,3,Damaged in Transit,Replacement,88.26
RT0011040,O00008458,P02038,2024-09-22,1,Late Delivery,Refund,13.72
RT0011041,O00047740,P00401,2025-11-20,1,Damaged in Transit,Refund,18.49
RT0011042,O00042471,P00811,2025-02-26,1,Excess Quantity,Credit Memo,62.1
RT0011043,O00093525,P00238,2025-06-16,1,Customer Changed Mind,Refund,65.89
RT0011044,O00004772,P01590,2024-05-27,3,Late Delivery,Replacement,204.01
RT0011045,O00063350,P02309,2025-10-01,3,Late Delivery,Replacement,21.42
RT0011046,O00047851,P00010,2024-08-05,1,Wrong Product,Refund,64.53
RT0011047,O00051331,P02982,2025-11-08,2,Damaged in Transit,Replacement,270.52
RT0011048,O00005069,P00015,2023-05-01,5,Customer Changed Mind,Credit Memo,218.4
RT0011049,O00067120,P01556,2025-09-11,4,Excess Quantity,Credit Memo,237.32
RT0011050,O00068611,P00152,2025-01-24,3,Wrong Product,Refund,218.04
RT0011051,O00070057,P00344,2024-02-12,9,Late Delivery,Refund,578.84
RT0011052,O00008360,P00051,2024-12-01,1,Quality Issue,Refund,36.15
RT0011053,O00051550,P00746,2023-10-07,1,Quality Issue,Replacement,19.56
RT0011054,O00051110,P01231,2025-08-21,2,Late Delivery,Credit Memo,28.19
RT0011055,O00099650,P02914,2025-05-27,3,Quality Issue,Replacement,289.39
RT0011056,O00077927,P00099,2025-11-23,1,Quality Issue,Replacement,59.52
RT0011057,O00096657,P01780,2023-10-04,2,Customer Changed Mind,Refund,133.24
RT0011058,O00056526,P00084,2023-06-29,2,Customer Changed Mind,Credit Memo,159.88
RT0011059,O00017078,P00086,2023-07-11,1,Late Delivery,Replacement,19.99
RT0011060,O00095527,P00301,2023-12-22,10,Customer Changed Mind,Refund,648.3
RT0011061,O00084304,P00046,2023-10-06,3,Wrong Product,Refund,200.64
RT0011062,O00042347,P00519,2024-11-11,1,Wrong Product,Replacement,62.22
RT0011063,O00042867,P00079,2023-02-11,1,Wrong Product,Credit Memo,42.23
RT0011064,O00067747,P02655,2023-08-28,1,Excess Quantity,Credit Memo,84.76
RT0011065,O00060229,P01092,2025-08-25,5,Damaged in Transit,Refund,51.38
RT0011066,O00026184,P00040,2025-01-11,2,Damaged in Transit,Replacement,128.06
RT0011067,O00070863,P01168,2025-07-22,4,Wrong Product,Replacement,105.73
RT0011068,O00069309,P00346,2024-07-28,9,Damaged in Transit,Credit Memo,538.37
RT0011069,O00081634,P01518,2023-02-26,1,Damaged in Transit,Refund,85.28
RT0011070,O00089958,P00039,2025-06-16,2,Excess Quantity,Credit Memo,69.48
RT0011071,O00008086,P00097,2025-09-29,1,Late Delivery,Refund,28.0
RT0011072,O00045043,P00005,2025-06-30,1,Damaged in Transit,Refund,54.8
RT0011073,O00017994,P00014,2023-10-16,2,Quality Issue,Credit Memo,107.37
RT0011074,O00082347,P00040,2023-05-11,1,Customer Changed Mind,Refund,61.61
RT0011075,O00046701,P00110,2023-08-21,1,Customer Changed Mind,Credit Memo,27.43
RT0011076,O00094354,P00460,2025-12-27,1,Late Delivery,Replacement,99.73
RT0011077,O00010172,P02160,2025-04-21,2,Excess Quantity,Replacement,36.87
RT0011078,O00098391,P00288,2023-06-23,1,Wrong Product,Refund,45.31
RT0011079,O00039302,P00002,2024-05-18,1,Wrong Product,Credit Memo,73.32
RT0011080,O00089637,P02921,2025-03-13,1,Customer Changed Mind,Credit Memo,22.04
RT0011081,O00001474,P00046,2025-04-22,2,Damaged in Transit,Credit Memo,144.42
RT0011082,O00034756,P00141,2025-09-10,4,Damaged in Transit,Replacement,194.52
RT0011083,O00030756,P00336,2025-03-09,5,Excess Quantity,Refund,309.02
RT0011084,O00003310,P01533,2024-09-10,2,Late Delivery,Refund,66.0
RT0011085,O00035990,P00562,2024-10-18,8,Quality Issue,Refund,202.54
RT0011086,O00015058,P00577,2025-07-16,1,Damaged in Transit,Refund,42.62
RT0011087,O00068978,P00172,2025-09-13,2,Customer Changed Mind,Replacement,94.61
RT0011088,O00046170,P01403,2024-01-16,2,Customer Changed Mind,Credit Memo,33.58
RT0011089,O00055811,P02412,2024-07-13,5,Customer Changed Mind,Refund,554.44
RT0011090,O00099823,P00015,2024-02-19,3,Excess Quantity,Refund,145.02
RT0011091,O00036668,P02973,2025-01-09,6,Wrong Product,Replacement,588.21
RT0011092,O00021515,P00367,2025-02-09,2,Wrong Product,Refund,105.57
RT0011093,O00092864,P00065,2024-12-20,2,Customer Changed Mind,Refund,45.43
RT0011094,O00056898,P00003,2023-12-07,4,Late Delivery,Credit Memo,36.28
RT0011095,O00094732,P01142,2023-10-15,1,Late Delivery,Refund,79.59
RT0011096,O00041310,P00083,2024-04-09,2,Damaged in Transit,Refund,117.79
RT0011097,O00000053,P00180,2023-07-21,1,Customer Changed Mind,Refund,20.39
RT0011098,O00088477,P00134,2023-06-24,1,Late Delivery,Replacement,44.24
RT0011099,O00021267,P02694,2023-10-13,3,Quality Issue,Replacement,52.64
RT0011100,O00013282,P00096,2025-07-10,1,Damaged in Transit,Refund,99.91
RT0011101,O00022326,P00579,2023-11-22,2,Late Delivery,Credit Memo,67.44
RT0011102,O00093719,P01517,2024-04-06,3,Excess Quantity,Credit Memo,51.33
RT0011103,O00034294,P00098,2023-10-11,2,Late Delivery,Replacement,28.62
RT0011104,O00047076,P00069,2025-04-24,4,Quality Issue,Refund,162.84
RT0011105,O00070765,P01106,2024-04-04,1,Customer Changed Mind,Credit Memo,72.75
RT0011106,O00056670,P00055,2023-05-15,2,Excess Quantity,Refund,111.67
RT0011107,O00001152,P02246,2025-03-16,2,Damaged in Transit,Replacement,294.58
RT0011108,O00069450,P00021,2025-06-01,5,Wrong Product,Replacement,344.3
RT0011109,O00011311,P01014,2025-10-29,3,Quality Issue,Credit Memo,179.37
RT0011110,O00017790,P01140,2024-05-03,8,Customer Changed Mind,Credit Memo,151.26
RT0011111,O00067554,P00094,2024-04-03,1,Quality Issue,Replacement,43.99
RT0011112,O00098438,P00318,2024-09-30,1,Damaged in Transit,Replacement,30.25
RT0011113,O00029619,P00709,2023-08-04,1,Customer Changed Mind,Credit Memo,145.57
RT0011114,O00091892,P01376,2023-11-28,4,Wrong Product,Credit Memo,189.77
RT0011115,O00011798,P00195,2023-03-04,4,Late Delivery,Replacement,220.42
RT0011116,O00033950,P00543,2025-10-08,1,Late Delivery,Replacement,53.35
RT0011117,O00071745,P02547,2025-12-28,5,Late Delivery,Refund,77.38
RT0011118,O00093712,P01110,2024-06-03,1,Quality Issue,Credit Memo,21.26
RT0011119,O00053897,P00067,2024-06-18,7,Quality Issue,Credit Memo,400.71
RT0011120,O00073733,P00147,2024-03-02,4,Quality Issue,Replacement,395.2
RT0011121,O00026581,P00219,2024-04-06,1,Late Delivery,Replacement,23.44
RT0011122,O00020051,P00350,2024-02-24,3,Excess Quantity,Replacement,52.0
RT0011123,O00038136,P00757,2023-06-16,1,Damaged in Transit,Credit Memo,63.01
RT0011124,O00027477,P02671,2025-04-14,2,Wrong Product,Credit Memo,116.82
RT0011125,O00039604,P02205,2025-11-18,3,Wrong Product,Credit Memo,101.37
RT0011126,O00009321,P00172,2023-05-15,3,Damaged in Transit,Refund,146.46
RT0011127,O00020992,P00006,2023-04-28,1,Excess Quantity,Credit Memo,66.99
RT0011128,O00052527,P01229,2025-04-20,5,Quality Issue,Credit Memo,351.67
RT0011129,O00080345,P01443,2025-12-09,6,Wrong Product,Replacement,235.07
RT0011130,O00036823,P00557,2024-09-25,3,Excess Quantity,Replacement,64.04
RT0011131,O00095302,P00072,2023-09-21,7,Quality Issue,Credit Memo,66.91
RT0011132,O00080423,P00510,2024-05-31,1,Wrong Product,Credit Memo,33.5
RT0011133,O00012526,P00593,2025-11-22,2,Damaged in Transit,Refund,74.37
RT0011134,O00079427,P00297,2024-02-21,2,Customer Changed Mind,Replacement,240.68
RT0011135,O00001970,P00065,2023-06-15,1,Damaged in Transit,Replacement,26.08
RT0011136,O00043732,P00816,2025-04-16,7,Wrong Product,Refund,152.95
RT0011137,O00041538,P02578,2025-10-06,4,Quality Issue,Replacement,227.12
RT0011138,O00032526,P00166,2023-07-14,1,Excess Quantity,Refund,105.5
RT0011139,O00098263,P02531,2024-05-18,1,Wrong Product,Replacement,20.53
RT0011140,O00089609,P00001,2025-10-19,1,Customer Changed Mind,Refund,40.28
RT0011141,O00000272,P01425,2024-07-17,1,Quality Issue,Credit Memo,76.76
RT0011142,O00014958,P00034,2023-07-31,4,Damaged in Transit,Refund,94.72
RT0011143,O00066569,P00063,2024-06-15,1,Customer Changed Mind,Credit Memo,66.18
RT0011144,O00028390,P00298,2025-12-26,2,Customer Changed Mind,Credit Memo,31.01
RT0011145,O00047682,P00013,2025-10-14,1,Quality Issue,Replacement,29.05
RT0011146,O00061889,P00002,2023-05-17,3,Quality Issue,Credit Memo,180.82
RT0011147,O00000114,P00281,2024-07-13,2,Late Delivery,Replacement,88.89
RT0011148,O00013640,P00254,2023-06-12,5,Late Delivery,Refund,956.34
RT0011149,O00078192,P00107,2024-12-12,1,Late Delivery,Credit Memo,46.0
RT0011150,O00063143,P01360,2023-09-01,9,Customer Changed Mind,Replacement,698.49
RT0011151,O00084647,P01529,2023-05-03,4,Quality Issue,Credit Memo,112.93
RT0011152,O00052426,P00080,2023-02-21,1,Wrong Product,Refund,22.84
RT0011153,O00050216,P01371,2025-06-30,4,Late Delivery,Credit Memo,89.94
RT0011154,O00006129,P00005,2023-07-11,1,Customer Changed Mind,Credit Memo,44.91
RT0011155,O00050889,P01122,2024-10-20,1,Late Delivery,Replacement,12.69
RT0011156,O00096978,P02243,2026-01-01,3,Damaged in Transit,Refund,122.37
RT0011157,O00069347,P02655,2023-04-27,2,Wrong Product,Refund,151.32
RT0011158,O00017674,P00833,2024-09-23,1,Excess Quantity,Credit Memo,68.09
RT0011159,O00056278,P00437,2025-10-26,6,Customer Changed Mind,Refund,558.84
RT0011160,O00054344,P02864,2023-05-25,3,Customer Changed Mind,Credit Memo,27.1
RT0011161,O00014439,P00850,2023-06-18,10,Damaged in Transit,Refund,122.51
RT0011162,O00077053,P01281,2024-11-14,2,Quality Issue,Refund,95.31
RT0011163,O00036650,P01641,2024-05-13,1,Late Delivery,Refund,138.3
RT0011164,O00098547,P01196,2024-11-05,5,Damaged in Transit,Replacement,55.82
RT0011165,O00026086,P02559,2023-07-05,3,Customer Changed Mind,Credit Memo,172.95
RT0011166,O00089005,P02120,2024-09-08,4,Customer Changed Mind,Credit Memo,126.84
RT0011167,O00063424,P00120,2024-11-25,1,Damaged in Transit,Refund,14.86
RT0011168,O00032489,P00101,2023-05-05,3,Customer Changed Mind,Refund,116.79
RT0011169,O00096194,P00057,2023-12-02,2,Damaged in Transit,Credit Memo,46.11
RT0011170,O00045201,P00923,2023-10-19,8,Customer Changed Mind,Credit Memo,97.0
RT0011171,O00003330,P00850,2024-03-02,2,Damaged in Transit,Refund,25.16
RT0011172,O00030431,P00036,2024-03-30,2,Wrong Product,Refund,30.69
RT0011173,O00019590,P01280,2023-10-03,1,Customer Changed Mind,Refund,113.08
RT0011174,O00027933,P00221,2024-02-27,1,Late Delivery,Replacement,36.05
RT0011175,O00008462,P02334,2023-09-04,1,Quality Issue,Refund,103.37
RT0011176,O00040038,P01133,2023-09-14,2,Quality Issue,Credit Memo,89.68
RT0011177,O00029294,P01255,2025-12-24,1,Wrong Product,Credit Memo,78.04
RT0011178,O00095626,P00991,2024-08-10,2,Excess Quantity,Credit Memo,96.21
RT0011179,O00062461,P00781,2025-01-02,1,Customer Changed Mind,Replacement,35.59
RT0011180,O00082266,P00790,2023-06-11,2,Damaged in Transit,Refund,15.92
RT0011181,O00066488,P00015,2023-09-10,5,Customer Changed Mind,Refund,240.49
RT0011182,O00031986,P02103,2024-09-12,3,Damaged in Transit,Credit Memo,378.09
RT0011183,O00016592,P00841,2023-10-19,1,Late Delivery,Replacement,11.83
RT0011184,O00008303,P00247,2025-03-09,1,Excess Quantity,Credit Memo,27.92
RT0011185,O00095169,P00085,2023-12-14,1,Quality Issue,Credit Memo,29.72
RT0011186,O00027207,P00565,2025-06-19,2,Damaged in Transit,Credit Memo,78.57
RT0011187,O00015290,P00531,2024-05-09,6,Wrong Product,Credit Memo,162.92
RT0011188,O00006595,P00813,2025-04-09,3,Excess Quantity,Credit Memo,142.89
RT0011189,O00006158,P00507,2025-08-20,1,Damaged in Transit,Refund,27.38
RT0011190,O00034980,P01611,2023-05-02,1,Wrong Product,Refund,120.23
RT0011191,O00062330,P00028,2025-12-01,4,Customer Changed Mind,Replacement,112.75
RT0011192,O00092027,P00909,2023-05-26,4,Quality Issue,Replacement,217.49
RT0011193,O00029664,P00665,2024-07-10,6,Customer Changed Mind,Credit Memo,174.43
RT0011194,O00082931,P00059,2025-06-24,3,Damaged in Transit,Refund,162.39
RT0011195,O00008187,P01383,2024-11-07,5,Quality Issue,Replacement,169.07
RT0011196,O00090996,P02342,2023-09-22,2,Quality Issue,Credit Memo,41.58
RT0011197,O00078636,P01786,2024-10-27,7,Wrong Product,Credit Memo,401.73
RT0011198,O00039278,P02109,2026-02-02,1,Customer Changed Mind,Replacement,88.79
RT0011199,O00034387,P00607,2023-10-27,3,Quality Issue,Credit Memo,110.35
RT0011200,O00094941,P01323,2024-07-07,4,Quality Issue,Refund,397.1
RT0011201,O00066932,P00188,2025-02-11,2,Late Delivery,Replacement,112.84
RT0011202,O00088918,P00006,2025-12-11,2,Damaged in Transit,Replacement,152.78
RT0011203,O00064937,P00005,2023-09-22,7,Quality Issue,Replacement,326.19
RT0011204,O00099874,P00341,2023-03-14,2,Damaged in Transit,Credit Memo,129.32
RT0011205,O00045274,P00754,2023-07-17,1,Damaged in Transit,Credit Memo,10.79
RT0011206,O00090685,P00683,2025-04-30,2,Quality Issue,Credit Memo,62.24
RT0011207,O00051394,P00909,2024-09-22,1,Late Delivery,Replacement,51.34
RT0011208,O00087804,P00015,2025-02-17,11,Damaged in Transit,Replacement,511.33
RT0011209,O00005343,P00016,2025-08-31,2,Wrong Product,Credit Memo,286.98
RT0011210,O00008619,P00398,2023-09-09,2,Wrong Product,Credit Memo,16.54
RT0011211,O00039342,P00133,2025-02-08,7,Quality Issue,Refund,490.53
RT0011212,O00065529,P01573,2023-07-16,3,Late Delivery,Credit Memo,88.41
RT0011213,O00009050,P00336,2024-10-12,2,Damaged in Transit,Refund,119.32
RT0011214,O00022641,P02004,2023-09-10,4,Damaged in Transit,Credit Memo,97.55
RT0011215,O00074326,P00154,2024-08-26,11,Damaged in Transit,Replacement,392.26
RT0011216,O00074014,P02133,2024-07-30,2,Late Delivery,Refund,45.6
RT0011217,O00034353,P00492,2024-10-23,4,Damaged in Transit,Refund,188.2
RT0011218,O00013461,P02768,2024-09-19,2,Late Delivery,Refund,85.88
RT0011219,O00016547,P02984,2025-02-27,1,Excess Quantity,Credit Memo,25.59
RT0011220,O00021966,P00145,2023-07-28,1,Quality Issue,Credit Memo,26.46
RT0011221,O00040727,P00001,2025-12-10,2,Excess Quantity,Credit Memo,82.7
RT0011222,O00096980,P00368,2025-04-27,4,Damaged in Transit,Refund,210.53
RT0011223,O00089565,P00017,2024-06-12,3,Damaged in Transit,Refund,73.68
RT0011224,O00072662,P00406,2025-07-20,3,Wrong Product,Refund,93.15
RT0011225,O00001013,P01670,2025-12-04,2,Damaged in Transit,Refund,45.98
RT0011226,O00010549,P02002,2023-08-08,3,Wrong Product,Refund,145.61
RT0011227,O00095908,P00392,2024-09-14,2,Damaged in Transit,Refund,253.1
RT0011228,O00023625,P00241,2023-12-27,1,Late Delivery,Refund,43.61
RT0011229,O00022281,P00083,2023-07-03,1,Damaged in Transit,Credit Memo,60.05
RT0011230,O00069777,P02084,2025-06-09,2,Quality Issue,Refund,26.96
RT0011231,O00014067,P00150,2025-03-29,1,Wrong Product,Credit Memo,12.98
RT0011232,O00087246,P01690,2024-04-19,3,Wrong Product,Refund,49.25
RT0011233,O00091686,P01133,2025-06-22,17,Damaged in Transit,Refund,830.96
RT0011234,O00080231,P00101,2023-08-29,1,Wrong Product,Credit Memo,41.66
RT0011235,O00009664,P00247,2023-04-26,3,Damaged in Transit,Credit Memo,94.47
RT0011236,O00065057,P01295,2024-12-03,1,Quality Issue,Credit Memo,43.08
RT0011237,O00046353,P00332,2025-08-12,3,Customer Changed Mind,Credit Memo,69.61
RT0011238,O00012610,P00326,2023-05-24,2,Late Delivery,Replacement,319.35
RT0011239,O00057958,P00002,2024-07-24,2,Customer Changed Mind,Credit Memo,137.14
RT0011240,O00019657,P00827,2025-02-18,3,Wrong Product,Replacement,159.14
RT0011241,O00027807,P01395,2024-09-04,5,Quality Issue,Refund,106.38
RT0011242,O00032320,P00692,2024-02-07,1,Damaged in Transit,Replacement,42.16
RT0011243,O00068524,P00003,2024-09-01,1,Damaged in Transit,Credit Memo,8.94
RT0011244,O00000934,P00854,2023-07-16,2,Damaged in Transit,Credit Memo,59.31
RT0011245,O00098606,P00003,2023-03-22,2,Late Delivery,Replacement,17.74
RT0011246,O00069022,P00004,2024-11-09,6,Quality Issue,Refund,243.8
RT0011247,O00086894,P02485,2025-08-13,1,Quality Issue,Replacement,38.77
RT0011248,O00073118,P00587,2025-05-17,4,Damaged in Transit,Replacement,188.92
RT0011249,O00020684,P00041,2023-06-03,2,Damaged in Transit,Replacement,112.87
RT0011250,O00050812,P00610,2024-06-11,1,Late Delivery,Replacement,17.99
RT0011251,O00054502,P00217,2025-01-28,1,Customer Changed Mind,Replacement,36.77
RT0011252,O00002805,P01724,2023-08-03,2,Customer Changed Mind,Credit Memo,48.18
RT0011253,O00014927,P00030,2023-05-23,4,Customer Changed Mind,Refund,102.55
RT0011254,O00094910,P00114,2024-10-26,1,Wrong Product,Refund,186.76
RT0011255,O00010931,P01532,2024-09-03,1,Customer Changed Mind,Refund,242.29
RT0011256,O00099336,P00091,2023-05-20,4,Quality Issue,Refund,421.52
RT0011257,O00079336,P01491,2024-01-13,2,Quality Issue,Credit Memo,61.3
RT0011258,O00073993,P00838,2025-03-19,1,Customer Changed Mind,Replacement,31.05
RT0011259,O00005950,P00001,2024-07-10,1,Customer Changed Mind,Replacement,35.83
RT0011260,O00069540,P00019,2024-11-29,3,Quality Issue,Credit Memo,116.75
RT0011261,O00003700,P00035,2023-08-29,10,Damaged in Transit,Replacement,644.86
RT0011262,O00016101,P01499,2023-10-09,10,Customer Changed Mind,Refund,160.5
RT0011263,O00054397,P00016,2023-05-12,2,Customer Changed Mind,Replacement,268.26
RT0011264,O00054303,P02271,2023-07-09,2,Wrong Product,Credit Memo,196.35
RT0011265,O00036915,P00489,2024-09-01,5,Excess Quantity,Refund,330.66
RT0011266,O00035716,P00627,2025-05-29,2,Damaged in Transit,Refund,43.94
RT0011267,O00061889,P00094,2023-05-29,4,Damaged in Transit,Refund,150.43
RT0011268,O00042787,P00468,2026-01-23,5,Excess Quantity,Refund,246.0
RT0011269,O00046887,P00133,2023-07-21,1,Damaged in Transit,Replacement,74.59
RT0011270,O00074069,P01019,2025-09-05,1,Excess Quantity,Credit Memo,22.18
RT0011271,O00085838,P02003,2024-08-24,2,Excess Quantity,Credit Memo,201.42
RT0011272,O00070417,P01227,2024-10-08,3,Excess Quantity,Replacement,189.12
RT0011273,O00027285,P00024,2023-07-16,3,Quality Issue,Replacement,192.65
RT0011274,O00066877,P02033,2024-09-01,2,Quality Issue,Credit Memo,120.61
RT0011275,O00038520,P00991,2023-11-01,1,Quality Issue,Refund,37.6
RT0011276,O00011027,P00048,2025-05-15,5,Quality Issue,Replacement,85.6
RT0011277,O00004492,P00037,2025-11-22,1,Customer Changed Mind,Refund,17.68
RT0011278,O00075436,P02408,2025-07-30,1,Late Delivery,Credit Memo,51.88
RT0011279,O00023604,P01884,2025-12-01,1,Late Delivery,Credit Memo,81.19
RT0011280,O00033986,P01075,2023-09-24,1,Excess Quantity,Replacement,24.88
RT0011281,O00075351,P00002,2024-07-08,1,Late Delivery,Credit Memo,73.33
RT0011282,O00005903,P00102,2024-04-21,1,Late Delivery,Refund,58.32
RT0011283,O00011382,P00934,2025-11-20,3,Customer Changed Mind,Credit Memo,94.75
RT0011284,O00097542,P00049,2023-11-04,2,Wrong Product,Refund,27.41
RT0011285,O00010318,P02740,2023-07-23,2,Damaged in Transit,Refund,121.41
RT0011286,O00022339,P00175,2023-07-10,2,Customer Changed Mind,Credit Memo,26.38
RT0011287,O00032021,P00004,2024-09-10,2,Damaged in Transit,Credit Memo,77.77
RT0011288,O00031163,P00090,2025-06-14,7,Quality Issue,Refund,224.59
RT0011289,O00028659,P00064,2025-09-03,1,Wrong Product,Replacement,91.44
RT0011290,O00076264,P00003,2023-10-08,1,Quality Issue,Refund,8.3
RT0011291,O00041415,P00008,2026-01-13,1,Quality Issue,Credit Memo,62.09
RT0011292,O00069339,P00800,2025-05-28,3,Customer Changed Mind,Refund,287.57
RT0011293,O00081496,P00522,2023-07-24,1,Customer Changed Mind,Refund,77.36
RT0011294,O00066760,P02307,2025-06-08,1,Late Delivery,Refund,31.67
RT0011295,O00055696,P00461,2025-09-22,2,Damaged in Transit,Refund,54.38
RT0011296,O00066650,P00551,2025-09-10,4,Quality Issue,Credit Memo,333.41
RT0011297,O00000234,P01710,2023-12-04,7,Customer Changed Mind,Credit Memo,231.88
RT0011298,O00043801,P00001,2023-05-20,3,Customer Changed Mind,Replacement,118.98
RT0011299,O00097721,P00073,2024-10-22,3,Wrong Product,Replacement,71.83
RT0011300,O00010395,P00201,2023-06-10,15,Late Delivery,Refund,420.0
RT0011301,O00071734,P01183,2025-10-06,1,Late Delivery,Refund,310.95
RT0011302,O00062648,P00039,2024-05-01,6,Quality Issue,Credit Memo,233.16
RT0011303,O00008892,P00486,2025-08-13,2,Customer Changed Mind,Refund,64.49
RT0011304,O00059515,P00038,2024-07-16,1,Wrong Product,Credit Memo,46.57
RT0011305,O00057399,P00570,2025-06-09,3,Quality Issue,Credit Memo,101.27
RT0011306,O00062595,P00006,2023-12-02,1,Damaged in Transit,Replacement,57.24
RT0011307,O00053612,P00224,2023-10-26,2,Quality Issue,Replacement,146.06
RT0011308,O00062091,P01428,2024-06-21,5,Customer Changed Mind,Refund,128.16
RT0011309,O00012934,P02153,2023-05-27,1,Wrong Product,Credit Memo,35.48
RT0011310,O00088995,P02461,2025-12-23,4,Excess Quantity,Refund,144.68
RT0011311,O00026484,P00068,2025-08-04,3,Customer Changed Mind,Replacement,50.41
RT0011312,O00087700,P00546,2024-04-14,4,Quality Issue,Refund,92.99
RT0011313,O00039358,P02222,2025-12-18,2,Wrong Product,Credit Memo,64.07
RT0011314,O00016127,P00081,2023-10-10,6,Late Delivery,Replacement,117.91
RT0011315,O00036934,P00420,2023-11-25,3,Quality Issue,Refund,328.78
RT0011316,O00049269,P00253,2023-05-10,4,Quality Issue,Refund,22.61
RT0011317,O00042047,P00333,2023-09-26,1,Quality Issue,Credit Memo,36.64
RT0011318,O00021256,P00195,2024-07-28,5,Quality Issue,Credit Memo,269.22
RT0011319,O00038439,P00757,2024-03-07,6,Damaged in Transit,Replacement,425.94
RT0011320,O00011050,P00680,2023-07-27,1,Wrong Product,Credit Memo,23.35
RT0011321,O00063174,P02805,2025-01-26,1,Wrong Product,Replacement,50.2
RT0011322,O00090031,P02427,2024-06-02,3,Customer Changed Mind,Refund,625.75
RT0011323,O00011469,P01392,2024-10-25,6,Damaged in Transit,Credit Memo,420.94
RT0011324,O00066290,P02505,2025-10-31,1,Quality Issue,Replacement,27.84
RT0011325,O00033357,P00320,2024-04-01,1,Damaged in Transit,Replacement,46.91
RT0011326,O00011286,P00052,2023-09-12,1,Damaged in Transit,Replacement,27.25
RT0011327,O00071786,P02268,2026-01-17,1,Wrong Product,Refund,46.7
RT0011328,O00073537,P01278,2024-09-17,2,Damaged in Transit,Refund,83.83
RT0011329,O00051123,P00330,2023-05-02,2,Excess Quantity,Credit Memo,135.64
RT0011330,O00099181,P02576,2025-02-24,5,Excess Quantity,Refund,543.4
RT0011331,O00067448,P00728,2025-04-24,3,Customer Changed Mind,Credit Memo,319.98
RT0011332,O00047580,P00319,2024-05-27,4,Quality Issue,Replacement,176.51
RT0011333,O00082736,P00309,2024-01-12,9,Excess Quantity,Refund,531.72
RT0011334,O00048977,P00069,2024-07-06,2,Wrong Product,Replacement,89.62
RT0011335,O00007723,P02119,2025-07-24,3,Quality Issue,Credit Memo,130.36
RT0011336,O00056819,P00010,2024-08-11,6,Quality Issue,Replacement,453.84
RT0011337,O00059349,P00484,2024-10-14,2,Damaged in Transit,Credit Memo,50.27
RT0011338,O00020629,P00043,2023-12-05,7,Customer Changed Mind,Credit Memo,100.28
RT0011339,O00089111,P00007,2023-10-12,4,Damaged in Transit,Replacement,124.96
RT0011340,O00096056,P00666,2025-02-05,1,Quality Issue,Replacement,10.73
RT0011341,O00072679,P00337,2025-04-11,2,Quality Issue,Replacement,55.42
RT0011342,O00008928,P00259,2023-08-13,2,Late Delivery,Credit Memo,128.23
RT0011343,O00063796,P00361,2023-08-18,3,Late Delivery,Replacement,81.34
RT0011344,O00038659,P00002,2024-06-19,5,Quality Issue,Credit Memo,334.49
RT0011345,O00095514,P00006,2025-09-29,2,Excess Quantity,Refund,141.55
RT0011346,O00061623,P01639,2023-12-24,1,Damaged in Transit,Refund,79.53
RT0011347,O00023439,P00076,2025-08-31,5,Wrong Product,Refund,158.9
RT0011348,O00096798,P00001,2025-03-27,6,Wrong Product,Credit Memo,226.63
RT0011349,O00086585,P01926,2023-08-14,1,Excess Quantity,Credit Memo,46.18
RT0011350,O00042243,P00930,2024-06-18,2,Wrong Product,Refund,91.27
RT0011351,O00019858,P01251,2023-06-17,1,Quality Issue,Credit Memo,56.06
RT0011352,O00035576,P02109,2024-08-23,4,Damaged in Transit,Replacement,358.32
RT0011353,O00048001,P02156,2024-06-02,2,Wrong Product,Refund,87.42
RT0011354,O00000694,P00063,2026-01-07,1,Customer Changed Mind,Credit Memo,71.07
RT0011355,O00021666,P00010,2025-01-26,10,Customer Changed Mind,Replacement,690.4
RT0011356,O00048607,P00013,2024-09-28,5,Damaged in Transit,Replacement,143.4
RT0011357,O00048244,P00478,2025-07-06,1,Customer Changed Mind,Refund,27.11
RT0011358,O00068293,P01206,2024-07-28,2,Damaged in Transit,Refund,39.84
RT0011359,O00074915,P01747,2024-07-15,1,Late Delivery,Credit Memo,30.68
RT0011360,O00068638,P01418,2024-09-01,3,Customer Changed Mind,Credit Memo,129.97
RT0011361,O00063964,P00001,2024-02-18,4,Quality Issue,Refund,162.12
RT0011362,O00078452,P00148,2024-07-22,4,Late Delivery,Credit Memo,120.35
RT0011363,O00099565,P01312,2025-12-18,4,Excess Quantity,Refund,404.1
RT0011364,O00053758,P00269,2023-06-12,1,Damaged in Transit,Refund,32.08
RT0011365,O00099809,P00019,2024-05-03,1,Late Delivery,Refund,41.11
RT0011366,O00017483,P00767,2023-05-29,2,Wrong Product,Credit Memo,118.7
RT0011367,O00094972,P01484,2025-05-30,8,Damaged in Transit,Replacement,876.8
RT0011368,O00053504,P00110,2024-04-08,3,Customer Changed Mind,Credit Memo,85.67
RT0011369,O00062916,P00459,2024-12-15,2,Wrong Product,Replacement,266.52
RT0011370,O00063376,P00036,2023-10-09,1,Wrong Product,Refund,15.67
RT0011371,O00060944,P00899,2023-10-25,1,Damaged in Transit,Credit Memo,26.02
RT0011372,O00028966,P00296,2024-10-22,2,Quality Issue,Replacement,29.18
RT0011373,O00072629,P00962,2023-08-13,3,Late Delivery,Replacement,22.8
RT0011374,O00074701,P00571,2024-12-20,1,Late Delivery,Credit Memo,143.93
RT0011375,O00031100,P00012,2023-10-27,4,Quality Issue,Credit Memo,471.73
RT0011376,O00066360,P02687,2025-08-23,1,Excess Quantity,Refund,48.12
RT0011377,O00020717,P00138,2025-09-20,3,Customer Changed Mind,Replacement,346.05
RT0011378,O00009283,P01118,2025-04-27,5,Damaged in Transit,Refund,80.61
RT0011379,O00093548,P00004,2025-10-24,3,Quality Issue,Credit Memo,103.7
RT0011380,O00017607,P01400,2023-08-19,7,Excess Quantity,Credit Memo,317.54
RT0011381,O00054427,P00989,2025-06-07,1,Quality Issue,Credit Memo,12.96
RT0011382,O00091404,P00002,2023-05-11,1,Damaged in Transit,Replacement,76.15
RT0011383,O00020355,P02745,2024-10-24,7,Customer Changed Mind,Refund,124.22
RT0011384,O00089902,P02189,2024-10-09,12,Damaged in Transit,Replacement,194.73
RT0011385,O00033664,P00782,2025-09-01,2,Customer Changed Mind,Refund,35.97
RT0011386,O00022823,P00078,2025-01-08,6,Late Delivery,Credit Memo,217.03
RT0011387,O00026935,P02565,2023-09-27,2,Excess Quantity,Replacement,82.78
RT0011388,O00035189,P00074,2024-11-28,1,Quality Issue,Replacement,21.5
RT0011389,O00099262,P01035,2025-05-07,2,Quality Issue,Refund,101.56
RT0011390,O00025525,P00692,2025-10-08,11,Damaged in Transit,Refund,469.92
RT0011391,O00058314,P00132,2023-06-10,1,Customer Changed Mind,Credit Memo,51.12
RT0011392,O00065714,P00540,2024-06-26,2,Damaged in Transit,Replacement,48.14
RT0011393,O00067130,P00052,2023-07-04,1,Damaged in Transit,Credit Memo,28.08
RT0011394,O00038433,P00913,2024-11-27,7,Customer Changed Mind,Replacement,138.88
RT0011395,O00025436,P01511,2023-02-19,1,Excess Quantity,Replacement,17.61
RT0011396,O00078433,P01317,2025-10-28,3,Late Delivery,Replacement,100.24
RT0011397,O00099039,P02628,2025-10-03,1,Excess Quantity,Credit Memo,74.0
RT0011398,O00062107,P00940,2024-07-29,1,Quality Issue,Credit Memo,99.7
RT0011399,O00061705,P02642,2023-06-02,9,Excess Quantity,Replacement,170.93
RT0011400,O00058923,P01285,2023-09-20,10,Late Delivery,Replacement,89.84
RT0011401,O00048973,P00150,2024-08-01,2,Late Delivery,Refund,19.26
RT0011402,O00004737,P00023,2025-08-24,3,Damaged in Transit,Refund,118.19
RT0011403,O00087327,P00224,2024-08-13,5,Damaged in Transit,Refund,440.8
RT0011404,O00099079,P00101,2024-10-01,1,Late Delivery,Refund,40.58
RT0011405,O00005606,P01103,2025-08-08,2,Quality Issue,Refund,166.04
RT0011406,O00022087,P02728,2025-12-05,2,Damaged in Transit,Replacement,42.42
RT0011407,O00045703,P01892,2023-09-30,8,Wrong Product,Replacement,131.69
RT0011408,O00083018,P00311,2025-12-08,6,Damaged in Transit,Refund,184.67
RT0011409,O00012726,P01295,2024-05-02,5,Excess Quantity,Replacement,201.54
RT0011410,O00073806,P01026,2025-06-11,5,Damaged in Transit,Refund,319.35
RT0011411,O00094018,P02525,2024-11-05,1,Wrong Product,Refund,32.25
RT0011412,O00070324,P00852,2025-07-12,1,Damaged in Transit,Refund,37.37
RT0011413,O00073902,P00717,2023-07-24,1,Quality Issue,Replacement,22.28
RT0011414,O00077951,P00139,2025-04-27,2,Customer Changed Mind,Replacement,41.98
RT0011415,O00077612,P00052,2024-11-06,1,Quality Issue,Refund,25.81
RT0011416,O00099826,P01039,2024-06-18,3,Excess Quantity,Refund,133.8
RT0011417,O00050451,P00122,2025-08-22,9,Damaged in Transit,Replacement,90.9
RT0011418,O00062149,P00006,2024-06-07,1,Damaged in Transit,Replacement,72.26
RT0011419,O00039880,P00040,2025-08-25,1,Late Delivery,Refund,63.5
RT0011420,O00097352,P00006,2024-04-02,3,Excess Quantity,Replacement,204.06
RT0011421,O00011276,P00580,2024-10-01,1,Excess Quantity,Refund,5.56
RT0011422,O00003251,P01879,2025-01-26,1,Damaged in Transit,Credit Memo,27.47
RT0011423,O00005424,P02876,2024-07-08,6,Late Delivery,Replacement,271.4
RT0011424,O00030751,P01174,2024-02-22,1,Quality Issue,Credit Memo,26.33
RT0011425,O00047521,P00006,2025-09-10,2,Quality Issue,Credit Memo,129.61
RT0011426,O00000228,P00036,2026-01-10,3,Quality Issue,Credit Memo,54.39
RT0011427,O00071069,P00933,2025-07-04,8,Customer Changed Mind,Credit Memo,463.28
RT0011428,O00044319,P00019,2025-03-29,5,Customer Changed Mind,Refund,203.5
RT0011429,O00083655,P00892,2023-08-21,2,Quality Issue,Refund,16.16
RT0011430,O00015335,P00535,2023-06-05,3,Wrong Product,Refund,283.08
RT0011431,O00039197,P00644,2024-06-27,3,Quality Issue,Credit Memo,47.17
RT0011432,O00084821,P02548,2024-01-29,5,Quality Issue,Refund,288.85
RT0011433,O00087763,P02637,2023-08-31,3,Damaged in Transit,Credit Memo,68.3
RT0011434,O00038822,P00047,2023-10-15,1,Customer Changed Mind,Replacement,23.86
RT0011435,O00080580,P00887,2024-03-11,5,Damaged in Transit,Refund,67.94
RT0011436,O00088661,P00007,2025-09-05,1,Excess Quantity,Refund,31.43
RT0011437,O00092664,P00066,2024-06-28,1,Wrong Product,Refund,25.49
RT0011438,O00018287,P00353,2023-07-27,3,Late Delivery,Replacement,216.92
RT0011439,O00081017,P00717,2023-08-21,1,Excess Quantity,Replacement,20.09
RT0011440,O00027637,P00005,2024-03-10,2,Quality Issue,Replacement,95.17
RT0011441,O00087408,P00062,2024-10-05,1,Damaged in Transit,Refund,45.19
RT0011442,O00018254,P00009,2025-06-17,1,Customer Changed Mind,Credit Memo,51.24
RT0011443,O00023853,P00040,2024-11-07,9,Customer Changed Mind,Refund,577.71
RT0011444,O00014564,P00017,2025-10-30,3,Quality Issue,Credit Memo,71.46
RT0011445,O00071873,P00405,2023-07-23,7,Damaged in Transit,Credit Memo,205.59
RT0011446,O00040658,P00441,2023-09-02,2,Wrong Product,Refund,85.9
RT0011447,O00071847,P01019,2024-10-16,5,Damaged in Transit,Replacement,106.26
RT0011448,O00086080,P00037,2024-03-23,2,Late Delivery,Credit Memo,39.46
RT0011449,O00072735,P00825,2025-04-10,5,Customer Changed Mind,Refund,182.39
RT0011450,O00062365,P00481,2024-01-08,8,Excess Quantity,Credit Memo,953.08
RT0011451,O00019078,P01969,2023-11-21,1,Quality Issue,Credit Memo,80.67
RT0011452,O00038724,P00144,2023-04-29,6,Late Delivery,Replacement,250.74
RT0011453,O00069119,P00378,2024-10-23,1,Damaged in Transit,Credit Memo,161.91
RT0011454,O00004641,P00009,2025-09-05,5,Damaged in Transit,Replacement,242.3
RT0011455,O00063932,P00229,2024-10-28,15,Wrong Product,Credit Memo,1040.33
RT0011456,O00000116,P01145,2025-09-27,4,Damaged in Transit,Refund,261.06
RT0011457,O00004798,P01617,2024-06-18,1,Wrong Product,Refund,14.46
RT0011458,O00044438,P00065,2024-08-15,2,Damaged in Transit,Credit Memo,51.32
RT0011459,O00034291,P01597,2025-12-27,14,Customer Changed Mind,Credit Memo,511.78
RT0011460,O00098538,P00020,2024-08-12,4,Wrong Product,Refund,105.07
RT0011461,O00064419,P01677,2025-02-09,4,Late Delivery,Credit Memo,342.52
RT0011462,O00089812,P00353,2025-08-25,5,Wrong Product,Credit Memo,418.7
RT0011463,O00057760,P02409,2023-08-06,7,Customer Changed Mind,Credit Memo,1307.96
RT0011464,O00002043,P00033,2024-06-16,3,Quality Issue,Credit Memo,176.16
RT0011465,O00013735,P00736,2025-01-16,2,Damaged in Transit,Replacement,91.89
RT0011466,O00048141,P00213,2024-01-30,5,Damaged in Transit,Credit Memo,133.45
RT0011467,O00022997,P00023,2025-07-26,4,Customer Changed Mind,Credit Memo,172.19
RT0011468,O00046796,P01380,2024-11-22,7,Wrong Product,Refund,458.32
RT0011469,O00089418,P02696,2025-06-16,2,Wrong Product,Refund,210.98
RT0011470,O00042345,P02704,2024-05-27,2,Quality Issue,Refund,23.98
RT0011471,O00037570,P02437,2024-04-08,1,Wrong Product,Refund,15.77
RT0011472,O00025716,P00023,2023-05-20,6,Customer Changed Mind,Credit Memo,245.14
RT0011473,O00019418,P01297,2023-12-06,4,Excess Quantity,Credit Memo,233.47
RT0011474,O00087913,P00305,2024-09-18,3,Customer Changed Mind,Credit Memo,31.3
RT0011475,O00055652,P00078,2023-07-12,2,Customer Changed Mind,Refund,66.87
RT0011476,O00045138,P02558,2025-05-12,1,Excess Quantity,Refund,138.19
RT0011477,O00059401,P01281,2023-11-20,4,Wrong Product,Replacement,185.0
RT0011478,O00099503,P00001,2024-10-06,2,Customer Changed Mind,Refund,72.27
RT0011479,O00029684,P00028,2024-04-24,2,Quality Issue,Refund,50.25
RT0011480,O00060745,P00339,2025-12-20,3,Quality Issue,Replacement,807.72
RT0011481,O00007007,P00692,2025-06-20,5,Excess Quantity,Replacement,195.84
RT0011482,O00089467,P00003,2024-04-15,8,Late Delivery,Replacement,81.01
RT0011483,O00000050,P00243,2023-03-16,1,Customer Changed Mind,Replacement,35.02
RT0011484,O00050871,P00005,2023-10-01,2,Quality Issue,Replacement,95.46
RT0011485,O00019252,P01298,2024-04-25,4,Quality Issue,Replacement,56.78
RT0011486,O00067409,P00496,2025-11-24,11,Damaged in Transit,Refund,799.71
RT0011487,O00014027,P00343,2025-11-18,1,Damaged in Transit,Refund,28.89
RT0011488,O00095549,P00834,2023-05-29,1,Quality Issue,Replacement,37.7
RT0011489,O00032382,P02661,2023-03-18,4,Late Delivery,Refund,266.19
RT0011490,O00069765,P00258,2025-10-24,5,Damaged in Transit,Refund,429.3
RT0011491,O00090462,P00001,2025-05-25,1,Quality Issue,Credit Memo,45.48
RT0011492,O00057593,P00185,2024-02-21,3,Quality Issue,Refund,116.0
RT0011493,O00043308,P00003,2025-11-24,5,Wrong Product,Credit Memo,48.78
RT0011494,O00043339,P00458,2024-10-02,1,Customer Changed Mind,Credit Memo,69.77
RT0011495,O00054716,P01873,2025-09-15,4,Damaged in Transit,Replacement,1235.42
RT0011496,O00028303,P00859,2024-04-25,1,Wrong Product,Replacement,20.19
RT0011497,O00001202,P00397,2024-01-18,1,Wrong Product,Refund,61.11
RT0011498,O00099344,P00043,2025-11-16,1,Late Delivery,Credit Memo,15.36
RT0011499,O00081275,P01052,2025-03-13,5,Quality Issue,Replacement,130.69
RT0011500,O00039731,P00017,2023-10-15,2,Wrong Product,Refund,49.59
RT0011501,O00012540,P00232,2025-10-02,5,Damaged in Transit,Refund,60.8
RT0011502,O00046474,P00077,2025-01-07,1,Customer Changed Mind,Refund,12.39
RT0011503,O00061924,P02551,2023-08-08,3,Customer Changed Mind,Credit Memo,74.04
RT0011504,O00028733,P00589,2025-03-12,3,Quality Issue,Credit Memo,67.03
RT0011505,O00027255,P01234,2023-03-29,2,Damaged in Transit,Replacement,43.92
RT0011506,O00084513,P00008,2025-10-08,1,Excess Quantity,Refund,66.74
RT0011507,O00062708,P00046,2023-09-18,1,Wrong Product,Refund,58.62
RT0011508,O00045455,P00111,2024-01-01,1,Quality Issue,Credit Memo,38.26
RT0011509,O00013800,P02357,2023-05-09,2,Late Delivery,Credit Memo,166.0
RT0011510,O00065350,P00365,2024-04-06,6,Damaged in Transit,Credit Memo,118.2
RT0011511,O00050991,P01026,2023-04-22,2,Late Delivery,Refund,120.06
RT0011512,O00036217,P00011,2024-05-25,2,Quality Issue,Refund,74.2
RT0011513,O00018573,P01459,2024-06-14,1,Wrong Product,Credit Memo,102.38
RT0011514,O00015908,P02982,2024-07-19,3,Excess Quantity,Credit Memo,431.69
RT0011515,O00090044,P00002,2024-02-18,1,Wrong Product,Credit Memo,76.93
RT0011516,O00004829,P00064,2024-05-23,3,Wrong Product,Credit Memo,339.6
RT0011517,O00036132,P00283,2024-10-02,1,Customer Changed Mind,Credit Memo,54.66
RT0011518,O00044133,P00128,2023-07-25,1,Excess Quantity,Credit Memo,36.38
RT0011519,O00021808,P00302,2025-08-15,2,Excess Quantity,Refund,234.28
RT0011520,O00019490,P00194,2025-04-17,2,Late Delivery,Credit Memo,108.12
RT0011521,O00014142,P01191,2025-08-29,1,Damaged in Transit,Credit Memo,26.07
RT0011522,O00004390,P00155,2023-08-22,1,Damaged in Transit,Credit Memo,63.05
RT0011523,O00035906,P00355,2025-12-10,5,Damaged in Transit,Credit Memo,202.88
RT0011524,O00016292,P02334,2024-02-04,3,Damaged in Transit,Credit Memo,346.64
RT0011525,O00065722,P00079,2025-02-03,3,Quality Issue,Refund,148.96
RT0011526,O00046421,P00433,2024-12-02,7,Excess Quantity,Replacement,172.63
RT0011527,O00048375,P00229,2023-11-27,1,Quality Issue,Replacement,63.28
RT0011528,O00023389,P00927,2023-08-13,3,Damaged in Transit,Replacement,78.34
RT0011529,O00090869,P00886,2023-06-08,2,Wrong Product,Refund,51.03
RT0011530,O00058124,P00125,2025-10-05,6,Damaged in Transit,Replacement,1710.6
RT0011531,O00079701,P00011,2024-03-13,4,Damaged in Transit,Refund,164.43
RT0011532,O00095986,P00065,2024-07-15,2,Excess Quantity,Refund,48.1
RT0011533,O00011941,P00010,2023-08-25,3,Quality Issue,Credit Memo,167.46
RT0011534,O00020872,P01173,2025-10-07,2,Excess Quantity,Replacement,119.89
RT0011535,O00037611,P00918,2025-02-06,2,Quality Issue,Refund,151.77
RT0011536,O00070252,P00684,2025-08-06,1,Customer Changed Mind,Credit Memo,18.84
RT0011537,O00095000,P00527,2025-12-30,3,Damaged in Transit,Refund,115.7
RT0011538,O00075807,P00543,2025-02-21,3,Damaged in Transit,Refund,161.94
RT0011539,O00052464,P00338,2025-05-02,6,Wrong Product,Credit Memo,443.82
RT0011540,O00010358,P01412,2023-06-16,1,Excess Quantity,Refund,69.16
RT0011541,O00015938,P00443,2025-07-22,1,Quality Issue,Replacement,22.16
RT0011542,O00089737,P02167,2025-07-30,1,Customer Changed Mind,Replacement,112.21
RT0011543,O00067250,P00083,2024-01-17,3,Quality Issue,Replacement,174.07
RT0011544,O00055870,P00268,2024-05-01,2,Damaged in Transit,Replacement,21.22
RT0011545,O00083948,P00081,2023-05-02,1,Quality Issue,Refund,20.88
RT0011546,O00034734,P00118,2025-03-13,5,Wrong Product,Credit Memo,114.0
RT0011547,O00026209,P00820,2025-08-25,11,Quality Issue,Credit Memo,513.3
RT0011548,O00000404,P00342,2025-04-06,1,Customer Changed Mind,Replacement,111.44
RT0011549,O00064565,P00001,2024-10-06,2,Damaged in Transit,Refund,79.25
RT0011550,O00097027,P01114,2023-02-21,4,Wrong Product,Replacement,150.06
RT0011551,O00059916,P00692,2024-11-21,1,Excess Quantity,Credit Memo,35.14
RT0011552,O00007764,P00099,2024-06-30,3,Quality Issue,Refund,160.6
RT0011553,O00086532,P02360,2023-12-01,2,Damaged in Transit,Replacement,74.35
RT0011554,O00079847,P00789,2024-05-21,1,Damaged in Transit,Credit Memo,33.61
RT0011555,O00042096,P01250,2024-12-06,7,Late Delivery,Credit Memo,230.18
RT0011556,O00080876,P00232,2025-05-10,3,Late Delivery,Credit Memo,27.35
RT0011557,O00033627,P01581,2023-07-22,3,Customer Changed Mind,Credit Memo,129.72
RT0011558,O00039235,P00265,2026-02-25,1,Quality Issue,Replacement,39.43
RT0011559,O00054878,P00830,2024-06-29,2,Quality Issue,Credit Memo,127.7
RT0011560,O00020969,P01221,2025-03-27,3,Excess Quantity,Credit Memo,138.31
RT0011561,O00088492,P01061,2023-02-13,1,Wrong Product,Credit Memo,47.83
RT0011562,O00096699,P00061,2024-02-27,2,Damaged in Transit,Refund,42.73
RT0011563,O00045407,P00190,2024-07-07,1,Late Delivery,Refund,91.45
RT0011564,O00077234,P02451,2025-05-30,1,Damaged in Transit,Replacement,8.57
RT0011565,O00088655,P00041,2024-02-17,4,Customer Changed Mind,Credit Memo,240.72
RT0011566,O00048452,P01268,2024-05-25,2,Customer Changed Mind,Credit Memo,64.78
RT0011567,O00062659,P00255,2025-02-13,4,Customer Changed Mind,Refund,100.87
RT0011568,O00039509,P00213,2025-07-14,2,Customer Changed Mind,Replacement,50.0
RT0011569,O00078932,P00007,2025-12-27,3,Wrong Product,Credit Memo,102.69
RT0011570,O00057933,P00546,2024-02-09,2,Quality Issue,Replacement,53.68
RT0011571,O00047381,P00071,2024-11-16,2,Excess Quantity,Credit Memo,107.67
RT0011572,O00096926,P00011,2023-10-05,3,Excess Quantity,Replacement,118.92
RT0011573,O00017063,P01808,2025-08-20,4,Quality Issue,Refund,51.41
RT0011574,O00077744,P01223,2023-09-15,2,Damaged in Transit,Replacement,133.62
RT0011575,O00087063,P01021,2025-08-09,1,Wrong Product,Credit Memo,60.62
RT0011576,O00089802,P01921,2023-07-29,5,Excess Quantity,Credit Memo,73.69
RT0011577,O00059248,P00719,2024-01-08,3,Quality Issue,Credit Memo,89.73
RT0011578,O00069798,P01981,2023-11-01,8,Late Delivery,Refund,629.66
RT0011579,O00052956,P00104,2023-09-28,1,Excess Quantity,Replacement,17.59
RT0011580,O00086441,P00011,2025-05-23,1,Customer Changed Mind,Refund,44.22
RT0011581,O00081235,P00040,2025-05-19,2,Customer Changed Mind,Replacement,115.01
RT0011582,O00028832,P00226,2024-07-10,6,Damaged in Transit,Replacement,153.31
RT0011583,O00059468,P00082,2025-02-13,3,Wrong Product,Replacement,512.15
RT0011584,O00070529,P02976,2024-05-02,1,Excess Quantity,Replacement,6.69
RT0011585,O00049397,P01194,2025-04-30,2,Damaged in Transit,Refund,19.68
RT0011586,O00060838,P00299,2023-07-08,1,Quality Issue,Credit Memo,22.62
RT0011587,O00091446,P00602,2024-07-08,2,Damaged in Transit,Credit Memo,78.61
RT0011588,O00083563,P01074,2025-11-15,1,Customer Changed Mind,Replacement,16.81
RT0011589,O00056019,P00426,2023-10-19,2,Late Delivery,Refund,60.33
RT0011590,O00033895,P00001,2025-11-25,2,Damaged in Transit,Replacement,74.0
RT0011591,O00081361,P00508,2025-12-23,1,Wrong Product,Replacement,23.31
RT0011592,O00010571,P00627,2023-07-27,1,Wrong Product,Replacement,23.26
RT0011593,O00062434,P00022,2023-08-10,2,Late Delivery,Replacement,48.26
RT0011594,O00095583,P01412,2025-04-15,2,Quality Issue,Replacement,139.99
RT0011595,O00057203,P01721,2023-11-18,3,Quality Issue,Replacement,474.6
RT0011596,O00043889,P00634,2024-07-21,1,Quality Issue,Refund,25.23
RT0011597,O00060009,P02652,2023-08-08,1,Excess Quantity,Credit Memo,95.39
RT0011598,O00095399,P00496,2024-05-24,2,Quality Issue,Refund,180.03
RT0011599,O00050739,P00780,2023-06-27,1,Quality Issue,Credit Memo,59.99
RT0011600,O00010980,P01377,2023-12-12,1,Excess Quantity,Credit Memo,9.5
RT0011601,O00000667,P00002,2023-11-21,1,Quality Issue,Replacement,75.42
RT0011602,O00007181,P01764,2024-10-13,2,Customer Changed Mind,Credit Memo,83.33
RT0011603,O00056740,P00245,2023-10-02,2,Damaged in Transit,Refund,34.15
RT0011604,O00063500,P00979,2023-11-17,8,Damaged in Transit,Credit Memo,547.73
RT0011605,O00063076,P00109,2024-09-12,5,Damaged in Transit,Replacement,366.4
RT0011606,O00047540,P00293,2024-08-09,1,Late Delivery,Credit Memo,48.72
RT0011607,O00088321,P02516,2023-08-18,5,Excess Quantity,Replacement,328.3
RT0011608,O00011808,P00085,2023-06-03,3,Wrong Product,Refund,99.74
RT0011609,O00021102,P01525,2023-09-04,6,Quality Issue,Credit Memo,501.14
RT0011610,O00019513,P01451,2024-06-16,9,Late Delivery,Refund,233.24
RT0011611,O00043625,P00684,2023-08-12,5,Excess Quantity,Refund,87.26
RT0011612,O00033242,P00017,2023-08-01,2,Wrong Product,Credit Memo,42.56
RT0011613,O00067447,P00003,2023-08-23,5,Damaged in Transit,Refund,45.55
RT0011614,O00075037,P01596,2023-06-16,3,Customer Changed Mind,Refund,42.66
RT0011615,O00099407,P00348,2025-08-09,2,Wrong Product,Credit Memo,38.15
RT0011616,O00064644,P02792,2026-01-08,7,Damaged in Transit,Refund,641.1
RT0011617,O00062591,P00626,2025-10-22,1,Customer Changed Mind,Credit Memo,86.74
RT0011618,O00098568,P00852,2024-10-20,4,Quality Issue,Credit Memo,159.38
RT0011619,O00048499,P01341,2023-07-26,4,Quality Issue,Credit Memo,375.72
RT0011620,O00002089,P00761,2024-11-05,6,Damaged in Transit,Refund,88.38
RT0011621,O00043020,P00068,2024-10-04,3,Damaged in Transit,Refund,52.71
RT0011622,O00029595,P00017,2025-01-25,3,Excess Quantity,Credit Memo,67.82
RT0011623,O00090103,P00228,2023-06-18,1,Damaged in Transit,Credit Memo,39.27
RT0011624,O00015288,P02978,2023-06-24,6,Wrong Product,Refund,211.32
RT0011625,O00052623,P00032,2025-07-27,3,Damaged in Transit,Refund,130.54
RT0011626,O00038257,P00411,2024-05-25,4,Wrong Product,Refund,82.04
RT0011627,O00091123,P00097,2024-01-04,2,Quality Issue,Replacement,49.23
RT0011628,O00080480,P02585,2025-01-28,6,Excess Quantity,Credit Memo,508.44
RT0011629,O00069954,P00417,2025-08-02,8,Quality Issue,Replacement,157.92
RT0011630,O00088698,P00329,2025-04-18,2,Quality Issue,Refund,45.58
RT0011631,O00012438,P00009,2023-10-02,3,Excess Quantity,Credit Memo,138.38
RT0011632,O00035417,P01394,2023-09-05,1,Customer Changed Mind,Replacement,45.96
RT0011633,O00065146,P00459,2025-08-25,4,Damaged in Transit,Replacement,410.04
RT0011634,O00067657,P01388,2025-09-06,3,Excess Quantity,Replacement,93.59
RT0011635,O00027679,P01497,2024-08-25,2,Quality Issue,Replacement,68.67
RT0011636,O00025209,P00004,2025-05-02,1,Excess Quantity,Credit Memo,38.91
RT0011637,O00058833,P02396,2025-07-16,4,Customer Changed Mind,Replacement,53.45
RT0011638,O00006807,P00179,2023-06-24,1,Damaged in Transit,Credit Memo,49.32
RT0011639,O00038065,P00188,2025-06-20,1,Customer Changed Mind,Replacement,60.43
RT0011640,O00051859,P01877,2023-03-19,2,Damaged in Transit,Credit Memo,59.85
RT0011641,O00058061,P00532,2023-09-03,5,Customer Changed Mind,Replacement,121.69
RT0011642,O00097173,P01349,2024-08-02,1,Wrong Product,Replacement,53.71
RT0011643,O00029253,P01968,2024-05-31,3,Late Delivery,Replacement,168.58
RT0011644,O00088447,P00046,2025-05-24,2,Quality Issue,Replacement,125.79
RT0011645,O00044936,P00002,2024-02-06,1,Late Delivery,Refund,73.95
RT0011646,O00022326,P00043,2023-12-02,1,Customer Changed Mind,Refund,14.64
RT0011647,O00074183,P00335,2024-12-07,5,Customer Changed Mind,Refund,148.77
RT0011648,O00085374,P00644,2025-08-21,2,Damaged in Transit,Refund,28.03
RT0011649,O00043605,P01304,2024-11-22,1,Customer Changed Mind,Refund,20.59
RT0011650,O00085852,P00004,2025-08-25,2,Quality Issue,Credit Memo,82.8
RT0011651,O00008717,P00028,2025-03-15,1,Quality Issue,Credit Memo,25.8
RT0011652,O00031246,P02055,2025-01-29,2,Quality Issue,Replacement,205.6
RT0011653,O00036282,P00581,2023-07-03,1,Damaged in Transit,Credit Memo,14.43
RT0011654,O00002079,P00328,2025-11-03,1,Quality Issue,Refund,59.35
RT0011655,O00032819,P01345,2023-06-24,1,Customer Changed Mind,Refund,91.77
RT0011656,O00077570,P00092,2025-06-24,1,Damaged in Transit,Refund,32.39
RT0011657,O00094594,P00951,2025-04-25,1,Damaged in Transit,Refund,30.91
RT0011658,O00006064,P01398,2024-01-12,1,Late Delivery,Replacement,64.72
RT0011659,O00049601,P00005,2024-02-24,2,Damaged in Transit,Refund,87.68
RT0011660,O00034046,P01402,2024-10-31,1,Damaged in Transit,Replacement,65.5
RT0011661,O00053969,P01576,2024-01-07,5,Quality Issue,Credit Memo,177.84
RT0011662,O00017322,P01540,2024-07-16,1,Damaged in Transit,Replacement,14.38
RT0011663,O00089081,P00001,2024-11-15,2,Wrong Product,Refund,86.38
RT0011664,O00038479,P00157,2024-04-06,2,Quality Issue,Refund,210.04
RT0011665,O00015178,P02004,2025-01-06,6,Damaged in Transit,Replacement,141.45
RT0011666,O00056787,P00091,2024-01-02,2,Customer Changed Mind,Replacement,226.37
RT0011667,O00056308,P01145,2024-11-12,3,Damaged in Transit,Replacement,195.29
RT0011668,O00044051,P01120,2023-05-29,5,Damaged in Transit,Replacement,84.4
RT0011669,O00046243,P00094,2025-06-16,10,Damaged in Transit,Refund,438.56
RT0011670,O00031529,P00521,2025-06-22,1,Late Delivery,Refund,24.01
RT0011671,O00072308,P00804,2023-04-12,1,Damaged in Transit,Credit Memo,63.49
RT0011672,O00083025,P00155,2023-09-11,2,Excess Quantity,Credit Memo,114.8
RT0011673,O00012992,P01938,2025-08-20,1,Quality Issue,Replacement,14.79
RT0011674,O00000191,P02580,2024-04-12,5,Wrong Product,Refund,106.84
RT0011675,O00087892,P00026,2023-12-11,4,Damaged in Transit,Replacement,170.01
RT0011676,O00076026,P02770,2023-08-28,1,Excess Quantity,Replacement,48.86
RT0011677,O00082735,P00998,2023-05-11,1,Customer Changed Mind,Refund,31.22
RT0011678,O00023652,P02100,2025-04-10,3,Late Delivery,Credit Memo,26.7
RT0011679,O00019564,P00867,2023-12-11,1,Damaged in Transit,Refund,26.96
RT0011680,O00063284,P00377,2023-09-19,2,Excess Quantity,Replacement,42.9
RT0011681,O00066740,P01395,2025-11-22,3,Customer Changed Mind,Refund,66.77
RT0011682,O00018068,P00077,2023-11-19,4,Damaged in Transit,Credit Memo,44.68
RT0011683,O00007612,P00036,2025-11-30,1,Customer Changed Mind,Credit Memo,13.42
RT0011684,O00044308,P00383,2025-10-10,1,Damaged in Transit,Credit Memo,38.98
RT0011685,O00064729,P00642,2025-12-04,1,Customer Changed Mind,Replacement,10.05
RT0011686,O00090224,P01877,2024-11-09,2,Customer Changed Mind,Credit Memo,69.03
RT0011687,O00059432,P00133,2024-10-02,3,Customer Changed Mind,Replacement,214.04
RT0011688,O00005995,P01463,2025-05-12,1,Customer Changed Mind,Refund,33.9
RT0011689,O00027617,P01955,2025-07-22,2,Wrong Product,Replacement,54.92
RT0011690,O00095490,P00079,2024-09-12,4,Excess Quantity,Refund,194.24
RT0011691,O00025621,P00001,2024-12-09,3,Damaged in Transit,Refund,113.91
RT0011692,O00051399,P00117,2025-11-28,3,Customer Changed Mind,Replacement,171.48
RT0011693,O00031503,P00316,2025-08-17,3,Quality Issue,Credit Memo,326.75
RT0011694,O00058724,P00120,2025-08-28,4,Excess Quantity,Replacement,72.79
RT0011695,O00039485,P00983,2023-10-04,2,Late Delivery,Credit Memo,42.84
RT0011696,O00017740,P00029,2025-06-25,2,Damaged in Transit,Replacement,78.33
RT0011697,O00015305,P02765,2024-08-28,2,Quality Issue,Refund,72.58
RT0011698,O00014756,P00063,2024-08-18,5,Damaged in Transit,Refund,279.68
RT0011699,O00098579,P00142,2023-04-20,1,Customer Changed Mind,Replacement,54.8
RT0011700,O00070451,P00922,2025-09-08,3,Quality Issue,Replacement,190.0
RT0011701,O00082890,P00623,2024-06-04,3,Quality Issue,Credit Memo,233.88
RT0011702,O00021238,P02959,2025-02-22,2,Damaged in Transit,Credit Memo,68.0
RT0011703,O00057971,P00005,2025-08-05,1,Customer Changed Mind,Replacement,45.48
RT0011704,O00098000,P00699,2023-08-11,3,Quality Issue,Replacement,188.29
RT0011705,O00029115,P02586,2023-03-19,2,Quality Issue,Replacement,132.96
RT0011706,O00055645,P00352,2023-10-30,4,Wrong Product,Credit Memo,73.34
RT0011707,O00074999,P00174,2023-11-07,4,Damaged in Transit,Replacement,101.29
RT0011708,O00068449,P00003,2024-08-05,2,Quality Issue,Replacement,17.85
RT0011709,O00033078,P01753,2024-06-08,2,Damaged in Transit,Credit Memo,72.86
RT0011710,O00013338,P00090,2025-12-26,2,Late Delivery,Refund,61.0
RT0011711,O00091166,P02818,2024-08-03,2,Wrong Product,Credit Memo,75.28
RT0011712,O00056109,P00486,2025-06-24,2,Customer Changed Mind,Replacement,58.23
RT0011713,O00030542,P01354,2023-10-16,3,Wrong Product,Replacement,182.13
RT0011714,O00031091,P02993,2023-11-23,2,Late Delivery,Credit Memo,13.26
RT0011715,O00024137,P00471,2024-08-30,2,Quality Issue,Credit Memo,102.98
RT0011716,O00010711,P00025,2024-04-16,5,Damaged in Transit,Replacement,386.25
RT0011717,O00016634,P01345,2023-07-28,3,Customer Changed Mind,Refund,265.01
RT0011718,O00018604,P02408,2024-07-08,5,Wrong Product,Replacement,210.91
RT0011719,O00063554,P00098,2024-10-01,2,Customer Changed Mind,Replacement,28.61
RT0011720,O00002528,P00001,2026-01-09,3,Wrong Product,Replacement,116.71
RT0011721,O00066124,P01550,2025-03-12,10,Damaged in Transit,Refund,1505.32
RT0011722,O00050003,P00001,2023-07-09,3,Excess Quantity,Credit Memo,99.86
RT0011723,O00013494,P00021,2024-04-16,1,Damaged in Transit,Credit Memo,76.57
RT0011724,O00083604,P00121,2025-03-16,1,Quality Issue,Credit Memo,20.48
RT0011725,O00027962,P02756,2023-03-05,2,Damaged in Transit,Replacement,109.01
RT0011726,O00032507,P01932,2025-06-12,4,Damaged in Transit,Refund,58.55
RT0011727,O00006454,P01863,2024-12-29,3,Customer Changed Mind,Replacement,108.43
RT0011728,O00022971,P00010,2025-09-26,4,Quality Issue,Refund,242.65
RT0011729,O00021262,P01086,2024-04-02,6,Customer Changed Mind,Replacement,108.53
RT0011730,O00012303,P01181,2023-05-25,9,Damaged in Transit,Replacement,1153.36
RT0011731,O00089424,P00001,2023-04-23,2,Quality Issue,Credit Memo,75.72
RT0011732,O00074687,P00773,2025-01-13,6,Damaged in Transit,Replacement,637.23
RT0011733,O00030485,P00005,2025-11-10,2,Damaged in Transit,Credit Memo,100.91
RT0011734,O00087858,P00007,2025-09-13,2,Customer Changed Mind,Credit Memo,65.12
RT0011735,O00049105,P00160,2025-08-15,2,Damaged in Transit,Refund,158.99
RT0011736,O00048305,P00128,2023-07-04,4,Customer Changed Mind,Refund,139.4
RT0011737,O00061003,P00187,2024-07-08,1,Quality Issue,Refund,70.72
RT0011738,O00005373,P00512,2024-06-09,3,Wrong Product,Credit Memo,167.62
RT0011739,O00014840,P02064,2024-04-15,1,Quality Issue,Refund,103.39
RT0011740,O00010097,P02411,2025-09-08,1,Late Delivery,Refund,30.47
RT0011741,O00068555,P02153,2023-12-01,3,Late Delivery,Credit Memo,110.92
RT0011742,O00062675,P00348,2025-06-09,1,Late Delivery,Credit Memo,21.24
RT0011743,O00036227,P00078,2024-10-25,2,Customer Changed Mind,Refund,76.46
RT0011744,O00000256,P00565,2023-08-19,1,Customer Changed Mind,Credit Memo,35.25
RT0011745,O00031188,P00219,2023-05-13,2,Damaged in Transit,Refund,43.72
RT0011746,O00083176,P00410,2024-09-23,1,Quality Issue,Credit Memo,55.56
RT0011747,O00076028,P01368,2025-10-07,5,Excess Quantity,Replacement,206.91
RT0011748,O00012401,P00001,2024-11-27,1,Late Delivery,Refund,33.95
RT0011749,O00066636,P01217,2023-10-23,2,Damaged in Transit,Refund,45.75
RT0011750,O00037195,P00845,2024-08-28,3,Damaged in Transit,Refund,131.07
RT0011751,O00055056,P00018,2024-05-07,2,Damaged in Transit,Replacement,102.25
RT0011752,O00077782,P00896,2024-11-10,1,Excess Quantity,Refund,10.8
RT0011753,O00017484,P01837,2023-12-30,1,Damaged in Transit,Credit Memo,58.74
RT0011754,O00041937,P01902,2024-11-01,3,Customer Changed Mind,Credit Memo,78.94
RT0011755,O00067217,P02639,2024-02-14,10,Late Delivery,Replacement,453.81
RT0011756,O00054818,P01412,2023-06-27,2,Wrong Product,Credit Memo,138.19
RT0011757,O00066057,P00004,2023-03-15,3,Wrong Product,Replacement,112.32
RT0011758,O00013950,P00054,2023-08-01,3,Quality Issue,Replacement,57.29
RT0011759,O00088369,P01723,2025-12-13,5,Wrong Product,Credit Memo,421.7
RT0011760,O00015330,P00098,2024-10-29,4,Quality Issue,Credit Memo,61.94
RT0011761,O00089718,P01482,2025-04-05,1,Excess Quantity,Replacement,40.1
RT0011762,O00072884,P00068,2025-06-07,3,Damaged in Transit,Credit Memo,48.68
RT0011763,O00000718,P00014,2023-05-04,4,Quality Issue,Credit Memo,197.28
RT0011764,O00093133,P00339,2023-09-22,4,Damaged in Transit,Credit Memo,954.04
RT0011765,O00053695,P00003,2024-04-03,8,Wrong Product,Credit Memo,70.92
RT0011766,O00087843,P00317,2025-05-25,1,Customer Changed Mind,Credit Memo,32.48
RT0011767,O00056124,P00638,2025-05-04,1,Excess Quantity,Credit Memo,29.56
RT0011768,O00077399,P01570,2025-03-20,5,Customer Changed Mind,Refund,213.22
RT0011769,O00094865,P00244,2024-12-10,1,Quality Issue,Credit Memo,25.47
RT0011770,O00007069,P00186,2024-05-04,1,Late Delivery,Credit Memo,45.94
RT0011771,O00084040,P00889,2024-08-27,3,Quality Issue,Replacement,48.04
RT0011772,O00011995,P00053,2023-12-16,2,Damaged in Transit,Refund,42.1
RT0011773,O00022140,P00213,2023-12-06,4,Wrong Product,Credit Memo,95.76
RT0011774,O00079213,P00007,2023-12-18,4,Damaged in Transit,Refund,119.05
RT0011775,O00059290,P00592,2024-01-06,3,Damaged in Transit,Credit Memo,67.43
RT0011776,O00052460,P00716,2024-11-02,2,Customer Changed Mind,Credit Memo,79.2
RT0011777,O00059231,P00009,2024-09-12,2,Wrong Product,Refund,97.02
RT0011778,O00058821,P00052,2023-05-11,1,Customer Changed Mind,Credit Memo,34.51
RT0011779,O00083064,P00347,2025-08-03,3,Customer Changed Mind,Credit Memo,247.5
RT0011780,O00048586,P00089,2024-05-08,1,Late Delivery,Replacement,123.57
RT0011781,O00031695,P02057,2023-11-08,1,Customer Changed Mind,Replacement,24.47
RT0011782,O00060113,P01604,2024-11-08,1,Wrong Product,Refund,54.16
RT0011783,O00006544,P02171,2023-07-03,4,Late Delivery,Credit Memo,33.05
RT0011784,O00075641,P01966,2024-06-18,3,Quality Issue,Refund,39.28
RT0011785,O00039433,P01426,2024-03-28,1,Quality Issue,Credit Memo,27.42
RT0011786,O00057998,P02060,2023-12-26,4,Quality Issue,Refund,92.0
RT0011787,O00013069,P02637,2024-08-24,2,Excess Quantity,Refund,45.59
RT0011788,O00092511,P00005,2024-06-15,2,Customer Changed Mind,Replacement,96.25
RT0011789,O00017056,P02756,2024-07-08,2,Damaged in Transit,Refund,99.25
RT0011790,O00099705,P00001,2023-10-08,1,Excess Quantity,Replacement,36.92
RT0011791,O00093951,P00001,2025-11-18,3,Late Delivery,Replacement,117.16
RT0011792,O00055340,P00707,2023-06-21,2,Wrong Product,Credit Memo,26.22
RT0011793,O00062559,P02793,2024-12-19,5,Excess Quantity,Replacement,151.89
RT0011794,O00021892,P00408,2024-09-08,1,Quality Issue,Refund,28.23
RT0011795,O00064065,P00511,2024-01-30,1,Damaged in Transit,Refund,46.93
RT0011796,O00034445,P01806,2025-06-20,4,Damaged in Transit,Refund,256.53
RT0011797,O00037764,P00825,2024-08-02,3,Wrong Product,Refund,99.21
RT0011798,O00050109,P00072,2025-09-16,1,Damaged in Transit,Credit Memo,12.42
RT0011799,O00013219,P00027,2023-09-09,1,Late Delivery,Replacement,14.72
RT0011800,O00015744,P00770,2024-07-01,2,Damaged in Transit,Replacement,35.25
RT0011801,O00078882,P00246,2024-10-28,2,Damaged in Transit,Refund,213.6
RT0011802,O00051098,P00038,2024-05-11,2,Quality Issue,Refund,89.81
RT0011803,O00053138,P01995,2023-10-16,1,Excess Quantity,Replacement,83.45
RT0011804,O00090786,P00217,2024-07-27,1,Wrong Product,Refund,36.73
RT0011805,O00070581,P00580,2024-07-23,1,Quality Issue,Refund,5.43
RT0011806,O00017473,P00396,2025-09-19,4,Customer Changed Mind,Credit Memo,112.56
RT0011807,O00051312,P00504,2024-09-10,2,Damaged in Transit,Refund,133.69
RT0011808,O00065011,P02220,2025-10-25,2,Damaged in Transit,Replacement,36.52
RT0011809,O00079852,P02823,2024-05-31,4,Customer Changed Mind,Credit Memo,421.69
RT0011810,O00011193,P00097,2025-01-03,3,Late Delivery,Refund,93.51
RT0011811,O00064426,P02364,2026-01-21,1,Quality Issue,Refund,25.9
RT0011812,O00053089,P00252,2024-05-24,2,Quality Issue,Refund,46.24
RT0011813,O00031478,P00061,2024-11-15,1,Wrong Product,Replacement,20.06
RT0011814,O00043019,P01303,2025-07-04,1,Wrong Product,Refund,97.5
RT0011815,O00058244,P01442,2023-08-02,2,Damaged in Transit,Replacement,171.86
RT0011816,O00045729,P00084,2025-11-28,3,Customer Changed Mind,Credit Memo,270.4
RT0011817,O00032524,P00436,2024-08-10,8,Damaged in Transit,Credit Memo,356.44
RT0011818,O00092335,P00709,2024-06-03,1,Quality Issue,Refund,167.35
RT0011819,O00099397,P00057,2025-09-02,11,Late Delivery,Refund,315.59
RT0011820,O00057491,P00035,2023-12-12,6,Damaged in Transit,Replacement,402.3
RT0011821,O00082392,P00371,2023-12-12,2,Damaged in Transit,Replacement,120.0
RT0011822,O00025862,P00087,2026-01-30,4,Customer Changed Mind,Credit Memo,110.2
RT0011823,O00023556,P01354,2025-08-04,1,Damaged in Transit,Refund,59.82
RT0011824,O00002953,P00356,2024-04-11,2,Wrong Product,Refund,83.66
RT0011825,O00014107,P02160,2025-09-29,1,Damaged in Transit,Refund,18.86
RT0011826,O00032546,P00800,2023-10-01,5,Excess Quantity,Replacement,459.05
RT0011827,O00045106,P00967,2023-07-27,2,Quality Issue,Replacement,38.88
RT0011828,O00059625,P00003,2024-08-08,2,Quality Issue,Credit Memo,20.54
RT0011829,O00089574,P00232,2025-12-16,2,Damaged in Transit,Replacement,23.4
RT0011830,O00041795,P02948,2024-07-12,6,Damaged in Transit,Refund,260.56
RT0011831,O00075559,P00545,2025-07-11,1,Quality Issue,Credit Memo,61.79
RT0011832,O00092645,P02775,2023-09-08,1,Damaged in Transit,Refund,45.6
RT0011833,O00068782,P02421,2023-09-12,1,Quality Issue,Replacement,43.77
RT0011834,O00047952,P00426,2025-08-14,10,Late Delivery,Replacement,349.39
RT0011835,O00024069,P00131,2024-09-29,7,Damaged in Transit,Replacement,224.98
RT0011836,O00097435,P00920,2023-10-03,10,Customer Changed Mind,Credit Memo,877.04
RT0011837,O00029781,P00071,2024-02-04,2,Damaged in Transit,Credit Memo,137.1
RT0011838,O00053689,P00001,2024-12-04,1,Excess Quantity,Replacement,43.95
RT0011839,O00007173,P00135,2024-01-07,2,Customer Changed Mind,Credit Memo,72.28
RT0011840,O00073708,P00007,2025-10-24,2,Excess Quantity,Refund,68.61
RT0011841,O00052394,P00236,2025-07-06,6,Customer Changed Mind,Credit Memo,355.39
RT0011842,O00014228,P00148,2023-09-17,1,Quality Issue,Credit Memo,29.84
RT0011843,O00049836,P00237,2025-11-27,1,Late Delivery,Replacement,27.28
RT0011844,O00000174,P00157,2024-06-28,3,Quality Issue,Refund,369.36
RT0011845,O00029982,P00183,2023-03-18,8,Damaged in Transit,Refund,320.47
RT0011846,O00081563,P00123,2024-07-13,4,Damaged in Transit,Credit Memo,638.84
RT0011847,O00017838,P01504,2024-07-30,5,Wrong Product,Replacement,43.88
RT0011848,O00080533,P00021,2025-10-26,8,Wrong Product,Replacement,486.32
RT0011849,O00085393,P02791,2025-04-29,4,Excess Quantity,Refund,268.08
RT0011850,O00077724,P00805,2023-12-13,2,Damaged in Transit,Credit Memo,58.12
RT0011851,O00064047,P02842,2025-05-10,2,Wrong Product,Credit Memo,61.56
RT0011852,O00074971,P01006,2023-04-13,10,Damaged in Transit,Credit Memo,157.26
RT0011853,O00057963,P01421,2023-10-08,9,Damaged in Transit,Replacement,307.93
RT0011854,O00099115,P00656,2024-01-06,2,Customer Changed Mind,Refund,31.72
RT0011855,O00088996,P01332,2025-04-16,1,Excess Quantity,Replacement,27.49
RT0011856,O00094175,P00005,2025-04-13,1,Damaged in Transit,Refund,49.22
RT0011857,O00007140,P00614,2025-11-26,8,Excess Quantity,Credit Memo,635.28
RT0011858,O00031808,P01810,2025-12-13,2,Damaged in Transit,Credit Memo,111.78
RT0011859,O00033828,P00004,2024-06-15,2,Quality Issue,Credit Memo,74.94
RT0011860,O00073834,P00531,2025-12-23,5,Excess Quantity,Refund,136.58
RT0011861,O00035381,P01478,2023-04-09,5,Quality Issue,Credit Memo,36.34
RT0011862,O00054646,P00038,2025-05-20,2,Damaged in Transit,Refund,83.72
RT0011863,O00026540,P02057,2023-08-03,3,Wrong Product,Credit Memo,78.09
RT0011864,O00050399,P00009,2023-09-06,10,Customer Changed Mind,Refund,463.85
RT0011865,O00064750,P02054,2023-05-18,2,Wrong Product,Replacement,12.48
RT0011866,O00019396,P00525,2023-09-21,1,Customer Changed Mind,Replacement,17.07
RT0011867,O00098566,P00011,2023-11-03,1,Damaged in Transit,Refund,38.63
RT0011868,O00081365,P00450,2023-07-09,6,Wrong Product,Replacement,337.09
RT0011869,O00042621,P00974,2023-06-12,1,Excess Quantity,Credit Memo,16.95
RT0011870,O00054827,P02331,2025-05-15,1,Quality Issue,Refund,15.6
RT0011871,O00005730,P01665,2024-07-21,2,Quality Issue,Credit Memo,48.83
RT0011872,O00055799,P00383,2023-09-07,3,Quality Issue,Credit Memo,131.76
RT0011873,O00027765,P00205,2024-10-05,1,Quality Issue,Refund,9.99
RT0011874,O00024089,P02652,2024-08-14,2,Wrong Product,Credit Memo,176.85
RT0011875,O00092640,P02146,2024-10-04,1,Quality Issue,Refund,27.82
RT0011876,O00034235,P02657,2023-01-29,3,Quality Issue,Replacement,155.6
RT0011877,O00040500,P00149,2025-08-04,2,Quality Issue,Credit Memo,113.31
RT0011878,O00051665,P00598,2023-06-28,1,Customer Changed Mind,Replacement,163.68
RT0011879,O00087541,P00049,2024-09-23,2,Excess Quantity,Replacement,33.02
RT0011880,O00047558,P00133,2023-09-26,5,Damaged in Transit,Replacement,322.57
RT0011881,O00064941,P00002,2023-12-27,1,Late Delivery,Refund,71.47
RT0011882,O00063401,P00920,2024-08-18,4,Excess Quantity,Credit Memo,320.16
RT0011883,O00026146,P01105,2023-05-04,1,Damaged in Transit,Refund,58.61
RT0011884,O00085924,P00503,2023-10-07,2,Excess Quantity,Replacement,70.19
RT0011885,O00011855,P01108,2023-12-27,4,Damaged in Transit,Credit Memo,77.76
RT0011886,O00099787,P01383,2023-07-17,6,Quality Issue,Replacement,202.02
RT0011887,O00054372,P01409,2024-08-27,1,Quality Issue,Credit Memo,14.2
RT0011888,O00085109,P01242,2023-04-17,2,Wrong Product,Refund,84.3
RT0011889,O00003427,P00005,2024-12-15,3,Excess Quantity,Refund,144.78
RT0011890,O00035610,P02524,2025-03-03,6,Excess Quantity,Replacement,476.04
RT0011891,O00020591,P00509,2025-05-09,1,Quality Issue,Refund,42.54
RT0011892,O00022649,P01948,2025-07-19,2,Excess Quantity,Refund,103.64
RT0011893,O00063181,P00001,2024-11-30,4,Damaged in Transit,Replacement,165.0
RT0011894,O00050233,P01307,2023-12-01,1,Quality Issue,Replacement,24.28
RT0011895,O00096892,P02135,2023-08-11,3,Quality Issue,Replacement,236.29
RT0011896,O00064252,P01237,2025-08-21,1,Damaged in Transit,Refund,43.63
RT0011897,O00013251,P00010,2025-03-11,1,Late Delivery,Refund,68.19
RT0011898,O00096542,P00830,2024-04-06,6,Quality Issue,Replacement,379.44
RT0011899,O00021103,P01316,2024-04-24,2,Late Delivery,Credit Memo,71.78
RT0011900,O00003817,P00798,2024-07-08,3,Excess Quantity,Replacement,177.22
RT0011901,O00097475,P00316,2023-07-24,4,Wrong Product,Refund,463.7
RT0011902,O00016336,P00229,2025-10-20,1,Damaged in Transit,Replacement,67.2
RT0011903,O00075762,P00231,2023-04-07,2,Customer Changed Mind,Replacement,76.64
RT0011904,O00020591,P00509,2025-04-04,1,Quality Issue,Replacement,42.54
RT0011905,O00041483,P02179,2023-11-14,1,Excess Quantity,Credit Memo,76.92
RT0011906,O00052505,P00385,2023-09-11,1,Late Delivery,Refund,13.64
RT0011907,O00002011,P00019,2026-01-16,2,Quality Issue,Refund,85.92
RT0011908,O00079261,P01978,2023-12-02,2,Wrong Product,Credit Memo,62.84
RT0011909,O00096810,P00066,2024-05-27,1,Damaged in Transit,Refund,24.82
RT0011910,O00013756,P00012,2024-01-07,1,Quality Issue,Refund,124.73
RT0011911,O00063410,P02199,2024-12-13,1,Customer Changed Mind,Credit Memo,33.09
RT0011912,O00017571,P00117,2023-04-24,3,Damaged in Transit,Refund,159.5
RT0011913,O00033771,P00180,2024-04-15,5,Excess Quantity,Credit Memo,95.73
RT0011914,O00023652,P00125,2025-04-05,1,Excess Quantity,Replacement,300.13
RT0011915,O00020121,P00321,2025-12-14,2,Quality Issue,Replacement,30.72
RT0011916,O00061031,P00052,2024-09-20,3,Quality Issue,Replacement,86.67
RT0011917,O00015794,P00001,2023-02-18,2,Wrong Product,Credit Memo,75.58
RT0011918,O00016294,P02449,2023-03-21,1,Customer Changed Mind,Replacement,44.1
RT0011919,O00013247,P00045,2023-07-04,2,Late Delivery,Refund,126.16
RT0011920,O00092503,P01431,2025-09-02,1,Damaged in Transit,Credit Memo,13.43
RT0011921,O00038368,P00821,2024-10-04,3,Damaged in Transit,Credit Memo,40.41
RT0011922,O00044228,P00331,2023-11-03,6,Wrong Product,Replacement,78.34
RT0011923,O00082373,P02566,2025-10-16,1,Damaged in Transit,Replacement,17.73
RT0011924,O00031540,P00203,2024-09-03,2,Wrong Product,Replacement,137.4
RT0011925,O00047955,P00992,2023-03-18,2,Damaged in Transit,Replacement,73.95
RT0011926,O00095955,P01782,2024-07-11,4,Customer Changed Mind,Refund,62.36
RT0011927,O00019767,P00003,2024-09-19,3,Damaged in Transit,Replacement,27.81
RT0011928,O00068241,P02796,2025-05-19,5,Excess Quantity,Credit Memo,238.9
RT0011929,O00007611,P00905,2025-09-22,3,Quality Issue,Replacement,147.77
RT0011930,O00094556,P00195,2025-05-24,3,Quality Issue,Refund,158.66
RT0011931,O00038528,P01604,2024-08-19,3,Wrong Product,Refund,156.76
RT0011932,O00058364,P00518,2024-02-23,1,Damaged in Transit,Refund,22.75
RT0011933,O00056575,P01054,2025-10-28,4,Excess Quantity,Replacement,383.2
RT0011934,O00053084,P00003,2025-11-11,4,Excess Quantity,Replacement,44.08
RT0011935,O00094584,P00051,2025-05-27,1,Excess Quantity,Replacement,33.16
RT0011936,O00082053,P00319,2024-07-06,4,Excess Quantity,Credit Memo,175.75
RT0011937,O00010132,P00087,2023-08-08,6,Customer Changed Mind,Credit Memo,160.38
RT0011938,O00025295,P00017,2025-09-28,2,Wrong Product,Replacement,52.02
RT0011939,O00081927,P00467,2023-06-03,1,Damaged in Transit,Credit Memo,87.74
RT0011940,O00059511,P00313,2025-01-24,3,Quality Issue,Refund,142.67
RT0011941,O00036669,P01925,2025-10-20,4,Customer Changed Mind,Credit Memo,246.24
RT0011942,O00068093,P00013,2025-01-26,2,Damaged in Transit,Credit Memo,63.52
RT0011943,O00007313,P02147,2025-07-12,5,Late Delivery,Refund,129.85
RT0011944,O00038976,P00960,2025-06-20,5,Customer Changed Mind,Refund,143.97
RT0011945,O00019412,P00306,2025-05-22,1,Quality Issue,Credit Memo,15.95
RT0011946,O00052547,P02453,2024-08-25,2,Customer Changed Mind,Refund,305.24
RT0011947,O00023198,P00036,2024-05-12,3,Late Delivery,Refund,46.53
RT0011948,O00059593,P00002,2025-07-10,5,Excess Quantity,Refund,368.35
RT0011949,O00094511,P00173,2025-10-27,4,Late Delivery,Replacement,446.35
RT0011950,O00026950,P02511,2023-03-16,5,Late Delivery,Refund,103.23
RT0011951,O00088333,P00282,2024-12-31,1,Late Delivery,Refund,44.07
RT0011952,O00073567,P01573,2023-07-16,3,Customer Changed Mind,Credit Memo,94.32
RT0011953,O00057175,P00795,2024-11-11,4,Quality Issue,Credit Memo,60.65
RT0011954,O00081538,P02480,2025-05-06,2,Excess Quantity,Replacement,124.07
RT0011955,O00005689,P02595,2024-05-31,2,Quality Issue,Replacement,102.29
RT0011956,O00048049,P01300,2023-06-30,3,Customer Changed Mind,Credit Memo,29.97
RT0011957,O00064959,P00320,2023-09-16,1,Customer Changed Mind,Replacement,44.1
RT0011958,O00003246,P01474,2024-11-10,2,Customer Changed Mind,Credit Memo,236.39
RT0011959,O00025273,P01440,2024-06-11,2,Customer Changed Mind,Credit Memo,45.47
RT0011960,O00086489,P01484,2025-11-09,2,Wrong Product,Refund,210.96
RT0011961,O00075130,P00668,2025-12-07,1,Customer Changed Mind,Refund,56.14
RT0011962,O00076182,P02044,2026-01-08,2,Quality Issue,Refund,51.14
RT0011963,O00075896,P00998,2025-01-06,1,Wrong Product,Replacement,32.29
RT0011964,O00023015,P00034,2025-10-23,5,Damaged in Transit,Replacement,137.32
RT0011965,O00067492,P00122,2024-12-29,1,Excess Quantity,Replacement,8.72
RT0011966,O00013268,P00005,2024-07-02,2,Wrong Product,Replacement,97.7
RT0011967,O00013776,P01439,2023-05-05,3,Damaged in Transit,Refund,39.34
RT0011968,O00093219,P00211,2023-08-04,7,Damaged in Transit,Replacement,264.25
RT0011969,O00019057,P00008,2025-07-25,7,Late Delivery,Refund,410.33
RT0011970,O00059452,P02778,2024-07-14,1,Customer Changed Mind,Credit Memo,30.3
RT0011971,O00083896,P00473,2025-09-27,1,Quality Issue,Credit Memo,43.61
RT0011972,O00051096,P01388,2024-02-21,1,Customer Changed Mind,Replacement,30.9
RT0011973,O00027689,P00406,2023-09-23,1,Late Delivery,Refund,29.61
RT0011974,O00002749,P02263,2023-10-07,6,Customer Changed Mind,Credit Memo,526.05
RT0011975,O00002177,P02029,2024-08-16,4,Quality Issue,Replacement,279.32
RT0011976,O00015324,P00179,2025-08-22,6,Late Delivery,Replacement,275.67
RT0011977,O00068128,P02979,2024-02-01,4,Late Delivery,Replacement,69.26
RT0011978,O00087278,P01944,2023-10-01,1,Quality Issue,Refund,21.9
RT0011979,O00056683,P02345,2024-06-05,13,Customer Changed Mind,Refund,347.66
RT0011980,O00023299,P01926,2023-07-23,3,Wrong Product,Refund,124.53
RT0011981,O00057109,P01659,2024-08-16,2,Customer Changed Mind,Refund,82.95
RT0011982,O00020205,P00005,2023-04-05,1,Late Delivery,Replacement,47.17
RT0011983,O00030176,P01017,2024-01-01,4,Customer Changed Mind,Refund,278.36
RT0011984,O00096555,P00538,2023-05-08,10,Quality Issue,Credit Memo,141.78
RT0011985,O00095557,P00004,2024-10-25,1,Damaged in Transit,Refund,39.76
RT0011986,O00095021,P00012,2023-03-17,3,Damaged in Transit,Credit Memo,340.03
RT0011987,O00012256,P00252,2025-05-29,1,Quality Issue,Credit Memo,24.53
RT0011988,O00090045,P00138,2023-06-23,2,Damaged in Transit,Refund,192.99
RT0011989,O00053632,P02229,2024-12-27,3,Damaged in Transit,Refund,66.55
RT0011990,O00060458,P00009,2024-03-27,2,Late Delivery,Refund,103.88
RT0011991,O00014659,P01088,2025-05-20,4,Customer Changed Mind,Replacement,225.0
RT0011992,O00006798,P02055,2024-10-20,3,Wrong Product,Replacement,317.75
RT0011993,O00030614,P00365,2024-06-08,1,Customer Changed Mind,Replacement,19.94
RT0011994,O00002473,P00002,2025-03-25,3,Wrong Product,Credit Memo,218.95
RT0011995,O00023598,P00039,2024-12-18,1,Quality Issue,Credit Memo,34.95
RT0011996,O00054380,P02130,2025-06-12,1,Damaged in Transit,Refund,104.98
RT0011997,O00099788,P00730,2025-12-07,6,Damaged in Transit,Refund,848.44
RT0011998,O00089765,P00142,2026-02-03,6,Quality Issue,Refund,435.45
RT0011999,O00048720,P00022,2024-06-17,2,Quality Issue,Refund,47.97
RT0012000,O00039693,P02307,2023-04-16,6,Damaged in Transit,Refund,162.28
